SourcePort,DestinationPort,Duration,FlowBytesSent,FlowSentRate,FlowBytesReceived,FlowReceivedRate,PacketLengthVariance,PacketLengthStandardDeviation,PacketLengthMean,PacketLengthMedian,PacketLengthMode,PacketLengthSkewFromMedian,PacketLengthSkewFromMode,PacketLengthCoefficientofVariation,PacketTimeVariance,PacketTimeStandardDeviation,PacketTimeMean,PacketTimeMedian,PacketTimeMode,PacketTimeSkewFromMedian,PacketTimeSkewFromMode,PacketTimeCoefficientofVariation,ResponseTimeTimeVariance,ResponseTimeTimeStandardDeviation,ResponseTimeTimeMean,ResponseTimeTimeMedian,ResponseTimeTimeMode,ResponseTimeTimeSkewFromMedian,ResponseTimeTimeSkewFromMode,ResponseTimeTimeCoefficientofVariation,DoH
47755,443,105.74301503177772,448,4.236686459766659,496,4.690617151884515,9.0,3.0,59.0,59.0,56,0.0,1.0,0.0508474576271186,1197.6890653478436,34.60764460848118,52.87153250436087,52.87149359952647,0.0,3.3725066765000565e-06,1.5277414311933524,0.65456102687438,3.4811012691356574e-08,0.0001611027824736,0.0150550014191375,0.0150079127110851,0.0149390891145678,0.6024491156166623,0.9536588205112996,0.0106833617995932,True
63917,443,1.964705285567714,21675,10615.879673096211,884697,432757.3287065633,472300.340380024,687.2366810626352,979.913539996008,1514.0,1514,-2.331387750429989,-0.7771292501433298,0.7013656705049442,0.4727211232412558,0.6855049623366103,1.2339823269745165,1.484600243606431,0.140470737555747,-1.123376338449981,1.584230843992855,0.5549559348136949,0.0019818207109642,0.0356017455582557,0.0056134460846239,0.0003458909195966,2.163506568547252e-05,0.6331922464433309,0.2410012460503718,5.153648107638464,False
50074,443,7.907421981076865,7823,2546.440920184035,135609,22971.268197254103,1246864.423633064,1115.689109500188,761.5778243164515,85.40557327351428,66,1.811301992926988,0.6207622426358269,1.4822223546399758,9.294549818601602,1.7474522519911933,0.8448482005908649,0.3937135103029923,0.0,0.4233242512382971,1.052942821531928,1.236414855607305,0.000175910982268,0.0131812736745328,0.015017379401822,0.0196958245776954,0.0015584326190009,-0.9056730469613348,0.98455690724628,1.0567893526352554,False
443,47750,118.72956696347129,517,4.414431826619775,460,3.914219776490434,17.127981868236397,3.631009239776577,59.34061540410293,59.27511244177544,56,0.0198877041310539,0.9706106590188214,0.0606329443859914,1238.1400085637804,35.179010372907825,61.06366301338546,61.79428262746841,0.0,-0.0668497130513169,1.7380098310888326,0.5770878988516508,4.63973491607833,0.6523378036762822,14.627730636055098,15.088966515242404,13.70517212651445,-0.2730619125233476,1.58685681137059,0.0648474050835657,True
47751,443,105.74303437673898,448,4.236685684693664,496,4.6906162937679845,9.0,3.0,59.0,59.0,56,0.0,1.0,0.0508474576271186,1197.6888606262532,34.60764165073129,52.871532626252765,52.87149364663421,0.0,3.3789896576392742e-06,1.527741565284178,0.6545609694231481,3.8539271659719534e-08,0.0001928114234793,0.0150630363125331,0.0150019373970822,0.0149377952132183,0.9658966197191472,0.6342637703131049,0.0127963125823272,True
46727,443,109.83970434271092,15106,139.45902410408138,24526,225.6422904220807,36139.31649241745,189.0104056612389,127.73663921004444,85.55679342304123,56,0.6550400296448865,0.378235238646734,1.4773803470818994,416.39534360127305,20.286583549625725,29.747787606729247,28.679061967529613,0.0,0.130846868146423,1.495498848847364,0.7233361885931153,0.0012201312134246,0.0216259929311143,0.011915959639678,0.0067185353164085,8.531707686247968e-06,0.6950013903681541,0.6462102089477064,1.5805560529974914,True
40278,443,0.526423,2165,4112.662250699533,5047,9587.347057404406,370821.3136094675,608.9509944235805,277.38461538461536,97.0,66,0.8886656744293362,0.3471291077941458,2.195330817389503,0.0321758071990724,0.1793761611783251,0.1955026538461538,0.136758,0.0,0.9824826241167028,1.0899032098908432,0.9175126661936822,8.53033281388e-05,0.0092359800854532,0.0207638333333333,0.024881,0.000112,-1.3373242347559553,2.236019690629278,0.4448109333754963,True
46668,443,0.4643007169577515,2381,7430.271290003738,16503,47634.97689362035,1356380.8338518078,1162.8243661925032,610.1773655786872,78.0,66,1.3884017470817365,0.4731531408209206,1.94687287111437,0.021021172381126,0.1234167481002355,0.2018106353849014,0.2092748859284386,0.0,-0.6966883078483499,2.018289833600882,0.5531800611897758,0.000185919394985,0.0136295456678424,0.0147406349037942,0.0155042134222991,0.0007583086895742,-0.126851935009876,1.0218038116646968,0.96221079925422,False
42572,443,120.76903488232658,25502,211.08955144923615,54008,447.1092522881049,32512.24008360043,173.21482612771118,148.5676110586626,87.0,68,1.05632229052746,0.4394159505004997,1.1398924511801003,674.3911277994919,25.46687960883989,41.9670242081365,41.76843909778895,0.0,0.050823567491368,1.57616866883179,0.6660759884315496,0.1847769936647708,0.3459958714713896,0.1112017452468159,0.0099811937345914,0.0090373723927764,0.9920391432733224,0.3322863049066199,2.7218945544563296,True
49177,443,0.7984712980879085,1752,2218.5668950175723,8430,21092.83855492144,308261.5454213041,546.08899823182,465.29440580599714,395.9582323713482,587,0.5277930640953632,-0.0930189055623328,1.4033497987995784,0.0887091321835149,0.2627345945514187,0.3139638568537762,0.2174047512596236,0.0338355884728912,0.8607607654720005,0.7857631838341861,0.8140031442003491,0.0007744278019995,0.0254503397695376,0.0402887622827408,0.0583183767666371,0.0003267212826339,-1.8000910173965512,1.5666480703436196,0.6264206482050452,False
443,39882,120.81697419455988,496,4.105383397545265,448,3.708088230040884,9.0,3.0,59.0,59.0,56,0.0,1.0,0.0508474576271186,1254.6007107696948,35.42034317683567,60.40855490978941,60.4085046323196,0.0,4.258367518973288e-06,1.7054762741441305,0.5863464741016681,1.1032719752184873e-07,0.0002744834617202,15.088973781639584,15.088972330015093,15.088460075254815,-0.4270949940029864,1.8681760373188865,1.819100968333567e-05,True
443,39688,120.81698458727512,496,4.105383044398967,448,3.7080879110700335,9.0,3.0,59.0,59.0,56,0.0,1.0,0.0508474576271186,1254.600469893462,35.42033977658679,60.40856538033158,60.40849079739896,0.0,6.316965320646892e-06,1.70547673347197,0.5863463161830113,1.1286035975262349e-07,0.000278919771692,15.08896322116852,15.088953048259471,15.088446633937956,0.0395781852727455,1.7637422798079867,1.848502257401599e-05,True
443,47751,120.81698910567442,496,4.105382890862901,448,3.708087772392297,9.0,3.0,59.0,59.0,56,0.0,1.0,0.0508474576271186,1254.6064516031508,35.420424215460045,60.4084960766355,60.40851194279786,0.0,-1.3438146073033817e-06,1.7054707111686556,0.5863483866661118,2.874034412498225e-09,5.359794492912962e-05,15.088984663321114,15.088999240178898,15.088889548472272,-0.8047058595094778,1.7719851173947356,3.552123965257284e-06,True
39171,443,20.88648398653688,4539,221.77792687687813,22520,1087.2696944851064,594249.345993046,770.8710108788682,410.70967238454296,96.89574194929106,66,1.2212246875219273,0.4471457796624329,1.877338876620388,41.34950053456205,6.421025904726902,3.7437812321969255,1.9080963221580052,0.0,0.8596343225885893,0.5850848158511512,1.7125339252321066,0.0001690058923353,0.012873480796513,0.0141910423845719,0.011217178341676,0.0249518503004261,0.7000852873735822,-0.8521069689843521,0.9073645775139244,False
61549,2813,1.2586537068784718,25900,14264.809577004637,11700,9349.868614441502,306854.3910943489,553.5286465156191,476.94175169939865,174.95605518300636,108,1.666270372369116,0.6763455504600119,1.1847025538103142,0.0972613949187229,0.3087264047071028,0.8545412988257077,0.8744331002819337,1.0278326552761552,-0.1906194283033591,-0.5821755986385732,0.3604806734155794,0.0069056779334985,0.0817408887101212,0.0822378969846273,0.0796420196474625,6.416977231921833e-05,0.1041908773269533,0.9743766312254328,1.2651743524817736,False
47755,443,105.74301463263564,448,4.236686475758639,496,4.690617169589922,9.0,3.0,59.0,59.0,56,0.0,1.0,0.0508474576271186,1197.6890371885097,34.60764420164411,52.87153236504494,52.87149341223672,0.0,3.376665379162333e-06,1.5277414451274498,0.6545610209043178,3.4510987868892574e-08,0.0001598315460412,0.0150544280362122,0.0150077530542599,0.0149393224591585,0.5961036459304503,0.9590734788697444,0.010599111642198,True
443,55268,120.67954643648386,78609,651.3906981374503,46416,384.6280670431825,9750.030896284075,98.16710405574108,123.57113711221992,87.0,87,1.120781322621216,0.3735937742070719,0.7928640738313942,1199.157787365859,34.62779289623087,57.13419421223741,55.80765132498053,0.0,0.1147959740793129,1.650007201308075,0.6060690608621894,2.432858420340668e-07,0.000443306739033,8.193615009840577e-05,3.436980563660567e-05,2.045207774535773e-05,0.3497025006835998,0.151174488674573,5.149178664000654,True
443,55268,120.6632459125403,78779,652.8906343874156,46746,387.4087945890727,11716.809353390814,107.59436873844498,126.16409042731271,87.0,87,1.0956902502771988,0.3652300834257329,0.8509267056494509,1223.1162822257347,34.97277621016534,57.19964024165997,55.79687970899572,0.0,0.1201955713553812,1.6355288173835227,0.6114277012961914,2.7260826400899754e-06,0.0013897579649036,0.0001458949633443,3.599944794148818e-05,2.1154440678397346e-05,0.2468770923614004,0.0994496034544034,8.753916506510537,True
443,34194,120.817026383167,496,4.10538162416757,448,3.7080866282803857,9.0,3.0,59.0,59.0,56,0.0,1.0,0.0508474576271186,1254.3892601882644,35.417358151403405,60.41138493892876,60.4085270686436,0.0,0.0002420776564492,1.705699922985448,0.5862695952169041,0.0002170769999637,0.0134891886505122,15.083333227534869,15.088991249853242,15.04791695201132,-1.0282795759183538,2.500311025575433,0.0008943773854022,True
443,34251,120.72435400565736,496,4.119095539341091,448,3.717234105804013,9.360624813515926,3.0279968131216606,59.01511252960164,59.012206273909015,56,0.0008823838081565,0.9986960446292196,0.0512816231302887,1253.8659603549145,35.40957329877285,60.43767058082173,60.46997625170285,0.0,-0.0029566339355497,1.706924136397731,0.5859341728932154,0.2058573808538142,0.0293727388315563,15.068495316901778,15.0889414613468,15.026757997921216,0.1162984353892029,1.870506248267516,0.0029056417613608,True
443,55268,120.690013,77836,644.9249450325273,46200,382.79886505605066,9645.9350425867,98.21372125414402,123.17378351539226,87.0,87,1.104951010514713,0.3683170035049043,0.797358970806242,1239.247253536836,35.202943819187,56.87034748460776,55.78391,0.0,0.0925863606908574,1.6154997654943606,0.6190034943731415,4.6277577865394875e-09,6.80276251719e-05,4.07925311203e-05,3.2e-05,2e-05,0.387748261008828,0.3056483460618589,1.6676490353420124,True
43647,460,1.1647264358852092,2048,1699.5206351169036,4572,3925.146253369472,524994.2589686073,724.5641240190525,306.91754058879167,66.40880908168288,66,0.9957297089096726,0.331909902969891,2.361914665824625,0.2112198334727912,0.4595849395634436,0.5674194299485498,0.3392598096540448,0.0002413726830822,1.4894213001968375,1.234157760974074,0.8100012375770482,0.0019396304398655,0.0440365337741146,0.0498851071697756,0.0522982357244981,1.500056465342774e-05,-0.1642683506815973,1.132221966200056,0.8848282318431879,False
63915,443,1.0858635967105452,7579,8980.87336107354,292293,325067.02830647863,475136.6862626025,689.3015655379894,948.3499146375734,1499.6929353251044,1499,-2.3995878310689003,-0.7998626103563001,0.7274417562282768,0.2148930860839859,0.3679439394781991,0.6999938370408086,0.8642341568591378,0.2032164130524325,-0.9391685463921604,0.9248044728200864,0.4694454738663603,0.0019027578235512,0.0344777973968186,0.0067169767642275,0.0024691969284282,0.0023567281721895,0.2254215226309332,0.0725605045987389,4.3852533647248535,False
41674,3359,1.1986029129079072,30732,16717.449542668997,4943,4050.0920255935766,521059.4920351779,721.7273227489501,339.79423256098914,132.53411252937008,132,0.8494290966617095,0.2831430322205698,2.283499145116044,0.2145422270123277,0.4629326547183733,0.584411216725773,0.368991216550127,0.0392836607044005,1.4083385931071846,1.185021887069663,0.7989124084578711,0.0018525352810694,0.0422872737231757,0.0476379271155795,0.0499100984704948,1.5091897945482555e-05,-0.1407120713442196,1.0858613982502845,1.2242064191081408,False
41846,443,0.8831741187597939,2731,10328.417475402226,24395,62951.132677072805,1483860.3488304764,1218.1297798740818,555.1357327020842,78.68447007221735,66,1.1739412045959543,0.4017400935039857,2.21074767216465,0.8593121649683523,0.2036418244100181,0.2035338910446177,0.1897400826267915,0.0,-1.360699415867002,2.499734127065943,0.4441784875388432,0.0001750999117137,0.0132266854415364,0.0118110472869713,0.0069138987343245,3.012258672471839e-05,1.1121855172615238,0.8886024083399015,1.1290836235138295,False
53717,443,12.901848375366775,6212,4202.180827520588,120151,29528.442378555177,1458316.8364701215,1207.5766448192844,840.5389428986118,94.94406816226972,66,1.8562046611423804,0.6427823250964254,1.5743667763146487,10.244954148112267,2.556977399728995,0.8116124067272222,0.2598367664904148,0.0,-0.1106675931917482,1.1385751333818743,2.248736155531857,0.000110468923117,0.0102453391538015,0.0070860981889935,0.003213517807483,1.0648022720756571e-05,1.140290858463004,0.6457726608755265,1.6774205419131267,False
443,48074,117.33558613560665,1762,35.93518771625031,1189,22.47405741765857,365.2257394137514,6.795378083274471,61.678014516688734,60.20957521645922,57,0.0484858663556984,0.9729628405783556,0.0810907576886007,1207.7051942795342,34.45173077282557,58.61468499179736,58.60473441878474,0.0,0.0022941333856119,1.6945644618553546,0.5907495748942801,2.634037898881794e-09,5.114763838988844e-05,14.437140065524472,14.437141342016009,14.437060899522628,-0.0674653499265824,1.5116891942239623,0.0353157286666527,True
443,34195,120.81697295125326,496,4.105383439793104,448,3.708088268200223,9.0,3.0,59.0,59.0,56,0.0,1.0,0.0508474576271186,1254.5856541789726,35.420130627400354,60.40874855526561,60.40849288793408,0.0,2.1655569133515728e-05,1.705491976568308,0.5863410762046791,1.1540484658565437e-05,0.0011168473350637,15.088665123559831,15.088944104046998,15.086042193994372,0.0650509587600454,1.9052385269746075,7.403845483459536e-05,True
63915,443,1.8831483750160447,18476,9413.371918716584,710152,358914.7155466082,480020.889258046,692.8140059121761,937.401030081644,1514.0,1514,-2.4958184498040428,-0.831939483268014,0.7401267306067739,0.335506774984807,0.5675547140778574,1.023609057031826,0.9431995400767984,0.1384397253567143,0.6063399068724101,1.5317407934822782,0.552945197973366,0.0014243936598145,0.033307366682615,0.0084024320298535,0.0003329948583139,2.3905514857940765e-05,0.7742245900687748,0.2806033162011949,3.6675546505336745,False
44570,15220,0.2168647170488756,547,4547.632512839756,10820,39278.59298587057,321994.92071767413,479.5535538324528,586.0093965346487,670.5912733153893,1074,-0.306230483299805,-0.4657773188519821,0.6604716965530404,0.0040215176680588,0.0553647780379022,0.0711599928596277,0.0654831965947009,0.0654500958399775,0.5856136847046546,0.1990656179180481,1.1857266014530714,7.60561396967051e-05,0.0072958351733858,0.0119531105123721,0.0139433402252348,0.0006102265905595,-0.571471181710003,1.3873542361725395,0.6525374340335012,False
63913,443,0.4831759135841673,4567,11293.113511048778,157075,386051.4050591714,476160.9014083028,690.0397910715393,919.2908502571332,1487.8747824545449,1487,-2.4718200419030847,-0.8239400139676949,0.7506266189275838,0.0357914285655227,0.1267248856853415,0.2801615685273951,0.2632352955539428,0.1669095922183086,-0.18804171295124,0.485383748796814,0.4060703282376419,0.0002979879302443,0.0114627451204142,0.0057095069795147,0.0042659371828152,0.0042892480251728,0.1190713233169832,0.0313671829129401,1.675648905408321,False
47758,443,107.71242214247854,15045,139.6624353315118,25192,233.88115035153317,34365.95658679455,185.3477600316142,126.89966380331998,87.0,57,0.6449512133619886,0.373504110431658,1.460976169456922,399.2622679807993,19.974959531418783,30.65006702715918,30.28844581418986,0.0,0.0544974070387736,1.5359281295579272,0.6520560815887096,0.0001608370334722,0.0125264071046547,0.0100193884915692,0.008540883389162,0.0041982978103764,0.2401381544549842,0.3956198996048901,1.2930644813761192,True
47747,443,97.97087571489875,627,6.407334081659349,733,7.481821459427998,95.6936117290148,9.78217163585834,62.47583821836268,62.0,56,0.1457292109443984,0.6619545120616294,0.1565742289855932,1222.3892997526511,34.96268036439548,64.11292977817546,75.52587533120413,0.0,-0.979325180352496,1.8337442330002136,0.5453907815063288,2.8100394846192595e-05,0.0046962795161437,0.0126570154759932,0.0149809223124794,0.0032656571835248,-1.087942192227834,1.8537379610289824,0.3909510496996382,True
44132,443,55.64904095024904,7604,2054.643785468268,15103,4765.324914742419,198546.088151439,393.57866477899177,202.83660144811392,91.84763945135788,63,0.8007185644752391,0.3590432616102455,1.8056115400304595,222.8890502771212,10.802944945057757,15.547265343851349,15.365675087570532,0.0,0.4983576499104,1.271317870290769,0.8020827993120152,8.636772583162063e-05,0.0092932577244297,0.0163173104799787,0.0197832544731734,0.0077756210800502,-1.1201171435315784,0.9267199917173105,0.6125362667604585,True
443,41438,120.81700700791605,496,4.105382282541812,448,3.708087222940992,9.0,3.0,59.0,59.0,56,0.0,1.0,0.0508474576271186,1254.485477967011,35.418716445060745,60.41010411040886,60.40852862219098,0.0,0.0001334529498,1.7055983509441717,0.5863045106137953,0.0001218927160309,0.0075629471292338,15.08581790762928,15.089008713674714,15.065952034893051,-1.2263580198866966,2.2196749745463733,0.0005014485301585,True
18982,36685,1.622659074087873,804299,409207.2693479231,29731,15803.2265452619,508183.9786154623,712.7970545786677,635.3778584574965,892.8166483609734,892,-1.1096635887788848,-0.3698878629262949,1.469031928595531,0.2435065663862381,0.4926307973377766,0.9031067313513454,0.6913883981275315,0.2799048437568755,1.2989432520932358,1.2635801588105666,0.6032569130225689,0.0008355419197859,0.0202522353823327,0.0214819975625608,0.0224516716556039,1.4428994027375018e-05,0.0127287028384444,0.5143144371020701,10.618613506506769,False
47594,443,105.14729424559069,12489,206.6125586051176,24133,435.3115320570869,43848.7413394656,200.18157077345364,135.89499719005755,87.2209933124573,62,0.721745023540914,0.3697417702319011,1.4556567624434071,423.0070133077672,20.342551700302096,29.33263088736904,29.04072941998033,0.0,0.0636297380123754,1.4342221216829756,0.6984306688215309,8.732351908973047e-05,0.0093446911139828,0.0123244828048215,0.0152056507833452,0.014657294547051,-0.9250724954585814,-0.2489870147015738,0.7631479638215009,True
5256,43382,0.1483002213551269,475,8843.358345176084,777,11081.97683000571,26688.557984042385,73.35055111172372,105.70372744050316,83.34167770215511,66,0.3348413181803334,0.8110521403998165,0.4137944376673681,0.016153595201952,0.0512077210926567,0.0550256431922348,0.0341854536573481,0.0,1.323486221845783,0.545006511119875,2.018799805769397,0.0001365185491655,0.0040750575118841,0.0063999385746514,0.0095571154377639,1.847527166507229e-05,-0.2794276556693578,1.0680432330499412,0.7364072010001985,False
51330,10019,0.246582501461933,597,3751.85592934313,12435,43455.754216335234,371266.47072698834,549.9980971279857,663.0730576913414,760.8431266403895,1229,-0.388056902955271,-0.6690202385469671,0.7252068664654443,0.0046265846293337,0.0625457991882112,0.0814643189724375,0.0754990174384755,0.0754773916384919,0.4700276853499732,0.1591802429708987,1.0339000484863277,8.770788994474113e-05,0.0084053220652792,0.0137733585653876,0.0160685018430319,0.0007009587908271,-0.6590235451678514,1.4466989239848551,0.6376056609675348,False
47757,443,113.11158364773016,475,4.204649466953696,496,4.404574355711306,8.984792086927078,2.9974631514138297,58.9138218259201,57.534971040641786,56,1.3812425490624862,0.97207119656809,0.0508788241990871,1288.191165968959,35.86817862681397,54.82479038615937,56.55578640483839,0.0,-0.139637828298911,1.5284806283355674,0.6542446305446893,7.11266898914177e-05,0.0059009865718573,0.0172171230043105,0.0149907208574661,0.0149708834298645,0.4873358665361336,0.9926074010918308,0.3019292031443924,True
59486,443,40.016365520796455,10795,367.8830700629398,267036,8181.678075929044,2051546.41726932,1385.4068902144077,1100.165842481169,200.85286084824668,66,2.0591132886201478,0.7616008200657004,1.241597656097291,97.28231208264036,7.367975371245087,2.0044534766002293,0.3144012681571647,0.0,0.6733415923163434,0.2888443119320789,3.4784907635922577,7.534523500420776e-05,0.0086683250275409,0.0042500167196982,0.000886747956474,1.461444141569389e-05,1.1637642265570296,0.4891970836233931,2.0382619069287267,False
443,47750,120.81700062620664,496,4.105382499393182,448,3.708087418806744,9.0,3.0,59.0,59.0,56,0.0,1.0,0.0508474576271186,1254.6063446052196,35.42042270506124,60.4085057416974,60.40849732058388,0.0,7.132422832943016e-07,1.7054710567603146,0.5863482678501846,2.7614945979655703e-09,5.2541048041997935e-05,15.088973641273451,15.088979300796192,15.088886446790518,-0.3149206301568939,1.6576286464505592,3.482082257262414e-06,True
56566,443,21.83032898334061,11500,507.2439821096851,240660,10650.382211607292,1436465.564652834,1198.5182749203216,996.973136402976,105.0,66,2.232395460006423,0.7766724438051236,1.2035523069632563,20.210885147443616,4.434834869882744,1.4614730690625215,0.4103583278633358,0.0,0.7001138982921351,0.3221733580975957,3.1544415783367987,8.127226596244149e-05,0.0089619307492673,0.004566481905419,0.0008949205114068,0.0002328417285592,1.2176381116150283,0.4854848798704496,1.9739709473711156,False
42779,443,26.41891524383703,21119,795.3840145769864,428722,16150.86941813648,1417890.2443062402,1190.7499237368738,935.3684495937292,105.0,66,2.0919736269730955,0.7300771227943771,1.273398406286803,32.979656255120034,5.730991380626769,2.301583829295933,0.7392052715359952,0.0,0.815750055987283,0.4001812463071286,2.509007269971592,0.0001143354200728,0.0106816237427519,0.005801794350766,0.0008026975524333,0.0009515952659557,1.4016398384784303,0.45447184205411,1.843331368267331,False
47752,443,105.744334,448,4.236633614809092,496,4.690558644967209,9.0,3.0,59.0,59.0,56,0.0,1.0,0.0508474576271186,1197.6952962554335,34.607734630504694,52.871591,52.8715275,0.0,5.5045498364e-06,1.527739147462047,0.6545620053405371,1.9263725e-07,0.0004389046023909,0.0151915,0.0150315,0.014941,1.0936317308707375,0.570739059548168,0.028891459196985,True
443,55268,120.66517506611967,78727,652.4433146494376,46745,387.39642004136925,12018.974063184862,109.066013235496,126.5656009037291,87.0,87,1.0915161539015488,0.3638387179671828,0.8600784238333212,1224.379778020356,34.99087157931571,57.24877187610937,55.798608663063625,0.0,0.1242135652848635,1.6360893712985007,0.6112176607422504,2.335950165554586e-06,0.0012789875930552,0.0001384810807591,3.637225894984447e-05,2.0752951900167492e-05,0.2487467673600284,0.1013272931448837,8.519394935318552,True
55684,443,7.0887893955268,1957,1606.566457044373,17766,34690.361628304854,505527.1121040181,709.7086381785389,675.4925214148774,654.2084273429698,1038,0.0399724240807972,-0.5532471564386213,1.183343430104894,13.63959438623863,2.1678399255134613,1.3013966630663685,0.6919280287346571,0.0630639099370408,0.4545197317935188,0.249143336196118,1.0702934485818574,0.0001268643045404,0.0112105460874523,0.0161207734177377,0.0170550638848443,0.0088111647325001,-0.3195844166277034,0.7623090408980427,0.7078382126718481,False
443,55268,120.67471930608934,78518,650.6599955671373,46680,386.8307292910495,12661.866686210951,112.22569773876084,127.42372122422069,87.0,87,1.0822435454300072,0.360747848476669,0.8798336336235226,1224.1020088980165,34.98654328299517,57.40125153490841,55.80643909249101,0.0,0.1366744424548732,1.6406990383913644,0.609502933698679,5.591974616728159e-07,0.0007289881813057,0.0001015540260574,3.731569260994502e-05,1.9273722956021996e-05,0.2744017972054967,0.1173765386543678,7.053162350505524,True
47753,443,105.74299973438676,448,4.236687072670188,496,4.690617830456279,9.0,3.0,59.0,59.0,56,0.0,1.0,0.0508474576271186,1197.686046121413,34.607600987664554,52.87151896959436,52.87147525970769,0.0,3.789042190945605e-06,1.5277429657270964,0.6545603694035494,9.947009029747196e-09,7.541914799235614e-05,0.0150086078733091,0.0149848432747353,0.0149604119296823,0.4283575725754879,1.0907654455283784,0.0050189468141652,True
63908,443,1.155116196242222,2312,2020.3754131905905,11977,12960.788844684876,315210.2793892336,560.2683823948847,484.9945306929697,190.62187211645795,176,1.6184643676014416,0.581899922948475,1.1752497033420446,0.0829293443082,0.2811673176546629,0.7881002509985836,0.8046766558673284,0.955429885847815,-0.1495764730837162,-0.5523199906380132,0.3862624491562226,0.0065782827422726,0.078445458520119,0.0796593975454832,0.0774537558628808,0.0001334536585042,0.0176566340492207,1.053749139472285,0.9595689871433142,False
47747,443,97.9932408521466,640,6.531064245002681,733,7.480109518104633,95.15082644628096,9.754528509686205,62.40909090909091,62.0,56,0.1258156892005639,0.6570374880473933,0.1562998013205364,1222.4125482963557,34.96301291683631,64.4687865457802,75.5275204086921,0.0,-0.9488951622252828,1.8439141107361927,0.5423246325795801,3.598692107278374e-05,0.0059989090061132,0.0120099069179959,0.0149866597888438,0.0031415436045955,-1.488647188599443,1.478911280159407,0.4994966870954146,True
41483,443,113.4311171970552,15064,132.83843051190763,34387,300.0502694270252,38792.59537145878,196.27786866638323,145.92703482002509,87.0,59,0.8852639422883612,0.4363180179573767,1.3503129581516833,436.3185819362265,20.88398421738747,29.148773369004942,27.975501791520188,0.0,0.1686570362735324,1.3978786773256948,0.7195183690669286,0.008967551417434,0.069642390942561,0.0374100560206175,0.0150129955632887,0.0149837919950824,0.0602211723673971,0.0207778367943155,1.4090525929475008,True
47756,443,107.04414409612696,15783,147.44768059305105,25629,239.44763039604163,32294.52405590537,179.67446371484766,123.59984982239926,87.0,56,0.6109995148769274,0.3762627761246329,1.453550188578255,401.79640194590536,20.04133304396416,31.664241251462663,32.11456422219388,0.0,-0.0651411073288439,1.5798116819110002,0.6330000081213515,0.0001326571170723,0.0112564934914525,0.0086726685100073,0.005446161579835,8e-06,0.9055686551471775,0.7970020665488763,1.2858504741805867,True
43939,443,1.1654685413664403,1879,1612.0419536779,4667,4000.626282870327,521939.6378680195,722.1646852508832,308.767486797786,66.78598756466263,65,1.00794032467887,0.3377122314117277,2.3464485086879967,0.2095282882621367,0.4573643756797124,0.5712296252966269,0.3463962744996021,0.014265550195327,1.4667999821694937,1.2090151784038596,0.8037596651696043,0.0020123167011277,0.0446077760202681,0.0503885599387406,0.0527324484690472,1.5703252031540252e-05,-0.1608423972552575,1.130786619980235,0.8842321349497718,False
54239,443,109.65556154290655,18509,632.1529209767896,561760,13199.004584601003,4352647.2372486135,2085.162757545919,1407.2817949365365,547.0951273148587,66,1.2403079539533413,0.6424982270094167,1.4849977618565209,388.87071190282825,19.17222015870442,4.831083602663683,0.3183213044970915,0.0,0.7165385585604231,0.3237475307404069,3.789627656071117,9.201837186870392e-05,0.0095917907450855,0.0046621567572114,0.0007100424901534,1.6392423028706708e-05,1.2327912631686384,0.4834501601414126,2.0876800138744773,False
62873,443,1.229956651149039,2431,1975.7929647478036,11295,9168.429708607757,313272.42711059045,558.3607003664737,447.91756639318487,120.05414189338936,54,1.774182703671742,0.7105162622481855,1.265416663665284,0.0962804982828528,0.3082744036783002,0.8365745866427928,0.8425078280466636,0.9810741405005072,-0.1002708212555127,-0.5155419837153414,0.3761080702224748,0.0069019368670261,0.0825892301378695,0.0835671438533509,0.0811594195646327,6.336423222040102e-05,0.081212084476563,1.0140852945749186,0.98602975167047,False
47757,443,107.06618549568972,15788,147.46235370301565,25623,239.34510897595092,32331.684855143543,179.7778229179536,123.6307946221595,87.0,56,0.6111645466198511,0.3762185995963796,1.4540223064703226,401.33949023573206,20.029928104703615,31.64184775674586,32.06745072759626,0.0,-0.0614741561731673,1.5795931225760975,0.6330876019260057,0.0001343322491893,0.0113304734904204,0.00868818688991,0.0054636118701705,8e-06,0.8991760499915763,0.7931867016353221,1.2920603590845554,True
443,55268,120.66517616056127,78955,654.3357648180685,46477,385.1745684541754,8266.538320226222,90.91625393426582,121.59642767095607,87.0,87,1.141627022843031,0.3805423409476769,0.747677669460727,1195.6257728240123,34.57752392121482,56.84979996541775,55.79542378216491,0.0,0.0915462097499085,1.644177777683154,0.6082420777319466,3.011253415551136e-06,0.001270216525519,0.0001373853903947,3.2404172823034946e-05,2.2986090589883505e-05,0.3210009454510034,0.1310998794471621,7.171684198397065,True
47753,443,105.74313914957013,448,4.236681486931769,496,4.690611646245886,9.0,3.0,59.0,59.0,56,0.0,1.0,0.0508474576271186,1197.690799292368,34.60766965994672,52.87154332087227,52.87150452210712,0.0,3.363308895275914e-06,1.5277406378526497,0.6545613667812464,6.068135776521242e-08,0.0002390984901994,0.0150910866081058,0.0150167941485555,0.0149290514957013,0.9193396946506742,0.6861815982149833,0.0158360448671094,True
50872,443,112.37527602404064,25721,223.11452643268612,44413,384.4777213861757,23361.82459876876,149.4740519435574,123.47363831585554,87.0,68,0.7749818112509365,0.3611849831450388,1.2128091974886432,661.1801154822973,25.10174225641476,45.51543219052532,46.76256925939001,0.0,-0.1561051095046425,1.7659808147082554,0.5742603702938194,0.1807514285553702,0.2789957109262469,0.0788471019527725,0.0038161006438673,9.244551403023584e-06,0.9822754482920732,0.6502435157561655,2.169388062770216,True
443,55268,120.68864588639022,77891,645.3884489173596,46245,383.1772699529201,9953.448505934975,99.65268283239833,123.6022704864433,87.0,87,1.1023142676225284,0.3674380892075095,0.805910367419604,1238.468470205341,35.19186153576632,56.91973009824299,55.78576286993807,0.0,0.0966814789616784,1.6174183931932364,0.6182786786509962,5.6926503403039897e-08,0.0001286022269122,4.6232550594944245e-05,3.2499706467171555e-05,1.991671558880474e-05,0.3768514743174705,0.2893143727237569,2.1530134611023675,True
443,34195,120.81698120872976,496,4.1053831592026455,448,3.70808801476368,9.0,3.0,59.0,59.0,56,0.0,1.0,0.0508474576271186,1254.5553030526885,35.419702163327706,60.40915598735254,60.40849817029036,0.0,5.57200462788645e-05,1.705524113030041,0.5863300293876199,4.330451526642766e-05,0.003028894095472,15.087841121516773,15.08895139005567,15.080150241649632,-0.1039145630912695,1.997202239755235,0.0002008152996238,True
63913,443,1.639111450809141,10991,7087.784641846571,383739,246772.97992338092,484087.34963662433,695.7608291738409,916.4808628622044,1511.397216576694,1511,-2.5650772881582697,-0.855025762719423,0.7591690683200142,0.2210479780040271,0.4551351682161138,0.8359791781360052,0.658603112563009,0.1866731413677384,1.0536911235133153,1.3465398219943547,0.5335133598877807,0.001851114434854,0.0416384582719727,0.0105012882232587,0.0006960157642103,0.0004480345330258,0.6562828024938828,0.2234968043528815,3.8379225964305705,False
56412,443,1.207949282423162,2242,1851.658412626288,9033,7404.852579793484,384482.7054645424,614.2608454672059,400.43087279626025,101.87572237370996,58,1.51269297130499,0.5832922546478716,1.6343322125631023,0.1349277137132128,0.3591532090616011,0.7460223216813157,0.6732035962295906,0.6511386964950926,0.4345115612145753,0.0729845754217779,0.5220494905546695,0.0052332932320494,0.0696275870019656,0.0722445398497162,0.0714583624741174,4.709933054489839e-05,-0.0013920149331035,1.0539110718794722,0.9512900501326148,False
47152,443,24.963447822184257,18068,703.9880145190604,369070,14406.153403697866,1423782.2058116794,1193.2139903198224,954.9090247473237,105.0,66,2.1365144488441574,0.7448568322479066,1.2512437128096126,28.929491497020088,5.319859614184404,2.0351065806002997,0.6348973243701813,0.0,0.7790710767253388,0.3754376905635294,2.713734511721411,0.0001038480191757,0.0101361491705924,0.005409961895693,0.0008319500290556,0.0007236116783125,1.3432757795343666,0.464308960422521,1.884769327710512,False
47753,443,105.74323271391268,448,4.236677738241914,496,4.690607495910689,9.0,3.0,59.0,59.0,56,0.0,1.0,0.0508474576271186,1197.691151433006,34.60767474755215,52.8715470544494,52.87150632142139,0.0,3.530981597954524e-06,1.5277405211456432,0.6545614167844759,7.101433835625185e-08,0.0002547445719642,0.0150989496115075,0.0150179457096944,0.0149299871391267,0.932987862966116,0.677141717606226,0.0168583663458543,True
10765,41247,0.2197602705129844,587,8482.20364664481,2126,11597.280383362704,49393.41526589508,105.8627911338954,143.59316988299483,88.24860298281298,64,0.486214491882442,0.8397378202091844,0.3952971938289483,0.0146987894126847,0.05590163979469,0.1416946651011423,0.1415580680520028,0.1682338910468031,1.091749842722921,0.2853531067082748,1.880070636390458,0.0011663471879799,0.0138171979491034,0.0139481034342995,0.013513834897779,2.5805613088554785e-05,0.0153832834576439,1.001240999510692,0.789297913086096,False
48163,443,12.31760429389409,11083,2139.737948527428,207113,21450.62102123905,1286725.8175079825,1133.1892796297127,801.4641944564512,90.00334394872905,66,1.875125080977343,0.645737165438506,1.4342349971716295,15.037288494783628,2.70096696435387,1.1988453293316914,0.4795492058946756,0.0,0.5170820564005159,0.900905212161717,1.52566811074055,0.0001619417710047,0.0126196682497087,0.0128728790629006,0.0152612747614508,0.001426459571842,-0.3616019405170751,0.859724530572831,1.239455145251839,False
47744,443,97.81493446876058,587,6.001200291907072,733,7.493745028235808,97.49911724571908,9.87412294402824,62.69786456828208,62.0,56,0.2119689829301365,0.6783103608030627,0.15748707736037,1220.325272479276,34.93315314441448,62.8995639577732,75.52039623580029,0.0,-1.0838641907525572,1.8005666268128029,0.5553984644556195,1.9374317059686677e-06,0.0003691279520929,0.0148192084557622,0.0149740111518426,0.0141118144398231,0.2451576105081383,1.3629361982356163,0.0299751516175644,True
54526,443,116.047587,19430,167.4313141901003,591748,5099.184009745933,4417629.439055813,2101.815748122516,1427.9859813084113,573.0,66,1.2203533759876086,0.6480044611546132,1.4718742169980543,411.6050027167237,20.28805073723752,5.105673457943925,0.3305845,0.0,0.7060938016848803,0.2516591428161585,3.973628729755778,9.14180878983e-05,0.0095612806620443,0.0044816273291925,0.000746,1.7e-05,1.1721109738014337,0.4669486742415041,2.133439476273236,False
63919,443,1.655435,13147,7941.719245998787,1210089,730979.4706527287,343148.3860284506,585.7886871803266,1199.2509803921569,1514.0,1514,-1.6119243670761714,-0.5373081223587238,0.4884621290772452,0.1144385638954682,0.3382876939758055,0.5228928274509803,0.574549,0.292127,-0.4580968223400471,0.6821585046114177,0.6469541676922675,0.0014883847661646,0.0385795900206914,0.0068214840425531,0.0008815,2.9e-05,0.4619010237823198,0.176064184168628,5.655600713866313,False
34194,443,120.687319,15965,132.28398917370927,43026,356.5080437324157,45755.05337481863,213.9043089206448,164.32033426183844,87.0,56,1.0844148206082622,0.5063962236591673,1.3017519096559047,455.3237891991941,21.33831739381515,27.40161717827298,26.245916,0.0,0.1624825177557754,1.2841507918621209,0.778724746608551,0.0192611510322175,0.1387845489678788,0.0667700581395348,0.0150455,0.014994,1.1180904183686835,0.3730678848948686,2.078544677583616,True
41920,443,24.195063111020705,19870,1737.220962688487,399948,21002.519836178668,1423260.5368836732,1192.975490746372,895.0072452408112,102.44446733281372,66,1.9949895769446409,0.6955928030239489,1.368321578089363,30.572661432749648,5.2665242854643015,2.1447016053804955,0.7041893433134777,0.0,0.6108426975650898,0.6084226746525823,2.2724865278298894,0.0001220806168364,0.0110247033233546,0.0064542666362874,0.0013910193710837,0.0009022024861784,1.3837943175529657,0.4949008546247745,1.7666827530980085,False
63917,443,2.091575317143428,30634,14422.364245956283,1250969,587840.7203836809,471148.48091992695,686.3890429053683,975.5055672938844,1514.0,1514,-2.3529959851472397,-0.7843319950490798,0.7042540137724235,0.504141529888916,0.7041004447214385,1.2499775342451909,1.375462782608076,0.0479478693559489,-0.4431415413619715,1.693112445590479,0.5625114475388212,0.0003500986737427,0.012362496890491,0.0036839013239584,0.0003904176734768,2.553068887198674e-05,0.8792152855604906,0.3449400481137422,2.9323779633161684,False
55972,443,6.847756331152938,1912,1630.722566246347,17683,35274.72542857361,503980.5944549899,708.6426008483186,680.0897300980758,663.8956219355762,1054,0.0194229102180161,-0.570645956813986,1.1713066191135122,13.15543795126096,2.093547585859618,1.258748901995792,0.6706926185906759,0.0641602902811857,0.4475136998677519,0.2433410143159364,1.0590750080202622,0.0001262355717078,0.01118346445775,0.0161564170947965,0.0171589678003391,0.0085290923000734,-0.3373623224388026,0.7904924592883654,0.7043679564474093,False
63914,443,0.7540565804630157,5876,10238.052428441022,220102,360179.38956529705,475018.9221120788,689.2161416126958,936.3862339511396,1493.1275393304616,1493,-2.4233804149425344,-0.8077934716475115,0.7365528086915606,0.1271957886610322,0.2443931917657488,0.4860452652881979,0.5855491821067305,0.1866648309034044,-0.7104979618996162,0.6816179605568152,0.4341485466207018,0.0011243404130975,0.0227694763051255,0.0059652535916871,0.0034669182730808,0.0034299515707805,0.143905563628397,0.0420857470560066,3.1026301991236105,False
49330,443,0.321871,2762,8581.077512419572,48842,151744.02167327903,3241146.040816327,1800.3183165252549,1053.142857142857,104.0,66,1.5816250633523052,0.5483157328800135,1.7094720856859444,0.0074426239929779,0.0862706438655579,0.1343059591836734,0.108563,0.0,0.8951930122530674,1.5567979229756606,0.6423441252340586,0.0001022860502906,0.0101136566231337,0.0077500588235294,9.5e-05,6e-06,2.2707095293366177,0.7657031588175355,1.3049780464153895,False
47756,443,113.90089312469809,478,4.2012175385687325,496,4.373933874110772,8.983163049382407,2.9971914098821544,58.90459061316697,57.37804042383852,56,1.5291981534856556,0.9690795257747244,0.050882184115937,1297.8858959044892,36.00320922999528,55.03402071132861,56.95044190182033,0.0,-0.154595931958953,1.5285596373402468,0.6542108126308239,7.874559890474582e-05,0.0065315343325213,0.0174558079336926,0.0149908516329801,0.0149714065319205,0.5533942604374671,0.9298892415051472,0.3341675929498749,True
59602,443,38.23709457814765,10593,372.5740112011804,259437,8253.814127621272,1996175.7065710723,1368.6416003882962,1092.494246049038,192.143930777148,66,2.0787418189971576,0.7642591845726614,1.236208759462296,89.92658085565506,7.065621756134078,1.931879203923629,0.314022550656434,0.0,0.6725751301537839,0.289714513536344,3.466903621117664,7.496910057464648e-05,0.0086474282172222,0.0042445966038633,0.0008900417184881,1.4558614940879154e-05,1.1635688972627125,0.489717737475366,2.03603457610026,False
63799,443,0.4459057337302563,964,2241.6781370672416,14828,44678.62375065508,437119.2656774517,659.4627549955563,750.7591914960697,802.2797500194415,1287,-0.1733432751821801,-0.7679551542075806,0.9004248475129133,0.018813991261676,0.1105550508546149,0.2169047160018811,0.2143161118734929,0.2398487478761981,0.1883290408071165,-0.0223199417974916,0.6920336169543075,0.0012048336375953,0.0219646583558732,0.027716025955283,0.0297151517990112,0.0007435899993975,-0.678301123882893,1.470896143468168,0.6693025788027338,False
45963,443,81.83038313751793,10188,1077.1560015141629,19879,2475.0307225187235,116721.29833147064,291.2842370146301,167.42886620566946,89.40044591062414,62,0.7589467207981524,0.3647020737191442,1.6205083258340411,328.7383786698395,15.848773679675734,22.83882309474656,22.59888541461069,0.0,0.2684149860380524,1.3574835764624984,0.7472575940543944,8.687327802154434e-05,0.0093204626272715,0.0142053654981155,0.0173620011839715,0.0114155767525376,-1.01695126730307,0.3048477962812899,0.692200014784705,True
443,63915,1.960759814578637,1328838,676639.2150322347,45014,22906.96105185644,489824.0773441182,699.7629195256602,896.8476056274994,1514.0,1514,-2.643229069481928,-0.881076356493976,0.7824726426408674,0.269408808074639,0.5190253565738984,1.133619018919488,0.9595104909469014,0.5269542721124095,1.0102329124070404,1.1718836770483156,0.4599091867735805,8.395656163438654e-06,0.0027144302434313,0.0001886967140922,1.7100778001377425e-05,1.430233400413228e-05,0.1665353093348464,0.0566651398078698,16.96377594762012,False
14956,38030,0.299693296912268,734,7970.773186692985,2878,11428.30478802842,69289.82304907679,140.82702130785756,168.19525956033863,90.9886764283937,63,0.5911092181365106,0.8311745801243392,0.4591904402462776,0.0206375184354934,0.075150589742525,0.1976414939424315,0.19898974336791,0.2365403566483578,0.9909283809079592,0.21468434532622,1.7596216342375854,0.0016399072679248,0.0194053431285802,0.0195820905936104,0.0189714999815134,2.897485466416621e-05,0.0216292171146512,1.0017448711732992,0.8052536847307138,False
443,63915,1.907799456298848,648748,339762.7823508785,13564,7096.702467477706,440224.48161900736,663.4635886333418,1023.1566384818544,1514.0,1514,-2.2187440859086087,-0.7395813619695364,0.6489549495323796,0.2835619104645924,0.5325000685652496,0.94461314268984,0.9893067633056992,0.8461331667235621,-0.250813028370427,0.18570684070577,0.5643660889193178,3.2314718058589594e-05,0.0056610534488482,0.0006771756878167,1.7975852079462536e-05,1.6927556238387604e-05,0.3464523222765895,0.1156845480224108,8.54664570338398,False
443,55268,120.66827093156226,78898,653.8504877655223,46443,384.8819983677056,8290.663494175762,91.04920200770287,121.63057002579012,87.0,87,1.1410820007593694,0.3803606669197897,0.7485617781873358,1194.123210353294,34.55581540969951,56.879642577389085,55.797806344462266,0.0,0.0939819126410072,1.6460697914143183,0.6075399070499055,2.4683150548612846e-06,0.0010914484993804,0.0001253579787688,3.2515154856636455e-05,2.261615047787848e-05,0.3328689563971547,0.1377663751034305,6.6300544782368815,True
52709,443,115.93464422636416,31669,267.99240060610094,55377,468.0228864353667,18799.74761444598,133.6286999341038,123.9847496937185,87.0,76,0.8747603111424989,0.3514618316747113,1.0798423427013646,805.4232494798746,27.86870305197166,53.256022485897,54.50509984791944,0.0,-0.1403398507918765,1.871578986378978,0.5412948703679892,0.2872450944032483,0.4382087828068934,0.1205035813843767,0.0031854707646482,9.97812629160728e-06,0.9065346900689816,0.4915495272050305,2.807667625220206,True
443,55268,120.68710938722964,78124,647.3283262450636,46233,383.0831478247428,9204.539161779623,95.88867276082728,122.68147020678693,87.0,87,1.116869865036169,0.3722899550120563,0.7814901714063448,1220.9934598823213,34.94091731795312,56.91967145206966,55.79249335056964,0.0,0.096837021583647,1.6292146322331025,0.6138717958954548,3.7033867465352873e-08,0.0001536458240736,5.2100982828564375e-05,3.235315163833128e-05,2.035315163833128e-05,0.3866775948675588,0.256645669039527,2.5845005316960927,True
47745,443,97.85390465517752,613,6.265500633843766,733,7.490760668724047,96.34221730362373,9.815204008520622,62.555598444479664,62.0,56,0.1695250315460424,0.6678301488697176,0.1569021584985052,1220.1628892939589,34.93083006852344,63.65487850481169,75.52390183425908,0.0,-1.0193591344020827,1.8223123095182368,0.5488428076120172,1.875440752755612e-05,0.003146197243942,0.0134409839807832,0.0149875387588905,0.0149602759089353,-0.6088884877284424,0.3786612157802527,0.2613401056080671,True
53673,443,97.0662690080413,16696,1547.436549676636,502700,29151.852610825765,4224662.773857182,2052.364175726054,1366.5042572559487,496.07467652022456,66,1.2796091146115185,0.6316535279567219,1.510844990786799,344.09482051284385,16.974557200883726,4.290270359907732,0.2941685603263007,0.0,0.7371098314135114,0.4657278482527667,3.4272318303825817,9.320064978016292e-05,0.0096518813006141,0.0050177150690077,0.0006392230584534,1.5195781325634264e-05,1.3523029764857792,0.5159503487981029,1.997555332387666,False
47746,443,97.9563553227204,640,6.533524307769154,733,7.482927058741859,95.15082644628096,9.754528509686205,62.40909090909091,62.0,56,0.1258156892005639,0.6570374880473933,0.1562998013205364,1221.5139166185131,34.950157371165275,64.45537329702769,75.52751726210697,0.0,-0.9503957347357536,1.844208658403509,0.5422380269764325,3.6018834082062e-05,0.0060015678178747,0.0120142806713146,0.0149921663128061,0.0078607919695583,-1.4885539612385117,0.6929444883202791,0.4995361393122258,True
443,51332,82.424064556959,14458,355.12291847603257,8630,210.6582879377649,3937.440014994679,44.85524369717599,88.53301298612044,72.33913627157969,70,0.5346997605138729,0.7018355295196355,0.3843690901249391,737.383381818257,24.737744349122394,40.62628169933571,40.516774019272205,0.0,0.0252803854755019,1.5851916371763335,0.6348863626370868,2.0153084155085447e-09,4.336722847169409e-05,7.9006494598907135,7.9006590325461215,7.900604395619513,-0.4557750111191365,0.7182598297642768,0.3894256190738216,True
54688,443,1.202079950117269,2192,1818.551913338727,8430,6934.509198673497,403474.38013771776,629.1693305128549,387.766242676225,97.02756509121436,59,1.4429540509935033,0.5493618022073826,1.7327214373842468,0.1452348682342116,0.3727225103188799,0.7218721681245559,0.6280504109621541,0.5631454073163158,0.57713722233522,0.229943728033139,0.5609718489607627,0.0047882684716711,0.0661707361742898,0.0692248183058488,0.0688711050653878,4.2761505607928646e-05,-0.023422404631362,1.0645325470886395,0.9420250237192818,False
47756,443,106.71473288625135,15711,147.22838930475024,25714,240.97982461692396,31739.1517075148,178.12974873202916,123.13737628938486,87.0,56,0.6085330968098905,0.3769229993368021,1.446494333273466,408.62499914209866,20.211781151384677,31.99891456324569,32.81868072861948,0.0,-0.1199441071703968,1.5830780758954144,0.6316909088018398,0.0001076220780863,0.0101508540379689,0.0084407445668614,0.005185365016725,8e-06,1.0011068623543289,0.8540231267910589,1.1930430418041216,True
443,63916,1.906338,629981,330466.5804280248,12697,6660.413840567622,438855.7665281875,662.4618981708967,1026.6421725239616,1514.0,1514,-2.207030300859569,-0.7356767669531897,0.6452704904399736,0.2839524693903226,0.5328719071130722,0.9393974712460064,0.990129,0.854941,-0.2856119533238708,0.1584930076414879,0.5672486071378037,3.2974771442e-05,0.0057423663625778,0.0006906554054054,1.8e-05,1.7e-05,0.3514171839273454,0.1173132055445851,8.314372576592145,False
44820,443,102.86068847061304,17060,167.25891070169993,27665,271.5387252877952,31320.40661399388,176.80218417926952,124.20114666842574,94.16516288026271,59,0.5034906090436623,0.362568872371182,1.423263400595119,404.224456091064,20.097959908177625,25.85270849308395,20.39970439123205,0.0,0.7896240574655942,1.2955581662818387,0.8367489484102408,0.0003598611302814,0.018176470215113,0.0152826866463819,0.0135377313418216,0.0098987112269937,0.3957584587713551,0.3960347499886937,1.3046287562299763,True
47756,443,106.43591255433772,15383,144.55644339573027,25706,241.5341057284648,31554.48259987566,177.58946550071232,123.45937000202512,87.0,56,0.615190727656931,0.3770530625616215,1.43844115805495,417.82437254399946,20.440463717401716,32.18091806100263,33.29452127072385,0.0,-0.16377487529546,1.5745874169890868,0.6355374169928845,7.960176320865171e-05,0.0089210426039284,0.0085091453441741,0.0057397062945825,0.0012738957410412,0.9394976833949996,0.8159754870870216,1.0597889609479794,True
36902,443,67.19356363721909,9821,1904.2862633028367,26118,4465.933492678662,190469.4786208353,389.77292720368,214.6547874490926,91.45184391457776,60,0.997270356088218,0.4354929896035628,1.6995592919147893,252.63506935545053,11.918687017272916,15.289879639785504,14.62252638429512,0.0,0.527533766101375,1.1976748002900934,0.8405109621307482,0.0107243629413902,0.0811115481657306,0.0462888049459164,0.0194241110821829,0.0083687658863254,0.0249781402408892,1.2024249508459035,1.351231914864293,True
40332,443,1.314779,7173,5455.66973613056,10219,7772.408899138182,8434.544982698962,91.83977886895724,127.88235294117646,105.0,66,0.74746541933076,0.6738077301936245,0.7181583444214686,0.1673981646303163,0.4091432079728519,0.5623083088235294,0.4508505,0.0,0.8172527857110976,1.3743557215810864,0.7276136623854412,0.0001769333317184,0.0133016289122197,0.02274504,0.02522,1.2e-05,-0.5581932896338,1.7090418136019383,0.5848144875638704,True
52854,443,0.788290176838733,2565,3397.017385430095,20256,26447.57824007462,1190691.655147591,1090.9841284836332,693.3039188587143,78.0,66,1.6937039315783375,0.5755709156680433,1.577423423966924,0.0436916098783407,0.2075590572214633,0.2713009134800678,0.2533238055602883,0.0,0.2275107599300396,1.3311365060230254,0.7604701334777381,0.0001978335051689,0.0140647489775064,0.0182990137984374,0.0263144906914895,0.0017241810255834,-1.7054804949013984,1.1780491760650698,0.771801539710333,False
443,55268,120.68433409666902,78015,646.4413292642279,46262,383.338874603878,9467.121071297972,97.26282004830372,122.9632483255498,87.0,87,1.109616257175812,0.3698720857252707,0.7909046330670546,1235.6867258676052,35.15204811174802,56.84042960704475,55.78301397003786,0.0,0.090216780627569,1.6170047303494546,0.6184315399416351,8.4766467004841e-07,0.0003696863799508,6.287052100186907e-05,3.194326769899127e-05,2.0680787612104688e-05,0.3692040335935359,0.2796807761328901,2.7928438180406943,True
443,55268,120.66948651930768,78876,653.6598769455233,46429,384.76708045886033,8300.139563907504,91.10142236545968,121.64398072019134,87.0,87,1.1408679228306084,0.3802893076102028,0.7489090451525942,1193.533022411909,34.54728857506107,56.891364386011446,55.79874218544386,0.0,0.0949386265901017,1.6468129509905942,0.6072641030967184,2.2550555866934915e-06,0.0010212306313128,0.0001206337603446,3.255874722581804e-05,2.2470842580606526e-05,0.3375305642072382,0.1403848920864492,6.417309027872187,True
443,47750,120.81700542319672,496,4.105382336390612,448,3.708087271578617,9.0,3.0,59.0,59.0,56,0.0,1.0,0.0508474576271186,1254.606300052763,35.4204220761521,60.408509766095314,60.40849123209649,0.0,1.5697722828770448e-06,1.705471200659895,0.586348218376878,2.7146345778391022e-09,5.210097081592234e-05,15.088969051845458,15.08897099831339,15.088885155293193,-0.1109808440428058,1.6100121957545164,3.452917860111401e-06,True
52164,443,11.241671404740284,5692,5036.012331834874,106209,34058.99725092425,1461886.9031851713,1209.0520387612178,801.9207094608453,92.72739125127012,66,1.7638544911987717,0.6101409675802297,1.6607950101208662,8.905113586510906,2.230026013100725,0.7247459411945425,0.2487276849030782,0.0,-0.2816309052831901,1.323774089438157,2.0057678156856125,0.0001191239690702,0.0106436669947299,0.0077244192200613,0.0037184275483218,9.909130417090042e-06,1.135590413343399,0.6790241682999815,1.6032824349279862,False
38379,443,0.5164154240825289,2412,4916.626269388232,9217,16586.242472745027,929407.614937066,961.957972216495,527.4315984087258,74.8168293222556,66,1.4012525269166047,0.4761849196773924,1.8476730765511495,0.0258246774753681,0.1584235687062087,0.2613652272749966,0.262606809756875,0.0,-0.0514145092267784,1.6829859575231023,0.603963120366762,0.0007766583594374,0.0270800669655513,0.0578185401154869,0.0692057059281085,0.0003712006944618,-1.318563903520544,2.018797665247336,0.5121022730756772,False
47760,443,107.36425854237396,13421,125.02412713380058,25628,238.7237354094032,34824.50295292504,186.5490278383301,131.5316315836615,87.0,62,0.7160830160429623,0.3728002361822611,1.41805291836841,426.9352234754973,20.661852628147305,30.286755503894334,29.591829895442416,0.0,0.1013789125877879,1.4660263155716529,0.68234241721085,9.382520958261188e-05,0.009679274490221,0.0121288463225739,0.0149861074061046,0.0149810907335758,-0.8868132975074392,-0.2951029370887699,0.7980514629795633,True
54565,443,4.445835641979267,3686,2685.36384019098,50672,22369.503475673177,1230798.3739864,1108.537684163736,756.405979488072,83.00935097009874,66,1.813633860392329,0.6195571816793815,1.4895271351851966,3.064934982747104,0.9219546350429576,0.4474013827882782,0.2656213033346736,0.0,0.3451486280229994,1.1124066443533445,1.249271357653463,0.0001748103684029,0.0130380525464959,0.0158218986936784,0.0220303579605335,0.0014450211239087,-1.2358681885884706,1.0574771398744922,0.9947042748385742,False
40891,443,8.600681532879323,6680,5044.616894812351,9503,7186.665546911065,7805.466561518973,85.64771518535531,122.9434070732963,101.75631447513992,65,0.7005715534899114,0.6725426745727378,0.6757747996941322,92.1965280546403,3.0132613242698616,5.380521415533419,6.11422449498169,0.0,0.6837397084926976,1.4098324918687468,0.7136200480272322,0.000166307153734,0.0127512556509656,0.0219360693561727,0.0244490966460161,0.0011428392954227,-0.6283639822990833,1.542663699753326,0.5783860580178299,True
47754,443,111.81968165897658,470,4.21026538497219,496,4.454724921744617,8.987458486990654,2.9979079365200443,58.92893142628037,57.79183424676629,56,1.139069595878543,0.9769679475482782,0.0508733247049034,1272.2929579027043,35.64676164737456,54.48148454217719,55.90984183428212,0.0,-0.1152276057473835,1.5283450924640296,0.6543026419679319,2.9746063015297105e-08,0.0001455913574964,0.015046709790759,0.0150050292301386,0.0149517605931469,0.7047469769664291,0.5013643941295949,0.009658343437144,True
443,55268,120.68266074566448,78565,651.0105602082772,46284,383.5186990642108,8528.27403369571,92.32645280023505,121.92719419928852,87.0,87,1.1351308095307755,0.3783769365102585,0.7571774939996431,1193.0267192747367,34.539465031868566,56.99524098188095,55.80564395057469,0.0,0.1033494832039223,1.6502272572144918,0.6060094916030919,8.668345158148255e-08,0.0002848219513649,6.942672571709556e-05,3.289421726289593e-05,2.0894217262895924e-05,0.3850372212106128,0.18156839012979,3.989213900298693,True
35697,443,0.4642192965050559,2383,5227.922019743059,7180,14982.801200633266,883441.8950363749,939.1715780528532,496.5941767891048,74.23907903430018,66,1.3454861159901828,0.4572451428476344,1.899974201537912,0.0223823484462801,0.1487651218903522,0.2589505119221774,0.2639041480284789,0.0,-0.1101709415422063,1.75289271811805,0.5737331294238931,0.0008816111251543,0.0294385379421315,0.0649600873519753,0.0768954178232233,0.0001171350053334,-1.2344492328376422,2.170020144621713,0.4666416784717433,False
443,55268,120.6860555924773,77995,646.2666577823114,46330,383.8942402866036,10536.099608637483,102.37910833971628,124.41413219636073,87.0,87,1.0973183850457249,0.3657727950152415,0.8221128471815354,1236.9928958941507,35.17086374079106,57.013296194424974,55.78927353480725,0.0,0.1044405707107403,1.6210536504345092,0.6169053577070418,1.5601784552389166e-07,0.0002433739774415,5.653985002539166e-05,3.344650899397779e-05,1.975891516767037e-05,0.3562051432186502,0.2583661096027371,3.072641872823505,True
39582,443,19.080685442630152,4295,348.5829547710075,20876,1347.0428935397586,587910.3835853552,766.6326284344475,401.18756346151486,94.06684126899717,66,1.2006605523358276,0.4366220655615132,1.921752382165792,37.5827624332882,5.875177775282245,3.452935029145217,1.7644324262064932,0.0,0.9173452811409016,0.6445435673960224,1.6299017811890495,0.00033117853807,0.015727847431086,0.0174605630115885,0.0149800268933398,0.0226685624319863,0.6209293124245177,-0.6703900095964195,0.9051089739720666,False
63895,443,1.5821518320486967,9695,5646.456365426454,384299,218858.3765310812,473375.2955044041,688.0138266231685,948.9294601586744,1425.7052849222289,1514,-2.0756301023235846,-0.8217812807334662,0.7281642216765153,0.3457940005995538,0.5527348285606082,1.0059100833810917,1.2643203676917891,0.2174223561287754,-1.1825660993110831,1.2488270427552757,0.5776527471141669,0.0030741164378486,0.0525398462951326,0.0096741690314473,0.003256106918264,0.0001458543574379,0.2190577822682645,0.3521083793022207,6.192031316100304,False
59702,443,20.786651854216576,9312,441.70633177495097,197886,9399.292579509409,1440690.5341557052,1200.2851917877167,1010.9851651673004,105.0,66,2.26433450337328,0.7872705819030762,1.1876657632035614,17.306619298323472,4.140023172067478,1.2703892936663588,0.33556186232705,0.0,0.67381237398056,0.3044304097920437,3.30124605966301,7.375202861638897e-05,0.0085707853845464,0.0042855092325,0.0009158966874219,6.936073771121042e-05,1.175786791154969,0.4925388168427647,2.003685010293463,False
58867,443,49.50245661992034,11873,342.8735597565822,307549,7797.088443467071,2346752.500455768,1474.7901666910911,1141.0665624820076,247.28407154814937,66,1.954464793084642,0.7474278870495698,1.2703282800725364,136.49901306241117,8.979958048162544,2.39137946159833,0.3164203809446841,0.0,0.6774279457343599,0.2842048770406319,3.5402670150095363,7.735057628124985e-05,0.0087797352920556,0.0042789137872244,0.0008691874344785,1.4912077381718906e-05,1.1648056145973813,0.4864212445128124,2.050136806158672,False
49023,443,65.79195863901303,11971,4683.166870276407,340907,30722.63174930271,3145566.272591873,1718.7415180724165,1045.0506610807256,358.24343362720333,66,1.1899557081648713,0.5374896134361595,1.802964539006072,233.0309424810172,11.511119617835854,2.954610915807792,0.2630491999471955,0.0,-0.2152286775667967,1.2506282723840318,2.419520263844217,0.0001283862337613,0.0111790435015379,0.0077284586685207,0.0034909793847286,1.1793780209144324e-05,1.1427175800026566,0.6548044240217668,1.689729157558351,False
41879,443,11.383303536820527,10451,6458.77502517291,193551,44056.65939420247,1456565.0117446308,1206.7997975055164,708.2204899413375,89.38643619310331,66,1.543757403146461,0.5340970844295921,1.831302530851628,14.24278412896576,2.4840628184851097,1.077873685192336,0.4214580621534252,0.0,-0.4726784000211212,1.647850565558186,1.267684083567984,0.0001512189873472,0.0122348697536339,0.0093982488168423,0.0044262861648919,0.0004229243802727,1.234523417681826,0.7112715507902279,1.416270705594536,False
47119,443,89.82259855157774,1193,468.3204118655604,1536,665.5223977672231,801.8782742987214,16.710897090638852,67.95766560307109,65.64406330822843,56,0.1784978048316696,0.6584586932584441,0.2039148734444617,1119.3792191737732,32.04254255350759,59.06114930172841,69.16510050606743,0.0,-0.7983089882039056,1.803941901554606,0.5580797558808083,4.7912104638069664e-05,0.0066161654477441,0.0129170022689834,0.0158505413043333,5.593219608316256e-06,-1.4098519709121224,1.97652016978937,0.506703001343108,True
49611,443,1.1847880488728388,2044,1721.0153816868144,6653,5548.809621034561,459426.5985161487,673.0918821214257,350.4544119739468,82.74419305207971,62,1.2374931126668944,0.4493977854842706,2.0225903135109453,0.1756012351051503,0.4126996329400015,0.650722325420635,0.4950226013538851,0.3039044600752912,0.9973330331165624,0.6923680763086875,0.6756427421188732,0.0034771612099367,0.0559863540310463,0.0603282822092629,0.0612486708132401,2.9981646415018697e-05,-0.0883271166470929,1.0958249481344426,0.91472891686816,False
61312,443,0.4070629760671367,833,2203.4681814645464,14081,45360.07895446691,469701.4879054028,685.1896144508296,743.9021811396609,821.5034036467925,1336,-0.3505805703210172,-0.8746715802154517,1.0303856743772009,0.0309149824627645,0.1227923020004119,0.1576407466002305,0.123974704284012,0.0824279660067043,0.4082691185045803,0.226499178536953,0.7612052798309805,0.0003335091103369,0.0145647963602098,0.0211402934926576,0.0239425748586433,0.0007634836275385,-0.7398571273858461,1.504070617314172,0.6435186222434572,False
45519,443,103.02386017379168,16573,161.9754357497693,27395,267.76527586720323,30144.882779220028,173.5714415644909,122.88520014189274,92.45534899445131,59,0.5228924786206451,0.3675104250272488,1.4126027418472205,420.9568665272556,20.516566012833437,28.087968853487247,24.98027824943,0.0,0.4467163128672091,1.371670168554475,0.7848097729437017,0.0002421750563437,0.0137221550437334,0.013117374228243,0.0109456804330588,0.0075385031369517,0.7596216547293996,0.6362764916831978,1.0648629359510855,True
443,34196,120.81697,496,4.1053835400771925,448,3.7080883587794,9.0,3.0,59.0,59.0,56,0.0,1.0,0.0508474576271186,1254.596501786059,35.42028376207705,60.4086029375,60.408491,0.0,9.4807964344e-06,1.705480490875594,0.5863450243787894,1.87900234375e-07,0.0004334746063785,15.088959625,15.0889415,15.088148,0.1254398739854217,1.8723703489340768,2.87279320212e-05,True
52191,443,5.354594260731228,4215,6538.703917310188,82514,116017.24486028636,2790952.8672488416,1650.3140196582358,1043.7805950639056,104.2502428981646,66,1.755174816050927,0.6090105894075636,1.57754750903293,4.0903267609025695,1.075710626736682,0.402410011352332,0.1590294852728539,0.0,0.8375652479753823,1.2418982820889606,1.320155889538214,9.450833749257078e-05,0.0096944177910703,0.0068592698351332,0.0003022011196802,8.001943185316763e-06,1.9931663445867145,0.6979434837112592,1.4823425175709972,False
46303,443,1.0510887452330906,1715,1696.0441402881938,5994,10129.344094884094,516734.88518185465,718.6827281935491,372.1828929385756,179.1361506288747,256,0.7948896419618735,0.1514814438645604,2.1629312466747184,0.1842018332706647,0.4091328604860467,0.5059660166948293,0.3068647187865438,0.0123435350961384,1.3279456680530777,1.0835198184808024,0.8027523630230617,0.0016995726188743,0.039632355031838,0.0455924021268454,0.0480645470126216,0.0001270849436543,-0.250586225683199,1.1881497595494437,0.8469083180118845,False
47757,443,107.5958325772368,15904,147.81494337627262,25486,236.88155529858804,33224.645794779135,182.2615082266012,124.37438727993928,87.0,56,0.615130201375724,0.3751570531553004,1.4653671334159843,390.3600624943685,19.75587142434781,31.10373995244705,30.935330017926788,0.0,0.0266413907660668,1.5743412186057342,0.6351924502531057,0.0001745850849696,0.0131081868536117,0.0090610881025752,0.0058829362112604,8e-06,0.7455639957976201,0.7015048242778478,1.4412817098777952,True
46280,443,78.88113126011955,1932,1084.8638967123625,2610,1544.0861969074986,1745.439798689189,25.9984403471109,75.36564390128973,70.50930229185043,57,0.2488344211383564,0.6603561638597145,0.267486410355525,981.0206018919556,28.13197503517544,51.829436233267984,60.67054349734644,0.0,-0.5985908571260048,1.7508358239124644,0.5790377876367776,6.386189916645684e-05,0.0074426323090384,0.0141319587995809,0.0170088076177133,6.385235256812862e-06,-1.3045686676751365,1.943454100596553,0.516359258563111,True
52569,443,72.48109432026702,13155,3334.8608896962687,387363,60305.59333184463,3974726.537878447,1988.3130099183268,1286.87127673396,396.43868093419474,66,1.3563589317706364,0.6104753068685663,1.561321110607346,256.65359944542394,12.68282058635675,3.2341357113725326,0.2470015385906851,0.0,0.7772827271693613,0.7429960822381152,2.71952211150852,9.550947761160928e-05,0.0097692299761385,0.0057120720539608,0.0005009223481623,1.2858902964341454e-05,1.585693084865571,0.5794187933749132,1.821554097060348,False
43277,443,39.72170395987415,4578,3291.468287985063,6451,4688.459278196116,5122.439238839498,59.23848624421204,101.87874126596932,87.92195520232445,62,0.5005686300371227,0.6671471965508058,0.4950084521183422,485.8361745675168,14.136083957899247,25.947190770477807,30.26858928317194,0.0,0.1161987982423869,1.5607695803975623,0.6540464221317897,0.0001209460911354,0.0104005508503828,0.0184802788800178,0.0211542338466557,9.219853172471423e-06,-0.9277605349800764,1.825110893221447,0.5509189289004146,True
35574,12318,1.3033109605061166,119389,63136.03119816049,6090,4436.2841274603325,508897.60864106537,712.9591169459228,441.4120668354918,336.91933877964766,336,0.3972317958431217,0.1324105986143738,2.0411263603282075,0.2248113391353114,0.4732800328578641,0.6369307516660805,0.4608873593028355,0.1599585983533223,1.1577218613954845,1.0331489098378368,0.764638193744185,0.0015833347964182,0.036880524829168,0.0406921683839719,0.0425286582724574,1.5374197981739844e-05,-0.0679024926964096,0.9425665523218788,2.273182892137584,False
63919,443,1.2246716180221455,2445,1998.6712715937977,11697,9850.079821841726,303254.1233421182,550.5399494555326,458.92980935357446,130.6338658314587,67,1.7941949058973328,0.7142862091022508,1.2022029982710225,0.0892174219092047,0.2979000208582709,0.844119935500678,0.8625759379708036,1.0256101080812592,-0.1827163684783673,-0.6042994507406066,0.3562741118874717,0.007105280775501,0.0839847815921125,0.0847537148329509,0.0821356929131132,7.361487611545997e-05,0.0859123041961644,1.012837678994958,0.9880367037491332,False
47757,443,107.69001307614673,15925,147.87763997650845,25461,236.44349244030184,33383.42984123572,182.7031508404347,124.50661103786295,87.0,56,0.6158353640329443,0.3749682916631293,1.4673844417313031,388.4077285375631,19.707139361461486,31.008054989304878,30.73401918855056,0.0,0.042309873538064,1.5734073383798466,0.6355667290370027,0.000181742741999,0.0134242953290426,0.0091273964491639,0.005957499400646,8e-06,0.7182490904453455,0.6852021856881947,1.4678158715023084,True
6534,41845,0.1815842699721498,542,8604.903479409153,910,10834.75922766402,33668.28780805407,87.57674593669122,111.7293765893602,83.83046544450012,66,0.3632328491259157,0.7978413294967777,0.4604687502600906,0.0204216729751905,0.0625443938229685,0.0685941264487731,0.0432297297641556,0.0,1.3190859379173243,0.5677254104730188,1.9768851527810123,0.0001727502785565,0.005142260324175,0.008079395738075,0.0120744984496129,1.860141043729036e-05,-0.3535887386881498,1.0861021465207492,0.7327996243175424,False
47758,443,107.02837476181848,13918,130.11740239878472,25077,234.34803789887485,34256.096975023975,184.94479035108176,128.5475335066742,87.0,59,0.6718008442979595,0.3733076211130988,1.438716490023164,425.943579554069,20.637504824564896,30.974810917539696,31.31139101855073,0.0,-0.0499622847590806,1.501563003481245,0.6674507451617309,8.387988143677286e-05,0.0091557319902336,0.0105055055203522,0.0108329120673711,0.0088262208637843,-0.082335265045916,0.1984869758620497,0.9003679379421151,True
50270,443,112.33799294125872,32835,285.51490190076987,57353,497.4364832919732,17647.494647112762,130.22240314246304,124.303781383212,93.04188116634532,79,0.7850733676255524,0.3400005148670585,1.0485774402389172,813.3282849851465,28.04574244480127,48.65627476561279,45.08600002863715,0.0,0.5572363530083091,1.635432893877568,0.7118712922502834,0.2895880445494806,0.446802101635082,0.1268236015092525,0.0098838546426618,0.0083501386498157,0.516090507596325,0.1746789375199244,2.796651294064755,True
59880,443,33.97099854145334,10109,383.8213175661247,241217,8426.772229083239,1863415.2799285252,1328.4440482522905,1074.100326185709,171.26283213747047,66,2.125804463387245,0.7706330526640224,1.2232879894853066,72.29000000545881,6.340679012346538,1.7578703952535446,0.3131145128808669,0.0,0.6707374104925482,0.2918009656477655,3.4391215327338163,7.406725613895486e-05,0.0085973246621407,0.004231600980697,0.0008979390570762,1.4424761744470964e-05,1.1631005630094164,0.4909660911022085,2.0306941824637605,False
47746,443,97.93263721017452,640,6.535106175956293,733,7.484738792149941,95.15082644628096,9.754528509686205,62.40909090909091,62.0,56,0.1258156892005639,0.6570374880473933,0.1562998013205364,1220.9360789785524,34.94189100536256,64.44674831730076,75.52751523879157,0.0,-0.9513606320339684,1.84439805828016,0.5421823378898312,3.6039354767477485e-05,0.0060032774855298,0.0120170930797325,0.0149957071147712,0.0108953604193895,-1.4884940142329155,0.1875525604790602,0.4995615078546614,True
443,55268,120.6858446569582,78249,648.3751700268292,46247,383.2069732283516,9012.279802045276,94.87594846023109,122.4670326788968,87.0,87,1.1220613755116904,0.3740204585038968,0.7745781784652269,1213.0426319898563,34.826786104792404,56.941155554699804,55.79623201138786,0.0,0.0986884873023603,1.6351884340121563,0.611636575526235,5.11490374731419e-08,0.000190938650804,5.702661938195114e-05,3.250697434222819e-05,2.05069743422282e-05,0.3862112434679191,0.2353015112908046,2.983854692723159,True
443,55268,120.66310488939224,78783,652.9233339289733,46746,387.4096991814761,11694.720796490035,107.48678998368906,126.13473959077515,87.0,87,1.0959953810959688,0.3653317936986562,0.8502577054608383,1223.0239193592292,34.97145341971973,57.1960486677005,55.79675332064172,0.0,0.1199018517889935,1.6354878403049773,0.6114430554807696,2.754601732767905e-06,0.0013978553951533,0.0001464369259297,3.597219506613776e-05,2.1183789928774725e-05,0.2467404171599141,0.0993123423705447,8.771060279101535,True
47756,443,106.492626936602,15243,143.17424334939753,25646,240.84620801495944,31813.098910702203,178.2935656103473,123.94644250451071,87.0,56,0.6206098206466029,0.3766945242525482,1.4384675146432653,418.6015964820628,20.45932578916313,32.06546154627084,33.10468298942681,0.0,-0.1528799849806591,1.567597039459491,0.6385923708283188,8.001129284530674e-05,0.0089435086167816,0.0087002500808802,0.0062272614761642,0.0019968540134627,0.8416811075588237,0.7568654222977013,1.0445281312687968,True
443,55268,120.68957324389014,77879,645.2889403914529,46205,382.8419200686665,9579.085035095335,97.86158949226213,123.09922199409264,87.0,87,1.10675613726984,0.36891871242328,0.7949556195180008,1236.482691619496,35.1632595485989,56.8778176666772,55.78520996013744,0.0,0.09323012907403,1.6175769007466234,0.6182262916474398,9.535707246406445e-09,8.099461803897127e-05,4.250521153777676e-05,3.205348529674737e-05,2.005348529674737e-05,0.3875861071630926,0.2982268238672023,1.8065074435529545,True
47756,443,106.336606,15629,146.97666765854837,25812,242.73861063423448,31101.64693988306,176.35659029331185,122.60650887573964,87.0,56,0.605701927268833,0.3776808610608845,1.438395007821708,416.4634579372212,20.407436339168648,32.38308174852071,33.626927,0.0,-0.1828517650340926,1.586827527491379,0.6301882105491977,7.88846791906e-05,0.0088817047457506,0.0081745220588235,0.004886,8e-06,1.1107739402382903,0.9194768676284466,1.0865105851862993,True
46106,443,111.07590974090556,14599,134.34024800269867,23978,219.40832310611145,37699.65144720088,192.5311393137732,129.6000787614678,84.68619268210466,56,0.6782363233885307,0.3803274022830654,1.4821127785062755,434.5343216442832,20.66747155678908,29.049086418755515,27.56890869702387,0.0,0.1741782282850295,1.4491019466577215,0.7760415555541722,0.0018419255509627,0.0263702730817445,0.0135554854669073,0.0071296650610429,8.852455327645653e-06,0.698545994529137,0.6331742930667604,1.631499106565581,True
47754,443,120.8319781275034,504,4.171081263506034,496,4.104873624402764,8.96885813148789,2.994805190907731,58.8235294117647,56.0,56,2.828427124746187,0.9428090415820624,0.0509116882454314,1382.957799512203,37.18814057303823,56.869762230274375,60.41600721311736,0.0,-0.2860787020548638,1.5292445750551178,0.6539176377173739,3.873434525338058e-05,0.0032336890202958,0.0162060785775057,0.0149901648448124,0.0149840746828253,0.6018333850243883,0.25659362235489,0.165767765378743,True
45794,443,72.43032423976719,2316,1439.0481135684004,3227,2049.390985064315,2289.9441619065856,31.43318841167252,79.85117022761115,73.30747105798662,58,0.3563963282681482,0.678017909361974,0.3049734455746827,899.3546234045064,25.85295652386202,46.440939958091285,55.779476266239975,0.0,-0.5896365919932238,1.686679755470228,0.6012304709590435,4.652895121248703e-05,0.0035340367509374,0.0170212845139833,0.0176679651673409,0.0109953038672996,0.1065740328449798,1.4271953745484145,0.156200864953301,True
63914,443,1.7655262174483182,11721,6640.086193595246,419525,238036.77215014247,483069.6979358253,694.9161365439649,919.9520167300929,1514.0,1514,-2.562523914679127,-0.8541746382263755,0.756484912317154,0.2398486007728881,0.489427494847541,0.8924763570235201,0.7006435114116072,0.1902396906469191,1.1690564047488547,1.4316781959595746,0.5489422848619498,0.0020158273263179,0.0448919565011652,0.0109752564893147,0.00030875572468,2.3080162528992946e-05,0.7123346418176797,0.243838406296335,4.09826893673592,False
443,47751,115.04248142399486,556,4.9603099759831855,482,4.278314475006902,31.48452410471514,4.745567681136192,59.94224807438594,59.76104652161941,56,0.0550155709216846,0.9186999483481396,0.0779171554282514,1209.055609589027,34.752604949399384,62.22085014242676,64.2420468709685,0.0,-0.1849335032150632,1.7954825531053429,0.5607315070026708,12.834948848789232,1.804478965122376,13.813059775693272,15.088993944379569,11.261110344513856,-1.4276165110716017,1.7486831741394977,0.1793821029167895,True
50275,443,9.22329199384088,5060,6049.75265605593,89258,39567.0718936468,1466227.2532085034,1210.8457660614106,754.9701441685918,90.03244058219218,66,1.6515787007829466,0.5704568585242934,1.765871137980319,7.276186880941937,1.832531072012317,0.6191370280299419,0.2352216900925248,0.0,-0.4894815352159241,1.5489318686615394,1.7103762379666372,0.0001296464415906,0.0111279386881353,0.0085004654184164,0.0043322774229451,9.010813527397396e-06,1.1298757926617895,0.7194500741849195,1.5131481713227055,False
40265,443,0.8944263955743601,2058,3009.724227788736,5231,7813.525121506167,652002.5604267187,801.3404927514484,372.9816211190904,68.9931206742861,66,1.1185197536530191,0.3760592191556967,2.1974850517046027,0.1400223538328239,0.3417864835400409,0.4515692434557294,0.311152054809332,0.0,0.8821666067572309,1.4392505984224062,0.716966474658767,0.0015603691048854,0.0389467523797734,0.0566396324718537,0.062700812370152,1.387757974714271e-05,-0.5517341737735127,1.5440959685261788,0.7200163837889046,False
34722,443,120.17395152250488,15838,131.74071589128167,42306,351.5199422121881,45392.87224259527,213.009699212213,163.08820993311693,87.0,56,1.0701370926780427,0.5010916489664092,1.3070972284588869,454.4370633536144,21.317273282889307,27.50251128757327,26.38026115294761,0.0,0.1578218372891719,1.2903012199507178,0.7754033321839653,0.0185140804327444,0.1337412623821199,0.0646412569837864,0.0150432206567598,0.0149936882949415,1.038845386513916,0.3466425843368063,2.027573002878774,True
55268,443,120.892863,39956,330.50751722208776,70650,584.4017442121459,12444.750192241943,111.55604059055676,124.6967305524239,87.0,87,1.013752290405732,0.337917430135244,0.8946188091407684,1006.3546997546684,31.72309410752155,64.03870579932357,65.290486,0.0,-0.1183787618351805,2.018677799279988,0.4953737542250056,0.435591335439947,0.6599934359067119,0.1785312780487804,0.002307,1.1e-05,0.801027412371216,0.2704879599348224,3.6967944391591736,True
46602,443,0.8861579632303116,1939,2206.5321746198574,7199,15792.38239183999,281150.8777008037,522.5260975152656,405.3896867724113,302.298924446854,424,0.7158897815384914,0.0745631800056422,1.5019335786206458,0.1033422211763188,0.2957100039586443,0.3516237375955551,0.239180371088259,0.0232353859815525,0.9672049302844776,0.909223838955144,0.8245184727361458,0.0008917605671848,0.0280963003909537,0.0443742201623931,0.0650799017435476,0.0002312564940747,-1.9729115579463004,1.5685340660259823,0.6292963294379591,False
39187,443,20.8138197343379,4530,226.88048527581415,22454,1097.722812477884,593994.2699411649,770.7004609070033,410.3265084227689,96.78190867969832,66,1.2203971990346547,0.4467223117080039,1.8791260494912945,41.19792924867192,6.399061302820368,3.7320777551280258,1.9023153730025564,0.0,0.861956577006747,0.5874774004128521,1.7092088572311672,0.0001755316225,0.0129883388008584,0.014322605937003,0.0113685931144187,0.024859972163701,0.6969000983356559,-0.8447947873401973,0.9072738133779252,False
14142,38655,0.2841708421605582,706,8070.089533525557,2732,11461.118709268154,65426.07481573362,134.03720356603165,163.41769963277534,90.456572641119,63,0.5707393695855698,0.8328375036083201,0.446782802613509,0.0194842573031207,0.0714125734551062,0.1867769970215649,0.187836899273744,0.2232757016076116,1.0105072289701664,0.2284077422789739,1.7830120182881926,0.0015479450935359,0.0183201630146543,0.0184880082763056,0.0179116582223753,2.8359409319848477e-05,0.0204162989137466,1.0016470226939431,0.8021551814644292,False
63913,443,0.5985793865721973,5078,10827.13784267698,186274,376632.24056628137,474963.7405192618,689.1761139112143,930.780326267907,1490.0511446309968,1490,-2.434529076649329,-0.8115096922164431,0.7408220399043408,0.0861028368924727,0.1865001315927414,0.3857938482168085,0.4549637642814659,0.1789091373195638,-0.6033481457072083,0.567666311955804,0.4176092122112408,0.0007595917829394,0.0172832242990766,0.0056130132720849,0.0039344277209095,0.003932839557653,0.1057090459466293,0.0278059712970985,2.501622261249648,False
61972,1938,1.196359667301621,2393,2233.6890940572885,11312,9532.783742748334,292482.16987221554,533.0459923116316,444.17463190116814,121.7260552281926,54,1.767788967423014,0.735114543972379,1.1759270375976412,0.087256522337684,0.2910799353588724,0.8252373978098062,0.8432422403727746,1.0027832145019182,-0.1400586252812732,-0.5780580869674012,0.4084583611502115,0.006952172012217,0.0820915953700585,0.0827825853643777,0.0801940629430069,6.452652170971675e-05,0.0916943568223053,1.007397162787972,0.9842410756981724,False
47745,443,97.86678738824564,620,6.340581925535555,733,7.489774450612466,96.01304628920305,9.79843989170815,62.51511967653633,62.0,56,0.1574485173854317,0.6648482298048807,0.1567357324074424,1220.1604080778218,34.9307945523941,63.870439625248885,75.52489943005004,0.0,-1.0009325991016127,1.828485245446949,0.5469817500029405,2.3537763892638383e-05,0.0039362232660798,0.0130486270295476,0.0149911198379779,0.0149720802066679,-0.8518934856384288,0.1368468302752654,0.327168111286699,True
47756,443,120.831984,504,4.171081060789335,496,4.104873424903791,8.96885813148789,2.994805190907731,58.8235294117647,56.0,56,2.828427124746187,0.9428090415820624,0.0509116882454314,1383.0173382036453,37.18894107397582,56.87131576470588,60.415994,0.0,-0.2859461549262522,1.5292534318623947,0.6539138504872631,0.0001456488254375,0.0120685055179794,0.01955175,0.014992,0.014976,1.1334667726356764,0.3791480223614377,0.6172596068372105,True
63915,443,1.7374556972097253,12084,6971.970223834694,621099,363724.8907439738,447393.24609215057,667.0913531784246,991.1663006104076,1514.0,1514,-2.320144690811313,-0.7733815636037709,0.6881457737762274,0.207872162870901,0.4508906075502539,0.7982417560519501,0.6684925495402242,0.2162184185195041,0.7541728322810249,1.2405693304854577,0.5739328754320159,0.0018813426017173,0.0432824601657583,0.0099161479043082,0.0004547912590718,2.458957373717669e-05,0.6484803026031484,0.2265576665789838,4.495349777345794,False
47746,443,101.3077218937548,556,5.5377641185385045,630,6.2722140521041325,57.72244099250525,6.820011140004419,60.92800507560816,60.69664446653518,56,0.0711548309618158,0.8060381839555341,0.1104858360973199,1210.3928182602676,34.790331543508195,59.41126711626993,65.68455695713693,0.0,-0.5387772984952952,1.7069716253531664,0.5909625644950482,2.040687529356418e-05,0.0034595881558699,0.0133287521100552,0.0149913765112657,0.01498171185962,-0.3776472320860833,-0.049885250357296,0.2867458815071592,True
47751,443,105.74303445408422,448,4.23668568159476,496,4.690616290337055,9.0,3.0,59.0,59.0,56,0.0,1.0,0.0508474576271186,1197.6885438610757,34.60763707420961,52.87153129204703,52.8714918290206,0.0,3.42089484473724e-06,1.5277417287607622,0.6545608993816192,3.6377510318226353e-08,0.0001869185025351,0.0150590917042784,0.0149991529677259,0.0149398061899757,0.9786037910182344,0.6215192314907909,0.0124081222497724,True
17634,35974,0.3507691900099074,829,7643.97750941071,3358,11320.332153534488,82003.30135383339,163.1685910325659,183.91559142994257,92.73953842737608,62,0.6581352281101174,0.8257028101333196,0.5000171769617274,0.0244322688955803,0.0874503531077495,0.2333906001351031,0.2356876421087976,0.2801870680529175,0.926505120116036,0.1695281656557257,1.6826566970294456,0.0019425043933952,0.0229760762617824,0.0231821160001927,0.0224588584731974,3.0999948060579565e-05,0.0256202662983352,1.0020668369030303,0.8154491611629454,False
443,47751,120.81698438434124,496,4.105383051294636,448,3.70808791729838,9.0,3.0,59.0,59.0,56,0.0,1.0,0.0508474576271186,1254.6064954529377,35.420424834450195,60.40849211570937,60.40851793525917,0.0,-2.186835633412689e-06,1.7054705695386227,0.5863484353591378,2.920155368296343e-09,5.403108136903752e-05,15.088989180365814,15.089007411717052,15.08889081960043,-1.005429159146577,1.8188505735317255,3.5808283889483205e-06,True
47754,443,105.743034,448,4.236685699788035,496,4.6906163104796095,9.0,3.0,59.0,59.0,56,0.0,1.0,0.0508474576271186,1197.6904035493349,34.607663942389046,52.871539125,52.8715025,0.0,3.174874796e-06,1.5277407690104308,0.6545613105865686,4.90689375e-08,0.0002215150954224,0.01508225,0.0150155,0.014928,0.904001596903089,0.6963408056045013,0.0146871385517685,True
51542,443,4.520679071008988,5320,2858.763247938705,80698,24139.029681199165,1216253.3777588485,1102.2500784336269,730.9475982399936,81.8747742879153,66,1.7622898715176354,0.6015830711794357,1.51907362997308,4.884487350343257,1.0152128653439734,0.5730006485150589,0.3277970894260112,0.0,0.351324147983194,1.1696981525080992,1.0142865303928337,0.0001866384587869,0.0136125513532925,0.0166642209161448,0.0231012801993056,0.0016597796269209,-1.323485470943827,1.080420328905068,0.916513501394776,False
59361,443,17.9670305622375,7859,1420.3404513140904,166900,26482.876792026786,1662730.1474945515,1274.3903812675508,1020.3179630073938,104.87737307192796,66,2.1901053869672187,0.7611171075139384,1.2469332007473657,14.322384721451083,3.555332118245504,1.074301769545612,0.2855028274157107,0.0,0.6931451262051824,0.4527327634839011,3.018810327464857,7.501672188915273e-05,0.008643769307023,0.0046268762000822,0.0008214649035563,1.3018984575423643e-05,1.29761931026265,0.5281319240817122,1.9268331002452024,False
47756,443,106.3426664470293,15630,146.9807021394552,25810,242.7104216059444,31111.864578500245,176.3850096762839,122.61501737898804,87.0,56,0.6057473039761194,0.3776687143953038,1.4385248201536478,416.3378266582869,20.404300466146424,32.37692449030552,33.613972793641146,0.0,-0.1818435094932082,1.5867674329738706,0.6302122951184053,7.934526924674329e-05,0.008902046097655,0.0081787889529974,0.0048907980873411,8e-06,1.1090162458226331,0.9184278046190768,1.0882180393074123,True
47748,443,98.49936041863948,628,6.38649646155675,718,7.304452833677703,89.78006654415032,9.333441999271342,62.19656353689349,61.81297591246628,56,0.1179721677105098,0.6784182383327967,0.149725758534685,1221.4311026493317,34.94886778761946,63.75415632076474,74.11511387909604,0.0,-0.8888043654645378,1.824020005252629,0.5493755356469128,3.372487599955195e-05,0.0056323316656579,0.0121955358655746,0.0149827818052312,0.0009369410281805,-1.3293021440306614,1.9096622721740075,0.4689355260527554,True
443,55268,120.65046436104046,79129,655.8543384330262,46750,387.4907817986178,9714.825767990946,97.8440304919692,123.50389432532728,87.0,87,1.1233456056415771,0.374448535213859,0.7902922603007485,1214.7450272145925,34.852885862826405,56.87412001211816,55.7854245735955,0.0,0.0935744682538884,1.631814883558219,0.6128193189392468,5.31089411818624e-06,0.002123663874499,0.0001950154289663,3.352939933887546e-05,2.381449301967258e-05,0.2344896144860493,0.0870090244689276,10.307732424552556,True
43227,443,1.0937011254082392,2361,2161.9414074535816,5208,4695.827809857445,229633.0709528759,478.6284902717889,292.02307331618545,99.56989172723428,64,1.1962325323333016,0.4704875178891105,1.6673807986638756,0.130930172367632,0.3612738065444918,0.4753978548099956,0.3445400428274178,0.1022560906686417,1.0633884864013532,1.0028442343933524,0.7986301678420435,0.001744315339584,0.0389167137746154,0.0564995596441938,0.0801807722513052,2.634904753839649e-05,-2.1099300260053733,1.5168187716601564,0.6707933973255114,False
55238,443,6.180610935442454,4216,2439.498647490772,65074,20916.14754152466,1253728.8066167491,1118.558038817445,784.5449831247164,85.39553398948814,66,1.8637125356943869,0.6381450230437011,1.456188710094814,4.503567946728317,1.2603110804536426,0.5296815595564868,0.2704620732866749,0.0,0.3798451436139731,1.0240819950080784,1.477323407333497,0.0001635682980325,0.0125389412136766,0.0145597723856925,0.0197400199590896,0.0012897424733507,-0.97571978713,0.9964354536467684,1.105279599373469,False
44666,443,57.73805475533984,3319,2268.870722629427,4671,3231.7502171321785,3559.401224057216,43.9130182806781,89.7742760366749,79.8550574441864,60,0.4371900907788659,0.6771480983141848,0.3903362711043981,713.585098814105,20.596337022624425,36.96254507979553,44.348739467134905,0.0,-0.2989772459624846,1.622154497920818,0.627340879034777,7.347012552090396e-05,0.0055519935248565,0.0182037961263178,0.0192281940953919,0.0087261845108542,-0.0307650062268582,1.4854240476442797,0.2447512209529584,True
41401,443,120.43639247417818,10760,95.58114261256269,19825,172.2050480628748,49514.42626027147,219.18995071447364,143.7099457553095,78.09404932549715,56,0.8538774485449121,0.3961691561062257,1.5179465021730396,571.8817163561722,23.551535660998603,23.758557502366312,19.16288609347352,0.0,0.5022810249391982,1.097787025644004,1.175123842454274,0.0065501198111334,0.0622937146850876,0.0259698894316095,0.0102427180224724,1.128113972218526e-05,0.7253855521735397,0.5344670186169073,2.0172372484639105,True
41847,443,1.3549529912615543,3078,10154.55147056861,31996,62102.18949294646,1482633.9483889,1217.620715071689,562.0139483213426,79.16531762266555,66,1.1905573301919825,0.4076869946763849,2.1936989107810985,1.4606418307221058,0.3061028896578014,0.242818648959784,0.2001513492661747,0.0,-1.3207999501620342,2.461458344916094,0.4811792259226252,0.0001740269234558,0.0131821224015644,0.0117026384001385,0.0068021283925981,4.7771472743020925e-05,1.1176822530089183,0.8806347968273562,1.141987159497687,False
36408,443,8.616117880459639,3238,3308.57059882805,12810,9042.446415606186,756849.2985091824,866.4936069226823,454.83305698014266,83.16560889113958,66,1.282388832744157,0.4486608536216548,1.9033196367793377,16.54589889239158,2.653903433168582,1.651342600279579,0.921555381784549,0.0,0.26082869493533,1.3040426238500744,1.021239840425819,0.0006213760417799,0.0233823980087625,0.046457930441014,0.0525810718313156,0.0099841824735598,-0.4414289665073775,1.0006593761403713,0.6309896006766078,False
443,55268,120.68069981426903,78631,651.5652896738904,46353,384.1017705694348,9054.286957396092,94.8079924677571,122.65061403387423,87.0,87,1.1299894053681048,0.3766631351227015,0.7720838690195533,1193.1977016352987,34.54207432376589,57.07038446231031,55.80794097160485,0.0,0.1095684087691033,1.6522312614538726,0.6052485832029874,1.6780301592543338e-07,0.0003750470065984,7.724872289541012e-05,3.366592562611875e-05,2.07336297495525e-05,0.367694589461452,0.1592500535655407,4.694247409219756,True
47745,443,97.8762476522712,625,6.39571687547406,733,7.489050234433106,95.77132392411916,9.786129385050735,62.48539463060492,62.0,56,0.1485802895130316,0.662658497121067,0.1566135196165799,1220.1585860296866,34.93076847159595,64.02873407272297,75.52563200127722,0.0,-0.9874013174941788,1.8330182590077733,0.5456151070510539,2.7050358145937312e-05,0.0045163683887755,0.0127605049104823,0.0149937495558711,0.0149807485360197,-1.030340980249643,-0.0407263539203094,0.3755080334678712,True
58727,443,16.850588768989283,7537,1873.413493656465,159430,34408.38048170932,1762599.4325648304,1307.666811842599,1022.3948546071848,104.82186005929036,66,2.151605714507088,0.7476527720136558,1.276198889183134,13.41665193002123,3.335838199832111,1.0148265007352222,0.2743075181570861,0.0,0.7059290686470556,0.5225890026512594,2.868446927289636,7.674210259731822e-05,0.0087367717888245,0.0048244857255991,0.0007755001290924,1.257488047432285e-05,1.3591885233572285,0.5431634943204017,1.8874871839337384,False
47759,443,107.6281329817534,14070,130.71349982468217,24929,231.61716443384563,35244.66725695772,187.69651318221548,129.33307738931336,87.0,59,0.6755991145663302,0.3721394979247233,1.45172781128509,413.2400579683628,20.32048776521045,30.37348925381127,30.038918641609783,0.0,0.0496150908480459,1.4965069382208498,0.6694419843753259,0.0001300018374254,0.0111920401897374,0.0109068130630298,0.0112463830161455,0.008726004336964,-0.2450022367036796,0.1015018373714654,1.0736726193235795,True
443,36405,120.81697586930052,496,4.105383340637308,448,3.708088178640149,9.0,3.0,59.0,59.0,56,0.0,1.0,0.0508474576271186,1254.598098384099,35.4203062999389,60.40858782608909,60.40849091848194,0.0,8.207805045212472e-06,1.7054789790558138,0.5863455441459932,1.577073729973015e-07,0.0003712882991328,15.088961071945617,15.088946146529585,15.088268157624688,0.0908927738203064,1.828663023337439,2.460661989748645e-05,True
47748,443,105.74303496819532,448,4.236685660996457,496,4.690616267531791,9.0,3.0,59.0,59.0,56,0.0,1.0,0.0508474576271186,1197.6864383346272,34.607606654238886,52.87152242363076,52.871479747410014,0.0,3.6994370771757503e-06,1.527742815383585,0.6545604338181614,2.2008362445169624e-08,0.0001477484744538,0.0150328720387557,0.0149806449685334,0.0149531730782813,1.0630678897788908,0.5368067521820197,0.0098278354325799,True
47756,443,106.92992794617189,15758,147.37164612331378,25658,239.9788853128329,32101.960811173565,179.13886749703204,123.4394972150397,87.0,56,0.6101443382243085,0.3764916941187516,1.451103724695446,404.1640690378592,20.100432206388085,31.780281920445987,32.358701258435346,0.0,-0.0841428518361245,1.5809442327591547,0.6325461064941424,0.0001239767635165,0.0108731371337165,0.0085922539428208,0.0053557360616167,8e-06,0.9386944440507524,0.8167728751065982,1.25367152186971,True
53893,443,118.54067977763911,37998,318.1366835142392,66994,560.4904251318928,13875.25797704152,116.68840432204745,124.58868818162055,88.66123055211743,85,0.9508764405356944,0.3384901795660695,0.9369501252823482,953.2815973959232,30.711996940132877,59.80926736856132,59.73521133282898,0.0,0.0673833277110507,1.9133036404262544,0.5549003014581989,0.3954473602674522,0.601375937781879,0.1643141212260108,0.0043902754029414,0.0023038673242669,0.7226832876515064,0.244145026199102,3.449297798172698,True
63824,443,0.6073441426770125,1271,2191.3027386112053,14179,37458.65581008156,409368.9802220256,636.8830236808143,690.2628702173873,663.0473502623088,1034,0.2345279989739666,-0.4606860606398897,0.9629835516060978,0.0334086442342635,0.149391721144902,0.3469266252116638,0.348700574547291,0.4027373211457978,0.1114112125736509,-0.1429644742025296,0.6224305675911129,0.0024279981562671,0.0348214491063364,0.0395399565204791,0.0405819462031902,0.0006047039488934,-0.5198794436150042,1.3759404819520136,0.7353762615953112,False
53830,443,0.7280889786862765,1273,1950.533719257152,10050,27798.6978377553,493146.11425445584,701.8848476773168,558.6121463291488,501.3041176510774,798,0.2203992583971681,-0.3631675082237887,1.5949229883569322,0.1073235166005597,0.2655238032529472,0.3312696205108439,0.215139457444029,0.0474931454168488,0.8666981139568404,0.653696230853001,0.7819151561685558,0.0010144475579359,0.0270601630692085,0.0333288782764747,0.0359665972916438,0.0004462594800886,-0.4959714176961938,1.3465942942105744,0.7449018030609258,False
59864,443,18.113739538868984,7863,748.2473513412274,164144,10918.83934022742,1411462.0891584351,1187.4858020760216,978.1068527418604,101.80954965421527,66,2.208192466277037,0.7660065981400993,1.2268611911139369,14.3996001515937,3.587788876626008,1.0956683675237486,0.3037606397318513,0.0,0.6185146613307752,0.4165166212901371,3.046042103847843,8.62366274676504e-05,0.0091056667461405,0.0058778897212831,0.003985300590229,0.0002216156021312,0.8137824857449947,0.5765434395800507,1.8659023572675733,False
63915,443,1.916406278048572,20416,10212.637980050416,796448,395443.5768962217,478605.1524384087,691.7887987365251,943.4812277315692,1514.0,1514,-2.4730288064309733,-0.824342935476991,0.73440265613822,0.3624151884042539,0.5893428026181301,1.0597298233201955,1.0121741594705072,0.1240002803339711,0.4388781004305014,1.557490260913092,0.5544716484273502,0.0012529724504909,0.0299652726065544,0.0076495138366923,0.0003421576008991,2.4164837761296944e-05,0.7909775603630228,0.2908692864713409,3.5502452723616784,False
63917,443,1.8019972719289936,11373,6318.024929259645,483934,270325.73937006,469424.4757976065,684.8072914932375,984.568369570725,1514.0,1514,-2.3145290961018268,-0.771509698700609,0.6976971397185718,0.3928402148188756,0.6236906246051185,1.1371860331352002,1.431048833775675,0.2416700088391954,-1.3932747708973934,1.4198768152283163,0.5509033581628748,0.0035037912981988,0.0590256824742281,0.0082858842107282,0.000321471512891,1.8496481912704865e-05,0.4057139041537841,0.1406441907965171,7.11148088584163,False
53400,443,12.56293905209078,6106,4372.399590853222,117305,30453.312023795435,1459045.6316021194,1207.8778324464308,832.6553981970075,94.4915546741776,66,1.837352253143852,0.6361189027129375,1.5920102774289615,9.971438453060378,2.4902333868033604,0.793879444778022,0.2575689532454441,0.0,-0.1455681257440513,1.1763817371229024,2.1991364820683046,0.0001122357683503,0.0103266539903518,0.0072164053505188,0.0033165903242151,1.0497184891392532e-05,1.139331307341186,0.6525606395540142,1.6622859531844227,False
50830,443,11.160520418536464,2718,1198.5013665208323,19180,24818.802220224912,531652.1746780591,727.7170275271944,597.8326482217344,490.5642781424799,752,0.3871119060444496,-0.2593321475764267,1.386679254005359,21.81836762388305,3.422847925873636,2.021838118947406,1.0506542412324933,0.0445429411568051,0.572871450942285,0.3471609839673737,1.2598046784336474,0.0001374853825507,0.0116680315038155,0.0155186507752222,0.0152998325134499,0.0135761668986175,-0.0192652433921191,0.2862112935103907,0.7664606674937431,False
34194,443,127.04234205695433,10963,88.9373156848086,29686,240.716609096944,55615.82324442059,234.7113575318032,164.76935397890122,78.42559087494077,56,1.10174801857788,0.4675993731112895,1.4240789686971504,602.8341237047375,24.330049216524092,22.101709239044855,17.240739842615056,0.0,0.5425533308274133,0.957282731931232,1.233386646492829,0.0167783043697191,0.1290891523881888,0.0569361436155778,0.0150292537511314,0.0082342066166177,0.9594153425572598,0.3776963365200227,2.317429585057763,True
62754,443,1.229551100206291,2427,1973.505418005278,11253,9135.930577243733,314584.6873757537,559.3908260860775,447.0424834336507,119.71915067905128,54,1.769363980961132,0.7081717831391602,1.2722150251828896,0.0969926876793944,0.3092119963431065,0.8349058929938389,0.8393878961874841,0.9749941028536208,-0.0904158721211103,-0.5046966389645435,0.3787974730919806,0.0068711871664279,0.0823503734776845,0.083358491343129,0.0809806488584337,6.306450323915115e-05,0.0796898593160868,1.0148192024642575,0.9853895697893492,False
41100,443,0.5693866270728075,2442,4600.707998294625,11284,18213.493708614093,976055.893122834,985.0827281453178,558.7269338315538,75.40315879153574,66,1.4578470294271255,0.4954059387376776,1.7945953170146474,0.0293181226450025,0.1682254365956255,0.2638157994353179,0.2612902069336065,0.0,0.0082144143661731,1.6120411311972132,0.6346420051988256,0.0006701471197112,0.0246865743704986,0.0505709459761096,0.0614018072743571,0.0006290390785778,-1.403927617305461,1.8653296394873085,0.5582379252128875,False
47197,443,108.05784079452012,12857,118.91879098562518,25330,233.79454473201565,36844.947229860365,191.89579784359185,134.0085439007558,87.0,61,0.7331649623228943,0.3758970911500109,1.433253397932879,433.5092309501446,20.820606101334267,29.883737706606286,29.55097379104375,0.0,0.0478239837503113,1.435458969540836,0.6970138223183183,0.0008822854678532,0.0147134287449663,0.0143989030139548,0.0149894253224323,0.0149863316680249,-0.831435888957355,-0.2770273628596503,0.8245781078222285,True
47754,443,112.57159404751464,473,4.206996078124623,496,4.425536204404701,8.985906632394782,2.99764906996034,58.92013758357043,57.64233892069733,56,1.2800151409706142,0.974118020555983,0.0508765254306462,1281.56079225821,35.77583044120551,54.68165281487755,56.28578999089326,0.0,-0.1294042503663923,1.5284253301705035,0.6542683001274925,6.594077645616509e-05,0.0055829143632814,0.0171049387313144,0.0150048649882121,0.0149497225772688,1.0078469096189158,0.5527940401229032,0.2873835344352632,True
63907,443,1.7006138708848897,11203,6426.037672621815,390996,223197.1779109848,483923.0043094331,695.6370712234964,911.1312256347225,1487.4065462638098,1514,-2.4831258986153117,-0.8668345469676974,0.7639321737327784,0.2308638503638138,0.4726408992650587,0.8613716304417167,0.674787474154566,0.184559652784418,1.14878261419444,1.3803919324820866,0.5569824418602035,0.0019362663187454,0.0434131092541183,0.0113075412765658,0.0011925829123138,6.128188825737762e-05,0.6461417703303284,0.3041587072507804,3.920108638897449,False
443,55268,120.68997040267472,77837,644.9393871575995,46201,382.81065561709534,9655.51672689275,98.2585572604159,123.1871345629892,87.0,87,1.1048688533378723,0.3682896177792908,0.7976254202222542,1239.2229877504085,35.202598510919934,56.87188617695933,55.783967732804975,0.0,0.0927139587805141,1.615559547218098,0.6189809101410431,6.257312683562904e-09,6.991504403324486e-05,4.0962034428081295e-05,3.201557014630188e-05,1.9997404975616357e-05,0.3874087325573249,0.3051394025694827,1.6827723039312537,True
47391,443,6.14080716628807,4095,7597.944810422698,63371,47979.04658162425,1472855.869721802,1213.585160427878,683.2668735263746,85.91669083584775,66,1.480110235246003,0.5098509766968693,1.926344222533056,4.788477271937114,1.2254736880945785,0.4578502695908227,0.2145952291507802,0.0,-0.8069126434134894,1.8927945906620036,1.259251909414412,0.0001457164439485,0.0118675222071082,0.0096856492441093,0.0052697537540569,7.63889694528258e-06,1.1211483792472667,0.7811888339332027,1.3754944187598424,False
63899,443,1.6173646322501265,9943,5738.818532749299,394441,223469.05248794792,473688.6485544483,688.2426890074577,952.8876824038148,1439.4154790733437,1514,-2.1178826708159555,-0.8156941948517876,0.7249690848641227,0.355142606246684,0.5658474446235697,1.0308030216614574,1.2964960095430704,0.2208171356675865,-1.222148356001079,1.2808018676237485,0.5727941825010937,0.0031556277851883,0.0536970194881766,0.0094693476927586,0.002796313252065,0.0001260014357541,0.2476289067393813,0.3190127494914134,6.345486971493806,False
62023,443,1.2270608906978473,2406,1959.459166230709,10997,8936.375755867748,322642.3754376369,565.7161198814038,441.6692006303964,117.66219995039997,55,1.7397755178417529,0.6937759488449793,1.3139590891426125,0.1013657531075393,0.3149691082687496,0.8246595925829645,0.8202305397064724,0.9376607719102932,-0.0299034051213862,-0.4381028334174095,0.395311247051688,0.0066823743965879,0.0808837189500973,0.0820772997340184,0.0798829408630042,6.122407363983155e-05,0.0703429211905606,1.0193256262244217,0.9814586530056288,False
47761,443,107.19509761554004,14224,132.69752088911343,26849,250.4768243617956,32947.23827067875,181.50316518435088,130.19305666444313,87.0,62,0.7139132749997225,0.3757250294421924,1.3940706906926068,420.4707052832551,20.50529222354381,30.62621293420877,29.47461407209101,0.0,0.1685605152956689,1.4936077842404811,0.6695554166585275,0.0001012375579613,0.0100605979702986,0.0121232001540192,0.0149850825951851,0.0149754542735185,-0.8535832666570909,-0.2835733116167607,0.8298654587070501,True
45127,443,103.5354099850938,25509,239.2194905080467,43671,407.953075794492,23000.88860274999,149.42926469906993,123.89945406604728,99.25870968774436,72,0.5497728692805031,0.342143916932854,1.2069940629057083,614.7126406711033,24.26191021265524,32.82843351121882,24.29647749604591,0.0,1.2524144274867126,1.241090835007214,0.9346376843973758,0.1393571151359826,0.2274376469355062,0.0736186890927678,0.0176801029878585,0.0169307435267956,0.2229030337560871,0.0760956905547107,1.870443806083031,True
4099,57920,3.7599697693161103,1274694,647888.2712866705,46175,22494.16995212525,504881.0438149759,710.2789360604446,837.7958540564304,1380.1743246088497,1377,-2.322455972230692,-0.7703548072887084,0.8996448330760243,4.160769023347344,1.076922415491058,1.4008539563703422,1.0464903796471794,0.4439004384092869,1.1273217475895403,1.219104676458033,0.5676047286518549,2.0505209816243265e-05,0.0033566468439321,0.0014487968338611,0.0010616808104017,0.0023771517640348,0.1984375750566885,-0.0359495335683461,16.32517928774189,False
63918,443,2.106455774997415,32229,15145.200066862844,1389155,660980.8911360692,457135.5287666288,675.5195671012369,1005.9297267180112,1514.0,1514,-2.247867329963536,-0.7492891099878454,0.6751415676200274,0.5128190511077588,0.7065381980845149,1.243006765132078,1.415782180545328,0.0464917928887365,-0.7199059400474597,1.6431720861475767,0.5727302657221918,0.0001720984147025,0.0092595300388707,0.0027321098068907,0.000450315528135,2.62738600303584e-05,0.8686711374193717,0.3464068249592623,2.988050873657531,False
47746,443,97.92538645832302,615,6.288861742726343,733,7.4852996558271485,96.22029152497778,9.808994537133024,62.5406050061637,62.0,56,0.1650518600702591,0.6667256384848063,0.1568405138522549,1221.78720717905,34.954067048041104,63.758981669567945,75.52427703708503,0.0,-1.0098200108353064,1.8240660710141887,0.5483100993178943,2.046845799471579e-05,0.0034340162431878,0.0132877437384557,0.014978906273957,0.0064295643762078,-0.6990667633757011,1.7105673254952118,0.285651613840557,True
47746,443,97.93986889356134,619,6.32657983498123,733,7.48419230086273,96.05261223956964,9.800454917894186,62.51998517456983,62.0,56,0.1589000995082418,0.6652066528024955,0.156755736618537,1221.9788956646628,34.956809273473645,63.87166828936575,75.5247858867083,0.0,-1.0001113578298295,1.827147311833221,0.5473806747827694,2.28982411900172e-05,0.0038358835736389,0.0130869384955983,0.0149795481210554,0.0054222698089333,-0.8228732099538987,1.7561486256357213,0.3191758429719348,True
41360,443,96.9736479672485,18150,188.0590644284805,30492,315.4783820407617,28590.56029960198,169.02121056936625,124.39918435424396,102.6038952854254,65,0.383224143930405,0.3483614611357701,1.3584639625290047,429.7799990727063,20.730925751809057,19.867574322233583,8.340979387247241,0.0,1.6653969462640883,0.9593012748325016,1.077554402081631,0.0005489980352471,0.0228878314593077,0.0228381017054369,0.0235628079916269,0.0235398047455557,-0.1547570884110258,-0.0505817677949945,0.9907694802172994,True
52702,443,115.92098112684944,31646,267.82013102734805,55334,467.7021874126311,18817.25974252252,133.6895243863787,123.98278772596976,87.0,76,0.8743772983447337,0.3514991552609728,1.0803527533320862,804.8695533793029,27.858081711735387,53.22630921952592,54.47537913347977,0.0,-0.140400367795576,1.871173634011339,0.5414214127430503,0.2868363045643051,0.4375976226454551,0.1203436775498884,0.0031878915197674,9.975310368630365e-06,0.9068254308572616,0.492158694797343,2.805217505793315,True
41427,443,15.569920393563166,6199,4650.536217699082,8817,6625.227515827944,7202.857125816458,79.73125203184406,118.2544818677917,98.64721904803226,64,0.6690754531292156,0.6746516624047143,0.635335255111139,180.409861213517,5.509366445895857,9.758699602717448,11.541497147650944,0.0,0.5352412095267335,1.436961207465881,0.7022800977269843,0.0001507937179928,0.0113437108949382,0.021597710770079,0.0237061913947828,0.0022136079475865,-0.424940396137649,1.6525455746089823,0.4988987039905152,True
47745,443,97.85584016596876,614,6.276780899414826,733,7.49061249862789,96.29276242109182,9.812685355931569,62.5495168861833,62.0,56,0.1677106476451426,0.667382143271987,0.156877154526639,1220.162516514318,34.93082473255542,63.68726455772229,75.5240517137457,0.0,-1.016590718901227,1.823239735712699,0.5485632010202766,1.9473062320292523e-05,0.0032648913038996,0.0133820359990841,0.0149880767827074,0.0149620493948504,-0.6453977279100295,0.342330854035863,0.2712301510419733,True
59846,443,1.2059918352662258,2442,2028.6012862477764,10391,8517.285912120842,287536.0997529421,535.3862198775815,423.4017876964108,118.3865718617272,56,1.6944146727081908,0.6798116456621383,1.2965519111930264,0.0980733717966675,0.3120885009835735,0.777243115316351,0.7664910679110207,0.8509725169385818,0.0592569142217421,-0.2931624030070784,0.4403099777988275,0.0061035565094818,0.0756769185336097,0.0797110603743724,0.0822292573713315,5.81926600736922e-05,-0.3394770865975722,1.10789128155797,0.928480344166715,False
22873,41487,1.6685973207006513,408245,214400.73693585716,12331,7647.612096996052,390402.998725463,622.4765758126883,824.8677079493696,1022.4870508157604,998,-0.7852864930145478,-0.217376186727961,0.8432758250505057,0.2154251585764483,0.4505964766760241,0.9082499441433858,0.9476613624746888,0.9184030601534792,-0.2507437503018479,-0.113378735216546,0.4913518322082614,0.0025556870492022,0.0336385814175591,0.0306235977569881,0.0292449995128329,3.431425917327659e-05,0.2606696535393916,0.4319091332024438,5.726875562825118,False
56003,443,12.05998509604037,6153,3817.530413934592,127378,68416.37562787617,2191134.2355127605,1450.454542917812,1031.3067070534523,104.58365611185089,66,1.9864052773591503,0.68987788801025,1.4017766983977689,9.530191513029804,2.393999244948624,0.7596206826300856,0.2262689280769653,0.0,0.7607844153271749,0.8223391176661138,2.2232440501555417,8.414563693986956e-05,0.0091358414345561,0.0056724196926682,0.0005782672606125,1.0669248894806977e-05,1.6233793662432807,0.6076633151181754,1.718655550849816,False
43197,443,0.6101890110851861,2465,4357.364107916042,12876,19466.924366451563,1011987.8873499857,1002.8951454274686,582.8329427880195,75.85479361975993,66,1.5014403498364737,0.5102114057940126,1.7537108551774767,0.0320090355050289,0.1757755686501305,0.2657034134725868,0.2602760609268291,0.0,0.0541450729379806,1.5573941176496506,0.6582731777855446,0.0005881041933736,0.0228429272852691,0.0449883066825483,0.0553906606194002,0.0008276454942894,-1.4696811368397285,1.7471170830945184,0.5937750565011735,False
37569,443,128.05907098659142,7634,64.01779184994065,16443,133.7652153490534,59135.74950426059,240.89946662525725,155.2002698135606,72.72575893417547,56,0.9969102246074716,0.4090698365420226,1.5471275778929343,683.7301182216838,25.900163835636995,19.450232575179413,12.317469067364552,0.0,0.7694704647560504,0.8116948682403701,1.500115198105712,0.0103842224148058,0.0915478519133284,0.0360795187149135,0.0127778225243742,1.3258930918987984e-05,0.7472422581969839,0.4540850723639372,2.3313618432580303,True
47744,443,97.84782128270312,595,6.08685079624845,733,7.491230438936156,97.11834996656412,9.854731117693362,62.65104091231573,62.0,56,0.1979995225670947,0.6748610376268515,0.1572945646326441,1220.7605600160423,34.93938020886217,63.15545351212777,75.52155173503851,0.0,-1.061817714468042,1.8075635297410837,0.5532879208034447,7.455000163869944e-06,0.0012816910610344,0.0143632185236919,0.0149754686626655,0.0118244429809388,-0.0359829232833815,1.466442529340276,0.1061022026188368,True
41521,443,18.309009571865715,3919,3448.744372969129,8291,8031.760087991376,315245.23205143923,539.4717635832391,253.3353854880426,95.33784568090748,65,0.8602938888600142,0.3509726203039569,2.0696071662629,71.92592488445774,3.6065452367111854,5.147989658584325,5.049614946488054,0.0,0.8263036437715405,1.1484276781386855,0.8802749282717498,8.564670341420075e-05,0.0092544578829818,0.0193293826391568,0.0232364645166898,0.0025842883342182,-1.2672531088307186,1.813638894683889,0.4989192172727718,True
24284,40076,1.653640155719556,394295,207098.59590177503,12308,7709.720471692237,387354.65191350016,619.9609480072301,812.1733135171307,991.5641128778378,965,-0.6958392147554806,-0.1847679376429783,0.8557330892664358,0.2111138463661247,0.4454202182815233,0.9062903354512594,0.9449895628369684,0.922395698294134,-0.2485500598205565,-0.1304832144483282,0.4865768791480624,0.0027144004164286,0.0353936377762569,0.032506792330343,0.031083780553184,3.5403564679357255e-05,0.2549603833057917,0.4517015524309362,5.564086342919365,False
34196,443,134.76939,4883,36.23226312740601,13467,99.92625179946276,67605.49517084652,260.01056742149257,165.3153153153153,68.0,56,1.1228233869152104,0.4204264326615183,1.572815966418838,782.1913686122493,27.96768436271136,15.657571684684685,6.291381,0.0,1.004679961688827,0.5598451227360299,1.7862082911661008,0.0137594207206093,0.1173005572050251,0.044979125,0.0150095,1.5e-05,0.7664829318999034,0.3833240529404215,2.6078888196474503,True
53702,443,22.78335326538552,13498,567.0890916883459,279720,11792.803335086955,1432607.572161885,1196.904830846487,984.1781797248308,105.0,66,2.2032306129244077,0.7669948503521644,1.2180589599675868,22.862889103924225,4.704039491511894,1.6359594813595917,0.4786580403683357,0.0,0.7241308961013748,0.3383751700357866,3.020388400861967,8.813930232601903e-05,0.0093191015830299,0.0048230495472793,0.00087576630698,0.0003821229090922,1.2558542644089057,0.4790436414538592,1.9468378209539683,False
47746,443,97.900532,640,6.537247417613624,733,7.487191182985603,95.15082644628096,9.754528509686205,62.40909090909091,62.0,56,0.1258156892005639,0.6570374880473933,0.1562998013205364,1220.1539088610184,34.93070152260069,64.4350734090909,75.5275125,0.0,-0.952666732192491,1.844654432932028,0.5421069562663438,3.606713189e-05,0.0060055917185569,0.0120209,0.0150005,0.015003,-1.4884128690233094,-0.4965539017222013,0.4995958471126924,True
34685,443,110.97550105075128,14849,453.9918852690071,39956,1102.5762822682282,72028.02940890228,245.83334422892528,173.4585793264149,87.8082344816444,56,1.0685936996388363,0.4935237061757507,1.3739740381859484,418.5255510845017,19.628178803884687,25.20272519125214,24.135683821769817,0.0,0.2287577538470734,1.2684510324895977,0.7899420648329903,0.0177112928992976,0.1283139869260326,0.0630516764136691,0.0158404390244213,0.0137911854444167,0.9196353394296568,0.5236380735984942,1.9465006829941136,True
63913,443,0.3977451809409225,4047,11588.07581857156,142579,397884.84474868514,474892.46092460543,689.124409018496,923.5390197570956,1486.0772802318932,1486,-2.4489301123363267,-0.8163100374454422,0.746336724327299,0.0330219308190175,0.1117180593129039,0.2562963109440375,0.2862829565072922,0.1688908927072768,-0.4649397548685431,0.4204718054532672,0.3962448950103097,0.0002884358560816,0.010196480346767,0.0051580146770608,0.0045383226474266,0.0045824339247598,0.0563695441552237,0.0093603887047927,1.7252836307378994,False
47747,443,104.70089659339207,473,4.542392111434356,527,5.06223462926614,20.44801410986821,3.8975646650657625,59.453011566330495,59.39865017837084,56,0.016718815647218,0.9544259778118612,0.0648603228347864,1200.671879099218,34.65053896472698,54.408125835555225,55.8820895986502,0.0,-0.1265903647870481,1.5698551646275871,0.6396172092158747,4.811035868748806e-06,0.0009240573684809,0.0146312244785137,0.0149822905512485,0.0149605112862467,0.7285493621777952,0.3949460664150843,0.0747714566489556,True
63914,443,1.767017,11702,6622.460338525322,408820,231361.66771457208,484964.4199239609,696.3938683848106,916.1699346405228,1514.0,1514,-2.575396305883888,-0.858465435294629,0.760114299819339,0.2415468206592329,0.4914741302034451,0.8974810130718954,0.702351,0.18886,1.1910902390190197,1.4418276965637289,0.5476150726812914,0.0020229696050929,0.0449774343987399,0.0110315041322314,0.000301,2.3e-05,0.715725848462269,0.2447561600476661,4.077180578424181,False
38653,443,18.69699980290048,4309,782.4369534717898,20794,2534.19944600525,624174.6864136669,788.4850299975434,419.06521732197314,94.47012286180404,66,1.233028985521527,0.4477397615614084,1.8807524290691289,36.92713365702998,5.748575359618197,3.369898547724742,1.732015308390076,0.0,0.748393545972297,0.7147690927114811,1.588606345637877,0.0002468463950564,0.0147092734162264,0.0199931844921783,0.0186680214199297,0.0222834936736427,0.4937218450250278,-0.5187664105625096,0.8568921720091819,False
63826,443,0.6190009435265306,1293,2187.665339114096,14132,36937.33173997798,407365.2467041992,635.2526345256636,685.8946806776438,652.9939536365737,1016,0.2639786993747951,-0.4384994282622639,0.9675006572922588,0.0344624638567387,0.1521959567303851,0.3563149703497308,0.3584039216558132,0.4144988323726093,0.1058572938293783,-0.1516757176854394,0.6174048188226553,0.0025163178150979,0.0357497848742607,0.0403937137196254,0.0413665925526469,0.000594675560717,-0.5084404682857946,1.3690841257536996,0.7401471693782374,False
57681,443,0.5628369810108418,1047,2080.734777176818,12125,36838.63007937873,481077.71073783626,693.2907754843318,653.9924212974495,666.1305529969258,1075,-0.0735194788958966,-0.6264703840846679,1.304320613046688,0.0679913042479598,0.1920510455300218,0.241892068431658,0.1682113037917725,0.0654762646776134,0.6307162723840104,0.4337914078158554,0.7712544981269212,0.0006639262984688,0.0206280227020654,0.0270546575967505,0.0297770870621409,0.0006095544270689,-0.6215145213759308,1.4276571264021627,0.6927135908161597,False
40958,443,1.078365,2351,2180.152360286173,4501,4173.911430730783,221724.9536,470.8767923777939,274.08,97.0,66,1.1281932101970646,0.4418990346694624,1.7180268256632878,0.1354175962578816,0.3679912991605665,0.43417328,0.286912,0.0,1.2005279500025223,1.1798465914558378,0.8475678170719454,0.0011489511340246,0.0338961817027329,0.0533294444444444,0.079901,2.2e-05,-2.3517299784901557,1.5726681226796213,0.6355997527415478,False
43446,443,45.83153459983615,6636,2421.183149943131,13312,5624.141762848992,229228.8311495946,431.93713345508655,216.1138300603839,92.76529057691882,64,0.8163822129480691,0.3569213144840237,1.8750217317561853,183.1975613439156,8.910854948644344,12.813069594382652,12.65335851450654,0.0,0.5845817841297434,1.2390073660592438,0.8226412106008419,8.617815335670548e-05,0.0092830564022629,0.0171092497595946,0.0206911784968034,0.0064107067958909,-1.1588023888400407,1.1599102607328962,0.5826638734151683,True
49465,443,1.1842900656443645,2040,1718.206462283469,6602,5508.903358581753,461037.9462768452,674.3567918467178,349.3798820162074,82.33285137131222,62,1.2315761171932922,0.4465189578137111,2.030938142747729,0.176475745154547,0.4138509196786068,0.6486733067572559,0.4911915814348381,0.2964386735180475,1.0094341007485397,0.7056852683643392,0.6789451078205808,0.0034394031046916,0.0556930576821938,0.0600720740743104,0.0610291550778642,2.9613603858542508e-05,-0.0901962840437785,1.0967261267081132,0.9139428261299376,False
443,47750,98.054251,733,7.475453562946496,584,5.955886604039227,97.6326530612245,9.880923694737476,62.71428571428572,62.0,56,0.2168680994873404,0.6795200450603324,0.1575545919434221,1075.0475002012224,32.787916984786065,67.55271019047619,75.520044,0.0,-0.7289881037475545,2.060292827440711,0.4853678985245008,50.59460288682484,7.112988323259418,10.059339222222222,15.088932,5e-06,-2.1212994662163496,1.414220544876796,0.707102938485862,True
18305,46014,1.45366010150186,452498,237908.5371529588,13462,19206.90310308872,445376.795327831,667.3205387082644,964.1173154037616,1348.4457059006431,1514,-1.7365041130097525,-0.8224082978006152,0.7014281222879248,0.205487085230919,0.4039523267213155,0.7027810351630434,0.7373722953900346,0.640311844169518,-0.1325118262025721,0.1379769218373768,0.6200266829193454,5.446140762964096e-05,0.0070694971207278,0.0053255677413451,0.0056482561722409,0.0002570114212581,0.0209776534971332,0.5230598179717982,6.14150579141908,False
38731,443,120.73157914635584,21131,174.96780559545047,48974,405.5807898928715,38582.287961972994,191.8654786188333,155.7881148863075,87.0,62,1.0691989353056637,0.4701173925610926,1.2140832323162445,573.9782317894524,23.574489392128257,35.290745075069985,34.653451041647926,0.0,0.1020041708306322,1.4423177675492012,0.7177102855054994,0.1089102524131196,0.2510173634400718,0.0908357956462944,0.0123024966802545,0.0117676845986775,1.049816690848213,0.3509791715687593,2.427005208115388,True
59909,443,18.22894368762052,7898,731.9197668180968,165100,10822.323881506356,1412984.869072144,1188.1512406676472,979.9755270150594,101.96801293447407,66,2.211518125329548,0.7672409922714741,1.2246472300910156,14.495137877203389,3.610258683761845,1.101132485994553,0.3040821089064031,0.0,0.6208188113600983,0.4106510973344174,3.0611867409391302,8.5490056339907e-05,0.0090725214180704,0.0057940735708708,0.0038332022517272,0.0002113037508936,0.8310585994019197,0.5724897413709965,1.87324551933817,False
41028,443,12.727231863462196,3435,794.7289886400331,15094,2261.019132403608,565607.6170152687,751.7204632860972,367.6853340891533,84.1137436696161,66,1.1283084736715263,0.3995958262579985,2.078015187185205,24.33001297677807,3.954686276712621,2.4296327034225924,1.2589707859752155,0.0,1.1203933439542362,0.8537409992415157,1.3391719580334298,0.0009017606663828,0.0257705434847948,0.0289639212350046,0.0282190915050069,0.0146351283986278,0.342429911674841,-0.0310439042877808,0.897172943430588,False
40666,443,120.75044354411304,23332,193.16034577146507,51509,426.4963963431122,35525.13811255475,182.47216894529032,152.1515435393074,87.0,65,1.0627136763038432,0.4546547618120203,1.1767174091920625,624.5506944895399,24.52758244542582,38.653220323255454,38.23687988772747,0.0,0.076227310923274,1.509731117641305,0.6917049249733573,0.147120164631394,0.2988528232822374,0.1010930062980145,0.0111333838341972,0.0103925762442813,1.0207173123247455,0.341564600934981,2.57552478140794,True
49871,443,1.1385926694103514,2394,2108.6347365283764,7280,6223.569105347926,252781.5252508418,501.3190772248931,344.545613649217,107.09241808136956,61,1.3953956287638942,0.5541710506097679,1.5191309448673729,0.1177946911647302,0.3416105208493728,0.5960694563252689,0.5132274884160408,0.4015777036276213,0.661957088261472,0.4847271162143799,0.6553810370945969,0.0034870513775143,0.0536126966529148,0.065779045967699,0.0809997149761275,3.907947675308697e-05,-1.4021389172519392,1.353337870712855,0.773811402354795,False
43031,443,99.94812500161149,22524,220.35288795283407,38096,371.4862244640279,25182.53799399744,157.25656793323995,123.73468000819408,101.79223146320008,69,0.453881703184995,0.3430174098703796,1.2715530195729174,533.771521242807,22.719898667409023,26.37817027194269,15.82419812460293,0.0,1.5357178487485343,1.080386033565907,1.0254208712589237,0.0781340446095985,0.1380408394106821,0.0519362824276335,0.0208572800454897,0.0204275665817634,0.1034213966627833,0.0359204143633558,1.492989798575072,True
56910,443,0.5959175072329994,1092,2054.670828956818,11710,35028.995583141674,483493.59160225536,695.0111566871874,634.898977759402,633.1352168239116,1019,-0.0146821478319583,-0.5737618068099006,1.3624940671162291,0.0758649172778074,0.2067589917131667,0.2597838730501706,0.1776054898790108,0.0618763623670204,0.6779556619703034,0.4778124627331275,0.7733885732537127,0.0007340944530348,0.0219156234032551,0.0283106455705048,0.0310161175024962,0.0005768656677709,-0.5963830131841483,1.4114297815973935,0.7031607475703026,False
37982,443,45.8614426317123,7371,2610.9213962712,19375,6104.681050136987,248178.37584920728,459.9054243679239,234.72704894680743,93.22714034757928,62,0.962519079990764,0.4072183553346014,1.8581960366652757,171.80731163241848,8.162347727633998,10.459987832680898,9.98737687768778,0.0,0.6731080924897181,1.1631900963508153,0.8651499319890669,0.0073200815385071,0.0581128369419882,0.0381213362664848,0.0211702038888615,0.0057267697347325,-0.410930747282297,1.5331541204033092,1.061195746007602,True
50667,443,0.7555938380682101,2546,3490.1751645655886,18549,23933.694442503584,1140036.4200575096,1066.3721092312212,668.7379737416705,77.46425555800164,66,1.656791057035683,0.5629726948176182,1.6080135327385645,0.0415984682871879,0.2026814877932673,0.2724301819971061,0.2566620141445073,0.0,0.217825201550659,1.3626520764098131,0.7424860649623186,0.0002957331028591,0.0162728409549159,0.0250938147248567,0.0339691245868877,0.0015354063816312,-1.704002717865596,1.3258506123829057,0.7204164415947154,False
45167,443,30.572578942948795,6744,7847.815494594156,165117,48679.663916515005,2254098.4486247147,1450.2813037656467,776.6877954280008,207.74102623559455,66,1.1686528802063036,0.4600402906281599,2.0349941871229538,107.8854048283331,5.360205188112493,1.4471362131278265,0.2157201454110115,0.0,-0.8608957854617905,1.950710516429956,1.3303937732420756,0.0001542936834992,0.0123127792752316,0.0100038532756182,0.0054146737919341,8.145236999650778e-06,1.122118551982967,0.7864546131722417,1.3787748883642468,False
41222,17867,0.8006243356134682,1661,4765.697599446163,7590,10369.35426033122,193978.3112274899,359.9438110430661,322.37371234068235,108.1604000455621,58,1.2484723450404558,0.7775097441537633,0.8596020314945153,0.0578548468911964,0.1957815344925766,0.5482538045974978,0.5589074152778688,0.66460908249484,0.359091931502674,-0.2281886151695835,1.0047816578607838,0.0046076535602928,0.0544256031545851,0.0548896370093449,0.0531740563268949,4.883612535390315e-05,0.0607717615096859,1.0049025766511466,0.9052466616423096,False
443,55268,120.64845547918996,79147,656.0216595902821,46660,386.7505889565178,8337.396245593072,91.25514239712092,121.63311271626092,87.0,87,1.1390907156484702,0.3796969052161567,0.7501269157282324,1213.1917470270296,34.83049524984787,56.65141211153398,55.77735296220106,0.0,0.0752460632686344,1.6265129144491617,0.614818001716474,6.173868891697368e-06,0.0022755295403535,0.000202356563905,3.158483995194778e-05,2.4981920576626607e-05,0.2520438702484392,0.1156208416626951,9.901686995153568,True
47758,443,107.67883384966603,14656,136.09638409102166,25087,232.9789771507027,34716.11301299472,186.28371203170568,127.86935204504825,87.0,58,0.6571640610269149,0.3729603275292749,1.457290801615575,404.83226178469033,20.11264868850309,30.53985386147187,30.189012011964323,0.0,0.0525518583536677,1.5202192233799916,0.6589841704269784,0.0001485495508962,0.0119946767342013,0.0103730173104922,0.0096189948912046,0.0060025384894371,0.046815105877543,0.2784171239364767,1.205639265133493,True
43660,443,1.164517,1871,1606.6746986089513,4570,3924.3737961747233,525018.5850340137,724.5816620878655,306.7142857142857,66.0,66,0.9966341889774286,0.3322113963258096,2.362399457203101,0.2111992933076643,0.4595642428514912,0.5673143809523808,0.339076,0.0,1.4899225810272827,1.2344615356328088,0.810069792484365,0.0019401688917142,0.0440473482937881,0.049899,0.052313,1.5e-05,-0.1644139836000367,1.132508582974901,0.8827300806386539,False
17322,28869,0.4626344360278406,1109,6591.393032056074,2035,8747.256322308738,92605.05504553088,207.7025895172957,162.60989636523473,87.95778414099402,66,0.6029706460101003,0.6862893773664572,0.8545861683560027,0.0564612780337471,0.1582711423935614,0.1831662602733707,0.1195995046950742,0.0,1.2819299854364443,0.7595635642166704,1.6229582516970131,0.000478690630915,0.0141537099546159,0.0222607148466582,0.0333312548510588,1.9666524939611363e-05,-0.9798041650963836,1.238591427141502,0.7023372837115208,False
63914,443,1.841336754571138,16037,8408.539799316204,601661,312990.86747534125,481800.7444249416,694.1028897381884,929.757044947643,1514.0,1514,-2.524469441956424,-0.8414898139854744,0.7473229999820105,0.3016776917871016,0.540162870179132,0.9781982634303332,0.8564850949838185,0.1565929021861608,0.8168718061060961,1.499368729680699,0.5510261543419165,0.0016399032947256,0.0375090257247607,0.009348995909354,0.0003214755176376,2.357949578219821e-05,0.7531628642412972,0.267697004819679,3.815035241536617,False
47744,443,97.81538099321054,590,6.040982568780783,733,7.493709789299268,97.32654825434754,9.865334300427117,62.67664344050983,62.0,56,0.2056378304996943,0.6767470798857678,0.1573998279325211,1220.170308956482,34.93093627357745,63.01027897045577,75.52091869063361,0.0,-1.0744606111915227,1.8038531754351237,0.5544079896160232,4.4505790851316125e-06,0.0007837563503047,0.0146142619242028,0.01497683013988,0.0149249771277526,0.1177773793873122,1.1017667553178971,0.0644924471714992,True
47748,443,99.6755168201116,598,6.037431396839733,682,6.880043843902751,76.66379643702462,8.305080182747526,61.67753709190327,61.35623264087488,56,0.0988170112095125,0.7306335115802759,0.1336708757161809,1217.5756572091411,34.893456866617846,61.98714152399249,70.66578206926037,0.0,-0.7444884794125775,1.7759134495954394,0.5664544168221861,2.8252392581243897e-05,0.004741405712134,0.012655971145278,0.014982248938081,0.0032128927505204,-0.9400042817918732,1.6859006216899577,0.3943642310995154,True
443,47750,104.76734336118436,663,6.481566859020922,543,5.292975429752137,71.49349783959988,7.851631709077798,61.61888478167332,61.11525309288998,56,0.1529103060632562,0.7740345947015422,0.1260849895924477,1128.0021962256728,33.56428387499652,65.44577392343889,71.06341059308247,0.0,-0.5139976203864701,1.955650386920244,0.5151485719928952,35.67346341409777,5.015272199940076,11.542655538030187,15.088943206794156,4.449951637251415,-1.5211930675875822,1.4702740148170108,0.4985682431598576,True
47748,443,98.017756,640,6.529429218926416,733,7.478236902301661,95.15082644628096,9.754528509686205,62.40909090909091,62.0,56,0.1258156892005639,0.6570374880473933,0.1562998013205364,1223.0098038811536,34.97155706972673,64.47770136363636,75.5275225,0.0,-0.9478978400360352,1.8437183461714308,0.5423821930700792,3.59657108e-05,0.0059971418859319,0.012007,0.014983,5e-06,-1.4887091500941747,2.001286650921851,0.4994704660558006,True
47747,443,98.00001846242334,635,6.483233529618513,733,7.479593148676588,95.35619367746912,9.764987511549268,62.43434529702376,62.0,56,0.1333501322922011,0.6588978841185676,0.1564036332620553,1222.7750310918666,34.96819849598875,64.33968706423438,75.5268992802745,0.0,-0.959788630132428,1.8399445592418864,0.5435205170014601,3.298980446790904e-05,0.0055049500164422,0.0122529386478974,0.0149822138900096,0.0012386961943063,-1.3370757084611091,1.9454604027300844,0.45841126129076,True
52115,443,62.36200684017163,11697,4070.5523578437287,339891,73128.25705873551,3871854.5156766977,1961.949994066632,1254.0948939570887,355.42919581539246,66,1.3879486244930823,0.6017584978734928,1.582096731631259,220.66339898581165,10.91637154560525,2.7994380110303028,0.2275879194002711,0.0,0.7938176125889206,0.8571177653573537,2.4282336969762626,9.645977514252342e-05,0.0098175298775378,0.0059978645757707,0.00044399873449,1.1897060029785325e-05,1.6817548356433063,0.6055419652073145,1.7491132086184351,False
53032,443,116.56040890760262,32715,275.88228078440164,57304,482.71077782628623,17997.6989115283,130.84296350963555,124.07460705892083,87.0,77,0.8923021493648933,0.3497524258378859,1.0564657329291796,830.7823170548185,28.355156332950195,54.61687861076172,55.86629709144914,0.0,-0.137568195393428,1.890143968274292,0.5354992784594345,0.3059675111567916,0.4661996821775597,0.1278271152508694,0.0030746011150595,1.0107094476472068e-05,0.8932188742465857,0.4636498867308212,2.9198821487631204,True
47754,443,112.35400207051076,472,4.207942243286591,496,4.433982961542259,8.986355710135966,2.9977239811087224,58.92268235743713,57.68560007643132,56,1.2392281321953225,0.9749427362088812,0.0508755992003856,1278.8527701183602,35.738129642445315,54.623047250125694,56.17700340338772,0.0,-0.1253598631331632,1.528398230703162,0.6542798972029698,2.8047000172409106e-08,0.000138915373439,0.0150435847355816,0.0150041085339957,0.0149538498651635,0.6872264925645787,0.4842200931489663,0.009216160834834,True
55881,443,22.058390900790783,11978,521.5651181999847,250007,10923.767430499414,1435542.3340682928,1198.1321723245012,993.9112602171472,105.0,66,2.2254162139651847,0.7743565631284536,1.2070237978394942,20.84551861775001,4.499256441664164,1.5032282546408848,0.4267026788821401,0.0,0.7058612466808026,0.3260505062106139,3.1223622019020247,8.291557087059887e-05,0.0090474029316028,0.0046278794054205,0.000890336845837,0.0002685652173653,1.2267833655691451,0.4839434698437405,1.9674778989213584,False
47749,443,105.74302213294806,448,4.236686175252001,496,4.690616836886144,9.0,3.0,59.0,59.0,56,0.0,1.0,0.0508474576271186,1197.686212501182,34.60760339146839,52.87152081493038,52.87147763531267,0.0,3.7430749481739424e-06,1.5277429129335394,0.6545603920229109,1.7043052483443872e-08,0.0001198192498825,0.0150229887677861,0.0149814495533248,0.0149563394639897,0.8348055111455908,0.7355962417355603,0.0079718745277044,True
443,47750,120.817006,496,4.105382316790734,448,3.708087253875501,9.0,3.0,59.0,59.0,56,0.0,1.0,0.0508474576271186,1254.6062946956529,35.42042200053033,60.40851025,60.4084905,0.0,1.6727638083e-06,1.705471217962777,0.5863482124280714,2.709e-09,5.20480547186e-05,15.0889685,15.08897,15.088885,-0.0864585626556352,1.6042866626210577,3.4494110527e-06,True
47754,443,119.24961122860306,498,4.177961211798827,496,4.166300036389728,8.972123953283019,2.9953499662075327,58.84203573527044,56.31460749959744,56,2.531812329576193,0.9488066097245452,0.050904952434023,1363.5096542897247,36.91726854480807,56.4499681094117,59.62482557683862,0.0,-0.2561205178139795,1.5290839999915835,0.6539863673168083,6.1199447077804246e-09,5.275924724246618e-05,0.0150032547039464,0.0149922265983298,0.0149808127191745,0.4611179440464243,0.2629663354800916,0.0035096253250207,True
47746,443,97.9295143603964,616,6.299612461694551,733,7.484984028463494,96.17249820441346,9.806560505053357,62.53472777321301,62.0,56,0.1632984349893982,0.6662926847692021,0.1568163499521179,1221.8418437981118,34.95484865954928,63.79110053106117,75.52442207356407,0.0,-1.007052771195603,1.8249443114589845,0.5480451871396281,2.116101466247708e-05,0.0035485597546408,0.0132305085867223,0.0149790892184636,0.0061424570448563,-0.7343550887931161,1.723559280250098,0.2952069636599934,True
443,63915,1.966859,1407161,715435.6260413177,48636,24727.751201280826,495536.2201803489,703.9433359158597,882.3012121212121,1514.0,1514,-2.6921149287829595,-0.8973716429276533,0.7978492222893498,0.2677788644985811,0.5174735399018786,1.1553859012121213,0.956079,0.490196,1.1554614053304817,1.2854568396642116,0.4478793962770313,5.6410147988e-06,0.0023750820614991,0.0001324409799554,1.7e-05,1.4e-05,0.1458151469712871,0.0498681632417768,17.933135667661,False
45428,443,4.042529850175448,3437,8651.814224297586,45749,53705.15933122358,1477368.0332668554,1215.449892739832,634.457761820513,83.11506006889051,66,1.3633899878505131,0.4685959651799287,2.035579807459179,3.0950692152316748,0.8122438396075342,0.3480608089592141,0.2005545971519178,0.0,-1.0229910772165938,2.126865280315042,0.9521672039564568,0.0001566554504007,0.0123709638809683,0.0104924153681941,0.0059079029843082,6.705020022963505e-06,1.115207544297377,0.8232150064375441,1.281792174421549,False
47757,443,107.68087118944214,15923,147.87155416020093,25464,236.48601420506515,33368.01703518774,182.6602815969468,124.49377637858016,87.0,56,0.6157669154985319,0.3749866143116138,1.467188626203882,388.5972371518643,19.71186967190732,31.017342910928804,30.753559972639238,0.0,0.0407889695718272,1.5734979880081617,0.6355303986471883,0.0001810479645197,0.013393611398694,0.009120960048857,0.0059502617215343,8e-06,0.7209004861479276,0.6867846457165161,1.465240260816658,True
41844,443,0.211613,2238,10575.909797602226,13577,64159.57431726784,1485606.0879904877,1218.8544162411226,545.3448275862069,78.0,66,1.1502887170745253,0.3932748827086986,2.235016001959694,0.0033399148003733,0.0577919959888336,0.1476133793103448,0.17492,0.0,-1.4174949431543038,2.5542183962441114,0.3915091996324452,0.0001766272738677,0.0132901194075812,0.0119653636363636,0.007073,5e-06,1.1043611015803545,0.8999440313185529,1.1107158805597526,False
61869,1910,0.2929081749918868,674,2511.3567825208274,14954,49967.33680118844,448073.60104062594,659.810823047139,783.20401894158,901.5325479813088,1470,-0.5156123071669851,-0.9858461840547886,0.8261195154565468,0.005569795405823,0.0737399594525524,0.097527254244236,0.0911122152493911,0.0911084772232622,0.2898460407053702,0.0970047849105194,0.7972246884340737,0.000105871262104,0.0101348496379012,0.016610858692432,0.0193813175609223,0.0008423970027014,-0.7955048571643829,1.5392086008543884,0.6143292136165879,False
48490,443,120.8267635922166,32240,266.76224704766094,61766,511.1150579587118,23156.76958202492,144.46947968035994,137.43899857988328,87.0,77,1.0364761422275477,0.392097306346623,1.0255457971971782,829.1526561140853,28.38352890134306,52.256849550738885,52.73442523365708,0.0,-0.0280586150527502,1.782466573502402,0.5864945497305359,0.301706723718363,0.4923816410691213,0.1425907959663525,0.0064034820478765,0.0048292745632008,0.9029894104176422,0.3034758958041439,3.176393206888908,True
443,55268,120.67622238420574,78753,652.6036564164317,46355,384.1302926076606,8352.648751926405,91.39078796338067,121.71829261253826,87.0,87,1.1396816653915829,0.3798938884638608,0.7508333351681502,1190.26264867491,34.50003932765038,56.95631775489722,55.803927906048415,0.0,0.1002400093421761,1.650930977453402,0.6057358068679833,1.0733334352276484e-06,0.0006321364877468,9.445572657108305e-05,3.2800303057966266e-05,2.166565647344579e-05,0.3633616574663081,0.1548947262776704,5.238435173034802,True
47756,443,106.35799749267728,15633,146.9909081210683,25806,242.6391121336566,31137.71202561054,176.4569018742563,122.6365412453079,87.0,56,0.6058620929293763,0.3776379871100744,1.438853204970315,416.0200186050456,20.39636768293464,32.36134854247411,33.58120268145954,0.0,-0.1792929366316045,1.586615412539295,0.6302732215860648,8.051041880445684e-05,0.0089535033900099,0.0081895828678753,0.004902935755684,8e-06,1.1045698257497656,0.9157740015569438,1.0925373670642673,True
63914,443,1.0485445500981712,7387,9122.270986554093,284174,329016.19086882425,475123.441076071,689.2919577259368,947.0043338170054,1498.954511159384,1498,-2.402263833995694,-0.800754611331898,0.7284664958356859,0.2050295829931866,0.3540479219526537,0.6759305824050774,0.8328898601635109,0.2013548211165124,-0.9134494754151024,0.8974527643200969,0.4654755527717092,0.0018152075482341,0.0331609374174396,0.0066324288470891,0.0025814127874789,0.002477435909146,0.216253247926945,0.0691329432707723,4.240993986956076,False
44358,443,2.899624864805069,3079,9225.843499550125,36151,56824.10016809754,1479825.7514010826,1216.4655887297508,607.8720590291025,81.5890473983372,66,1.299813952586922,0.4461248847502087,2.09507904220438,2.1726913696470653,0.5871627932115007,0.2882598851568927,0.1929068433559704,0.0,-1.1406862537922606,2.2543606099739275,0.7849020678832548,0.0001626137881825,0.0126451821620695,0.0109318506221351,0.0062554947592676,6.196349132779068e-06,1.1119716470070844,0.846106128455788,1.2307537528686563,False
53154,443,0.803995,2574,3201.512447216712,20438,25420.556097985685,1182660.1616161617,1087.501798442725,697.3333333333334,78.0,66,1.7085029217060688,0.5805354384125035,1.5595150073270434,0.0447905197379797,0.2116377086862825,0.2746693333333333,0.255459,0.0,0.2723096954589897,1.2978279487068374,0.7705181576621193,0.00019841102085,0.0140858446977808,0.0184715,0.0268385,0.001771,-1.7820017569805089,1.1856228971934577,0.762571783438314,False
443,55268,40.226932,29805,740.9215298845062,17624,438.1144453173809,8255.135145512288,90.85777427117776,120.99234693877553,87.0,87,1.1223810140006487,0.3741270046668829,0.7509381921251065,168.91042908794765,12.99655450832826,18.88392662244897,18.654022,0.0,0.0530689781591703,1.452994838774235,0.6882336903850343,9.737306238185254e-10,3.12046570854e-05,3.81739130434e-05,3.45e-05,5.5e-05,0.353208147753858,-0.5392171723106236,0.817434069435778,True
54442,443,120.88480848566978,39015,322.73986529718485,69567,575.4714272178253,13750.058614419211,115.56669326802628,126.24943403144736,87.0,85,1.016521295397976,0.3445194951761912,0.9105728598180232,984.7618224852628,31.316152854764606,62.60303287617448,63.76047272506987,0.0,-0.1073728399825892,1.9898943840152263,0.5064772387764158,0.4192768848288136,0.6395691741968768,0.1741517663757479,0.0028061750223577,0.0005981287325812,0.8134519469009951,0.27450769038467,3.633381175359287,True
49938,443,0.7414041742612683,2538,3574.801788169196,17995,23497.794431498547,1127540.5100675055,1060.1775640118535,660.3547341075451,77.30719252035993,66,1.6416308016778274,0.5578238633186938,1.6222317403859705,0.0406626614773219,0.2000558119131781,0.2717737348498515,0.2570146991955317,0.0,0.2018521004846121,1.3816564255198571,0.7342679570628481,0.0003242648068427,0.0169139979106006,0.0270352643888524,0.0360595943521393,0.0014663379108282,-1.6811359085136868,1.3669608679126792,0.7080578513346231,False
56123,443,12.270643544589309,6213,3732.041260127921,128787,66920.9333026835,2172290.164305621,1444.1757012615972,1030.914823871667,104.59413071535214,66,1.9936696787091723,0.6924184378574387,1.3962546330658552,9.701091837432198,2.435414971767991,0.7708429137668971,0.228381341365065,0.0,0.7583722470462755,0.8091581286943157,2.251615722365427,8.382007941834312e-05,0.0091182930422924,0.0056351332740518,0.0005869402323115,1.075304572281708e-05,1.611762034298776,0.6048270478941369,1.7260796277135046,False
63783,443,0.3757601964553854,1212,2482.1256258612607,36856,60896.47412692485,462639.8102150071,680.1729941835715,813.3206423128688,955.9936047476546,1514,-0.6280557850314208,-1.0303250333117449,0.8376297087436386,0.0255104789073368,0.1034961923654359,0.1530772397847877,0.1619818721109838,0.101117103014067,0.1735232521623018,0.1533685432826823,0.7441073226285349,0.0002815351300856,0.0128950565301753,0.0166913544972907,0.0190086522946127,0.0008260160748969,-0.7597898351970276,1.4859656911336605,0.9346357655557496,False
47748,443,105.743035,448,4.236685659722175,496,4.690616266120979,9.0,3.0,59.0,59.0,56,0.0,1.0,0.0508474576271186,1197.686308079514,34.60760477235479,52.871521875,52.871479,0.0,3.7166686584e-06,1.527742882605813,0.6545604050168035,2.11194375e-08,0.0001453252816959,0.01503125,0.0149795,0.014954,1.0682931296485705,0.5315661466367227,0.0096682100088765,True
41627,443,113.46739270656298,14188,124.64347194527176,32909,286.35610209414426,40661.39007482684,201.3226467791584,146.99191509293138,87.0,59,0.883614910577126,0.431793448885403,1.3769277037298888,442.8530045698111,21.042356047496806,28.82057740564149,28.135326889242588,0.0,0.0969353786765217,1.3706495270165624,0.7320128523286973,0.0087544576777666,0.0678564925130275,0.0368309051708254,0.0150134436448299,0.014989616224934,0.0035996993536118,0.0014262623245272,1.3616863829802035,True
50150,443,18.592771662971145,5393,7252.721990287952,134556,128591.57678637124,3426890.506643338,1847.9190556976484,1112.3234932412902,178.04622504935264,66,1.5245871003105873,0.564054696651239,1.67195987831684,64.99090864614817,3.275749439582725,0.9191908133760798,0.1436159935070252,0.0,0.8653378252543746,1.3507412069067308,1.1682909259373826,0.0001005702046847,0.0100264469115629,0.0072340353395463,0.0001977805810386,7.736691845507204e-06,2.097261606347168,0.7185354790746353,1.4357764291018769,False
48782,15580,1.3939822243210087,152118,80332.67213970583,11908,8787.928281562665,334435.0359047138,576.2893890614283,591.7973129315569,454.7387112809961,402,0.8569747891908057,0.3813146398131647,1.0719924847656424,0.1362690203873482,0.3555598370662859,0.8722713258333761,0.8986068447270357,0.991708309456458,-0.2104673661268827,-0.427418743379612,0.4036832000515543,0.005469680890462,0.0658615977247726,0.0651992449412716,0.0630052096365631,5.4314020954156144e-05,0.1558468614234327,0.7952999977739431,2.7380486447234507,False
443,55268,120.673598,78497,650.4902588551308,46742,387.34239116662445,13338.264242433152,115.49140332697128,128.31864754098362,87.0,87,1.0732915096028002,0.3577638365342667,0.9000360083290665,1229.8963639727715,35.06987829994241,57.46328694262295,55.8061575,0.0,0.1417566461266281,1.6385368221456678,0.6103005965349607,6.325813551756885e-07,0.0007953498319454,0.0001061111111111,3.8e-05,1.9e-05,0.2569100100688051,0.1095255290342268,7.495443442418048,True
63918,443,1.6773827932782897,12881,7698.569991133321,1101346,661996.2819098365,362058.3106479797,600.6167860461618,1167.1021231130128,1514.0,1514,-1.7171398713532533,-0.5723799571177511,0.5197952047705685,0.1561293878870739,0.3810269640486998,0.6148836250359627,0.702810393926163,0.284571033536964,-0.5981403139099357,0.7926322900264882,0.632570497979609,0.0017901931739807,0.0416414053474654,0.0070407788975303,0.000797635378476,2.7427091497418806e-05,0.4534869669430051,0.1707600176719042,5.873619694003002,False
46264,443,0.6699042212550805,2498,4001.224830536847,15206,21301.348432051414,1064575.1721137103,1028.9640202587725,618.1126311208386,76.51577138711954,66,1.5652401584324125,0.5318795410839573,1.6938755222579835,0.0359472472265941,0.1868253573661144,0.2684659792315131,0.258791835350223,0.0,0.1213656287031794,1.4774169795941936,0.6928579323711801,0.0004680325184511,0.0201447081532646,0.0368179880409565,0.0465932117802857,0.0011183104674858,-1.5659128971507892,1.574110338008878,0.6457844504393149,False
63916,443,1.713044825464144,12400,7260.585412570783,796393,473026.62497828045,416368.0537233967,642.8941807601185,1053.0961378731215,1514.0,1514,-2.1093652646610237,-0.7031217548870077,0.628716239448164,0.1800646011345577,0.4173779043551546,0.7162928381565716,0.6405332171135893,0.2388102119319805,0.3933790318534638,1.0743759730100837,0.595665358338175,0.0017643911046998,0.0418827993014546,0.008995118881209,0.0005817876478111,2.590219791019283e-05,0.5929508691720674,0.2115298752404726,4.84066184817192,False
63386,443,1.2299121729951006,2459,2000.1969709122889,11495,9331.338726805978,299870.6909775771,547.4768377266606,451.3882811679976,122.39492967086852,54,1.8005381896343204,0.7244021895946279,1.2175573778149404,0.0910741661870339,0.3016109724168467,0.8415426516030453,0.85637571676407,1.0104652283319229,-0.1546447198594687,-0.5692397072176277,0.3639800661636775,0.007032168690823,0.0835076332377006,0.0846556095482274,0.0826656287858997,6.497603482762366e-05,0.0376674901645977,1.020780925926268,0.983373209342826,False
63918,443,2.151764,34146,15868.84063493952,1407144,653949.039021008,468586.3430015446,684.5336682746471,986.5092402464064,1514.0,1514,-2.3117522959087884,-0.7705840986362629,0.6938948368123413,0.552839187101178,0.7435315642937951,1.3153473004791238,1.50029,0.021816,-0.7462065165849455,1.7397126935797504,0.5652739500989274,3.98681461962e-05,0.0063141227574584,0.0023213032581453,0.000407,2.6e-05,0.9095340706913484,0.363518947336598,2.7200766359597632,False
34605,443,120.6913347696336,16433,136.15673673434918,43565,360.96046560840347,45104.26082428439,211.9047026659608,163.54619702333693,87.0,56,1.0830342673300273,0.5031046071539859,1.293797638347148,466.08943158131376,21.541207631325104,28.11740605047736,27.0087404977399,0.0,0.1569952537255003,1.2985014479331167,0.773188840375006,0.0273951082973323,0.1489675502762986,0.0689535678169129,0.0147966244235892,0.014701273010059,1.1118958712574738,0.3710637527009209,2.1101608680447117,True
47754,443,120.831976,504,4.171081336946769,496,4.104873696677773,8.96885813148789,2.994805190907731,58.8235294117647,56.0,56,2.828427124746187,0.9428090415820624,0.0509116882454314,1382.9362296796296,37.187850565468686,56.86919941176471,60.416012,0.0,-0.2861267215746589,1.529241366387855,0.6539190097649857,1.08825e-09,3.29886344064e-05,0.014994,0.0149895,0.014987,0.4092318534220817,0.2121942943670072,0.0022001223426979,True
35482,443,4.458377623640542,2797,4350.444477741597,9518,11726.69573377287,811569.3696310768,898.6673198134972,469.5850784788941,78.50319610015381,66,1.3027467166522229,0.4490407471238887,1.9126272141026928,8.139900199362524,1.3775426792939771,0.942544570378781,0.5872907917108103,0.0,0.0597383513956674,1.547081506910382,0.7872362505375475,0.0007758463551449,0.0269595254414845,0.0573730012120564,0.0665681074906733,0.0049114773569673,-0.8271208340661156,1.6273285315999355,0.537818762829816,False
47751,443,105.7430343476192,448,4.2366856858603725,496,4.690616295059697,9.0,3.0,59.0,59.0,56,0.0,1.0,0.0508474576271186,1197.6889798853329,34.60764337374822,52.87153312856855,52.87149433094846,0.0,3.363212752859027e-06,1.5277415037367972,0.6545609957931182,3.935315426481623e-08,0.0001950300522232,0.0150645214200613,0.0150029857082786,0.0149370380995765,0.9611124904622294,0.6390619680874701,0.0129424625541436,True
443,47750,110.99533893153078,598,5.559499701824446,506,4.677967079671173,47.24319199334553,5.968979003343515,60.60263894607159,60.29443914875012,56,0.0935741860304834,0.8617193999788061,0.0968894216637723,1177.1303169969965,34.28454948331019,63.49108761315023,66.92881931627733,0.0,-0.3145426291544958,1.858569545339699,0.5427772552381186,21.83054489893084,3.069139773784671,12.918785486381545,15.088953603770785,8.578339339069071,-0.9644511383379908,1.5222769880680167,0.3051025363176008,True
47747,443,98.0070883708786,640,6.530140691355207,733,7.47905176056776,95.15082644628096,9.754528509686205,62.40909090909091,62.0,56,0.1258156892005639,0.6570374880473933,0.1562998013205364,1222.7499114624982,34.96783912950721,64.47382213063548,75.52752158997909,0.0,-0.9483318191942708,1.843803532024051,0.542357145945405,3.597494033126671e-05,0.0059979108383698,0.0120082649290656,0.0149845925365933,0.0013698493615878,-1.488682187897187,1.7739779375184317,0.4994818759941559,True
47754,443,105.74380793361236,448,4.23665469186568,496,4.69058198027986,9.0,3.0,59.0,59.0,56,0.0,1.0,0.0508474576271186,1197.691643299186,34.6076818538131,52.87156226386445,52.87150611048754,0.0,4.867707633493018e-06,1.5277406469270705,0.6545613628942564,1.1847648022105942e-07,0.0002753386335532,0.0151134090096768,0.0150153133419194,0.0149506349155241,0.6222973126520326,0.9589779781821336,0.0181294903249301,True
443,55268,120.68624748524924,77987,646.2015987816317,46324,383.8411260727895,10492.935960444436,102.1771307396112,124.35398829022934,87.0,87,1.097688487353879,0.365896162451293,0.8209125437185278,1237.1022086031724,35.17241928823779,57.00636468079758,55.78901345960507,0.0,0.1038657658146358,1.6207843452466777,0.6170070953366559,1.4867701357413169e-07,0.0002348715178402,5.577627016709798e-05,3.33763684742297e-05,1.9770605254295053e-05,0.357734653705961,0.2606588023228668,3.0045144513739475,True
44997,443,113.28140982296549,13695,125.20789740130746,22999,208.2863724602009,40483.42740857552,198.81244043971503,132.92462020869,83.13296373780366,56,0.7196205689433601,0.3840600077856384,1.4905558559350325,466.895867404208,21.347009546415425,27.802541524467,25.58829679161137,0.0,0.2514852182731263,1.3663257577363483,0.8700726051899113,0.0029512618024201,0.0348344896891233,0.0164805449689724,0.0078631569927661,9.424697570282858e-06,0.7048698827594705,0.6099170628466529,1.7223860327906957,True
60524,443,20.512992172001983,8739,424.52188644869625,186670,9071.247840779495,1441798.3516782494,1200.748490153598,1014.6592203246124,105.0,66,2.272709151254419,0.7900494902675684,1.1835001966739824,16.54509981384078,4.062721415340295,1.2202857474717923,0.3159496887742825,0.0,0.6669159243180997,0.2997780805808799,3.3397392551027987,7.178016806213278e-05,0.0084682242444944,0.0042118361680662,0.0009213967922936,2.649484101272448e-05,1.1648130726190715,0.4943884100707256,2.0114762522299983,False
47754,443,105.74372191744602,448,4.2366581381371935,496,4.69058579579475,9.0,3.0,59.0,59.0,56,0.0,1.0,0.0508474576271186,1197.6910460108977,34.60767322439143,52.87155756527075,52.87150261312692,0.0,4.763578713342967e-06,1.5277408921018922,0.6545612578490236,1.0635058649208233e-07,0.0002485942569547,0.0151006404926742,0.0150126666906468,0.0149522103031863,0.5452302719084476,1.0224582236386106,0.0163698202022212,True
63918,443,1.6617174321071309,13065,7867.440648035589,1164974,702849.3517583478,351133.0932809743,592.0161211895223,1183.3125902328998,1514.0,1514,-1.6661709932585766,-0.5553903310861922,0.5037570361361068,0.1215951751174762,0.3469125921254485,0.5439833693331539,0.5817446712386901,0.2863127296301637,-0.3652421885734284,0.7249303685529073,0.6413610512398803,0.0015184836437261,0.0389398096164781,0.0070585219642883,0.0008488159484666,2.8662180345908977e-05,0.476192192861169,0.1799317674236756,5.566730489838752,False
50755,443,23.764379172361245,15555,628.6925618292055,319927,12968.79091475815,1428636.2246801422,1195.2439807866203,971.0072834356416,105.0,66,2.173208848422194,0.7570329112144119,1.2329918454028028,25.5928138663103,4.981153845334151,1.8155726287931293,0.5489645253853058,0.0,0.7488535579501242,0.3550530213253772,2.882396491848857,9.520810498271412e-05,0.0096867667598137,0.0050871556233768,0.0008560493164224,0.0005357902481999,1.2951932788097682,0.472413147479326,1.9189074728464115,False
443,47751,118.84039555072188,516,4.398020725056689,459,3.903273948216289,16.696349753980755,3.59749983280509,59.32252720590019,59.26050274322707,56,0.0188315782782978,0.9721713641963096,0.0601132913642174,1239.014662358941,35.19183352054451,61.02885155912427,61.72072101486071,0.0,-0.0633038454165277,1.7362811732853345,0.5775799076975477,4.393344284206421,0.6177006968776411,14.652247140239318,15.089007792757435,13.778659848085567,-1.2725357151875976,1.8234561382938397,0.0614040459706647,True
10434,37154,0.2831939132920038,747,7876.947750908336,1317,10080.052590699146,54976.027922459965,131.0065161126788,130.12449636072142,85.3226381284864,66,0.4499065998429413,0.7575113263992194,0.6029562315552706,0.0334512735862882,0.0971530222928763,0.1100160327784962,0.0708401229549945,0.0,1.3056527379595506,0.6370817344723765,1.848927974583436,0.0002833586105727,0.0084002202663246,0.0132064475973599,0.0197595728489639,1.8986487258964236e-05,-0.5799879150761922,1.1412324516596033,0.7217864034142947,False
62011,2352,1.2537650444343678,21341,11878.147219533275,11693,9370.168375741545,305858.0566556313,552.7064281880529,472.7926626581286,164.84907263988703,97,1.6955056954069456,0.6870033671566406,1.1887741382185677,0.0958522675798151,0.3070345747349016,0.853900812113791,0.873559838098652,1.029137625847503,-0.1899024333191202,-0.5877660982654783,0.358920007759537,0.0069575524751458,0.0823145186807002,0.0828534081859369,0.0802430145436381,6.452580549291557e-05,0.1023248355329691,0.9808456684181488,1.2119676420748142,False
51648,443,10.474860556537918,2590,1267.2175592343635,18942,26481.125203547013,527252.8401694697,724.6845016344382,610.9101962315428,518.1211634385869,800,0.3286552919035896,-0.3088260172050729,1.3524384821648112,20.441101665559604,3.211510632847345,1.900519253230118,0.9902464775647644,0.0476617829531252,0.5529415923734712,0.3306552849257448,1.2278919015402203,0.0001356968442505,0.0115909931666372,0.0156200453235458,0.0155954050090506,0.0127737635205014,-0.0698375434071685,0.3663838574461944,0.7565889288999972,False
47748,443,105.74302840099746,448,4.236685924117054,496,4.690616558843881,9.0,3.0,59.0,59.0,56,0.0,1.0,0.0508474576271186,1197.6862590611638,34.60760406415272,52.871521331332175,52.87147830010579,0.0,3.730211401087858e-06,1.5277428981597057,0.6545603983527494,1.90288206867915e-08,0.000132244245746,0.0150270131404065,0.0149804998488716,0.0149551998186459,0.948546555432494,0.6362051209931053,0.0087982265643841,True
60764,443,20.433224,8572,419.51284829060745,183401,8975.627145280647,1442121.265810028,1200.883535489611,1015.7301587301588,105.0,66,2.275150250166881,0.7908595052416513,1.1822859892148192,16.323126972501868,4.040188977325426,1.2056812275132276,0.310233,0.0,0.6649057006036441,0.2984219882485248,3.3509595116268827,7.12053968332e-05,0.0084383290308693,0.0041903614457831,0.000923,1.4e-05,1.1616143790424769,0.4949275419938051,2.0137472960384,False
47744,443,97.81080241907084,588,6.014298381605825,733,7.494060295105599,97.4435369310665,9.87129233365706,62.69102975427818,62.0,56,0.2099298712600693,0.6778068656815865,0.1574589764216407,1220.1711907904823,34.930948896149886,62.93366769811642,75.52056414115516,0.0,-1.0810094745083942,1.8016592896610624,0.5550694168299801,2.750555368246927e-06,0.0005029779863102,0.0147537071320602,0.0149755574102491,0.0149207818337843,0.20414231401442,1.1877085416006978,0.0410969143389858,True
43405,443,26.2105422154986,20682,782.2992412411028,420182,15901.08590934018,1418733.7711646757,1191.1026935813088,938.165989930019,105.0,66,2.098350345407244,0.7321930704074792,1.2702266138419336,32.39981153763641,5.672131408946715,2.2634334245064203,0.7242719501113053,0.0,0.8104988838404721,0.3966388175550651,2.5383171911090514,0.0001128339838663,0.0106035304877662,0.005745697378721,0.0008068855040491,0.0009189558335218,1.3932841064796424,0.4558801801000566,1.8492638631956857,False
47748,443,105.74303286714724,448,4.23668574517681,496,4.690616360731467,9.0,3.0,59.0,59.0,56,0.0,1.0,0.0508474576271186,1197.6862922363737,34.60760454345796,52.87152169928201,52.87147877378834,0.0,3.721045786014125e-06,1.527742887632961,0.6545604028629255,2.0443732674576865e-08,0.0001410973815579,0.0150298806115717,0.014979823159511,0.0149543877914133,1.029590036133545,0.5653863376220921,0.0093870240891193,True
47756,443,106.70019175456255,15708,147.2187091742453,25717,241.0474599531563,31714.63601948673,178.0615606943625,123.1169614147706,87.0,56,0.6084242222214212,0.376952143435073,1.44618286809533,408.92643251201054,20.2193052073421,32.013687978823135,32.849762399604664,0.0,-0.1223632647878247,1.583222263657248,0.6316331214982264,0.0001065169614788,0.0101020480216239,0.0084305067956564,0.00517385272736,8e-06,1.0053241859021051,0.8565401957952651,1.1889462622913838,True
54466,443,119.33889426792832,37358,310.91448574481365,65863,547.9271321960415,14436.487091592106,118.47389234730564,124.47358670928718,87.0,83,0.9701904389335276,0.3421624175889786,0.9526702168615152,943.3802314482044,30.51507900069537,60.65927591091449,61.91020900763124,0.0,-0.125261646015768,1.9725751631904933,0.5097660152134614,0.3890977395306331,0.5904833090032645,0.1603446609736932,0.0025823238940486,1.0679731802192346e-05,0.8340947331236046,0.3397714625562205,3.418130803933071,True
63918,443,2.1255819391643533,33038,15450.673704422055,1396749,658012.5038743166,461969.3123211516,679.3247300457177,997.7316696889282,1514.0,1514,-2.2748353770763603,-0.7582784590254534,0.683057969227429,0.5297129305512739,0.72215437362805,1.2735441996683647,1.4514558452759108,0.0360752897987917,-0.7310083203440256,1.6839252056180114,0.5695826977765721,0.0001162794585826,0.0080161720569684,0.0025586941965526,0.0004320305500313,2.6158254267848424e-05,0.8859207906568992,0.3536304419033157,2.87492970719327,False
1761,61980,1.8837122740899648,610823,320436.2711083454,12449,6576.963935370391,441483.75402806816,664.356566496519,1004.6841920381748,1469.8356380882565,1469,-2.109317733198683,-0.7031059110662278,0.6976433531038307,0.2817334793359418,0.530636005030646,0.9280488439939568,0.970271720776432,0.8288650858168591,-0.2314577062507468,0.1913103166717742,0.57465471398137,9.11446687925876e-05,0.0069106778853904,0.0021915222146274,0.0016130105705625,1.6938999500121902e-05,0.3356842043914085,0.1482769182931773,8.087705623007903,False
42038,443,18.53539818002732,4097,459.3979865735093,21741,6939.049471706535,578970.9051899873,760.3345234710943,457.1720622115688,194.1656236349129,235,1.0158644516329995,0.2730181600389298,1.7549690151226176,36.63208015197535,5.695967279791083,3.326729734186242,1.7003931242932515,0.0109970413891764,0.7872346926819827,0.5246943639222121,1.6030547965501634,0.0001567226925741,0.0124966469021013,0.0144280628014872,0.0121206891137467,0.0222067243469776,0.5246845360820968,-0.576115483396835,0.8726399401291027,False
63870,443,0.9072092252250252,1841,2097.7325460222146,12973,24047.86777878891,357823.98734758067,594.9421185468931,577.8934874141527,404.4289996546768,565,0.9921318064677196,0.1100534102719981,1.0791837241015194,0.0605176008136604,0.2215292094815702,0.5884368754217031,0.598314085085165,0.7052960231813582,-0.0314604315606086,-0.3670566397821263,0.4931458188187723,0.0046999750157659,0.0587023994008952,0.0615024122836788,0.0607665616382701,0.0003467289275162,-0.2256178082281431,1.1995643180347038,0.8581053597951206,False
47758,443,107.01963347088189,13939,130.33043853274577,25087,234.4540623993331,34216.23688445031,184.8362686029628,128.47246185321595,87.0,59,0.6709656087449309,0.3733628820107124,1.4387124277271932,425.8237873550843,20.634597645638657,30.992606033090684,31.3406504688254,0.0,-0.0516414956075773,1.502640418438497,0.6669798903413616,8.381676133287263e-05,0.0091522693420182,0.0104760508734669,0.0107577660194077,0.0087147925392227,-0.0672589631685343,0.2075975092572067,0.9027200635729284,True
60413,443,19.530227605149992,8296,547.4921799446647,175904,9732.137324965091,1430185.3695152288,1195.6676760284386,1001.083063550566,103.75792866541268,66,2.249082975963116,0.7811840424867508,1.199639520695253,15.574280487955722,3.864065503852292,1.162852220627276,0.3077132512859005,0.0,0.6468452471198043,0.3443973028818945,3.2322523917623145,7.705719161799853e-05,0.0086981296724064,0.0048473315503557,0.0021151814693147,9.48266420322196e-05,1.026200259687556,0.5267013531651421,1.9561899168258752,False
47746,443,101.68470399513528,547,5.427178173484295,618,6.13778519835329,53.58124785692299,6.495326998804115,60.76413312621826,60.55243715107207,56,0.0651069833675642,0.8225240850065911,0.1054168362995461,1209.3128207957352,34.77480057184559,58.85541754161972,64.59550170044449,0.0,-0.4929832825115267,1.6917379707159006,0.5963681011480058,1.8674175730589183e-05,0.0031778903922838,0.0134734569407567,0.0149903670600575,0.0149793564734675,-0.2547486625871134,-0.0004644396414137,0.2631954984011832,True
53449,443,1.5657943100612712,2806,3093.5446113402927,26762,24782.337677375413,1192729.7007795502,1091.9020797301798,709.6901346072398,79.04785477675432,66,1.7304941850343185,0.5886979968604041,1.5448749618248496,0.6765435793543713,0.3602216247934056,0.3108013800196847,0.2575847480571089,0.0,0.2875461250636374,1.259041566870431,0.8706636316949474,0.0001934742423034,0.0138666677989523,0.0179172570647582,0.0258327340567786,0.0017028118206386,-1.6677616744226285,1.158817399888718,0.8111291996396486,False
16903,39739,1.623785163843119,390739,205206.8492231506,9601,5618.281204282033,471674.3962786149,686.1227482629478,752.428223004463,962.4700395982808,962,-0.9867837889671704,-0.3289279296557235,1.299309213536322,0.2562414498295713,0.5049496880748593,0.7976744242461496,0.7421488651178035,0.5293017901410177,0.390672916443102,0.5683195819761214,0.6597369764326154,0.0007594075736741,0.0203323837435922,0.019433663931435,0.0199366873475192,1.6238218286737958e-05,0.1549418086508608,0.5039918425018713,5.4837279001329176,False
443,55268,120.6771089215045,78563,651.021721475328,46550,385.74032666429287,11220.395849229522,105.2661525359892,125.51654374406252,87.0,87,1.101321229046435,0.3671070763488115,0.8367803527416999,1211.75365875609,34.80894802777319,57.26904787707705,55.80703919425064,0.0,0.1258437581730571,1.6453069374482845,0.6078030344224816,4.028090456954634e-07,0.0005875648671451,9.184242206648625e-05,3.5857365126025056e-05,1.985705394958998e-05,0.311678544899637,0.1341078253129143,6.110617112316083,True
63918,443,1.7308931206716824,12234,7105.754300355844,836225,493810.2156630886,408162.0917682578,636.7687770400494,1088.7208545946814,1514.0,1514,-1.9736629764025777,-0.6578876588008593,0.5961875380376304,0.2577746700712234,0.4852284345636171,0.839163926637897,1.0155210657416718,0.2661490339270763,-0.939576602661172,1.0619754695886607,0.5975020578096292,0.0025260241756465,0.0491063353509686,0.007575435814366,0.0005931672892439,2.3592225373714845e-05,0.432972880152161,0.1578280712939735,6.405165934536797,False
6750,53573,5.060360871961618,1178627,598901.9060083646,44390,20874.342982626014,511658.0515259357,714.873609294759,805.5198939552215,1283.121916825614,1278,-2.054373695140176,-0.6782402732746906,0.9734685526256224,6.984024480780263,1.4826432179368938,1.5788711097853492,1.1120580822581776,0.4103261955823915,1.106914441368427,1.1709850822025676,0.6544313540035483,3.128494929438105e-05,0.0040684924987507,0.0024034380471238,0.0018192991651612,0.0040909452344315,0.236600157342644,-0.0981858277734032,15.159064954110184,False
57335,443,11.590823273246656,5870,1672.7233169937692,109990,16383.592670712447,1325241.5322102993,1149.808337678024,872.3015849290764,92.83727982274084,66,2.0198919947868696,0.6961145877829078,1.3522167666237526,8.99020655671504,2.3155372082606704,0.7862872589721146,0.2855588950004002,0.0,0.4880525393708951,0.7486255082685015,2.1885452108083223,0.0001285078564587,0.0109823717254371,0.0106236018919907,0.0125971842501392,0.0008054777537571,-0.1643996717616844,0.8060658506243971,1.4501288644682662,False
38643,443,32.81034917070483,5872,3043.244143775812,15250,7107.274628425112,283484.95464954,502.8128209136357,247.0073543469518,94.31327517974692,63,0.941258083387563,0.3899197991186133,1.955250754363254,122.35650362253304,5.864201419178477,7.505036969388673,7.15157028345091,0.0,0.7621711602796964,1.1420921898664806,0.8802241713636162,0.0052373259257329,0.0440421156299209,0.0331244399406297,0.02223847180304,0.0041103838775006,-0.6776218854996494,1.735495805089086,0.8837502334003904,True
41869,443,8.106744675477913,8042,7666.294547619722,140766,49952.66804328673,1465082.5047241105,1210.3353114644897,660.450486553951,86.046894314042,66,1.4283564881496915,0.4927951676425479,1.9497081514551315,10.066480017538424,1.7724588640732346,0.8050364956419345,0.3491506106048307,0.0,-0.7497848063025092,1.9136803016649877,1.0107096739580066,0.0001586710149589,0.0125443652228446,0.0101511610804127,0.0052025441216693,0.0003003508246376,1.1963479518622604,0.766607534715765,1.3266541550560134,False
48287,443,0.9659701448864422,1599,1763.1085750282914,7063,14785.66529196158,510518.6479792594,714.2560622128952,421.3117120765186,264.03555078209604,399,0.6434969091298218,0.0158584403560408,2.0132467176416604,0.1639424541945584,0.3712882450565445,0.4599291019076812,0.2826927946227107,0.0216063456090226,1.206395282312175,0.9702504419546406,0.7972612324827799,0.0015190248529333,0.0363192647637269,0.0423606537060304,0.0448764315587842,0.0002111954992068,-0.3152514244021969,1.2299038981580137,0.8200270237258509,False
1996,61634,1.879675266509827,607405,318646.60765552736,12404,6562.0743401732025,441952.6541420229,664.6946237337894,1000.7663273023384,1461.9555875423175,1461,-2.0918833146129474,-0.6972944382043159,0.7069880099076908,0.2813375548159771,0.5302370629727828,0.9260239589395348,0.9667286748178096,0.8242124764979395,-0.2217952049546506,0.1971657630712295,0.5759761526651792,0.0001015236646963,0.0071191345109286,0.0024593151999087,0.0018976012082006,1.6928115452406517e-05,0.3328770388711831,0.1538016357573724,8.047262447243082,False
46133,443,17.00053016290734,14543,1707.8828160445591,283040,19835.93085808934,1329052.4016061658,1151.7717312380078,843.8172994532205,94.88545940508529,66,1.9428952475762824,0.6722566387331516,1.383279906943046,21.135181415790004,3.713450892746279,1.5747350758664242,0.5706933289398444,0.0,0.616638224393849,0.7394649805609789,1.832809960006749,0.0001471086470759,0.0120233308682712,0.0105957541277124,0.0105524744037952,0.0012863247763355,0.2161167291954517,0.7271720135679116,1.433417731139036,False
443,34194,120.817038,496,4.105381229425605,448,3.708086271739256,9.0,3.0,59.0,59.0,56,0.0,1.0,0.0508474576271186,1254.3465614333288,35.41675537698688,60.411958125,60.4085345,0.0,0.0002900004500884,1.705745133396791,0.5862540542669568,0.0002617634655,0.0161791058312874,15.082174,15.0890015,15.039628,-1.265984672675207,2.6296879718608115,0.0010727303524868,True
63916,443,1.7969642859285142,11407,6350.067490032162,437969,243645.4430324609,478124.9462847615,691.4587615866227,957.7957075064484,1514.0,1514,-2.412713984172228,-0.8042379947240758,0.7225787145343202,0.3590642112893129,0.5955957326860628,1.0895226118403831,1.252006035610202,0.2248934994021506,-0.687274554821325,1.4510600626030448,0.5467204993474462,0.00314923440592,0.0557068757459758,0.0091189592984928,0.0002967124244637,1.9427020386499687e-05,0.4922947093182172,0.169161767876143,6.294655388522289,False
47755,443,105.74343893860272,448,4.236669475795775,496,4.690598348202465,9.0,3.0,59.0,59.0,56,0.0,1.0,0.0508474576271186,1197.6890810320317,34.60764483503317,52.871542107681,52.87149110739374,0.0,4.421011930526261e-06,1.5277416986861712,0.654560912267725,6.645841823059432e-08,0.000160609717822,0.0150586342010059,0.015003959649314,0.0149573930658845,0.2916925595160597,1.2312976452623376,0.0105807989400549,True
443,55268,120.65020784687432,79136,655.9138172898794,46751,387.492427207682,9674.64777003096,97.64835003133354,123.45050659810605,87.0,87,1.1239006235845397,0.3746335411948464,0.7890753818811191,1214.577023705866,34.850479772104215,56.86758711583777,55.78519467939951,0.0,0.0930402068174288,1.6317403482689463,0.6128472474453702,5.3627689442593815e-06,0.002138392701625,0.0001960012322376,3.3479827699806794e-05,2.386787786174653e-05,0.2342410090207324,0.0867593533124083,10.33891610320036,True
35307,443,116.13500875670472,16465,143.84094489420906,40867,350.8910968080217,42548.00787664574,205.4884407710127,156.97461959397882,90.24121090228738,57,0.949014347497172,0.4771761927490741,1.311032785264224,450.9960042928823,21.23553388262357,25.746741277456497,22.43772241545004,0.0,0.4743472138679642,1.21082056189027,0.8438441782729244,0.015904069094799,0.1182691765274222,0.0591556386566401,0.0168163715899191,0.0167696433726364,0.9081412818580428,0.3031991537606667,1.887050189808392,True
63917,443,1.808925,11290,6241.275895905025,449611,248551.48776206863,475393.3134819358,689.4877181516258,974.4207188160676,1514.0,1514,-2.34773992478256,-0.7825799749275201,0.707587292467838,0.4059997469872294,0.637181094342283,1.1662225391120509,1.471534,0.239285,-1.4374789063842237,1.4547473980985934,0.5463632136859795,0.0035990558449522,0.0599921315253276,0.0083551037037037,0.000295,1.8e-05,0.4030580427185289,0.1389699530876632,7.180297654322821,False
49849,443,1.2358591976193196,3026,8210.163940512164,54957,145255.7149148203,3159386.876647685,1773.0761754764103,1051.4425854211934,104.04544638034146,66,1.613143272768661,0.5593384694082124,1.685513385834989,0.7489314204264841,0.2659619202870383,0.1829960871166098,0.1177281715234618,0.0,0.8847272875000358,1.4996092916335135,0.7654408902827917,0.0001008735470923,0.0100375190481791,0.0075882834625998,0.0001326296029227,6.363571042731663e-06,2.220305169301484,0.7533973871481714,1.3371890433080866,False
47756,443,106.80205534270632,15730,147.28652045936647,25691,240.5736606518784,31886.3734056681,178.53923178172082,123.25997176803742,87.0,56,0.6091869108811842,0.3767479830927679,1.4483647450843986,406.8148303820915,20.16659766341632,31.91019719474496,32.63202896593423,0.0,-0.1054165731223847,1.5822121990280895,0.6320379333258881,0.0001142585283229,0.0104439441033257,0.0085022244674205,0.0052544986583348,8e-06,0.975780975776938,0.8389076149300829,1.2176450369075975,True
47754,443,113.56413075529476,477,4.202680792793827,496,4.387006577189932,8.983858141493693,2.997307358956253,58.90852946846425,57.44500096389235,56,1.466067150893688,0.9703560382620112,0.0508807504769736,1293.7094305745263,35.94505984634461,54.94365842253499,56.782070833468346,0.0,-0.1483073961853657,1.5285185781689243,0.6542283848670845,2.419896322857248e-08,0.0001237956070355,0.0150365071116878,0.015002023341687,0.0149585816477101,0.6475461055003564,0.4453916861681057,0.00821470582878,True
47107,443,14.283422243587406,3302,885.5270544324086,20265,17247.59707003676,551689.3542292116,741.5289496913396,538.2697354562378,365.05387254123417,533,0.6533580101326852,-0.0339076997436328,1.542632044592109,28.091253953107778,4.385403348280038,2.574396213944122,1.3257870379158678,0.0303378851551547,0.663643851584409,0.422337730511353,1.4051543987927173,0.0001456314471397,0.0120189097994646,0.0150568398430683,0.0139536200003594,0.0172307879619559,0.2110710162712123,-0.0789421303816793,0.8114224221179329,False
49617,443,1.1368765595528756,2392,2110.672539091809,7201,6165.166750179635,251896.60824722523,500.4516635324546,342.5377867586793,106.804847628706,61,1.38778204004407,0.550972004138932,1.5247982267825946,0.1182968331443852,0.342362207144907,0.5914564333277077,0.5067789201022967,0.3901352642557356,0.6773029712058367,0.5045336502420832,0.6608571518243329,0.0034204302229038,0.0530508999572707,0.0654243106092686,0.0809684085081943,3.859281906396399e-05,-1.4291962913246254,1.359587403712021,0.7698732394366306,False
443,55268,120.67642526196975,78550,650.9182331212893,46587,386.05228655029305,11632.79496396282,107.25725093835416,126.06217969054032,87.0,87,1.0958631790930606,0.3652877263643535,0.8490977264037357,1215.2864729735538,34.85975732904754,57.30687082156917,55.806867507506745,0.0,0.1289423741805306,1.6439886357226432,0.6082893688932557,4.475511539982996e-07,0.0006280255189087,9.462087362149636e-05,3.627458686088807e-05,1.9690165255644773e-05,0.3010138145736374,0.1293210702643121,6.380275583270233,True
42070,2777,1.1917992925696264,24971,13701.30691113678,4868,4024.9984009962914,521849.73537473,722.2970549204507,333.1914051770327,119.25376288999472,119,0.8788115445569344,0.2929371815189782,2.2992478143525865,0.2138749703716145,0.4622603125825724,0.5809986521304702,0.3630200760295716,0.0314425589081043,1.4246229297183506,1.1948901455314644,0.8011394459172978,0.0018700271351767,0.0426385883315849,0.0480892420474794,0.0503897227000467,1.5073554921118775e-05,-0.145443023180995,1.095172275021384,1.1560470194250598,False
443,42949,120.81699325071986,496,4.10538275001356,448,3.7080876451735385,9.0,3.0,59.0,59.0,56,0.0,1.0,0.0508474576271186,1254.6028265693228,35.420373043842325,60.40854307496955,60.40849067707333,0.0,4.437952568277419e-06,1.7054745019339796,0.5863470833910319,6.829385911397566e-08,0.000187128998141,15.088965356948297,15.088959906819882,15.088623993903624,-0.0114154367729368,1.699227607622762,1.2401715096268487e-05,True
47756,443,106.4207299232937,15647,147.03266952783193,25790,242.34732404396564,31243.47605630292,176.75107439351697,122.72461380614368,87.0,56,0.6063317927927171,0.3775122554846559,1.4401969083418988,414.7195938259996,20.36390787661385,32.29761400739703,33.44711210238694,0.0,-0.1688563598483473,1.5859933668169577,0.6305225239163113,8.527804297474215e-05,0.0091640592187828,0.0082337500128768,0.0049526013463191,8e-06,1.0863757152424034,0.904915021661667,1.110211434119982,True
37027,443,72.26901977558946,3617,1934.1222540209117,9546,4517.0463890881765,208775.65353237517,422.469028831202,217.4921473807285,81.50171839175684,60,1.0138050595620298,0.386300920963988,1.8626442496082307,418.036432102676,15.030101193040815,8.458795760261017,3.425933187812772,0.0,0.994345403035531,0.8066277097718089,1.381764025768556,0.0073930730554727,0.0669882300190682,0.0337050543497382,0.0196054383829044,6.016092013794527e-05,-0.2130002375741393,1.2458955965856382,1.600810596203294,True
63918,443,2.025718708880928,28813,13855.70756553343,1357100,673511.3115862781,436730.7314937439,659.4568746789055,1040.5360945504044,1514.0,1514,-2.1340274097486724,-0.7113424699162242,0.641724148716644,0.4415051039048582,0.640617808280243,1.1140994291046062,1.265193332576052,0.0904628626408841,-0.6730395843981803,1.47114139183694,0.5860170596194706,0.0004077263593063,0.0145081033918502,0.003464147212577,0.0005275017047885,2.676186536220373e-05,0.7958553662187796,0.3159138503240047,3.4655680075837783,False
63841,443,0.9935533472867012,5890,4334.529111940406,201217,136261.68989460936,472834.0107709678,687.5786949953384,857.4790517782131,1204.239448966342,1514,-1.500630595376779,-0.9559488486650372,0.8045848954379378,0.1171115818891032,0.2721046548772795,0.4768789215959873,0.3812910489680315,0.1387695553233102,0.6982910220165062,0.7262239121178778,0.6567261895516346,0.0010130497194754,0.026756175001569,0.0142467848093111,0.0106861578268183,0.0004689074371779,-0.0947894986280718,0.936677034146049,2.2476066155088894,False
43440,443,116.38016208932986,12424,112.37684273325956,21625,192.6599074916671,44394.663748817904,207.63773872832363,137.59563810073203,80.95065971048301,56,0.7777658965032818,0.3893043602364165,1.5024184740914612,512.3642009047718,22.301768017096865,26.051132015248704,22.805514927031744,0.0,0.3601024032734913,1.2500242871050071,1.0021872809215129,0.0045098916348676,0.0467268086277907,0.0205902862630236,0.0088937213551416,1.0228704317190473e-05,0.713755016405749,0.5772403944392753,1.850083179988224,True
63822,443,0.5986523328531228,1254,2194.014939419174,14214,37847.37735833928,410863.04972698935,638.0987116434416,693.5199793714589,670.5435932438158,1048,0.2125682957613186,-0.4772293637080598,0.9596154041970988,0.0326228712022384,0.1473007630231107,0.3399262730949428,0.3414653434739254,0.3939674347812028,0.1155524521921137,-0.1364689980714279,0.6261779810608977,0.0023621432370507,0.03412924220912,0.0389033585973822,0.0399968802887486,0.0006121815445044,-0.5284088334042933,1.3810528747028137,0.7318188684758925,False
63777,443,0.301294,689,2286.802923390442,15410,51146.05667553951,461977.1475,679.6890079293618,804.95,927.0,1514,-0.5387022531311155,-1.0431976856004852,0.8443866177145931,0.0057405344348475,0.0757663146447515,0.10043495,0.0939385,0.093938,0.2572297476969872,0.085749848471085,0.7543819621033474,0.00010915917675,0.0104479269115935,0.0171245,0.019981,0.000868,-0.8202105616273861,1.5559546058808105,0.6101157354429918,False
443,39316,120.81701608466814,496,4.105381974112254,448,3.708086944359456,9.0,3.0,59.0,59.0,56,0.0,1.0,0.0508474576271186,1254.444793031467,35.41814210069678,60.41064710167231,60.40853034364396,0.0,0.0001793015236881,1.7056413395968937,0.5862897332999327,0.0001628571158457,0.010086389459233,15.084750704589467,15.089006600982415,15.058242429459522,-1.237963606146253,2.3397568102055164,0.0006687616893832,True
54082,443,106.17069050481126,18007,885.5146885634392,545412,17614.949158751115,4317219.563408819,2076.083706633558,1395.994070890537,532.9720389179228,66,1.2511869986782065,0.6394962809079235,1.492152592778488,376.476194365189,18.56388001790665,4.681379844372328,0.3116355278008861,0.0,0.7222329399391978,0.3630494291678307,3.6893120335870826,9.234564093813042e-05,0.0096084245500467,0.0047605796717399,0.000690438800289,1.6061177885068554e-05,1.2658735755621768,0.4924466121555881,2.062732393389756,False
47745,443,97.8857565835653,605,6.185649593142097,733,7.488329832577821,96.6791307305975,9.832362433163262,62.59702931120245,62.0,56,0.1818855967036687,0.6708822054818734,0.1570724990881119,1221.2626689676017,34.94656319605345,63.45062492182687,75.52288461609304,0.0,-1.0363868620824814,1.8156345340697968,0.5508533855344485,1.3819575943205148e-05,0.002334342623874,0.013837229131912,0.0149771499173981,0.0091859348959672,-0.3602816149283405,1.585838218398413,0.1939155915512525,True
55375,443,0.5873826257020018,1300,2247.538154754314,11393,33852.66073184562,373525.2300114541,602.8121205188958,609.5034208245813,621.4248861009333,980,0.0749866276693014,-0.4964403368684135,1.1660284322335408,0.053482803033245,0.1833526796177312,0.2233049839785955,0.1649841617373512,0.0593535240368066,0.6045170436130097,0.4885555555242942,0.7886895262549272,0.0004919718825036,0.0190807017652522,0.0304538132799041,0.0420413142467856,0.0005565342814956,-1.3840590197556666,1.5621079008199077,0.6194980022967412,False
43327,443,2.6248417234011705,2068,1504.1291971131118,5899,3714.29874304293,530144.8177225364,728.0091843282073,314.4146856986236,68.28769350679737,66,1.0132641254279569,0.3407217807955693,2.326482859297029,3.2573091677608046,0.9009842015395764,0.8025177498203668,0.4552550388114094,0.0,1.443252513721328,1.1863780519039464,0.8768932835658567,0.0018090220786741,0.0417390608161049,0.047254983134767,0.0492700355514181,0.0018614638462444,-0.1004016231885792,0.9855565492882516,0.8845541565465014,False
47753,443,105.74397514246348,448,4.23664799257734,496,4.690574563210626,9.0,3.0,59.0,59.0,56,0.0,1.0,0.0508474576271186,1197.6928043819537,34.60769862874906,52.87157139757138,52.87151290908917,0.0,5.070126293157306e-06,1.5277401703259612,0.6545615670941578,1.420482905530414e-07,0.0003273276569371,0.0151382300305214,0.0150204582296454,0.0149475724823539,0.7721097477481602,0.8355772343547362,0.021550154509066,True
63917,443,1.7999404334991087,11398,6340.81167256745,494125,276790.5019921287,467652.3313651115,683.4176755440318,987.5812011702478,1514.0,1514,-2.304668820407009,-0.7682229401356697,0.6947607591268945,0.3889331573816106,0.6196853119963965,1.1285651114202273,1.4190288115004113,0.2423781165746308,-1.3801505888138523,1.409523759481189,0.5522513244140893,0.0034755073097455,0.0587387443137731,0.0082653329835741,0.0003293308896525,1.8643887103458224e-05,0.4065024278672572,0.1411412709972752,7.091049227355352,False
63801,443,0.2997804279835482,1189,4007.407577859764,33917,114628.14092019944,464261.70689011633,681.358048042954,825.3161175744777,1025.8114877125704,1508,-0.8789110555405395,-1.0033930944159046,0.8275040148047679,0.0056578874464526,0.0752093684378424,0.1160759735360461,0.112418022196644,0.1063055793130512,0.1419523074849162,0.1314795485006565,0.6888674700682962,9.72710588176578e-05,0.0097461454386226,0.0149594588302799,0.0172974786810986,0.0015871773270857,-0.6692811421104644,1.2798791447436484,0.7359536882943503,False
63917,443,2.051109265704205,27435,13042.266147430577,1126020,534927.6242865864,470584.8140187366,685.9881369146076,982.9601489452424,1514.0,1514,-2.322317970240545,-0.7741059900801818,0.6979148301207484,0.5097283250673582,0.712307933682335,1.2715654867638624,1.49184747292633,0.0856631247803551,-0.9491584523952392,1.6560492069280612,0.5597219121190503,0.0010848166267574,0.0220735483480627,0.0040927778588807,0.0003741177134423,2.365126524588405e-05,0.7608368395630531,0.2975931939873161,4.02956115056823,False
30125,26334,0.1533675287130907,441,6247.946873196011,7368,30353.36526118145,216717.72888358744,329.0365983726289,421.3495504876595,477.75257280603375,744,-0.131394179641071,-0.0315136546968263,0.52215380519399,0.0027286874132248,0.0400212838498201,0.0491430172074675,0.0440826623686298,0.0440250433876442,0.8325831716620787,0.284287622683308,1.510130301745967,5.116015924077324e-05,0.0049252244592274,0.0080638355976048,0.009402564721461,0.000416361545695,-0.3844004083826536,1.260554042511692,0.6844417507678363,False
443,55268,120.67779676565128,78327,649.0667164538565,46603,386.1802101511659,12393.809474384549,111.07197365770232,127.00265129662556,87.0,87,1.0813896408830606,0.3604632136276868,0.8737724190311323,1232.28821252047,35.103914908627964,57.31161994112431,55.80046684883784,0.0,0.1291794602873872,1.6326442115959263,0.6125266963527808,4.719581449830227e-07,0.0006093092898064,8.940337976443661e-05,3.646526994165979e-05,1.9255788343056706e-05,0.2903769094851905,0.1596914594373375,6.004761567356953,True
60676,443,21.771723365253848,8724,415.98397498330166,189117,8921.361065232026,1483775.2148218215,1213.4956280341787,1021.5013016790816,111.55150213089644,66,2.26038421604541,0.7888596865968959,1.186339916333205,21.856652723021117,4.26764175711725,1.2602769698383265,0.3105178993496088,0.0,0.6654822902019374,0.2977673581598561,3.359676218270932,7.148835300538837e-05,0.0084540491590841,0.0041944388582955,0.0009205221882966,1.4041996808531388e-05,1.1617613202025845,0.4945358676098323,2.0154228592304086,False
47758,443,107.67162078355528,14573,135.330576686176,25064,232.7852359868617,34791.30889941208,186.48470717280512,128.07759202418137,87.0,58,0.6597867628742298,0.3728435504710697,1.4564993710409273,406.0284146754654,20.14221735394033,30.516185649014204,30.16765866146513,0.0,0.0521340529187304,1.5168457450248585,0.660471973426984,0.0001459108212457,0.0118804879501337,0.0104489588912029,0.0098505187016701,0.006389998113253,0.0052990949893766,0.2532478968495986,1.186864751405632,True
34195,443,130.62230533153692,8146,64.51891503152152,22171,175.48803639293143,61170.67232614903,246.43255338157888,165.02229941784643,73.59538498994917,56,1.1115122966310331,0.4457440157213768,1.4929892424964144,685.9308450570479,26.015375918994167,19.11612199395332,12.167870769495543,0.0,0.756657912406903,0.7731487579551466,1.4895104857535697,0.0153796469945209,0.1236274627331336,0.0513964229055757,0.0150201017820862,0.0044262248297078,0.8700292083283858,0.3803036735332382,2.45200017401474,True
47746,443,97.91904267596584,640,6.5360128569218245,733,7.485777225193276,95.15082644628096,9.754528509686205,62.40909090909091,62.0,56,0.1258156892005639,0.6570374880473933,0.1562998013205364,1220.604879202503,34.937152964236,64.44180472907382,75.52751407908585,0.0,-0.9519136831801368,1.8445066167962425,0.5421504185205563,3.605111662919084e-05,0.0060042574174437,0.0120187050706687,0.0149977365997628,0.0126346870424506,-1.4884596543479665,-0.1021234345452946,0.4995760483674151,True
63903,443,0.2933537906190669,3313,11313.106970898942,112501,384173.51447849406,473961.962033784,688.4448040348989,911.7907951919904,1445.3657554125327,1486,-2.323440009250533,-0.8343825219395368,0.755820364809486,0.0053069677558752,0.0728445709492373,0.1824878688293595,0.1908822026491348,0.1588184075481869,-0.3475165096549433,0.3256481745601653,0.4106924788217652,4.679402695732169e-05,0.0067663763976566,0.0057666788860649,0.0059032283983386,0.004640809286252,-0.0284337715698949,0.1076608064846215,1.2702625159378558,False
443,53594,58.164381962704255,23281,576.9236313503964,13801,341.4258343695275,6419.739926017594,71.30270561813475,107.19431244032243,80.76786030801115,80,0.8725654687546437,0.5134315738225784,0.5951145044658729,410.56072542658967,17.987578602830084,28.12631968739795,27.94758201631244,0.0,0.0412574474341228,1.5091901267753258,0.6655563856988613,1.359960665089715e-09,3.584390586060615e-05,3.35847823087236,3.3584757085503463,3.358472726738293,0.2553487064256733,-0.0621237676817644,0.6354932904178083,True
15007,31654,0.4023245633425198,987,7023.467349729186,1794,9195.208501875382,79957.95727483509,181.92507643400003,151.6915691750708,87.07211284390621,66,0.5515258943102225,0.7102270399026377,0.7700134686063008,0.0487276266959283,0.1377293718623596,0.158580504281048,0.1032115001344306,0.0,1.2899031910568948,0.7183974806279703,1.6989065659921077,0.0004130396335895,0.0122199648601035,0.0192175800143554,0.0287698191107218,1.9437964604879025e-05,-0.8454261173254359,1.205869122688953,0.7088741234132344,False
39563,443,98.73565631165178,18378,188.0127027547384,32615,329.42260411321325,30290.38219917472,173.32221126540946,128.89861606255735,102.62941992664057,64,0.4315011669408701,0.365494521446279,1.3465051535953751,434.4548085336075,20.842685759102945,19.421651924520077,7.882452933506595,0.0,1.6663230399481763,0.9305456140138182,1.092736692621815,0.003072990215214,0.0398575181483042,0.0300526203721351,0.0235848072371414,0.0235563172164779,0.105696187729553,0.0361543758518935,1.1551404767142013,True
443,34195,120.81698057803426,496,4.105383180633786,448,3.708088034120839,9.0,3.0,59.0,59.0,56,0.0,1.0,0.0508474576271186,1254.5576212329065,35.41973488886573,60.40912486821069,60.40849776683074,0.0,5.3118245069863656e-05,1.705521658488184,0.5863308731293823,4.087841922257397e-05,0.0028828544086842,15.08790405773924,15.088950833559643,15.080600261436183,-0.0910091925741638,1.9901781689592588,0.0001911322463176,True
50566,10694,0.9788279914476564,1990,3625.5083463442415,9266,9992.63802435498,238335.6033837963,437.8934886807431,377.2219086264481,114.26915292597398,56,1.4823259164394351,0.7584187531373271,1.0020464078378684,0.0710947212028063,0.2386953763198422,0.6729823414859332,0.6869462868558436,0.8168923430648205,0.1343193451098456,-0.3857384065242735,0.7362511956460536,0.00566341413017,0.0668838816056046,0.0674501161246592,0.0653414408743264,5.590167085413859e-05,0.0746965215483784,1.006025914230026,0.9408186519298166,False
47744,443,97.84138677412346,593,6.070092745255759,733,7.49172243388742,97.1928494400873,9.85852524847006,62.66020225024809,62.0,56,0.2007327338996417,0.6755359190431572,0.1573322309386721,1220.6753933168654,34.9381618451835,63.10538713793248,75.52132565446485,0.0,-1.0661312439285635,1.806194542401608,0.5537008617244283,6.375453764415747e-06,0.0011031424438221,0.0144524357745715,0.0149751834916571,0.0122719813561296,0.019023961236672,1.4461908753884822,0.0912074741824723,True
443,34195,120.81699672328251,496,4.105382632015498,448,3.708087538594644,9.0,3.0,59.0,59.0,56,0.0,1.0,0.0508474576271186,1254.498277864562,35.41889714396468,60.40992149078684,60.40850809504103,0.0,0.0001197220605516,1.7055844925941757,0.5863092740846668,0.0001029843374944,0.0066213415452797,15.086292945970271,15.08896507936694,15.069080151935546,-0.4213752919023977,2.169988184270034,0.0004390098679725,True
47750,443,105.7430168677014,448,4.23668638620877,496,4.690617070445423,9.0,3.0,59.0,59.0,56,0.0,1.0,0.0508474576271186,1197.6861733901644,34.60760282640441,52.87152038114585,52.87147707687742,0.0,3.753880502518717e-06,1.5277429253437609,0.6545603867057606,1.5374980209614374e-08,0.0001093820845239,0.015019608240101,0.0149822473179702,0.0149572967815643,0.7392614884084207,0.8190861337057486,0.0072777275882558,True
63915,443,1.7338195790594495,12131,7014.960860840456,647210,380005.91601206566,442771.892694223,663.4870665829868,1000.3910512732072,1514.0,1514,-2.2887480694567945,-0.7629160231522646,0.6792934554041148,0.2037300912153597,0.4458987273084286,0.7860350658992821,0.6643278709017205,0.2195835760989032,0.7004308397821694,1.2158140210532644,0.5771700345293735,0.0018639221070525,0.0430739738680968,0.009778956148818,0.0004737079892454,2.4785095496077345e-05,0.6402089232408026,0.2243192039212787,4.546785690873438,False
47754,443,112.08567175845214,471,4.2091089015687695,496,4.444399364385312,8.986909513530263,2.997816361657658,58.92582057667149,57.73894980341522,56,1.1889295272289724,0.9759597768813958,0.0508744569717353,1275.558498702041,35.69224555847572,54.55195588850128,56.04283756270359,0.0,-0.120271545847327,1.5283715452163626,0.6542913193941274,2.890025236528396e-08,0.0001422679851805,0.0150451541067171,0.0150045708982962,0.0149528006538661,0.6960251028094464,0.4928297878805414,0.0094382204700332,True
49459,443,0.5502081577541678,2827,8488.41400647673,50369,150123.0800377934,3220720.5525931194,1793.5125469601403,1052.7180866552887,104.01135364476742,66,1.589499101960656,0.5510694887119573,1.703486602020289,0.192685108223287,0.1311620280630468,0.1464699733928854,0.1108526895402454,0.0,0.8925784119221559,1.5425107696288998,0.6730967821427283,0.0001019331715921,0.010094635548782,0.0077096432840229,0.0001044008178674,6.0908291581393525e-06,2.258117256986911,0.7626288686524401,1.3130251606976793,False
61553,443,0.3770173102536024,850,2276.410136014944,14346,46568.75765440769,438565.2695405879,659.3408644740617,753.2182615689817,846.1189125440403,1372,-0.3762681353607673,-0.89847932691047,0.9295203165870524,0.0183771871798363,0.1042427899814262,0.1329567801881155,0.1127432066628706,0.0847840149476651,0.3491514156460517,0.1923663958863024,0.7634626528086167,0.0002104838806443,0.0127328911844269,0.0206525665999388,0.0258200298317603,0.0007855597590509,-0.9694526771644684,1.5575832895120167,0.6125990788548638,False
35004,443,2.313295115267508,2569,4887.973350528385,7819,13111.567299779916,839800.8271464882,915.2665454717888,477.1960164705627,76.09774037011988,66,1.313249859701397,0.4492367437125044,1.9174292267534148,3.803034582937901,0.7190361448802858,0.5768578843440255,0.4148353036221379,0.0,-0.0440092018148031,1.672471364069482,0.6665079278044067,0.0008555414651794,0.0288050552274226,0.0630043600614257,0.0737843700957434,0.0022943415226904,-1.0261089448229284,1.9506428708515284,0.4897495901036398,False
37950,443,0.7101854540411474,2185,3966.807377065716,5682,10466.490053285132,738624.0378221809,853.7011413660895,418.1855492373666,71.03486282346488,66,1.2016633759307822,0.4059697900159432,2.0849895230058304,0.0914693640974571,0.2614449799421698,0.3726142825616887,0.2921038766463374,0.0,0.4675889387925628,1.5789464231783077,0.6534565166854724,0.0013012905987365,0.0354674066410465,0.0612377208643938,0.0697868061077613,1.3111926441200672e-05,-0.8159426850770994,1.824858224578808,0.6090220573787051,False
41853,443,3.0953174796507312,4358,9513.170013730702,60033,58970.488061556025,1478109.8293546045,1215.7428049828463,587.3872808399508,80.93913593015208,66,1.2518532393720476,0.4296247630243408,2.130807033648887,3.678911569134055,0.684075727767679,0.387737808327748,0.238557899017437,0.0,-1.173613169943578,2.320261237750874,0.6176727716929951,0.0001700687329362,0.0130177319704061,0.0113027243983331,0.006389814181569,0.0001128771743252,1.1379593876039802,0.8512427469880266,1.1895875441479626,False
43595,443,1.449342823226208,1909,1586.6739368512028,4829,3883.400169563654,526018.4198119644,725.2501756233056,308.21619328974737,66.44619814752244,66,0.9998777383495774,0.3338712855434113,2.355394183374514,0.8053210928810408,0.5456600276499477,0.6131891046284779,0.3617358850521541,0.0,1.4808199204152777,1.2250831983238577,0.823103233302792,0.001914589650064,0.0435971334405172,0.0493833035468782,0.0517194916930963,0.0003751394790051,-0.1519288335791687,1.103846646832314,0.8830858535114637,False
443,55268,120.6781258011118,78211,648.0990721311211,46331,383.92922430367753,9271.637908648416,96.22327501865502,122.73308686521868,87.0,87,1.1147164021213063,0.3715721340404354,0.7838486164427861,1231.794282763377,35.09640786292545,56.80772275934359,55.78203441139621,0.0,0.0876263062838446,1.6186499893156856,0.6178062674287745,1.769290204404266e-06,0.0006994660218889,8.700663998568855e-05,3.1881246764353765e-05,2.142503882775482e-05,0.3489310974358768,0.2512924871225095,4.022930220873041,True
52090,443,61.80773549842465,11617,4110.84973623521,337291,73830.61634188774,3866219.717688624,1960.505964237128,1252.299573015839,353.1829080561589,66,1.3896789446830289,0.6012810361036488,1.583234712833932,218.69204171296155,10.819614591791884,2.7756275164479645,0.226524541622581,0.0,0.7947233082008184,0.8633687616600685,2.4122784222861555,9.651182753248e-05,0.009820175496642,0.0060135188138466,0.0004408807529734,1.1844375242255327e-05,1.6870166021414092,0.6069728576203619,1.7451452709449025,False
41820,443,97.87451568761796,20798,209.4471575851493,34873,350.4067721988605,26443.62779265835,161.78109524694972,123.63943331810891,103.25671905617926,68,0.3984523698421159,0.3435223274053122,1.3088709506721288,486.9839758137709,21.828547822067456,22.64963295409372,10.926846089213406,0.0,1.6994797510561883,0.9874915535882705,1.0778975667812791,0.0427444031790047,0.0863655324366563,0.0394028927979721,0.0226938288475074,0.0224488849017621,0.034355728150615,0.0126973285794699,1.274804695028351,True
63844,443,0.7353379748456053,1514,2151.363418486126,13664,31734.420971065232,387367.6151046093,618.9810488089969,642.299340081788,552.6591934215021,834,0.5579021436482338,-0.2170727281666398,1.012582208608649,0.0449797788565596,0.180182747218266,0.4500123935502603,0.4552451228598888,0.5318808926494464,0.0504281561751343,-0.2386155409681939,0.5672469153441858,0.0033977643670398,0.045014747766039,0.048914368683039,0.0491975084368209,0.0004945903894577,-0.3942773760007096,1.300656421096553,0.7877617126245219,False
47748,443,105.74320086895852,448,4.2366790141213055,496,4.690608908491445,9.0,3.0,59.0,59.0,56,0.0,1.0,0.0508474576271186,1197.687455777265,34.607621353906815,52.871530701552544,52.87148519295188,0.0,3.944962722258339e-06,1.5277424056663162,0.654560609361708,4.302050056925819e-08,0.0001828123457194,0.0150517122791399,0.0149861398659299,0.0149523400335175,1.0715286087825728,0.536568125287075,0.0121228214963267,True
46405,443,120.80642439391006,29866,247.14743150452452,59033,488.5642894280372,26452.92447869656,154.59714930777238,141.3598735918789,87.0,73,1.0434684125668974,0.4087687907583794,1.0658328445862275,774.6264867156967,27.35592394596009,48.631499208048695,48.87084735240697,0.0,-0.0002665449255284,1.7097829122649877,0.6145329844425416,0.2605095971582681,0.4408064507907326,0.1315316864096871,0.007663995016525,0.0063118875717388,0.9343637504842504,0.3136264885533004,3.0162625156004244,True
443,55268,120.66356807542908,78670,651.9862849234794,46493,385.313525181006,8813.252796145363,93.7856637230891,122.19338520775727,87.0,87,1.126675644456736,0.3755585481522453,0.7673030841815908,1222.6669597445548,34.96593799856197,56.73102903360318,55.77973746115212,0.0,0.081551947462399,1.6225079288236757,0.6163400766465714,3.930394099621787e-06,0.0014727606433904,0.0001436030110788,3.1735814939351394e-05,2.3170220727783256e-05,0.3013934374377361,0.18472527552526,6.907338711652402,True
47369,443,0.860036653300376,1884,2210.1172426677563,7566,17371.355180701757,289226.976304675,529.5453384849827,423.2349284588273,330.1994473615512,472,0.6598569441035607,0.0246415232894576,1.4725660862820031,0.0989831153511331,0.2858868354324629,0.3404050943140156,0.2326935499332237,0.0263931201039149,0.9354958783461425,0.872445680824371,0.8213860220350891,0.0008568078691963,0.027308085246243,0.0431571877743238,0.0630656856796335,0.000259694858395,-1.9214293982059591,1.567972239690524,0.6284396819577219,False
63917,443,1.910522643148012,18063,9094.329039627912,733368,368687.8659042393,473376.1212786397,688.0196244063438,978.0030571336648,1514.0,1514,-2.337075273806269,-0.7790250912687565,0.7035296408485441,0.4495144609980357,0.6686972202636545,1.2104144901150125,1.480055614595668,0.1748397710215143,-1.2326257666396188,1.5391946237638836,0.5519672617952927,0.0025443185434345,0.0440850755028393,0.0065670343635931,0.0003281903197494,2.037073712495981e-05,0.5531482330206972,0.2055132827174552,5.858546210102902,False
26575,37725,1.2440684733793763,370323,195053.80302475375,13816,25015.97644304517,448396.05703176087,669.5701081793327,935.1680633076774,1271.7934236529927,1514,-1.518648657479679,-0.8625653340071046,0.7274293243116271,0.1691573070999615,0.3442620594455724,0.593226704713726,0.6203449578199103,0.5409377100173737,-0.0616258717179972,0.1284778942933981,0.6444631373363277,6.440980377706551e-05,0.0076839638248787,0.0074715501847504,0.0082550866841828,0.0003681376430516,-0.1320171346484198,0.7109220780599199,5.135460016468217,False
41918,443,23.795400382604512,19576,1884.509800575917,393509,21721.69351905062,1424299.4696871112,1193.4067398754105,889.1804340348526,102.03712216505474,66,1.9809133932100884,0.6905549454878981,1.38276426488145,30.06325105237733,5.1797254242177,2.111421917694849,0.6953695434583055,0.0,0.5770422663557921,0.6408476186632224,2.2411417243259533,0.0001229895880509,0.011062454454615,0.0065461041347883,0.0014857044923006,0.0008872514098358,1.379137813130593,0.5016505366085777,1.75575165232578,False
53898,443,2.724404143441297,3160,2929.337851524353,36381,23811.680276932435,1208044.3209665506,1098.5944055198595,728.4834194999753,80.64152233757704,66,1.7639403874711648,0.6011123169554383,1.5226091229668326,1.6373679033887354,0.58620080856292,0.3657541005565223,0.2608177683154979,0.0,0.3107189960972532,1.2000519054157903,1.0229734716363956,0.0001859659653942,0.0135333247427451,0.0170743167964075,0.0243030788096489,0.0015991053797361,-1.4940155430339557,1.1180492968519544,0.8849794895406299,False
16105,30334,0.4309212094848681,1045,6818.594153691052,1908,8982.80662806279,85954.72967001706,194.1477920069377,156.86862436058925,87.49206446299526,66,0.5759190375011954,0.6988767114316456,0.8101146238626599,0.0523946298058475,0.1474694975973799,0.1702381340015248,0.1109820681448317,0.0,1.2861226004239503,0.7379168706222874,1.6628947660611604,0.0004441688377449,0.0131368731826563,0.020660518725516,0.0309326783236418,1.954633921625684e-05,-0.9091430729465456,1.2213847939999205,0.7057746028286941,False
27889,23604,1.4352121928197137,231072,121609.74227434093,7535,4922.772179854066,493577.22550209885,701.9137658279606,569.4205425285768,594.3843935436518,594,-0.1724033238539624,-0.0574677746179874,1.735808194952153,0.2377473891797706,0.4863146749806052,0.7030898630053126,0.5766493733216679,0.3119733990335657,0.8420187563387851,0.8418337883021805,0.72146280024756,0.0012442216481989,0.0300696171836892,0.0319425626271395,0.0332302224721234,1.572981269826471e-05,0.023816084511061,0.7620573441407601,3.5945836118939134,False
15827,41321,1.6422699915502426,406391,213401.4388845233,9804,5686.458337067966,469527.37583184894,684.5748369296041,770.3675142205791,998.5515613129731,998,-1.0666132709123657,-0.3555377569707885,1.2565214883283171,0.2580543264197918,0.5067763815002099,0.8069460569133453,0.7583719196460602,0.5506053621412117,0.3464298309069297,0.5415084066950133,0.6536863149188936,0.0007118837711432,0.0193778933863189,0.0182074816427375,0.0186335912300677,1.6288054642697475e-05,0.1677953814908155,0.4786950234028332,5.668910890529034,False
53685,443,97.338060596049,16735,1527.67639316007,503975,28807.44486223423,4227425.844176592,2053.0722678299217,1367.3846078944423,497.1761625095237,66,1.278760637635052,0.6318876553287592,1.5102869721866985,345.06149203879664,17.02200278240132,4.301946035062405,0.2946899965130239,0.0,0.7366657159955404,0.4626626199362706,3.435055632766907,9.31751254554138e-05,0.00965058399916,0.0050100388824448,0.0006407519867669,1.5221615751822517e-05,1.3497228252772795,0.5152486987362674,1.9995010438112548,False
443,49632,100.63855960917324,7834,188.59218566171205,4748,112.47638802524273,2073.6983890997817,24.99816056935647,74.52187741316152,66.01074550375955,63,0.2810259874075048,0.8432915611444223,0.2261388136666005,982.7656729720971,29.80584956489263,50.01142853705925,49.95384934649125,0.0,0.01328886464585,1.6422552308127212,0.6118586823025418,2.2745167151115743e-09,4.682920628145609e-05,11.310945269994454,11.31094547453061,11.310886890018134,0.0236268449570828,1.0675880957268202,0.2046748081244001,True
54578,443,4.478595163201581,3696,2680.720918408291,50944,22342.05828161968,1231231.3926010998,1108.726908682998,756.9373568314566,83.05441168404744,66,1.8145795468063128,0.619908194739082,1.4888975718934077,3.0921021480233506,0.9283441629523675,0.4489551628122217,0.2657127165030375,0.0,0.3458038375150447,1.11073872042361,1.2535778957909591,0.0001745980729867,0.0130286273210149,0.015798064682595,0.0219871071852618,0.0014420888396714,-1.2309555424892076,1.0563244278068498,0.996792380833866,False
28406,35890,1.1976621179536695,352129,185565.1987258003,13894,26302.18202540974,449064.5614611167,670.068192579766,928.7583164389036,1254.8215956938277,1514,-1.4704125814907576,-0.8714566323463315,0.7331863339470616,0.1611134142613743,0.33104584568996,0.5689699286067846,0.5944335592089426,0.5189349638633559,-0.0459307849057545,0.1263746841014965,0.6498736911794223,6.66125101144738e-05,0.0078200148710274,0.0079466990487489,0.0088322733989167,0.0003927424566687,-0.1658922019903946,0.7525172643315359,4.9127081908102905,False
63917,443,1.7437645315621686,12078,6963.158007079074,772453,453354.6238144075,419251.9269330003,645.4648017750603,1069.866970450038,1514.0,1514,-2.035367220215537,-0.6784557400718456,0.6145630023313642,0.2822244960357181,0.5102931278242301,0.8931124643722612,1.0907407054419953,0.2617177934926828,-1.0217059219817344,1.1267634629269851,0.5890666711337486,0.0027030214699962,0.050901954739305,0.007704042556228,0.0005439843946757,2.2669784043365333e-05,0.4280384076308688,0.1547174120333719,6.53302443218539,False
47760,443,107.4116455908064,14915,138.84536347419265,26376,245.58505130626412,33081.99600561635,181.88177811635995,128.02983455434958,87.0,59,0.6770164621875637,0.3755095418940213,1.4213931252957148,407.24039851269606,20.176111896307926,30.748999300751585,29.86364567537037,0.0,0.1305219152471977,1.5247773539926643,0.6562179247415916,0.0001349237681849,0.0114785472370897,0.0110172638778761,0.011602767043586,0.0093176597386402,-0.2687926469703595,0.0766195584744885,1.0832913994791642,True
47745,443,101.61736363456887,518,5.137971715989524,619,6.147664082004546,55.05617825417188,6.575533816180295,60.93005398163926,60.55888975440094,56,0.1126911527824059,0.8334690272512262,0.1062956770961753,1209.3708665817474,34.775634655882655,58.03576047497127,64.64032343640889,0.0,-0.5672241195562635,1.6682351804021769,0.6034175093255876,1.1397380950591212e-08,9.53187156729829e-05,0.0150041642905172,0.0149763822204911,0.0149332148032746,0.6918009912928559,0.9447084005567116,0.0063472753284198,True
54270,443,8.274986061381037,2179,1487.6869320720325,18178,31814.530491504676,513137.9935560189,714.954930549539,652.8682659982517,606.5348106253573,954,0.141102801741963,-0.4676223935093765,1.2425802203045504,16.02227474760017,2.533455015811654,1.5112792039512974,0.7964339096032133,0.0576682904102708,0.4889985354912675,0.2776983184196731,1.1255027901915513,0.0001299584891151,0.0113438229843053,0.0159453600942763,0.0165437212669786,0.0101993285503691,-0.2320939611012883,0.6236099084208419,0.7249163939320933,False
63917,443,1.826045705278269,12431,6722.057541063437,497428,268796.24403436057,475053.3867658019,689.2403226456373,975.0243957975628,1514.0,1514,-2.3459427733860982,-0.7819809244620328,0.7069035181661585,0.4133326197858811,0.642492027614884,1.1736695363587406,1.472970018075487,0.2284250259125715,-1.4029581230055583,1.4689780044137086,0.5473075786640629,0.0034213170123793,0.0573115573548305,0.0080537875782445,0.0003005930596903,1.839950426359356e-05,0.4283504592914129,0.1501834881611751,6.957562990147114,False
63917,443,1.8855793569521744,16400,8393.874591170497,663702,339193.1259704995,473871.3631059085,688.3800568072957,977.123555531684,1514.0,1514,-2.3396935573927578,-0.7798978524642526,0.704525836847654,0.43883114264861,0.6609596810424389,1.199564902986171,1.4779634689009031,0.1906617501596013,-1.282919359428199,1.518461944806507,0.550591409250739,0.0028032676052238,0.0479904244716545,0.0070060241266076,0.0003200417483968,1.9788696314064023e-05,0.5162995182681251,0.1891761978801449,6.183050042390709,False
63889,443,0.2942405471388444,3020,10305.056228201523,101658,346981.2623219134,472623.5070993741,687.4669634125758,899.8588967785532,1387.4750637205389,1489,-2.1241218596394638,-0.8577028399464407,0.7657113762964705,0.0053553881514709,0.0731708690538361,0.1733242615177647,0.18005560397254,0.1515726131819409,-0.2799789094745719,0.298856512711292,0.4490754578412811,5.3758919258318144e-05,0.0071775291474775,0.0070351116741768,0.0074754231797116,0.0042194648264327,-0.1168587988088502,0.2694051519488515,1.1965378276418923,False
443,49172,0.022891,223,9741.819929229829,275,12013.45506967804,390.0,19.748417658131498,83.0,81.5,66,0.227866357593825,0.8608284620211167,0.2379327428690542,7.21287798888e-05,0.0084928664118122,0.0039016666666666,0.000108,0.0,1.3400658209071543,0.4594051616354229,2.1767278287429974,2.916e-09,5.4e-05,7.2e-05,7.2e-05,1.8e-05,0.0,1.0,0.75,False
443,42402,107.03463984109143,639,6.145887476088758,530,5.069081197411122,62.66513936009984,7.166249302604348,61.24891903374124,60.81643460417561,56,0.131308906816868,0.8059563733009825,0.1154563013886347,1145.883495244766,33.82644306035919,64.73420414758263,69.55820693067791,0.0,-0.4413826655122778,1.920311626250688,0.5252055758348142,30.63392923018136,4.306930391669846,12.043634109842255,15.088935747957088,5.9526063140166645,-1.2349118207163037,1.594970629605437,0.4281467491887372,True
46535,443,0.4573446064337907,2377,7516.86595867511,16423,48089.87405849547,1359938.2095766668,1164.3667886952417,608.3926239012752,78.0,66,1.3818468556375978,0.4709542132332256,1.95480501553758,0.0205344341121863,0.1216101979667727,0.2003186669271981,0.2083291478987732,0.0,-0.7165310239168593,2.033043136054903,0.5487295069838316,0.0001856635969499,0.0136202017764592,0.0146642358848682,0.0152721148734551,0.0007375712411283,-0.0929585029737836,1.0184491962891695,0.9662989194500416,False
47757,443,105.74309120670496,448,4.236683407810932,496,4.690613772933531,9.0,3.0,59.0,59.0,56,0.0,1.0,0.0508474576271186,1197.686666413956,34.60760994943782,52.8715231129853,52.87147696884404,0.0,4.000056794480768e-06,1.5277426898382964,0.654560487608272,1.7437865275669877e-08,5.2491985752467225e-05,0.0150070157572135,0.014993260206307,0.01496376178196,-0.0198612967429898,1.487925057933334,0.0034670962834567,True
63913,443,0.292762,3509,11985.845157499947,119738,408994.3366967024,474855.20054577856,689.0973810324479,919.7537313432836,1484.0,1484,-2.4564580457902547,-0.8188193485967515,0.7492194459771679,0.0052746536592254,0.0726268108843107,0.188603343283582,0.1981075,0.163654,-0.3925887671795478,0.343528002672795,0.385077006694997,4.21458988245e-05,0.0064919872785233,0.0049201707317073,0.004854,0.004922,0.0305780320578668,-0.000281773240489,1.3194638219943686,False
63918,443,1.7488049870845348,17097,9432.97851495735,1247159,716488.4165201475,366745.9199676084,604.364707540691,1159.2297575142873,1514.0,1514,-1.7435768086552412,-0.5811922695517471,0.5271083683015639,0.196910997556546,0.4145226408309712,0.6719702819453168,0.7487004705238345,0.2412757811939103,-0.5122963521490557,0.8811068251108622,0.6315883904321192,0.001215888139737,0.0325097729001029,0.0059749048144237,0.000792236509711,2.8435636520828715e-05,0.5461102716975271,0.2113283916115295,5.103366519933508,False
443,47750,120.81699530862528,496,4.105382680085536,448,3.708087582012742,9.0,3.0,59.0,59.0,56,0.0,1.0,0.0508474576271186,1254.6063939927128,35.42042340222248,60.4085012805534,60.40850406982179,0.0,-2.362422729495269e-07,1.7054708972440928,0.5863483226925608,2.8134400819965213e-09,5.302888446327559e-05,15.08897872876718,15.08898850430244,15.088887878447046,-0.5409928954754776,1.7104126523593572,3.5144117083038704e-06,True
41928,443,26.702399,21714,813.1853621092247,440341,16490.690593006268,1416742.657384073,1190.2699934821817,931.5625,105.0,66,2.083298338678249,0.7271984547537512,1.2777135119567198,33.76851343022688,5.811068183236785,2.3534860362903225,0.7595215,0.0,0.8228940804145644,0.4050005888899108,2.4691322122295105,0.0001163780681971,0.0107878667120598,0.0058781121951219,0.000797,0.000996,1.4130075011332164,0.4525558505153024,1.8352604295325137,False
443,55268,120.6824105825389,78590,651.2176254761384,46286,383.5431916779253,8490.24521171133,92.12613635166346,121.8847785447988,87.0,87,1.1361576881596052,0.378719229386535,0.755810304649391,1191.454048799974,34.51688992502255,56.99949052851184,55.80638345614109,0.0,0.103715702358737,1.6514088727402043,0.6055673659368337,8.947542638181047e-08,0.0002921984570965,7.040101459388848e-05,3.29246433302236e-05,2.0924643330223594e-05,0.3849449770962894,0.1773465245386726,4.068205988483135,True
63910,443,1.1677367671796446,2336,2016.4372779360176,11926,12396.362335811282,313040.8796261361,558.5031946513681,480.2651845656641,179.7372729099456,157,1.6503500160193614,0.6059209190518717,1.1801402778212668,0.0840702924527543,0.2842034040207861,0.7982648130709364,0.8151822638891558,0.9681638244889136,-0.1555895830611138,-0.5617514691155552,0.3808211776045509,0.0066739045628589,0.0794505479579574,0.0805837423493671,0.0783032758162493,0.0001225961354151,0.0300413699177833,1.0463259080994476,0.9647343477673496,False
47748,443,103.86641951143336,494,4.793636169148971,553,5.367781720223634,29.92765520337957,4.640801946342934,59.82813226576435,59.72875639387263,56,0.0305629959848009,0.916687958851973,0.0764638141989294,1203.8378612397312,34.69601562694627,55.69088104525905,58.37505785349383,0.0,-0.2302593900681305,1.604499262399251,0.6273102086136786,8.752736364353625e-06,0.0015668415370649,0.0142966028252768,0.0149803502157928,0.0113226068893326,0.4471492094787628,0.8885888848712216,0.1286503852846885,True
63911,443,1.1708105413086285,2342,2015.478134461292,11914,12258.894735550522,312512.5164561737,558.0732784101994,479.1133395465123,177.08629938337333,152,1.658115851786922,0.6117712975126515,1.181331390440865,0.0843481734540681,0.2849428510530815,0.8007404196092908,0.8177409330893728,0.9712652096282348,-0.157054092232284,-0.5640485311649728,0.379495941226004,0.006697193515454,0.0796953402044145,0.0808088690222036,0.078510178694706,0.00011995175635,0.033057705778961,1.044517960054908,0.9659923852944752,False
443,47750,120.81700530086908,496,4.105382340547326,448,3.708087275333068,9.0,3.0,59.0,59.0,56,0.0,1.0,0.0508474576271186,1254.6063011888912,35.42042209218985,60.408509663469495,60.40849138735848,0.0,1.547929985892699e-06,1.7054711969903245,0.5863482196384925,2.715829551134601e-09,5.211219318696909e-05,15.088969168880062,15.088971210034282,15.088885188227554,-0.1161814947817145,1.6112264587201452,3.4536615788652707e-06,True
47753,443,105.74362018358164,448,4.236662214126876,496,4.690590308497613,9.0,3.0,59.0,59.0,56,0.0,1.0,0.0508474576271186,1197.692609721631,34.6076958163989,52.87156251597946,52.87151377276118,0.0,4.225349610800895e-06,1.5277400378373236,0.6545616238583915,1.1380538952415009e-07,0.0003195382952731,0.0151315119663802,0.0150227145671586,0.0149338618358164,0.9895078054540172,0.6397056660939962,0.0210920151291448,True
443,38670,120.81702743191909,496,4.105381588530689,448,3.708086596092235,9.0,3.0,59.0,59.0,56,0.0,1.0,0.0508474576271186,1254.4323390000818,35.417966288685065,60.41081945556151,60.408519968888726,0.0,0.0001947795025081,1.7056546721319703,0.5862851502377927,0.0001753163136679,0.0108531042149384,15.08441790080842,15.088991097045335,15.055895248821894,-0.8764431917971842,2.2910465962248883,0.0007195976173462,True
47746,443,103.6864622591976,483,4.6859604978771605,557,5.416928314458033,31.958173919693223,4.782339098016148,59.96209708804609,59.777078417268,56,0.0561745065018468,0.9169873146164548,0.0784873946423574,1203.5108496814826,34.69136463771854,55.44580164451591,58.7380356194784,0.0,-0.282749125833279,1.5977757583122136,0.629066594228686,1.6273167714291032e-08,0.0001203979107459,0.0150177482624999,0.0149779458431654,0.0149436389544364,0.8806185913039838,0.7375101063531369,0.0080127839865716,True
39597,24675,0.9140708067826152,240941,127579.91395954831,14374,34162.24179938285,453149.82189377886,673.1120086023117,889.5880669738236,1151.1059968333548,1514,-1.1756397662166855,-0.9257917537085584,0.768367677018723,0.1119568257706792,0.2502809730062749,0.4207356861663728,0.4360878447275683,0.3844751991621353,0.0499825917685488,0.1135218726596549,0.6829378274264766,8.007334694641285e-05,0.0086514288920076,0.010850354983516,0.0123594871979825,0.0005431035718821,-0.3729042518570978,1.0067073058670402,3.5514618329658605,False
21705,29054,12.394573669230056,636809,322618.54296096513,34325,11738.510182099397,549880.411383513,740.7875909928958,623.4833057804547,735.7458161114273,718,-0.5423882137275755,-0.1587138071172263,1.3898347270489313,22.9072004112658,3.770910720969359,2.5828888103475163,1.4818602768431457,0.2209672858677185,0.991817124768696,0.8995903123753795,1.1441339869287586,9.208273779888326e-05,0.0080833058119373,0.0077876196128599,0.0060922707516467,0.0137567496042765,0.45183732622903,-0.4491988610713747,8.582173854655109,False
63860,443,0.8423596534030038,1718,2117.9682696121013,13234,26948.1182989073,368971.23626724,604.0123634605446,602.194770840601,460.3584501919431,666,0.8282905145465885,-0.0133761334283317,1.054053984526834,0.0546549501449745,0.2059285760527015,0.5362072654128665,0.5443320437556918,0.6398639224802335,-0.0005626529033304,-0.3185939082662635,0.5211052615446905,0.0042086316246779,0.0535378454350058,0.0567527567375865,0.0564013862826249,0.000402519250067,-0.2892555645695481,1.2377078678353606,0.8315636584381908,False
38011,443,105.08217386321958,17680,171.90079069187544,35625,337.25336483396904,34761.42425365856,185.0550352753692,139.13950575961664,98.11074681775123,62,0.6202671853280707,0.406231076979019,1.3335663957352608,440.48830831710114,20.985979454595217,21.728765980656057,13.191574265847771,0.0,1.23154274998322,1.0327775724490529,1.0019516639400037,0.0077532027445021,0.0684586380878053,0.0406681198241693,0.0211159799766208,0.0210808374649913,0.3983928205576283,0.1335605509037949,1.4221089087282297,True
24012,20823,0.6369203495141953,1460,5342.76716374147,2733,7452.745965416891,129153.15056909276,282.1954911781902,194.16212062558856,90.5172329374954,66,0.7516377737103093,0.6171133503565085,1.0989877824796488,0.0788102969917126,0.2176335831060086,0.2542151740098035,0.1669582242197053,0.0,1.2588886928072045,0.8785269803781927,1.4034797360693203,0.0006684115427772,0.019741924872683,0.031054889174921,0.0465130766559561,2.0327027854837523e-05,-1.368135291750761,1.333153668263248,0.6834468595073204,False
53938,443,2.8282370367464846,3192,2914.621885475439,37243,23724.6914016507,1209416.7944930762,1099.1941618223382,730.1676457933329,80.78434445857017,66,1.7669377864824931,0.6022248698932325,1.5206136915421309,1.7234755529599832,0.6064527275450688,0.3706788817934339,0.2611075067916193,0.0,0.3127957143990381,1.194765339526685,1.036623253387198,0.0001852930847636,0.0135034510328973,0.0169987737409071,0.0241659933771823,0.0015898113624552,-1.4784446726659397,1.1143957199782608,0.891597842890416,False
60479,443,19.700107850306445,8347,523.4154944115384,177314,9589.815455773696,1432430.8635175158,1196.64893297367,1003.8386139980876,103.9915989037712,66,2.2539869987892884,0.7830042822952139,1.1963748097849554,15.715160590140824,3.8971995219082474,1.1709096195616333,0.3081872903094505,0.0,0.650242950901314,0.3357479906968117,3.254584700882728,7.595629648894105e-05,0.0086492535119612,0.0047237361040596,0.0018908969855302,7.962076763236974e-05,1.051675647989057,0.5207237624880074,1.9670181568354168,False
443,55268,120.677511918101,78571,651.0827247267038,46527,385.5564357567449,10977.299057354714,104.09246031253474,125.19490787390284,87.0,87,1.104538584239876,0.3681795280799586,0.8295196339026195,1209.671171738361,34.778997483031645,57.24675239646905,55.80714039838799,0.0,0.1240172178538426,1.646084036401161,0.6075163549767709,3.764349275134478e-07,0.0005637145379628,9.020460899833904e-05,3.561142554559886e-05,1.995542978176045e-05,0.3179650805294167,0.1369294724848735,5.951661608172449,True
44843,443,16.182223699554786,3657,695.2309411486699,20924,12644.11730410769,563872.4543830525,749.92693956877,502.0540130875276,288.7404454001763,400,0.8152422186060456,0.1031559332921474,1.6374551938351902,31.90532380298385,4.970660823508148,2.910365185773459,1.4930745750187178,0.0217008601927732,0.7188357135630055,0.4680470495323792,1.4935306194053366,0.0001505844556454,0.012232252471111,0.014776047388012,0.0131350895363555,0.0194528878500825,0.3511211522384804,-0.3009644326442318,0.8387602796382753,False
443,44549,120.8169974998048,496,4.105382605628892,448,3.70808751476158,9.0,3.0,59.0,59.0,56,0.0,1.0,0.0508474576271186,1254.6039824277905,35.420389360146,60.40853213505116,60.408490618058266,0.0,3.516369402442314e-06,1.7054734074508031,0.5863474596769276,4.643571222435768e-08,0.0001421091697354,15.088966404465769,15.088963270678803,15.088710982115092,-0.0364258384229508,1.6675856532186215,9.418087786117827e-06,True
63903,443,1.6530795547037715,10845,6285.429583355268,378238,217352.67261503,483177.51264726906,695.0953221217555,907.5242933979724,1468.369768101554,1514,-2.4170746330844075,-0.8728255297078795,0.7666651778571244,0.223216504605519,0.4591592340774831,0.8355229267146312,0.6550562751875411,0.1814812727900097,1.118496932750159,1.3364134773459893,0.563688021766894,0.0018742002462258,0.0422932956696468,0.0115051409540415,0.0018308176554709,8.868576823541218e-05,0.5963303892226477,0.3466816952235579,3.807669551520976,False
443,38918,120.81697348336604,496,4.105383421711764,448,3.70808825186869,9.0,3.0,59.0,59.0,56,0.0,1.0,0.0508474576271186,1254.599997130293,35.420333102975455,60.40856305295879,60.40850232093965,0.0,5.1438380670552536e-06,1.705476989097188,0.5863462282990094,1.2347982067308793e-07,0.0003014406454905,15.0889713813604,15.088967102740428,15.088407162433713,-0.3334118897778872,1.8688871890578325,1.9977560452853128e-05,True
47748,443,105.74302890778462,448,4.236685903812178,496,4.690616536363481,9.0,3.0,59.0,59.0,56,0.0,1.0,0.0508474576271186,1197.6862628256526,34.60760411854089,52.871521373084526,52.87147835385594,0.0,3.7291713517457233e-06,1.527742896965205,0.6545603988645323,1.918937491803915e-08,0.0001332488371458,0.0150273385208065,0.0149804230629365,0.0149551076755238,0.9577427979224296,0.6281691050287316,0.0088650391539731,True
42873,443,26.387685871411897,21054,793.4229677809438,427442,16113.433756313749,1418016.6657275865,1190.8027942112344,935.7877237662696,105.0,66,2.092929321270089,0.730394245008171,1.2729230420407396,32.89275351739319,5.7221698935505065,2.295866135365766,0.7369671783430586,0.0,0.8149630500491878,0.3996503338964878,2.513400019120807,0.0001141103961777,0.0106699197167401,0.0057933869611634,0.0008033252109252,0.0009467035148526,1.400387544606447,0.454682913101491,1.8442204857073616,False
63918,443,1.7792121309328444,18383,9918.626382352835,1259231,711769.2173290402,374430.762081849,610.4142288147525,1146.196328689553,1514.0,1514,-1.7864511289167573,-0.5954837096389192,0.5396940159168531,0.2237692121944265,0.4393495372210771,0.7205192830204166,0.8054151492012401,0.224715424130792,-0.5299471299939875,0.945896918680536,0.6265843263417237,0.0011271460891414,0.0305330584538262,0.0056992053399725,0.0007631666996535,2.825184425492257e-05,0.5735341023594872,0.2228126368373763,4.923524312633348,False
443,55268,120.66779105218406,78537,650.8586630942481,46446,384.91196036557625,8946.223406879413,94.49277801162626,122.34994452229292,87.0,87,1.1232064485472637,0.3744021495157545,0.7721026936577307,1225.314658552992,35.00378533931016,56.75327672724114,55.78040377179016,0.0,0.0833140273822612,1.621388798732929,0.6167653964888707,3.3034904394273336e-06,0.0012484395315268,0.0001271852570456,3.177800251932129e-05,2.2663969768144493e-05,0.3151833959473034,0.204035420072963,6.070615292492799,True
63917,443,2.120465300694371,32320,15116.658872474938,1325931,619572.0716505636,469918.6795884424,685.4984810917778,980.7872235041698,1514.0,1514,-2.333199414643804,-0.7777331382146012,0.6992817093827219,0.5275159326679943,0.7230269993788191,1.2813543875271882,1.435378635323383,0.0354048257135455,-0.5886097877750545,1.715480112300981,0.563837421953498,0.0002011910317666,0.0094593360150544,0.0030298674783982,0.0003983770292519,2.57559536580743e-05,0.8937680081346384,0.3538577394050101,2.8304753868835584,False
47294,443,106.43547641237988,14571,137.31659018544445,27207,256.105162383899,32488.609872213976,180.2140292093405,129.66964119636685,88.14033326659727,62,0.6895844087734979,0.373943797287158,1.3896769426600728,420.6680930495988,20.510085589772014,29.865330586082173,27.92141055816053,0.0,0.2829682218212836,1.4566211344859297,0.6984167374902213,0.0001345136548483,0.0110264996897589,0.0129058237703423,0.0156118665373877,0.0156009162596656,-0.8000305529607128,-0.2656849529329108,0.844001014765708,True
443,46943,120.8170038591458,496,4.105382389537344,448,3.7080873195821176,9.0,3.0,59.0,59.0,56,0.0,1.0,0.0508474576271186,1254.6057123292123,35.42041377974209,60.408515761956274,60.40849052973409,0.0,2.1370932422414807e-06,1.7054717694059591,0.5863480228406056,1.3721984338824234e-08,7.473079482786554e-05,15.088967972219963,15.088968305157072,15.0888411719566,-0.0738573497957228,1.620229109620904,4.952678507416592e-06,True
47759,443,107.62023415907092,13979,129.87488600818065,24904,231.4050040188456,35327.01212447227,187.9166172205273,129.56111504283305,87.0,59,0.6784711604512422,0.3720116187036011,1.4508611382671723,414.5499308352285,20.35286756620778,30.347570870346583,30.015535197360077,0.0,0.0491575640493615,1.492812738425467,0.6710712349468694,0.0001271122399509,0.0110669953136984,0.0109899745190669,0.0114999181283381,0.0091503003046087,-0.2904652344711909,0.0739397356574281,1.0531131855669236,True
41474,443,113.44020354093875,15065,132.83773623068464,34398,300.12096684782057,38801.313884175404,196.29994080576725,145.95006723400974,87.0,59,0.8855133225308449,0.4364057711226058,1.3502521491502302,436.3423805919777,20.884553141404588,29.14658554920632,27.97333597368537,0.0,0.1686493044325374,1.3977362652615688,0.7195925083371767,0.0089804412444316,0.0697289719723794,0.0374468211331266,0.0150130362659177,0.0149838047777262,0.0615458548960874,0.0212189806062887,1.4098909427444783,True
47557,443,95.52748110219429,808,146.85455406925485,977,207.4391120609644,309.90516570745785,11.868370759338887,64.0951446995131,63.10732703302036,56,0.1418242834155169,0.6574693518259704,0.1707686653556317,1191.5194212538615,34.08151299541143,62.83176549024761,73.59416369872552,0.0,-0.9024420492164396,1.8316314177412385,0.5471522352407532,3.959587957729096e-05,0.0061852455125959,0.0122835237668291,0.0152466210892332,5.180262540259129e-06,-1.4647466997001752,1.9937608228142931,0.5016682275005112,True
443,54923,42.87896608212469,28471,707.2847639848903,16842,418.2951065271861,7881.0217505095325,87.14407335428348,118.31964124741368,85.85346833988417,85,1.0808530449953182,0.3881327162504877,0.723724868757034,210.46702270538736,13.904211455371748,21.11593867125169,21.26196978431372,0.0,0.0172028499822161,1.4808462936194662,0.6789300082601316,2.320332562558359,0.3262404259980373,0.4613704591339541,0.6920304479997001,5.270693667976836e-05,0.2397240948492777,-0.4496300447578333,0.8123741440465595,True
47761,443,107.2024312238144,14189,132.364857401218,26796,249.96729446027828,33028.62304471913,181.7219177107349,130.25108770203042,87.0,62,0.7140073394575478,0.3755982313189306,1.3951103886099216,420.7509605702858,20.51207956326891,30.61149648717616,29.47969571208969,0.0,0.1656480013557011,1.492412048968549,0.6701097695744731,0.0001009162115344,0.0100440665106936,0.0121234449315172,0.0149851270236591,0.0149756986301254,-0.855023883197575,-0.2840731537395491,0.8284862313247371,True
63802,443,0.2996674693785426,1226,4135.817127866174,35298,119365.83929277532,464432.2046523336,681.4826093065611,826.8360506900387,1033.185836398468,1508,-0.904301001518041,-1.0004224586984407,0.8262440580581926,0.0056517194620981,0.0751678032754902,0.117243270618898,0.1137971577949587,0.1072285776846599,0.1333490968722561,0.1348923779309805,0.6839780921282405,9.638384287868546e-05,0.0096937711509482,0.0147978807701329,0.0170972061989234,0.0016408498756901,-0.6580172071951692,1.2592755007628242,0.7453450350266736,False
443,55268,120.67883869263498,78596,651.2835640417806,46455,384.95101681451,10176.958221801568,100.22834590955436,124.13599500597806,87.0,87,1.1151309936416258,0.3717103312138752,0.8056153703474727,1202.815057402404,34.68039213403112,57.17334960311563,55.80747358996661,0.0,0.1180037497452036,1.648642457762694,0.6065725281769745,2.8960414862911584e-07,0.0004851927597081,8.48124823917656e-05,3.480172547602634e-05,2.027930980958946e-05,0.3386620676836677,0.1462191033262589,5.428336804003071,True
40378,443,95.406155,18744,196.46531190781133,31037,325.3144411909273,27944.79026408635,167.16695326554932,123.52605459057072,105.0,66,0.332470997921609,0.3441233656941094,1.3532930669535843,431.2895221730537,20.76751121759788,18.211296920595533,5.097189,0.0,1.8944168778610733,0.8769128245450869,1.140364209542455,0.0006176635532363,0.0248528379312371,0.0244835316455696,0.02488,0.024855,-0.0478579173365225,-0.0149467177735659,1.015083864983766,True
47754,443,105.7429912125782,448,4.236687414103992,496,4.6906182084722765,9.0,3.0,59.0,59.0,56,0.0,1.0,0.0508474576271186,1197.6859828201805,34.607600073107776,52.87151826751354,52.8714743558795,0.0,3.806530994700492e-06,1.5277429858130551,0.6545603607977347,7.247231885960142e-09,5.85265822904717e-05,0.0150031364848559,0.0149861344578511,0.0149619613494213,0.273719447562417,1.225893944223996,0.0038954690902351,True
47758,443,105.742969,448,4.2366883040706,496,4.6906191937924495,9.0,3.0,59.0,59.0,56,0.0,1.0,0.0508474576271186,1197.685817821921,34.60759768926357,52.8715164375,52.871472,0.0,3.8521165553e-06,1.5277430381682489,0.6545603383661898,2.10109375e-10,1.44951500509e-05,0.014988875,0.0149895,0.014966,-0.1293536109255476,1.5781140532917033,0.0009670605733229,True
43420,443,41.51570755256429,4427,3185.1124574525843,6266,4537.2423333326005,4961.061685230386,57.69251867584584,100.73079081712685,87.0845205172454,61,0.5263978519526352,0.6761877036771952,0.4845889252243597,508.4692226865783,14.792284302767795,26.497054176317437,31.72758646315751,0.0,0.0219518544763583,1.55090947124713,0.6561704690351274,0.0001032169991502,0.0077801037199088,0.0195094564919228,0.0209509078948826,0.0062207552384188,-0.1824067644099883,1.549716752942072,0.3425233603408449,True
47756,443,106.59135431533896,14998,140.7681343164424,25541,239.64872802166468,32263.293542948268,179.51925044402404,124.79432957486938,87.0,57,0.6300432804612426,0.3760703871991524,1.4385133957191567,419.9545739638424,20.49216054514929,31.864476917637145,32.77421591655891,0.0,-0.1339143554619443,1.5554283157191375,0.6439103796347877,8.072419468656543e-05,0.0089826170487368,0.0090329217765939,0.0070759887856301,0.0032553667984524,0.6714037679533096,0.6539676824188061,1.0179623528643655,True
45529,443,103.62110360817384,15636,152.40968137345993,28184,273.7654249504231,31329.15482922477,176.88478216523848,128.10197058299352,92.44244631311766,63,0.5984591043290468,0.3663344613591144,1.380392800284367,423.378383207006,20.575773374085347,26.89154877475221,22.09731077643154,0.0,0.6941646230651735,1.308695868654211,0.811189309775159,0.0002577999281862,0.014554592568156,0.0158601293854192,0.0179768336815721,0.0179622983096445,-0.6080972389680133,-0.201703603253954,0.8876565492194696,True
34789,443,0.4465364563036928,2373,5333.381816558781,6490,14439.59240138013,867869.772783855,931.4520749888972,486.147171924377,74.04335060592119,66,1.3265937464067914,0.4508287847254155,1.9176926124318956,0.0212161670269492,0.1454930636062457,0.258132462237317,0.2643436562144039,0.0,-0.1300762611828979,1.7765755109605006,0.5634919080164623,0.0009171666935652,0.0302375333338206,0.0673794782998166,0.0795005142728404,3.106342895384481e-05,-1.2059531288293832,2.22125082133546,0.4512406809811315,False
63918,443,1.664901361813054,13024,7829.79633600221,1142111,688593.0383351896,355179.73416477384,595.1721779196935,1175.235031569743,1514.0,1514,-1.693663123949846,-0.5645543746499486,0.5115084782692847,0.1252221378406596,0.3512836810542155,0.5546720328423783,0.5853914295355157,0.2833660637795645,-0.3181835619554687,0.7466071023175966,0.6385264659522446,0.0015337377218838,0.0391223685127978,0.0071786525232141,0.0008322517069735,2.8490973715488847e-05,0.4834349416862413,0.1818918543782007,5.521691157709364,False
443,39084,120.81698298299116,496,4.105383098912824,448,3.708087960308357,9.0,3.0,59.0,59.0,56,0.0,1.0,0.0508474576271186,1254.6000334876862,35.420333616205255,60.408569510805776,60.40849081968068,0.0,6.664918143422453e-06,1.7054771467048988,0.5863461741125564,1.2111311890973494e-07,0.0002959174523738,15.088962825667956,15.088951778201327,15.08841379067991,0.0490211093359114,1.7756890120848068,1.9611520521422e-05,True
60636,3590,0.3808857499518239,31894,18560.751045930432,15275,48940.079667452985,460830.59253150737,678.8347411227893,815.9433858273068,956.10845884706,1514,-0.6214321650914214,-1.0279481796293526,0.8345127444666217,0.0195366514014784,0.0984335025955608,0.142037856343978,0.1383792568796867,0.1316750093832865,0.2303110333620064,0.0893570737779279,0.7451022967508316,0.0001053813051542,0.0102145851473799,0.0163095700356375,0.0189910644566203,0.0008258001729491,-0.7621112805105996,1.4846145138921156,0.9921583984885984,False
443,36385,120.8169758146925,496,4.105383342492898,448,3.708088180316166,9.0,3.0,59.0,59.0,56,0.0,1.0,0.0508474576271186,1254.5980835293371,35.42030609024644,60.40858796668579,60.40849091924038,0.0,8.21964896812644e-06,1.7054789931217982,0.5863455393100746,1.5798828764114519e-07,0.0003718668810742,15.08896105848322,15.088946103298234,15.088267039677106,0.0912142003395525,1.8290696766734629,2.4644964621191792e-05,True
47747,443,97.96804418241004,640,6.5327447248554105,733,7.482034192685962,95.15082644628096,9.754528509686205,62.40909090909091,62.0,56,0.1258156892005639,0.6570374880473933,0.1562998013205364,1221.7986889874717,34.95423123622619,64.45962389570661,75.52751825924575,0.0,-0.9499202100028326,1.8441153175620264,0.5422654719056305,3.6008720991819536e-05,0.0060007252522913,0.0120128946484039,0.0149904213199329,0.0063652832202792,-1.4885835045732043,0.9420138576217438,0.4995236370807566,True
47753,443,105.7440185727169,448,4.236646252527167,496,4.690572636726506,9.0,3.0,59.0,59.0,56,0.0,1.0,0.0508474576271186,1197.6931059576089,34.60770298581339,52.871573769929086,52.871514674934645,0.0,5.122701821477804e-06,1.527740046535224,0.6545616201323398,1.4817075171215537e-07,0.000340831107537,0.015144676957334,0.0150217945451352,0.0149467770564671,0.8110215157502914,0.8035255484448114,0.0224386260906199,True
18334,27653,0.4889838329143509,1162,6402.619665873724,2141,8551.54591470823,98130.57489468278,218.9647907579277,167.3801159604824,88.34473412909502,66,0.6254468695521539,0.6758310072420134,0.8915359998221694,0.0598401120356912,0.1672458465403005,0.1939077825739855,0.1267594275587721,0.0,1.2784464901147552,0.7775490353583784,1.589776416167953,0.0005073735663532,0.0149985636195955,0.0235902611365981,0.0353241471478404,1.976638300105678e-05,-1.0385139642701593,1.2528878092870954,0.6994813369814944,False
50883,443,9.872623947799909,5264,5723.622701509777,94711,37795.07161907134,1464830.9211084547,1210.2687068393366,770.0745899115826,90.89943197852028,66,1.687698896014484,0.5832236158223832,1.7320671430282384,7.800228176087636,1.960408994959792,0.6531124251085821,0.2395666977522042,0.0,-0.4226140003327301,1.4764964583800575,1.8054065327207,0.0001262612615767,0.0109721438543058,0.0082508039367251,0.004134796049337,9.29981065950676e-06,1.1317142407718357,0.7064446737547133,1.5421452256869266,False
46024,443,1.0630656406783272,1732,1686.607616194695,5843,9474.160951485135,517609.5614892078,719.305596936754,365.2700592245957,167.1900984750873,236,0.8161918593962977,0.1705647291438686,2.183993105618561,0.1870524965098599,0.4144579128285243,0.5124437937351171,0.3102659096806774,0.0110401805697476,1.3450488188969378,1.0994577624116957,0.8035250107885239,0.001724977192102,0.0400985344048563,0.0460471360250037,0.0485131413892026,0.0001152498885008,-0.2414872940648599,1.1822746047597246,0.8506907398302096,False
443,37210,120.81697222397716,496,4.105383464506033,448,3.708088290521579,9.0,3.0,59.0,59.0,56,0.0,1.0,0.0508474576271186,1254.5987334107726,35.42031526408684,60.40857747296149,60.408498227925776,0.0,6.711837834866798e-06,1.7054782551429422,0.586345793029296,1.4677061232271233e-07,0.0003491766859318,15.088967130922924,15.088957846232146,15.0883134639009,-0.1675169472628455,1.870146503400881,2.3141201748269323e-05,True
37491,443,0.6736628468351955,2210,4156.532698883924,5772,10992.394856681189,755795.2602887324,864.0807420481489,427.1464528079352,71.43960319175511,66,1.2181451732601958,0.4118990477680138,2.0626892135691763,0.081844566492633,0.2455186545889549,0.3569628155224014,0.2883279019729197,0.0,0.3854060254974549,1.6066387248644207,0.6408667566168234,0.0012499327276963,0.0347776860138518,0.0621492130379654,0.0711914828521855,1.2960148803091835e-05,-0.8683174916673635,1.8805145271939276,0.5870193355524157,False
34698,443,0.4513942788151543,2364,5311.159348615613,6316,14192.936014834127,860295.5498565589,927.2487127029168,481.6805443519633,73.90276420248146,66,1.3184497728236224,0.447983208532957,1.926974426918316,0.0232701616303657,0.148594535505159,0.2617114237852764,0.2653481492184744,0.0,-0.1147411395396036,1.775167992401167,0.5642482412300439,0.0009373800014278,0.0305801977218478,0.06769635426583,0.0797400370874746,1.203646342406945e-05,-1.1870590644006358,2.2192265642014264,0.453115601755567,False
443,47750,109.52582695709548,613,5.777063878521245,515,4.823079921293089,52.96511559176047,6.413195872724756,60.84242483023266,60.488112362880216,56,0.1075746999871494,0.8410299389996617,0.1037781928883223,1165.538407378643,34.11460091410592,63.95230100143692,67.90438702855862,0.0,-0.3616045601828072,1.8814760258565004,0.5362581945855952,25.096818018331646,3.5283348505584806,12.594083997011529,15.088951150576737,7.604235376661309,-1.0958158643499862,1.5100067494277634,0.3507512799038892,True
63917,443,1.817703458534539,11875,6487.791542754436,474128,258931.7700337189,475219.0196935747,689.3608687516944,974.7302477323232,1514.0,1514,-2.3468184546236084,-0.7822728182078695,0.7072366945072566,0.4097595990935395,0.6399042185801851,1.1700409073085918,1.4722703029107516,0.2337166644283535,-1.4197787438883442,1.462043989297856,0.5468474267290074,0.0035079221593733,0.0586176957867291,0.0082006070827912,0.0002978677815413,1.8204841538670668e-05,0.4160264588272489,0.144719573273776,7.066092837296228,False
56308,443,88.72940786875884,16327,239.45405521108825,475078,6206.730665352554,3567490.791129031,1844.408526052636,1310.199510157734,439.2867436200892,66,1.5217215915129538,0.688819873836608,1.3891353602754395,298.6681933284348,15.645840256193766,3.991398541304523,0.3247698304760347,0.0,0.6943258633949722,0.265019852945116,3.795724608380677,8.564307776471956e-05,0.0092404398087076,0.0043984091459808,0.0007965710392718,1.6142863741154418e-05,1.169111969813997,0.4749425749188183,2.0992419737467163,False
47745,443,97.89597689918696,637,6.5107000343045165,733,7.487539891826975,95.26721534819204,9.760455997410928,62.423403467442775,62.0,56,0.1300857256268906,0.6580918405582148,0.1563586465685672,1220.1547861740532,34.93071408046002,64.3588549056283,75.52715976821752,0.0,-0.9591820209502878,1.8424717947201712,0.5427649924907512,3.4375823814891496e-05,0.0057262528425029,0.0121596303034316,0.0149992337953696,0.0149988262143665,-1.4024907081203308,-0.4110527197765087,0.4763202579499678,True
54745,7486,1.0585389577424136,2138,3115.49867960532,10016,9824.131856240618,258176.73741354892,472.76058553001,401.7556518035853,117.0016142364568,55,1.5869292370639978,0.7498793023930584,1.065762153894995,0.0770169519789332,0.257890851201988,0.7287737457271534,0.7442184125537985,0.8850090480433314,0.0337779730820173,-0.4562108446436401,0.6161368100992701,0.0061356586237348,0.0724565024873216,0.0730684516336592,0.0707839441440578,5.906210803252834e-05,0.0809251035205663,1.0065283860983414,0.956730097211743,False
47859,443,106.5366527001147,15963,149.49893288266702,26428,247.43408849115255,30845.245130767824,175.46603607091424,122.63523480088158,87.0,56,0.6113097650959709,0.3771343920653238,1.4309218892757083,424.5703357116479,20.562947470648822,32.81812512068944,34.06207942220834,0.0,-0.181965712284651,1.592762447561487,0.6283354549187212,0.0060641340900491,0.0178299359582607,0.0105157356605094,0.0048505567923405,8.041229012399554e-06,1.1065170924255736,0.910557810387622,1.122383726980234,True
39492,443,0.8329028723849711,2100,3329.322721145876,5382,8699.428917604146,680928.0447891515,818.8252686782671,388.07655548434326,69.67491902711915,66,1.1462838788832066,0.3860472472487713,2.15991945303253,0.1238090683109437,0.3149580689730053,0.4252038366842592,0.3047913023013703,0.0,0.7437268085420816,1.4858991839230464,0.6957586131508364,0.0014738550958477,0.0377848954848884,0.0581750707706984,0.0650670361660561,1.362190536483032e-05,-0.6399612439173651,1.6378508257648194,0.6829520811536648,False
20905,33862,1.5869727124883792,741795,377457.7684146511,27771,14877.93926306883,509495.2876744123,713.7150007544662,609.7770508371816,828.4128759097409,828,-0.9455963520316992,-0.3151987840105664,1.5386195924891135,0.2409900347368126,0.4900551224827739,0.8769506371691227,0.6639454970130787,0.2581020318504498,1.313819330444996,1.26131200276297,0.6193663245290323,0.0009215853543063,0.0221057237469401,0.0236955018048314,0.0247776797247404,1.4473471770780568e-05,-0.0010695888280329,0.562467839891434,9.860249941846678,False
43644,443,111.28047118984968,14797,133.00275987906252,31827,283.31690255231644,36729.01129374128,191.05361576058752,140.4754945957968,87.0,60,0.8262381526367633,0.4155477282965353,1.364705835842981,430.6856800095426,20.749325637270715,29.66660826219068,28.48812904165299,0.0,0.17048708510035,1.431586177395621,0.7019703511204987,0.0059166592961149,0.0491495339183289,0.0287081244807629,0.0150033616612932,0.0149807664721416,-0.2533178294193046,-0.083636456785311,1.2106236465400255,True
47752,443,111.93093262819852,470,4.209754289842452,496,4.450401985785877,8.987230460464493,2.99786989916622,58.92763927596546,57.769867691412905,56,1.1597798628781255,0.976549184763678,0.0508737950133809,1273.652248614745,35.66569595433789,54.5107867547971,55.96509887836151,0.0,-0.1173213274113933,1.5283551234737829,0.6542983487966156,1.1409371214081705e-07,0.0002724611534611,0.0151105162896846,0.0150142781476797,0.0149598620287316,0.8129975971231916,0.4237198929734619,0.0179468339223716,True
443,55268,120.681791,78652,651.7304669434347,46294,383.6038528795119,8396.058692323186,91.63000978021984,121.77972709551656,87.0,87,1.1387009729324875,0.3795669909774958,0.7524241675164116,1187.5589936698614,34.46097783972273,57.01001544054581,55.808215,0.0,0.1046227225009711,1.654335396566463,0.6044723470678788,9.639034971996449e-08,0.0003104679528066,7.28140495867e-05,3.3e-05,2.1e-05,0.3847165147982533,0.1668901705260439,4.263846806606553,True
443,47751,120.81698326774227,496,4.105383089236867,448,3.708087951568782,9.0,3.0,59.0,59.0,56,0.0,1.0,0.0508474576271186,1254.6065058234462,35.42042498084185,60.40849117894725,60.40851935248096,0.0,-2.3862107655358103e-06,1.7054705360430091,0.5863484468750766,2.931063010420446e-09,5.413351847589418e-05,15.08899024865042,15.08900934429222,15.088891120223234,-1.0529003765253788,1.829934290568353,3.5876170076051184e-06,True
63914,443,1.7472153506398531,11958,6856.579661543731,551015,320025.22050864616,459797.3555511623,676.7655679812804,966.4062774958004,1514.0,1514,-2.404415919256911,-0.8014719730856368,0.711906156633541,0.2189898389667054,0.464289242883714,0.8310055608832001,0.6796709047200667,0.2071860465350531,0.8984209561748028,1.3070147072935434,0.5652440623674565,0.0019281007056852,0.0438420552960629,0.0102843823597682,0.0004040171304831,2.4064776542460985e-05,0.670681395260022,0.2325658926191168,4.357291367485327,False
35600,22183,0.6934047200333397,1463,5451.714128309811,6581,10596.012741691153,167289.9035687835,313.0439063706096,289.37325287482764,104.48495280265482,59,1.1077699003567791,0.7889962016467037,0.7738976658820821,0.0498888249407776,0.169961606151336,0.473208510411764,0.4818703953265073,0.5729849652388268,0.4943306290096123,-0.1333957895976039,1.1663481127993247,0.0039724351529207,0.0469298432047927,0.0473323860879647,0.0458533182214709,4.45850056512634e-05,0.0523936650480547,1.0042266992522777,0.8838440977824784,False
41922,443,24.816555748010845,20327,1508.1805199616233,409960,19884.173998944258,1421644.9519372785,1192.3048799054066,904.0681858894064,103.0779064915738,66,2.01687864471589,0.703426886970852,1.3458625823876431,31.36481636263855,5.401500227248184,2.196452943164544,0.7179045093271774,0.0,0.6634038138015645,0.5580004998421131,2.321229037952856,0.0001206671277195,0.0109659986995599,0.0063114553980614,0.0012437799577363,0.0009254520493759,1.3910353810969325,0.4844048104437664,1.7836810823419167,False
47751,443,105.74414356033662,448,4.236641244844295,496,4.690567092506183,9.0,3.0,59.0,59.0,56,0.0,1.0,0.0508474576271186,1197.6939785455056,34.607715592673784,52.8715808659417,52.87152038966615,0.0,5.2424378350927816e-06,1.5277396950521327,0.6545617707253615,1.6749191168143125e-07,0.0003958644584279,0.0151680065773238,0.015023876549272,0.0149429058626819,1.0899169697566364,0.5649961216356283,0.0260732381774209,True
443,47750,106.9752512624012,640,6.1546816936685325,530,5.074946726918208,62.896439399192,7.184206092394715,61.25861201258415,60.82426354862566,56,0.1318748562514924,0.8051200333794573,0.1157347694642967,1145.4187734852014,33.819627686598174,64.75281142850143,69.59764257105215,0.0,-0.4432881527730057,1.9212339274412045,0.5249433105003847,30.765963268936662,4.325342171572411,12.030512048483208,15.088946892661715,5.913520408804439,-1.3238205918617365,1.4887097658111748,0.4299820571347192,True
24057,31043,0.4732679992394886,1055,6860.201075938939,4511,11061.373996315326,112494.90627832522,216.75190640141503,221.6187389997561,96.9387505604005,61,0.8188882940130676,0.8125794897638314,0.5979347331523084,0.03353347857576,0.116949717184758,0.3191301276114522,0.3237027236736514,0.3848679624941516,0.7719944056658544,0.0612270101885443,1.4980664218794186,0.0026682437842966,0.0315400098587476,0.0318163032606981,0.0308228289625885,3.585686811805359e-05,0.0351922726388484,1.002839029342806,0.8399016699049678,False
41896,443,16.63941293998458,14315,4521.72613179941,278227,34598.545619042125,1442901.629875006,1201.1282838989632,784.8509960970352,94.74358014064148,66,1.7288783974934714,0.6003517749081657,1.64136152195227,20.942224682141465,3.6255861038566266,1.5155469205027168,0.537450446873675,0.0,-0.0281566778824933,1.2214183741282283,1.679910955686518,0.0001392647774397,0.0117383909431516,0.0081904605866352,0.0031810478161975,0.0006195514044213,1.2957627951371615,0.6225040365313296,1.5600295739371737,False
54388,443,112.99624999755176,18990,389.2737089277181,577433,8965.76470457397,4386609.131297992,2093.8661730326044,1418.1025022130675,560.6338889607888,66,1.2298790173549328,0.6453759709985333,1.4781389539423493,400.7524203466275,19.755390916716483,4.974593537887646,0.3247304647716583,0.0,0.7110797757473822,0.2860717037479987,3.8857928335452656,9.170464318553488e-05,0.0095758451449232,0.0045678059790496,0.0007288350996022,1.6709963280530227e-05,1.2010776938979475,0.47482592611726,2.111595454880217,False
46402,443,105.51650045095576,16460,156.85360357796543,26464,252.3801567321561,32523.03081287456,180.234908949358,124.4416603954443,90.30505676616488,57,0.5644194295905169,0.3691404167621998,1.4481915937659364,394.5820382210958,19.859420179833467,28.575099167288723,25.851501457490425,0.0,0.3960216919024475,1.4447081189223636,0.7285805363817,0.00026801436802,0.0157978938178703,0.0120047196918504,0.0094968435913802,0.004570263637161,0.5538047927221018,0.5424543093192237,1.4077843452484102,True
40789,443,13.77831071696539,3578,720.9211523300897,16050,2109.8161551088588,569297.258566015,754.1874462036667,373.227750414341,85.76032694644441,66,1.1402779858342338,0.405721234537407,2.052163966601249,26.52247169721118,4.272401355185508,2.598921960344895,1.342591455377149,0.0,1.0868022391466627,0.8191325781552363,1.3872686294569132,0.0008073668376118,0.0241091375545109,0.0270608717482579,0.0260288967266722,0.0159641335653866,0.3885032522908956,-0.1368136502985073,0.8984858347233258,False
443,55268,120.65748212988125,79096,655.5422309925957,46561,385.90193833732206,8206.559785960102,90.58572655257989,121.51154503327552,87.0,87,1.142982023465578,0.3809940078218592,0.7454796523328592,1199.3613518845195,34.63149429691079,56.77560708587803,55.78950040127273,0.0,0.085490713958607,1.6394739686808248,0.6099877716034834,4.361073613288984e-06,0.0017146586756094,0.0001672872067234,3.212825606822876e-05,2.390581310590413e-05,0.2914954213584814,0.1145260450370658,8.518250933962378,True
47745,443,97.8884252541369,606,6.192599885766336,733,7.488125780872617,96.64823255863443,9.830788842107586,62.59322970589708,62.0,56,0.1807520150852947,0.6706023028051222,0.1570568772327373,1221.2979913020054,34.94706850446271,63.4713896248012,75.52297838154013,0.0,-1.034597853801806,1.8162023126624496,0.5506821209739927,1.426731078903676e-05,0.0024083945012564,0.0138002268575417,0.0149772681902185,0.009000321266464,-0.3830953624177632,1.5942374601211642,0.2000930832677095,True
47760,443,107.40831863546433,13212,123.02549512399966,25310,235.66249542311616,35313.46017373863,187.86328629278765,131.88028027371655,87.0,62,0.7166481524142055,0.3720384369552501,1.4242993914972006,428.6189886254364,20.702630756585098,30.198339542479417,29.622360232354048,0.0,0.0838806183618813,1.4588423748126278,0.6856729524900436,9.189457012764214e-05,0.0095799539890615,0.0121303169382579,0.0149863743310108,0.0149825588205594,-0.8954684774007158,-0.2981059731982383,0.7897651072615866,True
54603,443,119.60597017977624,37805,314.2818808793875,66685,554.1959135829832,14094.173287217203,117.2849420628946,124.51193776754788,87.0,84,0.9776772827570918,0.3414328444183024,0.9426930967746752,954.203463086633,30.722696908007794,61.24008831746125,62.491167003376674,0.0,-0.1240787055030439,1.9804986839911851,0.507292460792633,0.3970884534145699,0.6024298045422408,0.1634703399133733,0.00253500480806,1.073477532990306e-05,0.8284115525936218,0.3278639162480273,3.466023881149399,True
47756,443,106.68295943603256,15704,147.20723750231195,25722,241.1276128382814,31685.58311259313,177.98075281708338,123.09276827563728,87.0,56,0.6082951977666209,0.3769866813510634,1.4458137587800772,409.2836533911735,20.22822177117433,32.031195570973125,32.88659648283317,0.0,-0.1252301458208839,1.5833931368391447,0.6315646392614811,0.0001052073164113,0.0100442092757932,0.0084183742781731,0.0051602098114169,8e-06,1.0103220268043651,0.859523109076762,1.1840912750027996,True
63915,443,1.7881024343245744,11494,6430.67262423641,429343,240010.4894589345,480148.8492382486,692.919133795294,945.4780162499626,1514.0,1514,-2.4608541260546835,-0.8202847086848943,0.733686057866096,0.3242890507244478,0.564784586989323,1.0326946190088424,1.0893548567834077,0.2142306458389009,-0.1314382062182264,1.448328066855952,0.5469852170301204,0.0028159557390152,0.0525318729347244,0.0096849100341598,0.0002979811824485,2.0484318707099563e-05,0.558411338501918,0.1915312836684314,5.638471293927805,False
47747,443,105.4887853780392,454,4.311268603106626,503,4.78127968255804,11.79296227946331,3.218978089024792,59.11052084709007,59.09725834543926,56,0.0040788752539822,0.988881344513266,0.0542661644505565,1198.4146953055135,34.61807939080336,53.24640583820242,53.6059751108088,0.0,-0.0308813338663783,1.5380169802842525,0.6509147262286674,1.1897112811043464e-06,0.0003353118875233,0.0149336561132689,0.014980180808418,0.0149555885529755,0.985406131246753,0.49823506169795,0.0255513937987705,True
47759,443,107.560692045123,15321,142.42574388570043,26006,241.80418786424505,33267.22265525964,182.3902646250893,126.69896799186768,87.0,58,0.6532383870701295,0.375217373993266,1.440336421274924,399.0109157856894,19.97113250637921,30.81079028638094,30.121667324611156,0.0,0.1023852774591426,1.5435207818662806,0.6482489890000932,0.0001563493283167,0.0123767931378694,0.010301446181067,0.0094127142767239,0.0056544366986731,0.1081349476092402,0.30924880822251,1.245728685719781,True
36217,443,7.758927031848465,3147,3523.3711152737264,12132,9595.85134443731,768130.7979063876,873.1267803660251,457.87444413907,82.20437097582588,66,1.286585966452657,0.4487391753092656,1.90523855657988,14.8128552898519,2.390759347639582,1.5052114936650876,0.8526408921994817,0.0,0.2193704047154039,1.354149338927885,0.9729959090100918,0.0006532227976665,0.0241198853721485,0.0487082631214972,0.0554647437843039,0.0089383556216985,-0.5209460885096163,1.1298581793329978,0.6117808034390413,False
443,42926,120.81697644008516,496,4.105383321241897,448,3.708088161121713,9.0,3.0,59.0,59.0,56,0.0,1.0,0.0508474576271186,1254.6029640166237,35.42037498406848,60.40852919852495,60.40851193027676,0.0,1.4625804754075128e-06,1.7054740167494615,0.5863472501996306,6.879907049967937e-08,0.0001893687785956,15.088981360287406,15.088988834625908,15.0886271423357,-0.7228902743326371,1.865930644942977,1.2550149572393808e-05,True
58592,443,16.614347450421324,7468,1969.284656468409,157850,36085.432929305694,1783731.9732240248,1314.708171171698,1022.8343290276376,104.81011339467918,66,2.1434591067381743,0.7448036916661943,1.282391567446055,13.224997058077491,3.28939284726898,1.0022414147854466,0.2719385683049503,0.0,0.7086341764612106,0.5373707227112734,2.83662973078501,7.710719660937847e-05,0.0087564513001646,0.0048663002968127,0.0007657738907943,1.2480907157433449e-05,1.3722166921096148,0.5463442046761142,1.879161509271702,False
47757,443,107.49233018032932,15881,147.74604112498423,25513,237.36297721027395,33050.1454514051,181.77615223850063,124.22907613770056,87.0,56,0.6143552423759664,0.3753644980840242,1.4631501538039255,392.50563664647,19.80942694139602,31.20889572405416,31.15656640555512,0.0,0.0094220561737135,1.575367533425921,0.6347811257040397,0.000166718969719,0.0127607902559239,0.0089882166176463,0.0058009928268889,8e-06,0.7755825050217476,0.719421082839599,1.4121212216678805,True
443,47751,113.47175719164858,572,5.192859033847013,491,4.433422048239369,37.60055069978665,5.220380415068483,60.198549442173885,59.96805916483275,56,0.0699803837561935,0.8965854808251559,0.0852803974030975,1196.665279372583,34.57095077365554,62.71383155202204,65.28480547152766,0.0,-0.2352365497035805,1.8199667933405903,0.55376342126806,16.326189673894984,2.2953013803096347,13.46599244215479,15.088988217029772,10.219913550841415,-1.4917541287055402,1.717758908133831,0.228174936758482,True
47762,443,107.181464,14289,133.3159621704738,26948,251.4240708635964,32795.93911771438,181.0964911800181,130.0851735015773,87.0,62,0.7137384035577256,0.3759607547221748,1.3921378302026273,419.9496939756548,20.492674153844703,30.65357168769716,29.465167,0.0,0.1739750525639719,1.4958307274868825,0.6685248414973273,0.0001018349601507,0.0100913309405009,0.0121227450980392,0.014985,0.014975,-0.850905074514989,-0.2826440752739004,0.8324295247396679,True
42652,443,5.58914749886312,2469,1295.972601897917,8597,3287.8684544228136,540550.5315486765,734.9666944009709,330.04568870854064,72.93147099410304,66,1.0470211493801729,0.3579969672187333,2.253575938732168,9.440592206688422,1.7970203447171669,1.2799558795533414,0.691086282518752,0.0,1.3485171799703333,1.0887736312995837,1.0125379503821834,0.0015428078257079,0.0370534797313815,0.0418879066630529,0.0430931373965696,0.0056095914755952,0.0295367436882702,0.6872593588122493,0.8882568390128505,False
54092,443,106.3844067735334,18038,869.9768017912909,546414,17344.13305481088,4319392.23211873,2076.640496501337,1396.6863117910195,533.8381638683244,66,1.2505198208054982,0.6396803808969053,1.4917138093195694,377.2363114575573,18.60118762085206,4.690560708824975,0.3120455456274865,0.0,0.7218837212944764,0.3606391663507032,3.695464077750973,9.232557054711125e-05,0.0096074044506823,0.0047545437014501,0.0006916410334291,1.6081492116314642e-05,1.2638447405527438,0.4918948878205441,2.0642623531229014,False
35858,443,87.81094129499269,12189,1221.3272927017006,32634,2882.092989001113,134694.14676031168,321.99025431594004,195.255057078299,89.73602967349771,58,1.030857273357524,0.4628202681572574,1.5462377503729852,330.7546527656792,15.549168286586278,19.95794351433208,19.10237289619597,0.0,0.3868369800832536,1.2310040770342612,0.8166975332393444,0.0140145821989342,0.1033396761057308,0.0541826185159973,0.0177365219853686,0.0109222406399006,0.4462816831996721,0.8827770269734185,1.6315502773088213,True
63913,443,1.617936389112596,10873,7164.820164496383,379587,249324.35856887884,483942.1486069267,695.6560280574436,916.532337753786,1510.9663197163163,1510,-2.5633689507298314,-0.8544563169099435,0.759012583042852,0.2176543468388613,0.4491191683870373,0.8257974060592136,0.6513605478624778,0.1863111018256489,1.0309443797927396,1.3307646923326364,0.5311787884769347,0.0018226634109875,0.0410856829941614,0.0104135097440918,0.000761411544387,0.0005183999903255,0.6464418677277697,0.2199772684819701,3.798312880025337,False
47761,443,107.31778047026872,14660,136.59054405941444,26609,247.96612910076016,32965.345650696625,181.56154810718257,128.8679755948709,87.0,60,0.6919912020918819,0.3756935407375187,1.4094631886285038,412.4230873037516,20.305201952368765,30.71008513576299,29.70115114761817,0.0,0.1482415511124746,1.5129732884433484,0.6612365286215864,0.0001214305737739,0.0109128581025461,0.0114680650371661,0.0129819985582702,0.0116246510305801,-0.5061706796207526,-0.0698835748493324,0.9809931225916028,True
48760,443,1.1310880954232303,2388,2117.546077513808,6934,5968.174735649942,248911.77000343025,497.5258642181681,335.7653567281752,105.834868205339,61,1.3621012918037485,0.5401815727077313,1.5439140531592912,0.1199905655267031,0.3448976562243998,0.5758966379950914,0.4850278030575077,0.3515397456930615,0.729064863123315,0.5713413847542455,0.6793281684348431,0.0031957160753457,0.0511559513287069,0.0642277829575884,0.0808628113252004,3.695131542441983e-05,-1.5204612173897292,1.380667171673912,0.7565897572113017,False
47756,443,105.7433504955762,448,4.236673019300394,496,4.690602271368293,9.0,3.0,59.0,59.0,56,0.0,1.0,0.0508474576271186,1197.688466891851,34.607635962141,52.87153727652117,52.87148751135859,0.0,4.313945116989653e-06,1.5277419507783556,0.654560804258746,5.3990404532053454e-08,0.0001331107753735,0.0150455054330605,0.0150012383254215,0.0149590129015347,0.2124511492601838,1.2965689223845116,0.0087714814839387,True
63916,443,1.7065677740268244,12484,7337.165038342391,842905,502028.1683152975,408135.9934791111,636.4738311706194,1069.5282729331093,1514.0,1514,-2.0534381679422733,-0.6844793893140909,0.6129475215281046,0.1726862899628012,0.4084858211612157,0.6945489462557375,0.6331146359105968,0.2448045987576125,0.2976479154889554,1.030279107640919,0.6014317402646763,0.0017333598138164,0.041511420699847,0.0087507379176755,0.0006154841970696,2.62504826570509e-05,0.5782169833704089,0.2075424806687707,4.932285124389945,False
63918,443,2.131549114273828,33290,15545.978474930876,1399118,657086.3962434812,463477.405248692,680.5119034596661,995.1739565257964,1514.0,1514,-2.2832491425380703,-0.7610830475126902,0.6855278086691479,0.5349836547821193,0.7270264668086394,1.283071578900377,1.4625856778124342,0.0328254432836431,-0.7344721538018661,1.6966397780756604,0.5686006875346571,9.886449326663576e-05,0.0076282565953518,0.002504590231713,0.0004263258167003,2.612218640695691e-05,0.8913025128123523,0.3558841393437804,2.8396370158313964,False
63867,443,0.8846169103430677,1798,2104.782273975109,13064,25058.257996428336,361707.46954468265,598.1020134141728,586.3595764226167,423.9137197879208,600,0.9350527240042644,0.0670529857716275,1.07042901727121,0.0584751686706482,0.2160942557435517,0.5702411069327462,0.579507804003874,0.6825007666994058,-0.0206962534023618,-0.3501731776453055,0.5028863385514485,0.0045288006456854,0.0569031704138102,0.0598477257427614,0.0592458204309055,0.0003661651781964,-0.2477879504396002,1.2128527802959062,0.8488587532607809,False
47748,443,99.97217563197376,591,5.9493876407270845,673,6.772996289264035,73.35551439122438,8.045699207332573,61.5466244273094,61.24102949603228,56,0.0939855568540311,0.7438036315602954,0.1296213951746794,1216.603208424222,34.87948071687453,61.54145206509296,69.79576624896345,0.0,-0.7080880659680515,1.7637796605634868,0.5707621777552137,2.68720825928965e-05,0.004516689820184,0.0127721055155414,0.014982114534412,0.0037869500212711,-0.8418127137931851,1.6294618136455243,0.37555531101698,True
47757,443,107.24127867978363,15826,147.57891442943156,25578,238.53069599684835,32626.88401632007,180.5988911049209,123.87661492525494,87.0,56,0.6124755311271097,0.3758676686597091,1.4577727318802167,397.70986018632425,19.939329178630917,31.46395758775776,31.69318902250826,0.0,-0.0323445107558799,1.5778569238491258,0.6337834324298766,0.0001476392179825,0.0119181582035284,0.0088114622990509,0.005602234052011,8e-06,0.8483942660054101,0.7628780821988884,1.3413906440147882,True
37107,443,11.75523179088752,3572,2521.9508043748174,15296,7015.825257660143,715535.3813743595,842.2022987968257,443.69520972821016,86.68575299449864,66,1.267018532384996,0.4483740321985541,1.8962923710909128,22.892468374467377,3.6175619471030944,2.186488525207491,1.1739267565338496,0.0,0.4126528724131733,1.120547097082092,1.1979136773504748,0.0005047502115259,0.0206816495757611,0.0382169994606603,0.042020792570982,0.0138140992580145,-0.1502297496715432,0.5275211468070607,0.7013340318015198,False
47753,443,119.58134141338384,499,4.176515051898787,496,4.153421896137388,8.97143952212886,2.9952357954993336,58.83815729206353,56.24867396508007,56,2.593975062062642,0.9475496757142348,0.0509063640845862,1367.5813638763873,36.97398134549744,56.53783236690106,59.79063970829998,0.0,-0.2624088431721378,1.529116845475622,0.6539723085180862,1.6965999779040306e-08,6.663554548907247e-05,0.0150103710360344,0.0149929814355111,0.0149831869992021,0.4659626638305704,0.2419145438391069,0.0044126025323122,True
12258,46561,1.7474930230929733,1022944,520269.7425953411,36588,19039.960698681352,503596.9072285822,709.5860002440987,724.9316759306995,1118.1065598443374,1118,-1.683584833409116,-0.5611949444697053,1.2256083209056172,0.2523096096081776,0.5016407285577668,0.9946029887720668,0.7873860163975385,0.3561729469678555,1.2469054560522457,1.2715143629067696,0.5469048119855008,0.0005345546171945,0.013768574352786,0.0137389701616924,0.0143150962336882,1.4273407071930706e-05,0.0609963087541727,0.3458697103548411,13.271434200882265,False
63918,443,1.674209861188179,13941,8241.582046075364,1217543,728065.6057341946,347893.3842653028,589.5239581660543,1191.203502529352,1514.0,1514,-1.638397074130249,-0.5461323580434163,0.4962331248708381,0.1310221422185127,0.3536170368362483,0.5528693606155849,0.6095674228026291,0.2819018237507019,-0.4689952778331105,0.7221630844301625,0.6438644132206666,0.0014335910739389,0.0373590696218451,0.0066512536720751,0.0008635508742511,2.8886517645423627e-05,0.4788338411654642,0.1831551201355806,5.544557319107488,False
47753,443,105.74367952954788,448,4.236659836408874,496,4.69058767602411,9.0,3.0,59.0,59.0,56,0.0,1.0,0.0508474576271186,1197.692833077301,34.60769904336392,52.87156488411177,52.87151491402977,0.0,4.331701007965671e-06,1.5277399638124345,0.6545616555744265,1.2035938969936017e-07,0.0003294622878446,0.0151364993100821,0.0150234449790509,0.0149344552954788,0.998164562015456,0.6339718530308949,0.0217404529242014,True
47744,443,97.803401,584,5.971162495668223,733,7.494626899528781,97.6326530612245,9.880923694737476,62.71428571428572,62.0,56,0.2168680994873404,0.6795200450603324,0.1575545919434221,1220.1726163048,34.93096930096272,62.809823,75.519991,0.0,-1.0915959322934992,1.7981127995285524,0.5561386361646445,2.409859375e-09,4.90903185465e-05,0.014979125,0.0149735,0.014914,0.3437541352273845,1.326636329284927,0.0032772487409332,True
443,39458,120.81701548043372,496,4.105381994644241,448,3.708086962904476,9.0,3.0,59.0,59.0,56,0.0,1.0,0.0508474576271186,1254.4475014053337,35.41818033448638,60.41061095504142,60.40853022904778,0.0,0.0001762494092464,1.7056384778658369,0.5862907170176196,0.0001601301381958,0.0099184052860049,15.084821747711072,15.089006741623184,15.058755653668875,-1.23719102862805,2.3317630282026136,0.0006576237440502,True
37732,443,127.66343199172402,6926,57.63748962132634,16360,133.44133102020584,59485.923011672814,242.0052634166023,156.8120316589497,72.95319603648215,57,1.0172810608626524,0.4073464380633707,1.5379155094195138,691.0458738553536,26.0986427294791,19.3942423973899,12.392295646210908,0.0,0.7539400151872997,0.7898189321090361,1.5013399239607457,0.0101951916923562,0.0891576940810224,0.0364165191210836,0.0150036343731146,0.0039178577822197,0.32793241533889,0.2038439233302733,2.128850413774435,True
63918,443,1.66660339384684,13011,7817.989875693965,1154754,695876.5602633905,352770.9245263809,593.334140430852,1182.8916546382327,1514.0,1514,-1.665464519184434,-0.5551548397281447,0.5044063347355898,0.1356534321163258,0.3600360763688869,0.5697034313548496,0.6398163252635861,0.2882820572177033,-0.5293596071543306,0.7383743951851303,0.6396348674657277,0.0016419635393031,0.0401376309144668,0.0069330748197176,0.0008388244967674,2.819960692999387e-05,0.457619431576687,0.1733650963964089,5.766542247048217,False
58633,443,14.938337431985689,6892,1198.288837320042,137782,13579.12019201053,1369489.3078071417,1169.144143995576,926.6000946216084,97.44178478245956,66,2.1165264553168384,0.731982669592649,1.287885178296066,11.766268813482476,2.9684477010379373,0.945059439872426,0.2948999007286829,0.0,0.5550047709580915,0.5781895933906231,2.628606507571061,0.0001068145628776,0.0100192600995711,0.0081881362140899,0.0081776269063025,0.000505843856934,0.3375964429726038,0.6882765843773061,1.6635008590329203,False
443,34695,120.81697036821868,496,4.105383527565053,448,3.708088347478113,9.0,3.0,59.0,59.0,56,0.0,1.0,0.0508474576271186,1254.5968712709223,35.42028897779083,60.40859872139615,60.4084921967107,0.0,9.02234646128892e-06,1.705480120710589,0.5863451516424488,1.8109049943453576e-07,0.0004195175976429,15.088960867738033,15.088944206407271,15.088175395469522,0.0769357010278998,1.872002152051296,2.7802950208963548e-05,True
47757,443,105.74298253184044,448,4.236687761905429,496,4.690618593538153,9.0,3.0,59.0,59.0,56,0.0,1.0,0.0508474576271186,1197.6867724885617,34.607611481982374,52.87152116063277,52.87147834955589,0.0,3.7111269026475392e-06,1.5277425657700716,0.6545605407651287,1.038164577504436e-08,5.7593009551217445e-05,0.0150083140092395,0.0149949127361737,0.0149580890778998,0.0857725088355245,1.394544593490303,0.0038233360495208,True
44120,443,114.82628547383224,10619,96.30673427927246,21586,193.9874223444654,44817.64924077325,209.478090396333,141.4505704664083,81.90130735069316,60,0.8266153825969129,0.3837169982448271,1.474866687639267,526.3885441501527,22.72215763543567,26.14466076071907,23.413798322605555,0.0,0.3009700669579834,1.205274171608159,0.9867158628744376,0.0037562948953699,0.0383166875714093,0.0209478903852266,0.0149930379255057,0.0109684985445909,-0.4643234958322968,-0.1203928253491184,1.2634518008460704,True
63825,443,0.6163828870765504,1288,2188.48228000015,14143,37054.41839710492,407815.2747631931,635.6188113951772,686.8757531817464,655.2518938913652,1020,0.2573642262327913,-0.4434824297520754,0.9664861390012144,0.0342257814860477,0.15156614009745,0.3542063971776694,0.3562246006901544,0.4118572585200251,0.1071046749057831,-0.1497192180006462,0.6185335756873472,0.0024964816820587,0.0355412855204211,0.0402019643219307,0.0411903650900122,0.000596927884205,-0.5110096022641828,1.370624027464305,0.7390756484648586,False
47761,443,107.20002050496156,14339,133.7617248501368,26901,250.95334774882977,32819.00011073752,181.15979850567967,129.9194786376296,87.0,61,0.7107779978847675,0.3759243793845336,1.3944962986911154,418.9251111517626,20.467153915314565,30.661264757194644,29.49729107860544,0.0,0.1704719993641504,1.4981643120993329,0.6675326971601571,0.0001045024742134,0.0102031638894358,0.0120336247314842,0.0147123351773397,0.0145189232900362,-0.8039770290875556,-0.2536813881241288,0.8526532081670134,True
36669,443,110.567256690579,17077,157.97580404307888,38226,344.0212293841849,38625.59634397175,195.1953226015364,147.9903641646872,94.20540880038506,60,0.783411340753729,0.4414383192788859,1.3223838601211677,445.70286035802985,21.10982340240237,23.722727485882636,17.780070242069932,0.0,0.8557766888664415,1.121133234442283,0.9234892004302444,0.0117981538793886,0.0931776293375262,0.0498427409096829,0.0189822551581881,0.0189413631211442,0.6513607295417607,0.2177454497423657,1.6528407943629708,True
59569,443,18.332054767986747,7964,1272.2067748182935,169342,23891.60807834665,1630077.5661580353,1263.510546139302,1019.6389166735628,104.8955232284962,66,2.2026929776919246,0.7655193149569549,1.2373646905558129,14.618516946894584,3.6270963550558553,1.0937473984091388,0.2891631694908287,0.0,0.6889653754430651,0.4298930432468919,3.067972120811044,7.445260316265755e-05,0.0086133618489203,0.0045622671353405,0.0008364932331948,1.3164185827969604e-05,1.2774890596357298,0.5232173042414984,1.9396973730966172,False
58896,443,15.615089865726397,7099,1102.374474140575,143400,13012.15214189322,1378434.6888877868,1173.053180182796,937.5773890676928,98.37265760028644,66,2.136062625515297,0.7392339642869474,1.274879539812503,12.327493292123895,3.1004437865058185,0.9771577237748548,0.2967883313851144,0.0,0.568540213535002,0.5437333029252598,2.717571793289661,0.0001024289237046,0.0098245519950311,0.0076957686700996,0.0072841441466584,0.0004452681702332,0.4390828224963221,0.6644636387641712,1.7066373506999586,False
41877,443,10.64435648013351,9908,6731.101278038869,181647,45386.35875924203,1458485.9222589498,1207.5971454990722,697.4471436060992,88.63328486982624,66,1.517731572363458,0.5247824555348093,1.8580059988931896,13.300921717342682,2.3235780935368053,1.016341984800293,0.4051508994380638,0.0,-0.5351729169750583,1.7078019076181652,1.2097298420417484,0.0001528996084204,0.0123046688250712,0.0095680496123271,0.0046013520058137,0.0003952809372591,1.22591388270968,0.723751217471357,1.3960599024155724,False
443,54300,47.67210669921256,26062,646.491522318947,15430,382.4747230715556,7204.86976548386,80.43213446011148,113.48913990011388,83.7812900425089,83,1.005797676617418,0.413445869469398,0.6745410040244384,285.5741256337123,15.544660727339876,25.149954554024507,25.975431250172317,0.0,-0.0476196185152139,1.5311834821056391,0.6621150446132017,6.5139740851336025,0.915813040851186,1.295157071896779,1.9427058852325008,4.856258008501781e-05,0.0346192558749202,-0.2877151950446305,0.8032291130433881,True
42233,443,98.15453426440418,17960,184.02176646964517,29723,304.55137291103955,28738.558007837782,169.4776180180379,123.29484177279096,100.47403608878764,63,0.4011728493467508,0.3525611441930372,1.3746913065726545,427.5616204132373,20.67697311175872,21.774685069965333,12.27077592135246,0.0,1.37210338277015,1.0554155092991964,1.0120843117752216,0.0004821916787888,0.0208370172413105,0.0203827544890568,0.0198526598644011,0.0186074097054503,0.243471303428175,0.2200070280772774,1.0330435737578176,True
443,47750,108.37124956809518,625,5.948000017896669,522,4.937092484749612,57.46071433106913,6.762208012370094,61.03081971177863,60.64027745951351,56,0.118574618425539,0.824774651228853,0.1091905600232228,1156.4309897207863,33.98107733237823,64.31465707322431,68.67088565170876,0.0,-0.3985822642593362,1.8994728271847672,0.531136423047076,27.663062230774877,3.8891161435376618,12.33898392968337,15.088969618990289,6.83890492158454,-1.7000239197749758,1.6173406098313428,0.3866166389104752,True
63915,443,1.7928260459091725,11448,6387.707862161633,433941,241948.0200763228,479070.05308317154,692.1407150865405,952.0436857866506,1514.0,1514,-2.4351941012604224,-0.8117313670868074,0.7277655371915276,0.3428251714633035,0.5812077783552392,1.0629855082344275,1.176052425970098,0.219914241194283,-0.4277143269145984,1.4497842960207803,0.5468441151962811,0.0029936024704489,0.0542242370963732,0.0093832426658956,0.0002973048994116,1.992074950973892e-05,0.5231693496372153,0.1796077141187762,5.9882355338838655,False
59177,443,16.342081320895694,7321,999.339865053092,149436,12403.094963463913,1388044.1343579951,1177.2524054302746,949.3695879062984,99.37263418059791,66,2.1570490720988853,0.7470235621056518,1.2609084219041282,12.93038052246444,3.24223866077104,1.011638838225645,0.2988169505410396,0.0,0.5830804657819835,0.5067191342333331,2.8131414570241806,9.771771463423165e-05,0.0096153896467402,0.0071668499999366,0.0063243332923227,0.0003801956201736,0.5481030890685434,0.6388829284186314,1.7529760992354884,False
47748,443,104.81878237816302,470,4.510989571049438,524,5.024127286457832,19.307087577859363,3.8081120027315656,59.40786374327813,59.35892009408475,56,0.0150525930017346,0.9589679543141428,0.0634637793337515,1200.7160119114071,34.65114803662649,54.260085553008615,55.58204875486939,0.0,-0.1134032553031846,1.5655461969762945,0.641139400221411,4.321531475388792e-06,0.0008454368037489,0.0146694286351547,0.0149799187401097,0.0131655011711756,0.7623732967085088,0.7074035538621573,0.0682681672833047,True
42013,443,18.55593377499242,4100,457.3399283739301,21748,6889.262699315967,579102.6657852788,760.4253479846851,456.7803880828204,193.3402916207405,234,1.0176152342258853,0.2745005073605107,1.7559945303390985,36.67332943233559,5.702296857021924,3.3303632487407224,1.70220234404809,0.0109036317039386,0.7878315943324421,0.525188711584837,1.604010588039233,0.0001567762595103,0.0124989542095241,0.0144250260226244,0.0121118366821128,0.0222307564242288,0.5261991825228776,-0.5785166612862626,0.872935599881989,False
443,55268,120.639963,79416,658.2893265642,46755,387.55814273583616,8069.990050850592,89.83312335019077,121.31826923076925,87.0,87,1.1460673285394465,0.3820224428464821,0.740474818176906,1207.86717899444,34.75438359393589,56.60667161538461,55.776013,0.0,0.0717024901166326,1.6287635043903246,0.6139626761678442,7.4345829797e-06,0.0027266431705964,0.0002353729508196,3.15e-05,2.6e-05,0.22431202551716,0.0767878074687248,11.584352242265128,True
48021,443,0.837840065684767,1836,2213.1636548594324,7877,18713.08758021159,296089.6424854276,535.5099397089375,438.39892565792286,353.907921517652,514,0.6122430308345992,-0.0177794131103377,1.4476110546050367,0.0952789644247831,0.2775395962840772,0.3308720502517202,0.2271813725385703,0.029076405218705,0.908551105995712,0.8411934346131322,0.8187242215119118,0.0008271068080556,0.026638299291157,0.0421230142927766,0.0613541052321232,0.0002838603633782,-1.877682424092396,1.567494827665124,0.6277117456137262,False
47746,443,99.5688511549112,599,6.047853757484137,682,6.892281687643433,76.82414248176593,8.317651877939516,61.68388217605376,61.36181631492731,56,0.0990511824759053,0.7299951812872932,0.1338671462212641,1215.3744234405242,34.861969831031715,61.975183432239554,70.70794218394659,0.0,-0.7500071529544713,1.7772385059222673,0.566028941707244,2.8399139536962528e-05,0.0047589495751623,0.0126612854187861,0.0149960327142044,0.0149925763331438,-0.9445301837300212,-0.2778440880025989,0.3953745721574033,True
47755,443,120.83198205599308,504,4.171081127895832,496,4.104873490945105,8.96885813148789,2.994805190907731,58.8235294117647,56.0,56,2.828427124746187,0.9428090415820624,0.0509116882454314,1382.9976287619213,37.18867607946221,56.870801489104544,60.41599837401562,0.0,-0.2859900327785157,1.5292504999416108,0.6539151041962271,0.0001102562989037,0.0091438644705153,0.0184442127946579,0.0149913924978304,0.0149786730095461,0.9574770587555972,0.3385781215717094,0.4677996183393422,True
47758,443,106.65912725978606,15117,141.76174640127186,26245,246.0542513395311,31748.436397566857,178.16602904543532,125.46146004699276,87.0,58,0.6469444324419391,0.3770242171475563,1.4207365099441318,417.79431500317446,20.43997554382876,31.722848000802784,32.03819128568207,0.0,-0.0466345134519602,1.5520898525519808,0.6448230705012179,8.764585980047218e-05,0.0093434748469996,0.0096817408678117,0.0087412540220716,0.0057215941131147,0.3619105961803565,0.4605718671194059,0.9895161272974888,True
63915,443,1.7847952959635225,11527,6460.753508383251,426124,238653.967713715,480904.1459184084,693.4641274567275,940.8811993436844,1514.0,1514,-2.4788194584751877,-0.8262731528250623,0.7378311872209545,0.3113113714926405,0.5532862312917001,1.0114870832167489,1.0286553577386168,0.2102513948162787,0.0759933547114486,1.4473085183077203,0.5470840065430063,0.0026915800765125,0.0513469993820157,0.0098961161648919,0.0002984546679445,2.087888995376512e-05,0.5830852836828163,0.1998793227804772,5.393591139290503,False
1597,48284,0.0279640109268684,231,9605.975909120085,550,12726.522513431602,8800.96052474117,31.77374003443467,96.15524702913632,96.9065535883853,92,0.2138980780192444,0.826133629523164,0.2489834396421963,0.0001754174794557,0.0097187114564913,0.0056606793251382,0.0018177630117977,0.0017117218580552,1.32033457077191,0.4525964796651671,2.1508100903448875,1.9919423521616006e-06,0.000243396324018,0.000382727681923,0.0004347783268967,3.348855180381727e-05,-0.0149457338515339,1.010130507898536,0.747451053319847,False
63917,443,1.8943361139894308,16984,8639.78081910892,688160,349547.7468271499,473697.5001945812,688.2535209956665,977.4323192519876,1514.0,1514,-2.3387743652285216,-0.7795914550761739,0.7041761056110719,0.4425816999089118,0.6636760733611756,1.2033738316772775,1.4786979515745875,0.1851071802415491,-1.2652629540483096,1.5257404978782945,0.5510744252558136,0.0027123592140314,0.0466193865179097,0.0068519094415425,0.0003229024404073,1.999303145766802e-05,0.529235874756601,0.1949116042533935,6.069127554604112,False
50149,443,9.08832230962672,5018,6117.541799512516,88124,39935.39862703585,1466517.4938187993,1210.9657131863,751.8305446775586,89.85222835905218,66,1.6440707823531966,0.5678031693127029,1.772897612645614,7.167260025133051,1.805950456699994,0.6120749258389196,0.2343185398499417,0.0,-0.5033805740855462,1.5639882422036178,1.6906233075963812,0.0001303500827324,0.01116032209295,0.008552359878775,0.0043733257626603,8.950742786350725e-06,1.1294936541279563,0.7221533675904592,1.507120863954236,False
34854,443,120.69376240482778,16717,138.4979114366145,43891,363.652068222996,44710.84012441266,210.6958896708829,163.07821131280903,87.0,56,1.082199687652544,0.5011147410006092,1.288989078410972,472.59753705527066,21.66385995605252,28.55011868499026,27.469887367865816,0.0,0.1536780626276619,1.307176785643167,0.7698422438243271,0.0323122929782897,0.1551234343568162,0.0702735551227688,0.0146461727883145,0.0145243120765644,1.1081511094929457,0.369852203660092,2.129273661773329,True
61886,443,0.3824213720552545,800,2222.883153484951,14391,46708.07131598645,467901.9040898036,683.9081066517832,758.1248410734277,846.0815497970118,1377,-0.3944083559933765,-0.9139340720063032,0.9870524090730688,0.0250499471510121,0.1118363884445274,0.1443131845927058,0.116976997777741,0.0851095245352284,0.3730806114013054,0.1937080011484212,0.7596156124280847,0.0002812410216298,0.0136056657106229,0.0202047110873145,0.0230196240789349,0.0007878334053157,-0.758577527083372,1.5161583272302122,0.6357365604329284,False
44907,443,0.256726906356182,2452,9759.69077576237,28006,99996.21706679206,2203914.6464290693,1456.7701044172068,753.1188916293826,88.63833522520572,66,1.3267772034790806,0.456712441851904,2.019980911310171,0.0050186069435448,0.0694445114839561,0.1421684256068763,0.1477689226715778,0.0,-0.4712199531189489,2.146107113355145,0.4941425082762721,0.0001462093178113,0.0119904164871449,0.0102406011103884,0.0042178344922505,5.409166739430989e-06,1.5815920848058456,0.8450171312189405,1.1902014975577055,False
443,55268,120.67414067136654,78507,650.5724052505994,46712,387.0947654274409,13010.9124250767,113.910920592494,127.88553575118254,87.0,87,1.0776239693672078,0.3592079897890692,0.8902587937103263,1227.0921068510818,35.02954718254531,57.43326406145049,55.80629378052443,0.0,0.1392970443838062,1.6395832561710946,0.609914556732344,5.970662196139535e-07,0.0007632332065379,0.0001039056476814,3.766882011074067e-05,1.913247195570373e-05,0.2653753988853892,0.113325132157559,7.281395479222273,True
443,47752,120.81698,496,4.105383200275326,448,3.708088051861584,9.0,3.0,59.0,59.0,56,0.0,1.0,0.0508474576271186,1254.606536172883,35.42042540925904,60.4084884375,60.4085235,0.0,-2.9696848297e-06,1.7054704380176358,0.5863484805766297,2.962984375e-09,5.44333020769e-05,15.088993375,15.089015,15.088892,-1.191825546579819,1.862370940799201,3.6074839934e-06,True
39156,443,20.953036,4549,217.10457615784173,22581,1077.695852763294,594482.9660238752,771.0272148399661,411.06060606060606,97.0,66,1.2219825708452807,0.4475336271135729,1.875702033890076,41.48832222409874,6.4411429284016615,3.754500257575758,1.913391,0.0,0.8575074073224856,0.5828934863439552,1.7155793012411835,0.0001630290816115,0.0127682842078162,0.0140705454545454,0.0110785,0.025036,0.7030025505025576,-0.8588040778996683,0.9074477069182492,False
63916,443,1.441780232379989,9405,7632.345686307062,369730,287403.3476797679,475263.0073414359,689.3931964999867,961.1828951703374,1506.7353833139312,1506,-2.374066440647579,-0.7913554802158596,0.7176686803698668,0.3089626070033245,0.500472078748934,0.9294882483574916,1.1631688199872547,0.2209706591805307,-1.1844546950383843,1.185661299368804,0.5073071313346642,0.0027377362667694,0.0470368635052466,0.0075233213242405,0.0013989795823929,0.0012055226742827,0.3128605593627763,0.1052496059327499,5.761073945902469,False
47757,443,106.9019465454168,14230,133.19861530442583,25212,235.88150573389444,33679.587144451885,183.375203987352,127.46174705729342,87.0,58,0.6597205529530507,0.3741068779703203,1.4386577356769457,424.21098488740864,20.59545732276326,31.232187629525622,31.734580240595022,0.0,-0.0742492732688662,1.5171460166034345,0.6606406143063221,8.296695424866295e-05,0.0091056505501952,0.0100794931043995,0.0097460496253626,0.0072145957121751,0.1357183348303839,0.3302556695221051,0.93438751816355,True
34195,443,130.95374524010933,7885,62.25821237642144,21476,169.44904925392325,61684.95097388075,247.5177243129097,165.04571759471798,73.14819520778747,56,1.1124162923362937,0.4437206045577597,1.4993690886277662,693.6240998798609,26.17140671745157,18.839710565217803,11.698214761085648,0.0,0.776480127748459,0.7561012793027793,1.5132229250600002,0.0152501565955966,0.1231218089649024,0.0508835448716931,0.0150192544751305,0.0040736745272341,0.8617536675241545,0.3805450658255594,2.46445897883464,True
28977,35318,1.1831948388853464,346457,182607.10634594044,13919,26703.15932536369,449272.969125308,670.2234714409165,926.7600643491372,1249.5305925729751,1514,-1.4553748831821762,-0.874228513334901,0.7349810938292116,0.1586057137228601,0.3269256632090246,0.5614078275536485,0.5863556261043796,0.5120755613966128,-0.041037808527168,0.1257190038933342,0.6515604427384314,6.729920845560656e-05,0.0078624290712833,0.0080948277080974,0.0090122125731953,0.0004004130591488,-0.1764528255989253,0.7654846512803719,4.843264839889727,False
51153,443,40.931762082738295,8611,5628.602751159127,239355,100284.14662388276,3653991.727276848,1906.1182915186275,1184.680936764473,268.5791408869249,66,1.454849404646012,0.5832980042137954,1.6260954266129863,144.44320559033852,7.175378558905512,1.8788334474121235,0.1864736774593313,0.0,0.8288352604029439,1.0988051315537843,1.8113419040443444,9.847231913129051e-05,0.0099198196058145,0.0066031171446685,0.0003234456731714,9.860065138072864e-06,1.885194803431293,0.6608657251125476,1.5956975994728686,False
50032,443,15.976970866662567,5016,7442.899447692384,122285,131906.2564996928,3400297.9193055443,1841.1041726369367,1103.8507442571054,167.44520553638006,66,1.5327530879592817,0.561801387155157,1.6773304106029827,55.68738249255552,2.8191194503148864,0.8068207411788197,0.1385975409402887,0.0,0.8696121203953577,1.3802418501383047,1.0929923905518817,0.0001008158581632,0.0100389325157036,0.0073079131776023,0.0001830657330579,7.488053861194415e-06,2.122093727294187,0.7252883620609436,1.4170503400108998,False
53632,443,7.888960344245938,4948,5510.21057461064,99471,98026.0447212601,2564245.724612608,1574.7752342599683,1039.065970744502,104.37625958553092,66,1.8425705626984088,0.6395751521419081,1.5111132635300577,6.146375254616181,1.573970317236257,0.5374211735934251,0.1844432706140197,0.0,0.8085452038188266,1.0833219153331497,1.6614866278808835,9.059165650268864e-05,0.0094832985576397,0.006410688563563,0.0004065429368195,9.010076684247326e-06,1.8534018477725955,0.6638212374595607,1.5716592705156016,False
47753,443,105.74352695261024,448,4.236665949460093,496,4.690594444045102,9.0,3.0,59.0,59.0,56,0.0,1.0,0.0508474576271186,1197.6922588356754,34.60769074692068,52.87155879570512,52.871511979857885,0.0,4.058274328463415e-06,1.5277401541285012,0.6545615740333242,1.0350922549711282e-07,0.0003039479607311,0.0151236769789768,0.0150215671090492,0.0149329295261025,0.9759082657658986,0.6487133374732796,0.0200733361970805,True
63908,443,1.1504867382735102,2304,2021.819993766742,11995,13167.830888362078,316006.0551960804,560.9158857848672,486.7293419962309,194.61454366695068,184,1.6067681242311695,0.5730885789626399,1.1734557505084782,0.0825108235054658,0.2800536252321063,0.7843717023364318,0.8008230052667366,0.9507588425164616,-0.1473707535453821,-0.5488603505463655,0.3882584078232047,0.0065432068965371,0.0780767731943647,0.0793203308392783,0.0771421362905808,0.0001374363980359,0.0131136847293054,1.056472117521612,0.9576742376885724,False
47752,443,105.744315337768,448,4.236634362518752,496,4.6905594727886175,9.0,3.0,59.0,59.0,56,0.0,1.0,0.0508474576271186,1197.695166666624,34.607732758248865,52.871589980584126,52.87152674120596,0.0,5.481957826701841e-06,1.5277392006556454,0.6545619825497224,1.9000639290161533e-07,0.0004331020912862,0.0151887297181269,0.0150309257774772,0.0149413417991206,1.0769111182937654,0.5845118550302262,0.0285096778011872,True
53239,443,87.39095211933859,15302,2250.8644131715478,457310,41412.18094171333,4126302.183958003,2027.1573047499132,1335.1652762998658,456.863654306272,66,1.309813447572135,0.6233189929058561,1.5307095010364975,309.68296321645846,15.285575435419776,3.874636241725194,0.2756063215875479,0.0,0.7529195826847909,0.5748447474022875,3.1487178119840755,9.410927219974688e-05,0.0096980630193363,0.0052909742159783,0.0005847958186639,1.427611982381448e-05,1.4441519580749187,0.5409278940672473,1.928291324861954,False
49907,443,13.190279257276694,4615,7645.501238161732,109211,135437.48493189987,3371968.032675543,1833.8440718406412,1094.824468809839,156.151619201585,66,1.541452561288856,0.5594008684784509,1.6830518008865436,45.77605502965947,2.332657728351047,0.6871095086644423,0.1332512318178352,0.0,0.8741656561318042,1.4116697765618025,1.012774586102117,0.0001010775602347,0.0100522338069741,0.007386617470269,0.0001673895609813,7.223172305367665e-06,2.148548135895931,0.7324824123050089,1.3971008716033362,False
443,55268,120.67983617592776,78615,651.4345571880789,46400,384.4958563750229,9575.253417017817,97.32326335069622,123.33989298022384,87.0,87,1.1230944803814529,0.3743648267938175,0.7876438892021826,1197.6605572759163,34.60625957745604,57.118164597573866,55.80772408696098,0.0,0.1134827600697471,1.6505659063204972,0.6058629490887992,2.2432383986952537e-07,0.0004261592465383,8.07586239066676e-05,3.4192984298951706e-05,2.052280628041932e-05,0.3542222841090277,0.1532031472030977,5.034895616020203,True
63873,443,0.9282352077902414,1881,2091.1715779318897,12889,23107.52823363156,354209.7481961158,592.001300187443,570.0143550269844,386.2951613140612,532,1.0452535781403336,0.1500726017787406,1.0873314643459095,0.0624184304919819,0.2265873561626611,0.6053711255420859,0.6158165207672903,0.7265108773414305,-0.0414783258519512,-0.382769566163689,0.4840806123914773,0.0048592818127777,0.0603768872748003,0.0630423788848,0.0621818693780622,0.0003286401982262,-0.2049847289690217,1.1871971490534627,0.8667108961819079,False
40799,443,0.9369253792731278,2028,2788.953204687146,5127,7201.563890463763,632021.5251304499,789.2624262076483,362.5544001755165,68.52215061956896,66,1.099340957569836,0.36915972736613,2.223434472069953,0.1512221051048169,0.3603189129953306,0.4697818381594304,0.3155459110635588,0.0,0.977797520310326,1.4070268672056576,0.7316163599999679,0.0016201309206788,0.0397493354354287,0.0555789882848784,0.0610662813596278,1.405419351766164e-05,-0.4907890161905949,1.4793323473466868,0.7456195207980173,False
47754,443,120.8319784186594,504,4.171081253455422,496,4.1048736145116855,8.96885813148789,2.994805190907731,58.8235294117647,56.0,56,2.828427124746187,0.9428090415820624,0.0509116882454314,1382.960751416489,37.18818026155155,56.86983925388433,60.41600655801633,0.0,-0.2860721304217367,1.529245014172047,0.6539174499480339,4.403512201944848e-05,0.0036717156556285,0.0163719556159828,0.0149902558310657,0.0149836743433106,0.6281915537613344,0.2626698200319058,0.1881525486106383,True
47760,443,107.511595,12723,118.34072408655084,24565,228.4869831946964,36459.57042084069,190.94389338452456,132.69750889679716,87.0,62,0.717972825736371,0.3702527881026593,1.4389410545229404,432.5657152712714,20.79821423274776,29.99109351957296,29.693923,0.0,0.0428648127546996,1.4420032981654056,0.6934796898677373,8.73691728769e-05,0.0093471478471729,0.0121337640449438,0.014987,0.014986,-0.9157561220942332,-0.3051450561915362,0.7703419823025085,True
34588,443,0.44262,2371,5356.739415299806,6338,14319.280647056165,864420.8055555555,929.7423328834476,483.8333333333333,74.0,66,1.3224093993729442,0.4494076676464648,1.921616947055007,0.0209578771527561,0.1447683568766191,0.2579512777777777,0.264441,0.0,-0.1344849598815266,1.7818208574241143,0.5612236470537492,0.0009250416632222,0.0304144975829327,0.0679153333333333,0.0800775,1.2e-05,-1.1996417136436468,2.2325975679255547,0.4478296150540293,False
63913,443,0.5486079483033313,4930,11055.06976577582,169906,378167.51321949874,476609.58009234106,690.3636319360897,919.1317901825316,1489.2062760167678,1489,-2.47709889282364,-0.8256996309412133,0.7511101665193242,0.0462779242086215,0.1453146359929331,0.3116237703182855,0.2856151946887009,0.1680283131092882,-0.1177530995718749,0.5341297145237194,0.4132842745202056,0.0003859030640041,0.0131708492897422,0.0059807470154946,0.0040638608431885,0.0040718151264618,0.1494803202074346,0.0422427306020596,1.798044975662338,False
443,44228,120.81697740050136,496,4.105383288606775,448,3.708088131644828,9.0,3.0,59.0,59.0,56,0.0,1.0,0.0508474576271186,1254.603927735404,35.42038858809351,60.40851820175929,60.40851505162946,0.0,2.668160673723621e-07,1.7054730512566834,0.5863475821384752,5.1037397149144496e-08,0.0001529650371462,15.088984601692127,15.08899589368508,15.088698597302036,-0.8494025811612222,1.864970285572486,1.0137541013064244e-05,True
41536,443,97.1219918690229,18255,188.696699212796,30216,312.3518786617726,28440.346309720066,168.60952119117042,123.38170643510492,102.17440171110852,64,0.3753621560569282,0.3493911435545451,1.366652172425713,428.96216096551126,20.710987497577744,20.43595086283574,9.575721159740135,0.0,1.5683320599203778,0.9883535895397508,1.0602779634430743,0.0005330872940921,0.0223457264534277,0.021923381113246,0.0217413882117724,0.0209545755175507,0.1340214267867306,0.1317369313381993,1.0262962660051775,True
44968,443,103.26334013995992,25283,237.7885939779315,43249,405.1873265887044,23166.351066631774,150.02290952755226,123.8869571351905,99.4508591490404,72,0.5425002118726195,0.3422101651092137,1.2118903968806585,608.5738371109685,24.144959693183957,32.33922729296096,23.65391585203572,0.0,1.2739009607015284,1.2289025280726578,0.9415229382046172,0.1347137842064827,0.220657540060604,0.071974234010254,0.0179210690872938,0.0171959524832644,0.2138412082668945,0.0730486839126619,1.8418166259619344,True
41907,443,20.139810371556592,16889,3231.7147467410346,334618,28299.750326433204,1433802.2631886443,1197.3512408165736,835.8844138500972,98.31126328346876,66,1.852162941904258,0.6444752378332693,1.5148670050570785,25.403833584572,4.385803380496403,1.8070230202631252,0.614697591941139,0.0,0.2678802907383166,0.937428442959275,1.954440607508464,0.0001313036635345,0.0114077522483032,0.007386113018003,0.0023517596901092,0.0007504985894043,1.3365462231660163,0.5633877672368144,1.6557682914778218,False
63915,443,1.7843763169399918,11531,6464.56443435333,425716,238482.1109317601,480999.83392144326,693.5331723188315,940.2988318560028,1514.0,1514,-2.4810954737528035,-0.8270318245842677,0.738356330731719,0.3096672384753252,0.5518295127282635,1.0088003154835612,1.0209653810693335,0.2097472663142856,0.1022727126818519,1.4471793524221286,0.5470965221166307,0.0026758230116615,0.0511968885883556,0.009922873720445,0.0002985146534876,2.092887790636732e-05,0.5862112083735667,0.2009369299603737,5.362567445428685,False
55106,443,14.386338099374186,6677,3456.589049289205,132618,25477.33079763401,1455124.5699549965,1206.25738356918,875.0704246092935,96.92616654939624,66,1.938781928938048,0.6719694302471245,1.497084759264971,11.443006874235175,2.8493293491217657,0.8892862798899397,0.2697702360851279,0.0,0.0422036274506174,0.9729747473828424,2.465992514427608,0.000102729792286,0.0098891641211957,0.0065153271037396,0.0027620398415264,1.130872218313208e-05,1.1444938817561665,0.6160399745699625,1.74371302754812,False
34888,22729,0.6798339594053029,1437,5538.543073272104,6454,10624.700850468706,163911.95831203056,307.107796859827,285.1963927582973,104.01975234036443,59,1.0899612262046618,0.7904500397737796,0.763050085201895,0.0488805674828311,0.1666935841102554,0.4637100458057787,0.4721198384754996,0.561388123035011,0.511447758012398,-0.121397884754052,1.186797539647464,0.0038920357138224,0.0459811066937217,0.0463758666795975,0.0449267341826109,4.404694246596368e-05,0.0513332514195949,1.0041411536145293,0.8811351804878536,False
63921,443,1.233523,2462,1995.9092777353967,11662,9454.221769679203,301732.62434963573,549.3019427870574,455.61290322580646,123.0,54,1.816557765324056,0.7311332291819252,1.2056329811950426,0.0900176208775754,0.3000293666919547,0.8512488064516129,0.869944,1.034541,-0.186933636742117,-0.6109141767331603,0.3524578999912044,0.00717234471925,0.08468969665343,0.085402,0.0827315,6.6e-05,0.094598284284627,1.0076314282859553,0.9916594067285314,False
43567,443,43.50975288812466,4322,3078.0145687734685,6079,4384.291421264244,4795.768498435596,56.02304289081237,99.31402270441248,86.23755924091809,61,0.4762173673664098,0.6664902726405054,0.4729993297722754,533.7373561867109,15.489962802671188,28.450884489855174,33.20949261137264,0.0,0.0470543195148898,1.5791554527067502,0.6467905351820185,0.0001154241076153,0.0101144194911451,0.0180596483867755,0.0207532300918436,8.945649178754108e-06,-0.9642107014308676,1.836558707726645,0.547575832966499,True
46944,443,87.45931353257728,1346,595.6053139323794,1758,846.8992309192536,996.6651136660804,18.628197817355613,69.48695292722746,66.6484329225986,57,0.1930179466857206,0.6588504030639628,0.2170384466599239,1088.2695958041047,31.198814354946656,57.53023005677719,67.4114932590789,0.0,-0.761332961090796,1.7938136884366929,0.5621608046404563,5.129520354031834e-05,0.0067943158928714,0.0131802126847106,0.0161052595407557,0.0133824265594726,-1.3878532569749369,-0.2581221869069652,0.5088082455753051,True
63918,443,1.9487887940518096,25558,12627.021002202871,1326557,685450.8608463022,417288.1211560873,644.1516175099933,1073.5106012788265,1514.0,1514,-2.0255556038293494,-0.6751852012764499,0.6098825261050775,0.373553961408152,0.5778058903214187,0.991270710420006,1.1217054922849894,0.1323604793575657,-0.6283832088091993,1.3072227941235055,0.5986773155841221,0.0006322432829652,0.0195091805976597,0.0041616654403253,0.0006010481721245,2.7226858833242807e-05,0.7264732181407701,0.286858769994577,3.920567851018632,False
47753,443,119.98901202010153,500,4.174743818402668,496,4.137596591015847,8.970598063640471,2.995095430890044,58.833389027296,56.16761346403205,56,2.6703996353658805,0.9460043664659769,0.0509080996066206,1372.5866048357095,37.043696508980815,56.64584841385153,59.99449293953963,0.0,-0.2701401837106827,1.529157435681892,0.6539549346702442,1.1790313807291722e-08,5.566762823966828e-05,0.0150050345530487,0.0149918465884964,0.0149844299268848,0.4474700648361749,0.232226604401198,0.003691398152629,True
51247,443,23.600739542040795,15212,618.4168198649757,313220,12772.630781340187,1429298.663693389,1195.5210182102824,973.2042494733644,105.0,66,2.178216616728593,0.7586946084501169,1.2305009714769863,25.13744986853715,4.934929897430718,1.7856123302549138,0.537237080538539,0.0,0.7447297043223047,0.3522710790747578,2.9054141765170733,9.402899620961784e-05,0.0096254385184464,0.0050431015159871,0.0008593382010715,0.0005101578297437,1.2886313503958968,0.4735191443496629,1.923566383285517,False
51187,443,10.861405294937184,2662,1228.478405598006,19076,25543.980945386123,529732.9906070305,726.3941057586868,603.5376524171494,502.5858089454216,773,0.3616105483990229,-0.2809235601001639,1.371741916604031,21.217543366572396,3.3306532619765226,1.9689134699703184,1.0243017059635304,0.0459035177358012,0.564177166152519,0.3399604688394518,1.245882915276839,0.0001367051431282,0.0116344239776584,0.0155628835567149,0.0154287742941405,0.0132261230956711,-0.041327114894426,0.3211861078462197,0.7621541789952018,False
34868,443,120.69390180035644,16733,138.63234237833245,43910,363.8066208387662,44688.24979182282,210.6264792722775,163.05133943532124,87.0,56,1.0821517658413804,0.5010004822993545,1.2887129694815949,472.9712343905517,21.67090268870337,28.574965172052732,27.49636655712125,0.0,0.153487588536724,1.3076749260924705,0.7696500812636167,0.0325946391725411,0.1554769070358306,0.0703493491830798,0.0146375338110551,0.0145141509275848,1.1079360841682535,0.3697826361569328,2.1303711240247853,True
63916,443,2.0289090358780006,26979,12916.345307947166,1088365,519011.1282893786,473816.08632037695,688.3207919143737,964.048940707808,1514.0,1514,-2.395937423762861,-0.7986458079209536,0.7150396144243897,0.4534392892184721,0.6630461881326992,1.18191689622072,1.2454971953347418,0.0751554272776532,-0.1276012424609345,1.6445939515989547,0.5596352297149388,0.0006730994867473,0.0186598454389278,0.0051025891833929,0.0003731527544154,2.5042059087228757e-05,0.8476484622564495,0.3255963697169924,3.1534184324163697,False
47761,443,107.2583201959484,13924,129.829649668612,26393,246.0841987995765,33648.85134139474,183.3890170967372,130.69333862699114,87.0,62,0.7147241988350255,0.3746319107148671,1.4030338617155105,422.8867686665662,20.56380545679495,30.49934336045464,29.518422574182296,0.0,0.1434519139262038,1.483299424896908,0.6743344586378539,9.846725041952284e-05,0.0099180812861445,0.0121253103655919,0.0149854656102937,0.0149775608566158,-0.8660027321727379,-0.2878824194416318,0.8179752253024573,True
47758,443,107.79043,15947,147.9444882073483,25436,235.9764220255917,33552.728217085205,183.1740380542101,124.64759036144578,87.0,56,0.6165872210062437,0.3747670308012188,1.4695353317545308,386.3261153315832,19.655180368838725,30.906033978915666,30.519378,0.0,0.0590158886858142,1.5724116186648691,0.6359657917365794,0.0001893743632923,0.0137613358106084,0.0091980955882352,0.006037,8e-06,0.6891254522976872,0.6678200223230353,1.4961070667943124,True
42997,443,99.80139847761772,17751,179.2450197309904,29049,293.6079144834917,29935.076551398528,172.8479507412219,123.9240934569439,98.61170657167102,62,0.4333053201890101,0.3549989614954238,1.3945480500825822,415.3317757041288,20.37273922586145,22.7167249941528,14.119655829024282,0.0,1.2430235402223624,1.1237489565387606,0.961350593001966,0.0004656614967061,0.0209164062585977,0.0190586510503356,0.0181925214961109,0.0160366707325727,0.2137013058313643,0.2273707421620292,1.1858014960393255,True
443,44541,103.44184955524572,676,6.677807886861507,551,5.423866041001668,76.65461640487209,8.252310937336931,61.83516928060943,61.289944418953766,56,0.1655386313567149,0.7553729052664515,0.1322985931905082,1117.5440904167533,33.41095922531145,65.86180578161998,71.943363151358,0.0,-0.556445169255993,1.9763140008400053,0.5092676891147827,38.619609547762046,5.429551901331565,11.249775901401016,15.08893424850934,3.5711450482579004,-1.5895295303275474,1.5226578199855,0.5397489420133232,True
47746,443,100.48933842343344,576,5.777833100993702,654,6.564043163993202,66.71248056509594,7.524861935999219,61.28375165916992,61.009701460069536,56,0.0842839914286759,0.7702492463265771,0.1214900339899239,1212.737364777797,34.82404744259243,60.6179506755506,68.04876686811143,0.0,-0.6381906806784583,1.7400420844069775,0.579227784968919,2.4168360722657947e-05,0.0040711206198812,0.0130146150698932,0.0149935679102204,0.0149868251238478,-0.644445463184567,-0.157171974134507,0.3378709725475283,True
58619,443,14.90063208122951,6881,1203.6327186656135,137469,13610.70889140989,1368990.9147250082,1168.9263515308442,925.988493219371,97.3899210811182,66,2.11543799502761,0.7315786627560963,1.288609789152831,11.735000117922477,2.9610935217947256,0.943271079767797,0.2947946865665617,0.0,0.554250641996661,0.5801093301406959,2.623649794989177,0.0001070589093403,0.0100301082871958,0.0082155685364896,0.00822740741564,0.0005092188392768,0.3319421160043724,0.6896033257706367,1.6610975037325095,False
443,55268,120.68370860121148,78461,650.1432281863109,46272,383.4161071211208,8687.56494426415,93.16551611668244,122.1048601871752,87.0,87,1.1308295342533896,0.3769431780844632,0.7629042250724741,1199.614146885614,34.63402513491776,56.9774409524029,55.80254639169972,0.0,0.101815505036994,1.6452778371901264,0.6078614185440021,7.498873728265326e-08,0.0002539240625143,6.534573255867512e-05,3.2766771927575474e-05,2.076677192757547e-05,0.385423603123026,0.1992524723394063,3.658340604781669,True
