SourcePort,DestinationPort,Duration,FlowBytesSent,FlowSentRate,FlowBytesReceived,FlowReceivedRate,PacketLengthVariance,PacketLengthStandardDeviation,PacketLengthMean,PacketLengthMedian,PacketLengthMode,PacketLengthSkewFromMedian,PacketLengthSkewFromMode,PacketLengthCoefficientofVariation,PacketTimeVariance,PacketTimeStandardDeviation,PacketTimeMean,PacketTimeMedian,PacketTimeMode,PacketTimeSkewFromMedian,PacketTimeSkewFromMode,PacketTimeCoefficientofVariation,ResponseTimeTimeVariance,ResponseTimeTimeStandardDeviation,ResponseTimeTimeMean,ResponseTimeTimeMedian,ResponseTimeTimeMode,ResponseTimeTimeSkewFromMedian,ResponseTimeTimeSkewFromMode,ResponseTimeTimeCoefficientofVariation,DoH
55268,443,120.892863,39956,330.50751722208776,70650,584.4017442121459,12444.750192241943,111.55604059055676,124.6967305524239,87.0,87,1.013752290405732,0.337917430135244,0.8946188091407684,1006.3546997546684,31.72309410752155,64.03870579932357,65.290486,0.0,-0.1183787618351805,2.018677799279988,0.4953737542250056,0.435591335439947,0.6599934359067119,0.1785312780487804,0.002307,1.1e-05,0.801027412371216,0.2704879599348224,3.6967944391591736,True
443,55268,120.639963,79416,658.2893265642,46755,387.55814273583616,8069.990050850592,89.83312335019077,121.31826923076925,87.0,87,1.1460673285394465,0.3820224428464821,0.740474818176906,1207.86717899444,34.75438359393589,56.60667161538461,55.776013,0.0,0.0717024901166326,1.6287635043903246,0.6139626761678442,7.4345829797e-06,0.0027266431705964,0.0002353729508196,3.15e-05,2.6e-05,0.22431202551716,0.0767878074687248,11.584352242265128,True
443,55268,120.690013,77836,644.9249450325273,46200,382.79886505605066,9645.9350425867,98.21372125414402,123.17378351539226,87.0,87,1.104951010514713,0.3683170035049043,0.797358970806242,1239.247253536836,35.202943819187,56.870347484607755,55.78391,0.0,0.0925863606908574,1.6154997654943606,0.6190034943731415,4.6277577865394875e-09,6.80276251719e-05,4.07925311203e-05,3.2e-05,2e-05,0.387748261008828,0.3056483460618589,1.6676490353420124,True
443,55268,120.673598,78497,650.4902588551308,46742,387.34239116662445,13338.264242433152,115.49140332697128,128.31864754098362,87.0,87,1.0732915096028002,0.3577638365342667,0.9000360083290665,1229.8963639727715,35.06987829994241,57.46328694262295,55.8061575,0.0,0.1417566461266281,1.6385368221456678,0.6103005965349607,6.325813551756885e-07,0.0007953498319454,0.0001061111111111,3.8e-05,1.9e-05,0.2569100100688051,0.1095255290342268,7.495443442418048,True
443,55268,120.681791,78652,651.7304669434347,46294,383.6038528795119,8396.058692323186,91.63000978021984,121.77972709551656,87.0,87,1.1387009729324875,0.3795669909774958,0.7524241675164116,1187.5589936698614,34.46097783972273,57.01001544054581,55.808215,0.0,0.1046227225009711,1.654335396566463,0.6044723470678788,9.639034971996448e-08,0.0003104679528066,7.28140495867e-05,3.3e-05,2.1e-05,0.3847165147982533,0.1668901705260439,4.263846806606553,True
443,55268,40.226932,29805,740.9215298845062,17624,438.1144453173809,8255.135145512288,90.85777427117776,120.99234693877553,87.0,87,1.1223810140006487,0.3741270046668829,0.7509381921251065,168.91042908794765,12.99655450832826,18.883926622448975,18.654022,0.0,0.0530689781591703,1.452994838774235,0.6882336903850343,9.737306238185256e-10,3.12046570854e-05,3.81739130434e-05,3.45e-05,5.5e-05,0.353208147753858,-0.5392171723106236,0.817434069435778,True
443,63916,1.906338,629981,330466.5804280248,12697,6660.413840567622,438855.7665281875,662.4618981708967,1026.6421725239616,1514.0,1514,-2.207030300859569,-0.7356767669531897,0.6452704904399736,0.2839524693903226,0.5328719071130722,0.9393974712460064,0.990129,0.854941,-0.2856119533238708,0.1584930076414879,0.5672486071378037,3.2974771442e-05,0.0057423663625778,0.0006906554054054,1.8e-05,1.7e-05,0.3514171839273454,0.1173132055445851,8.314372576592145,False
63914,443,1.767017,11702,6622.460338525322,408820,231361.66771457208,484964.4199239609,696.3938683848106,916.1699346405228,1514.0,1514,-2.575396305883888,-0.858465435294629,0.760114299819339,0.2415468206592329,0.4914741302034451,0.8974810130718954,0.702351,0.18886,1.1910902390190197,1.4418276965637289,0.5476150726812914,0.0020229696050929,0.0449774343987399,0.0110315041322314,0.000301,2.3e-05,0.715725848462269,0.2447561600476661,4.077180578424181,False
63918,443,2.151764,34146,15868.84063493952,1407144,653949.039021008,468586.3430015446,684.5336682746471,986.5092402464064,1514.0,1514,-2.3117522959087884,-0.7705840986362629,0.6938948368123413,0.552839187101178,0.7435315642937951,1.3153473004791238,1.50029,0.021816,-0.7462065165849455,1.7397126935797504,0.5652739500989274,3.98681461962e-05,0.0063141227574584,0.0023213032581453,0.000407,2.6e-05,0.9095340706913484,0.363518947336598,2.7200766359597632,False
63917,443,1.808925,11290,6241.275895905025,449611,248551.48776206863,475393.3134819358,689.4877181516258,974.4207188160676,1514.0,1514,-2.34773992478256,-0.7825799749275201,0.707587292467838,0.4059997469872294,0.637181094342283,1.1662225391120509,1.471534,0.239285,-1.4374789063842235,1.4547473980985934,0.5463632136859795,0.0035990558449522,0.0599921315253276,0.0083551037037037,0.000295,1.8e-05,0.4030580427185289,0.1389699530876632,7.180297654322821,False
63919,443,1.655435,13147,7941.719245998787,1210089,730979.4706527287,343148.3860284506,585.7886871803266,1199.2509803921569,1514.0,1514,-1.6119243670761714,-0.5373081223587238,0.4884621290772452,0.1144385638954682,0.3382876939758055,0.5228928274509803,0.574549,0.292127,-0.4580968223400471,0.6821585046114177,0.6469541676922675,0.0014883847661646,0.0385795900206914,0.0068214840425531,0.0008815,2.9e-05,0.4619010237823198,0.176064184168628,5.655600713866313,False
443,63915,1.966859,1407161,715435.6260413177,48636,24727.751201280826,495536.2201803489,703.9433359158597,882.3012121212121,1514.0,1514,-2.6921149287829595,-0.8973716429276533,0.7978492222893498,0.2677788644985811,0.5174735399018786,1.1553859012121213,0.956079,0.490196,1.1554614053304815,1.2854568396642116,0.4478793962770313,5.6410147988e-06,0.0023750820614991,0.0001324409799554,1.7e-05,1.4e-05,0.1458151469712871,0.0498681632417768,17.933135667661,False
63913,443,0.292762,3509,11985.845157499947,119738,408994.3366967024,474855.20054577856,689.0973810324479,919.7537313432836,1484.0,1484,-2.4564580457902547,-0.8188193485967515,0.7492194459771679,0.0052746536592254,0.0726268108843107,0.188603343283582,0.1981075,0.163654,-0.3925887671795478,0.343528002672795,0.385077006694997,4.21458988245e-05,0.0064919872785233,0.0049201707317073,0.004854,0.004922,0.0305780320578668,-0.000281773240489,1.3194638219943686,False
63777,443,0.301294,689,2286.802923390442,15410,51146.05667553951,461977.1475,679.6890079293618,804.95,927.0,1514,-0.5387022531311155,-1.0431976856004852,0.8443866177145931,0.0057405344348475,0.0757663146447515,0.10043495,0.0939385,0.093938,0.2572297476969872,0.085749848471085,0.7543819621033474,0.00010915917675,0.0104479269115935,0.0171245,0.019981,0.000868,-0.8202105616273861,1.5559546058808105,0.6101157354429918,False
63921,443,1.233523,2462,1995.9092777353967,11662,9454.221769679203,301732.62434963573,549.3019427870574,455.61290322580646,123.0,54,1.816557765324056,0.7311332291819252,1.2056329811950426,0.0900176208775754,0.3000293666919547,0.8512488064516129,0.869944,1.034541,-0.186933636742117,-0.6109141767331603,0.3524578999912044,0.00717234471925,0.08468969665343,0.085402,0.0827315,6.6e-05,0.094598284284627,1.0076314282859553,0.9916594067285314,False
34194,443,120.687319,15965,132.28398917370927,43026,356.5080437324157,45755.05337481863,213.9043089206448,164.32033426183844,87.0,56,1.0844148206082622,0.5063962236591673,1.3017519096559047,455.3237891991941,21.33831739381515,27.40161717827298,26.245916,0.0,0.1624825177557754,1.2841507918621209,0.778724746608551,0.0192611510322175,0.1387845489678788,0.0667700581395348,0.0150455,0.014994,1.1180904183686835,0.3730678848948686,2.078544677583616,True
34196,443,134.76939,4883,36.23226312740601,13467,99.92625179946275,67605.49517084652,260.01056742149257,165.3153153153153,68.0,56,1.1228233869152104,0.4204264326615183,1.572815966418838,782.1913686122493,27.96768436271136,15.657571684684685,6.291381,0.0,1.004679961688827,0.5598451227360299,1.7862082911661008,0.0137594207206093,0.1173005572050251,0.044979125,0.0150095,1.5e-05,0.7664829318999034,0.3833240529404215,2.6078888196474503,True
443,34194,120.817038,496,4.105381229425605,448,3.708086271739256,9.0,3.0,59.0,59.0,56,0.0,1.0,0.0508474576271186,1254.3465614333288,35.41675537698688,60.411958125,60.4085345,0.0,0.0002900004500884,1.705745133396791,0.5862540542669568,0.0002617634655,0.0161791058312874,15.082174,15.0890015,15.039628,-1.2659846726752073,2.6296879718608115,0.0010727303524868,True
443,34196,120.81697,496,4.1053835400771925,448,3.7080883587794,9.0,3.0,59.0,59.0,56,0.0,1.0,0.0508474576271186,1254.596501786059,35.42028376207705,60.4086029375,60.408491,0.0,9.4807964344e-06,1.705480490875594,0.5863450243787894,1.87900234375e-07,0.0004334746063785,15.088959625,15.0889415,15.088148,0.1254398739854217,1.8723703489340768,2.87279320212e-05,True
40278,443,0.526423,2165,4112.662250699533,5047,9587.347057404406,370821.3136094675,608.9509944235805,277.38461538461536,97.0,66,0.8886656744293362,0.3471291077941458,2.195330817389503,0.0321758071990724,0.1793761611783251,0.1955026538461538,0.136758,0.0,0.9824826241167028,1.0899032098908432,0.9175126661936822,8.53033281388e-05,0.0092359800854532,0.0207638333333333,0.024881,0.000112,-1.3373242347559553,2.236019690629278,0.4448109333754963,True
40332,443,1.314779,7173,5455.66973613056,10219,7772.408899138182,8434.544982698962,91.83977886895724,127.88235294117646,105.0,66,0.74746541933076,0.6738077301936245,0.7181583444214686,0.1673981646303163,0.4091432079728519,0.5623083088235294,0.4508505,0.0,0.8172527857110976,1.3743557215810864,0.7276136623854412,0.0001769333317184,0.0133016289122197,0.02274504,0.02522,1.2e-05,-0.5581932896338,1.7090418136019383,0.5848144875638704,True
43660,443,1.164517,1871,1606.6746986089513,4570,3924.3737961747233,525018.5850340137,724.5816620878655,306.7142857142857,66.0,66,0.9966341889774286,0.3322113963258096,2.362399457203101,0.2111992933076643,0.4595642428514912,0.5673143809523808,0.339076,0.0,1.4899225810272827,1.2344615356328088,0.810069792484365,0.0019401688917142,0.0440473482937881,0.049899,0.052313,1.5e-05,-0.1644139836000367,1.132508582974901,0.8827300806386539,False
40958,443,1.078365,2351,2180.1523602861735,4501,4173.911430730783,221724.9536,470.8767923777939,274.08,97.0,66,1.1281932101970646,0.4418990346694624,1.7180268256632878,0.1354175962578816,0.3679912991605665,0.43417328,0.286912,0.0,1.2005279500025225,1.1798465914558378,0.8475678170719454,0.0011489511340246,0.0338961817027329,0.0533294444444444,0.079901,2.2e-05,-2.3517299784901553,1.5726681226796213,0.6355997527415478,False
53154,443,0.803995,2574,3201.5124472167117,20438,25420.556097985685,1182660.1616161617,1087.501798442725,697.3333333333334,78.0,66,1.7085029217060688,0.5805354384125035,1.5595150073270434,0.0447905197379797,0.2116377086862825,0.2746693333333333,0.255459,0.0,0.2723096954589897,1.2978279487068374,0.7705181576621193,0.00019841102085,0.0140858446977808,0.0184715,0.0268385,0.001771,-1.7820017569805087,1.1856228971934577,0.762571783438314,False
49330,443,0.321871,2762,8581.077512419572,48842,151744.02167327903,3241146.040816327,1800.3183165252549,1053.142857142857,104.0,66,1.5816250633523052,0.5483157328800135,1.7094720856859444,0.0074426239929779,0.0862706438655579,0.1343059591836734,0.108563,0.0,0.8951930122530674,1.5567979229756606,0.6423441252340586,0.0001022860502906,0.0101136566231337,0.0077500588235294,9.5e-05,6e-06,2.2707095293366177,0.7657031588175355,1.3049780464153895,False
34588,443,0.44262,2371,5356.739415299806,6338,14319.280647056165,864420.8055555555,929.7423328834476,483.8333333333333,74.0,66,1.3224093993729442,0.4494076676464648,1.921616947055007,0.0209578771527561,0.1447683568766191,0.2579512777777777,0.264441,0.0,-0.1344849598815266,1.7818208574241143,0.5612236470537492,0.0009250416632222,0.0304144975829327,0.0679153333333333,0.0800775,1.2e-05,-1.1996417136436468,2.2325975679255547,0.4478296150540293,False
40378,443,95.406155,18744,196.46531190781135,31037,325.3144411909273,27944.79026408635,167.16695326554932,123.52605459057072,105.0,66,0.332470997921609,0.3441233656941094,1.3532930669535843,431.2895221730537,20.76751121759788,18.211296920595533,5.097189,0.0,1.8944168778610735,0.8769128245450869,1.140364209542455,0.0006176635532363,0.0248528379312371,0.0244835316455696,0.02488,0.024855,-0.0478579173365225,-0.0149467177735659,1.015083864983766,True
443,49172,0.022891,223,9741.819929229827,275,12013.45506967804,390.0,19.748417658131498,83.0,81.5,66,0.227866357593825,0.8608284620211167,0.2379327428690542,7.21287798888e-05,0.0084928664118122,0.0039016666666666,0.000108,0.0,1.3400658209071545,0.4594051616354229,2.1767278287429974,2.916e-09,5.4e-05,7.2e-05,7.2e-05,1.8e-05,0.0,1.0,0.75,False
39156,443,20.953036,4549,217.10457615784173,22581,1077.695852763294,594482.9660238752,771.0272148399661,411.06060606060606,97.0,66,1.2219825708452807,0.4475336271135729,1.875702033890076,41.48832222409874,6.4411429284016615,3.754500257575758,1.913391,0.0,0.8575074073224856,0.5828934863439552,1.7155793012411835,0.0001630290816115,0.0127682842078162,0.0140705454545454,0.0110785,0.025036,0.7030025505025576,-0.8588040778996683,0.9074477069182492,False
54526,443,116.047587,19430,167.4313141901003,591748,5099.184009745933,4417629.439055813,2101.815748122516,1427.9859813084113,573.0,66,1.2203533759876086,0.6480044611546132,1.4718742169980543,411.6050027167237,20.288050737237516,5.105673457943925,0.3305845,0.0,0.7060938016848803,0.2516591428161585,3.973628729755778,9.14180878983e-05,0.0095612806620443,0.0044816273291925,0.000746,1.7e-05,1.1721109738014337,0.4669486742415041,2.1334394762732356,False
41928,443,26.702399,21714,813.1853621092247,440341,16490.690593006268,1416742.657384073,1190.2699934821817,931.5625,105.0,66,2.083298338678249,0.7271984547537512,1.2777135119567198,33.76851343022688,5.811068183236785,2.3534860362903225,0.7595215,0.0,0.8228940804145644,0.4050005888899108,2.4691322122295105,0.0001163780681971,0.0107878667120598,0.0058781121951219,0.000797,0.000996,1.4130075011332164,0.4525558505153024,1.8352604295325137,False
41844,443,0.211613,2238,10575.909797602226,13577,64159.57431726784,1485606.0879904877,1218.8544162411226,545.3448275862069,78.0,66,1.1502887170745253,0.3932748827086986,2.235016001959694,0.0033399148003733,0.0577919959888336,0.1476133793103448,0.17492,0.0,-1.4174949431543038,2.5542183962441114,0.3915091996324452,0.0001766272738677,0.0132901194075812,0.0119653636363636,0.007073,5e-06,1.1043611015803545,0.8999440313185529,1.1107158805597526,False
60764,443,20.433224,8572,419.51284829060745,183401,8975.627145280647,1442121.265810028,1200.883535489611,1015.7301587301588,105.0,66,2.275150250166881,0.7908595052416513,1.1822859892148192,16.323126972501868,4.040188977325426,1.2056812275132276,0.310233,0.0,0.6649057006036441,0.2984219882485248,3.3509595116268827,7.12053968332e-05,0.0084383290308693,0.0041903614457831,0.000923,1.4e-05,1.1616143790424767,0.4949275419938051,2.0137472960384,False
443,47752,120.81698,496,4.105383200275326,448,3.708088051861584,9.0,3.0,59.0,59.0,56,0.0,1.0,0.0508474576271186,1254.606536172883,35.42042540925904,60.4084884375,60.4085235,0.0,-2.9696848297e-06,1.7054704380176358,0.5863484805766297,2.962984375e-09,5.44333020769e-05,15.088993375,15.089015,15.088892,-1.1918255465798193,1.862370940799201,3.6074839934e-06,True
47744,443,97.803401,584,5.971162495668223,733,7.494626899528781,97.6326530612245,9.880923694737476,62.71428571428572,62.0,56,0.2168680994873404,0.6795200450603324,0.1575545919434221,1220.1726163048,34.93096930096272,62.809823,75.519991,0.0,-1.0915959322934992,1.7981127995285524,0.5561386361646445,2.409859375e-09,4.90903185465e-05,0.014979125,0.0149735,0.014914,0.3437541352273845,1.326636329284927,0.0032772487409332,True
47756,443,106.336606,15629,146.97666765854837,25812,242.73861063423448,31101.64693988306,176.35659029331185,122.60650887573964,87.0,56,0.605701927268833,0.3776808610608845,1.438395007821708,416.4634579372212,20.407436339168648,32.38308174852071,33.626927,0.0,-0.1828517650340926,1.586827527491379,0.6301882105491977,7.88846791906e-05,0.0088817047457506,0.0081745220588235,0.004886,8e-06,1.1107739402382903,0.9194768676284466,1.0865105851862993,True
47748,443,105.743035,448,4.236685659722175,496,4.690616266120979,9.0,3.0,59.0,59.0,56,0.0,1.0,0.0508474576271186,1197.686308079514,34.60760477235479,52.871521875,52.871479,0.0,3.7166686584e-06,1.527742882605813,0.6545604050168035,2.11194375e-08,0.0001453252816959,0.01503125,0.0149795,0.014954,1.0682931296485705,0.5315661466367227,0.0096682100088765,True
443,47750,120.817006,496,4.105382316790734,448,3.7080872538755014,9.0,3.0,59.0,59.0,56,0.0,1.0,0.0508474576271186,1254.6062946956529,35.42042200053033,60.40851025,60.4084905,0.0,1.6727638083e-06,1.705471217962777,0.5863482124280714,2.709e-09,5.20480547186e-05,15.0889685,15.08897,15.088885,-0.0864585626556352,1.6042866626210577,3.4494110527e-06,True
47754,443,105.743034,448,4.236685699788035,496,4.6906163104796095,9.0,3.0,59.0,59.0,56,0.0,1.0,0.0508474576271186,1197.6904035493349,34.607663942389046,52.871539125,52.8715025,0.0,3.174874796e-06,1.5277407690104308,0.6545613105865686,4.90689375e-08,0.0002215150954224,0.01508225,0.0150155,0.014928,0.904001596903089,0.6963408056045013,0.0146871385517685,True
47746,443,97.900532,640,6.537247417613624,733,7.487191182985603,95.15082644628096,9.754528509686205,62.40909090909091,62.0,56,0.1258156892005639,0.6570374880473933,0.1562998013205364,1220.1539088610184,34.93070152260069,64.4350734090909,75.5275125,0.0,-0.952666732192491,1.844654432932028,0.5421069562663438,3.606713189e-05,0.0060055917185569,0.0120209,0.0150005,0.015003,-1.4884128690233094,-0.4965539017222013,0.4995958471126924,True
47758,443,107.79043,15947,147.9444882073483,25436,235.9764220255917,33552.728217085205,183.1740380542101,124.64759036144578,87.0,56,0.6165872210062437,0.3747670308012188,1.4695353317545308,386.3261153315832,19.655180368838725,30.906033978915666,30.519378,0.0,0.0590158886858142,1.5724116186648691,0.6359657917365794,0.0001893743632923,0.0137613358106084,0.0091980955882352,0.006037,8e-06,0.6891254522976872,0.6678200223230353,1.4961070667943124,True
47760,443,107.511595,12723,118.34072408655084,24565,228.48698319469636,36459.57042084069,190.94389338452456,132.69750889679716,87.0,62,0.717972825736371,0.3702527881026593,1.4389410545229404,432.5657152712714,20.79821423274776,29.991093519572956,29.693923,0.0,0.0428648127546996,1.4420032981654056,0.6934796898677373,8.73691728769e-05,0.0093471478471729,0.0121337640449438,0.014987,0.014986,-0.9157561220942332,-0.3051450561915362,0.7703419823025085,True
47756,443,120.831984,504,4.171081060789335,496,4.104873424903791,8.96885813148789,2.994805190907731,58.8235294117647,56.0,56,2.828427124746187,0.9428090415820624,0.0509116882454314,1383.0173382036453,37.18894107397582,56.87131576470588,60.415994,0.0,-0.2859461549262522,1.5292534318623947,0.6539138504872631,0.0001456488254375,0.0120685055179794,0.01955175,0.014992,0.014976,1.1334667726356764,0.3791480223614377,0.6172596068372105,True
47748,443,98.017756,640,6.529429218926416,733,7.478236902301661,95.15082644628096,9.754528509686205,62.40909090909091,62.0,56,0.1258156892005639,0.6570374880473933,0.1562998013205364,1223.0098038811536,34.97155706972673,64.47770136363636,75.5275225,0.0,-0.9478978400360352,1.8437183461714308,0.5423821930700792,3.59657108e-05,0.0059971418859319,0.012007,0.014983,5e-06,-1.4887091500941747,2.001286650921851,0.4994704660558006,True
47752,443,105.744334,448,4.236633614809092,496,4.690558644967209,9.0,3.0,59.0,59.0,56,0.0,1.0,0.0508474576271186,1197.6952962554337,34.607734630504694,52.871591,52.8715275,0.0,5.5045498364e-06,1.527739147462047,0.6545620053405371,1.9263725e-07,0.0004389046023909,0.0151915,0.0150315,0.014941,1.0936317308707375,0.570739059548168,0.028891459196985,True
443,47750,98.054251,733,7.475453562946496,584,5.955886604039227,97.6326530612245,9.880923694737476,62.71428571428572,62.0,56,0.2168680994873404,0.6795200450603324,0.1575545919434221,1075.0475002012224,32.787916984786065,67.55271019047619,75.520044,0.0,-0.7289881037475545,2.060292827440711,0.4853678985245008,50.59460288682484,7.112988323259418,10.059339222222222,15.088932,5e-06,-2.1212994662163496,1.414220544876796,0.707102938485862,True
47754,443,120.831976,504,4.171081336946769,496,4.104873696677773,8.96885813148789,2.994805190907731,58.8235294117647,56.0,56,2.828427124746187,0.9428090415820624,0.0509116882454314,1382.9362296796296,37.187850565468686,56.86919941176471,60.416012,0.0,-0.2861267215746589,1.529241366387855,0.6539190097649857,1.08825e-09,3.29886344064e-05,0.014994,0.0149895,0.014987,0.4092318534220817,0.2121942943670072,0.0022001223426979,True
47762,443,107.181464,14289,133.3159621704738,26948,251.42407086359637,32795.93911771438,181.0964911800181,130.0851735015773,87.0,62,0.7137384035577256,0.3759607547221748,1.3921378302026273,419.9496939756548,20.492674153844703,30.65357168769716,29.465167,0.0,0.1739750525639719,1.4958307274868825,0.6685248414973273,0.0001018349601507,0.0100913309405009,0.0121227450980392,0.014985,0.014975,-0.850905074514989,-0.2826440752739004,0.8324295247396679,True
47758,443,105.742969,448,4.2366883040706,496,4.6906191937924495,9.0,3.0,59.0,59.0,56,0.0,1.0,0.0508474576271186,1197.685817821921,34.60759768926357,52.8715164375,52.871472,0.0,3.8521165553e-06,1.5277430381682489,0.6545603383661898,2.10109375e-10,1.44951500509e-05,0.014988875,0.0149895,0.014966,-0.1293536109255476,1.5781140532917033,0.0009670605733229,True
59361,443,17.9670305622375,7859,1420.3404513140904,166900,26482.876792026786,1662730.1474945515,1274.3903812675508,1020.3179630073938,104.87737307192795,66,2.1901053869672187,0.7611171075139384,1.2469332007473657,14.322384721451083,3.555332118245504,1.0743017695456119,0.28550282741571076,0.0,0.6931451262051824,0.4527327634839011,3.018810327464857,7.501672188915273e-05,0.008643769307023017,0.004626876200082241,0.0008214649035563471,1.3018984575423643e-05,1.2976193102626499,0.5281319240817122,1.9268331002452022,False
55881,443,22.058390900790783,11978,521.5651181999847,250007,10923.767430499414,1435542.3340682928,1198.1321723245012,993.9112602171473,105.0,66,2.2254162139651847,0.7743565631284536,1.2070237978394942,20.845518617750006,4.499256441664164,1.5032282546408848,0.4267026788821401,0.0,0.7058612466808026,0.32605050621061393,3.1223622019020247,8.291557087059887e-05,0.009047402931602895,0.004627879405420574,0.0008903368458370298,0.00026856521736537116,1.2267833655691451,0.4839434698437405,1.9674778989213584,False
57681,443,0.5628369810108418,1047,2080.734777176818,12125,36838.63007937873,481077.71073783626,693.2907754843318,653.9924212974495,666.1305529969258,1075,-0.0735194788958966,-0.6264703840846679,1.304320613046688,0.06799130424795982,0.19205104553002184,0.24189206843165806,0.1682113037917725,0.06547626467761349,0.6307162723840104,0.43379140781585546,0.7712544981269212,0.0006639262984688937,0.020628022702065478,0.02705465759675059,0.029777087062140994,0.0006095544270689635,-0.6215145213759308,1.4276571264021627,0.6927135908161597,False
63915,443,1.7338195790594497,12131,7014.960860840456,647210,380005.91601206566,442771.892694223,663.4870665829868,1000.3910512732073,1514.0,1514,-2.2887480694567945,-0.7629160231522646,0.6792934554041148,0.20373009121535973,0.4458987273084286,0.7860350658992821,0.6643278709017205,0.2195835760989032,0.7004308397821694,1.2158140210532644,0.5771700345293735,0.0018639221070525433,0.043073973868096874,0.009778956148818088,0.000473707989245483,2.4785095496077345e-05,0.6402089232408026,0.2243192039212787,4.546785690873438,False
15007,31654,0.40232456334251987,987,7023.467349729186,1794,9195.208501875382,79957.95727483509,181.92507643400003,151.6915691750708,87.07211284390621,66,0.5515258943102225,0.7102270399026377,0.7700134686063008,0.04872762669592837,0.13772937186235965,0.158580504281048,0.10321150013443066,0.0,1.2899031910568948,0.7183974806279703,1.6989065659921077,0.0004130396335895497,0.012219964860103584,0.01921758001435547,0.028769819110721833,1.9437964604879022e-05,-0.8454261173254359,1.205869122688953,0.7088741234132344,False
63917,443,2.051109265704205,27435,13042.266147430577,1126020,534927.6242865864,470584.8140187366,685.9881369146076,982.9601489452424,1514.0,1514,-2.322317970240545,-0.7741059900801818,0.6979148301207484,0.5097283250673582,0.712307933682335,1.2715654867638624,1.49184747292633,0.08566312478035511,-0.9491584523952393,1.6560492069280612,0.5597219121190503,0.0010848166267574723,0.022073548348062765,0.004092777858880713,0.0003741177134423768,2.3651265245884052e-05,0.7608368395630531,0.2975931939873161,4.02956115056823,False
63802,443,0.29966746937854266,1226,4135.817127866174,35298,119365.83929277532,464432.20465233363,681.4826093065611,826.8360506900387,1033.185836398468,1508,-0.904301001518041,-1.0004224586984407,0.8262440580581926,0.005651719462098129,0.0751678032754902,0.11724327061889805,0.1137971577949587,0.10722857768465993,0.13334909687225616,0.1348923779309805,0.6839780921282405,9.638384287868546e-05,0.009693771150948244,0.014797880770132924,0.017097206198923475,0.0016408498756901057,-0.6580172071951692,1.2592755007628242,0.7453450350266736,False
58592,443,16.614347450421324,7468,1969.2846564684087,157850,36085.432929305694,1783731.9732240248,1314.708171171698,1022.8343290276376,104.81011339467918,66,2.1434591067381743,0.7448036916661943,1.282391567446055,13.224997058077491,3.28939284726898,1.0022414147854466,0.27193856830495033,0.0,0.7086341764612106,0.5373707227112734,2.83662973078501,7.710719660937847e-05,0.008756451300164688,0.004866300296812767,0.0007657738907943616,1.2480907157433447e-05,1.3722166921096148,0.5463442046761142,1.879161509271702,False
44358,443,2.8996248648050695,3079,9225.843499550125,36151,56824.10016809754,1479825.7514010826,1216.4655887297508,607.8720590291025,81.5890473983372,66,1.2998139525869221,0.4461248847502087,2.09507904220438,2.1726913696470653,0.5871627932115007,0.2882598851568927,0.19290684335597041,0.0,-1.1406862537922606,2.2543606099739275,0.7849020678832548,0.00016261378818257052,0.012645182162069522,0.01093185062213512,0.006255494759267638,6.196349132779068e-06,1.1119716470070844,0.846106128455788,1.2307537528686563,False
63913,443,1.6391114508091407,10991,7087.784641846571,383739,246772.97992338095,484087.34963662433,695.7608291738409,916.4808628622043,1511.397216576694,1511,-2.5650772881582697,-0.855025762719423,0.7591690683200142,0.22104797800402712,0.4551351682161138,0.8359791781360052,0.658603112563009,0.1866731413677384,1.0536911235133153,1.3465398219943547,0.5335133598877807,0.0018511144348540111,0.04163845827197277,0.01050128822325875,0.0006960157642103863,0.0004480345330258465,0.6562828024938828,0.22349680435288152,3.8379225964305705,False
51187,443,10.861405294937184,2662,1228.478405598006,19076,25543.980945386123,529732.9906070305,726.3941057586868,603.5376524171494,502.5858089454216,773,0.36161054839902296,-0.28092356010016395,1.371741916604031,21.217543366572393,3.3306532619765226,1.9689134699703184,1.0243017059635304,0.04590351773580122,0.564177166152519,0.33996046883945186,1.245882915276839,0.00013670514312828991,0.011634423977658495,0.015562883556714981,0.0154287742941405,0.013226123095671144,-0.04132711489442609,0.3211861078462197,0.7621541789952018,False
63914,443,1.0485445500981712,7387,9122.270986554093,284174,329016.19086882425,475123.441076071,689.2919577259368,947.0043338170054,1498.954511159384,1498,-2.402263833995694,-0.800754611331898,0.7284664958356859,0.2050295829931866,0.3540479219526537,0.6759305824050774,0.8328898601635109,0.2013548211165124,-0.9134494754151024,0.8974527643200969,0.46547555277170927,0.0018152075482341893,0.033160937417439605,0.006632428847089176,0.002581412787478943,0.0024774359091460267,0.21625324792694503,0.06913294327077234,4.2409939869560755,False
63913,443,0.5985793865721973,5078,10827.137842676979,186274,376632.24056628137,474963.7405192618,689.1761139112143,930.780326267907,1490.0511446309968,1490,-2.434529076649329,-0.8115096922164431,0.7408220399043408,0.08610283689247278,0.18650013159274148,0.3857938482168085,0.4549637642814659,0.17890913731956382,-0.6033481457072083,0.567666311955804,0.4176092122112408,0.0007595917829394854,0.017283224299076673,0.005613013272084957,0.003934427720909527,0.003932839557653066,0.10570904594662933,0.02780597129709854,2.501622261249648,False
63870,443,0.9072092252250252,1841,2097.7325460222146,12973,24047.86777878891,357823.98734758067,594.9421185468931,577.8934874141527,404.4289996546768,565,0.9921318064677195,0.11005341027199811,1.0791837241015194,0.06051760081366042,0.2215292094815702,0.5884368754217031,0.598314085085165,0.7052960231813582,-0.031460431560608626,-0.3670566397821263,0.49314581881877234,0.004699975015765982,0.05870239940089529,0.061502412283678864,0.06076656163827015,0.00034672892751623236,-0.22561780822814315,1.1995643180347038,0.8581053597951206,False
41869,443,8.106744675477913,8042,7666.294547619722,140766,49952.66804328673,1465082.5047241105,1210.3353114644895,660.450486553951,86.046894314042,66,1.4283564881496917,0.49279516764254794,1.9497081514551313,10.066480017538424,1.7724588640732346,0.8050364956419345,0.3491506106048307,0.0,-0.7497848063025092,1.9136803016649873,1.0107096739580066,0.00015867101495894818,0.012544365222844628,0.01015116108041279,0.005202544121669346,0.000300350824637616,1.1963479518622604,0.766607534715765,1.3266541550560134,False
38379,443,0.5164154240825289,2412,4916.626269388232,9217,16586.242472745027,929407.6149370661,961.957972216495,527.4315984087258,74.8168293222556,66,1.4012525269166047,0.4761849196773924,1.8476730765511498,0.02582467747536811,0.1584235687062087,0.26136522727499667,0.26260680975687506,0.0,-0.051414509226778426,1.6829859575231023,0.603963120366762,0.0007766583594374419,0.027080066965551326,0.05781854011548698,0.06920570592810858,0.0003712006944618983,-1.3185639035205439,2.018797665247336,0.5121022730756772,False
38653,443,18.696999802900482,4309,782.4369534717898,20794,2534.19944600525,624174.6864136669,788.4850299975434,419.06521732197314,94.47012286180403,66,1.233028985521527,0.4477397615614084,1.8807524290691289,36.92713365702998,5.748575359618197,3.369898547724742,1.732015308390076,0.0,0.748393545972297,0.7147690927114811,1.588606345637877,0.00024684639505648275,0.01470927341622643,0.019993184492178323,0.018668021419929744,0.02228349367364278,0.4937218450250278,-0.5187664105625096,0.8568921720091819,False
63825,443,0.6163828870765504,1288,2188.48228000015,14143,37054.41839710492,407815.2747631931,635.6188113951772,686.8757531817464,655.2518938913652,1020,0.2573642262327913,-0.4434824297520754,0.9664861390012145,0.034225781486047754,0.15156614009745006,0.35420639717766944,0.35622460069015444,0.4118572585200251,0.10710467490578318,-0.1497192180006462,0.6185335756873472,0.002496481682058787,0.03554128552042113,0.04020196432193074,0.041190365090012296,0.0005969278842050682,-0.5110096022641828,1.370624027464305,0.7390756484648586,False
24284,40076,1.6536401557195561,394295,207098.59590177506,12308,7709.720471692237,387354.65191350016,619.9609480072301,812.1733135171307,991.5641128778378,965,-0.6958392147554806,-0.18476793764297839,0.8557330892664358,0.21111384636612474,0.44542021828152334,0.9062903354512594,0.9449895628369683,0.9223956982941339,-0.24855005982055656,-0.13048321444832825,0.4865768791480624,0.0027144004164286113,0.03539363777625696,0.032506792330343,0.031083780553184007,3.5403564679357255e-05,0.25496038330579174,0.45170155243093624,5.564086342919365,False
61886,443,0.3824213720552545,800,2222.883153484951,14391,46708.07131598645,467901.9040898036,683.9081066517832,758.1248410734277,846.0815497970118,1377,-0.3944083559933765,-0.9139340720063033,0.9870524090730688,0.025049947151012178,0.11183638844452748,0.1443131845927058,0.11697699777774102,0.08510952453522844,0.3730806114013054,0.19370800114842124,0.7596156124280847,0.00028124102162981214,0.013605665710622921,0.020204711087314562,0.023019624078934976,0.0007878334053157387,-0.758577527083372,1.5161583272302122,0.6357365604329284,False
41879,443,11.383303536820529,10451,6458.77502517291,193551,44056.65939420247,1456565.0117446308,1206.7997975055164,708.2204899413375,89.38643619310331,66,1.543757403146461,0.5340970844295921,1.8313025308516282,14.24278412896576,2.4840628184851097,1.077873685192336,0.4214580621534252,0.0,-0.47267840002112127,1.6478505655581859,1.267684083567984,0.00015121898734720205,0.012234869753633972,0.009398248816842314,0.004426286164891988,0.00042292438027279153,1.234523417681826,0.7112715507902279,1.416270705594536,False
1996,61634,1.879675266509827,607405,318646.60765552736,12404,6562.0743401732025,441952.6541420229,664.6946237337894,1000.7663273023383,1461.9555875423175,1461,-2.0918833146129474,-0.6972944382043159,0.7069880099076908,0.2813375548159771,0.5302370629727828,0.9260239589395349,0.9667286748178097,0.8242124764979395,-0.22179520495465066,0.19716576307122952,0.5759761526651792,0.00010152366469636007,0.007119134510928619,0.0024593151999087524,0.0018976012082006274,1.6928115452406517e-05,0.3328770388711831,0.15380163575737243,8.047262447243082,False
63844,443,0.7353379748456053,1514,2151.3634184861266,13664,31734.420971065232,387367.6151046093,618.9810488089969,642.299340081788,552.6591934215021,834,0.5579021436482338,-0.2170727281666398,1.0125822086086487,0.04497977885655964,0.18018274721826605,0.45001239355026035,0.4552451228598888,0.5318808926494464,0.0504281561751343,-0.2386155409681939,0.5672469153441858,0.003397764367039845,0.04501474776603902,0.04891436868303905,0.04919750843682094,0.0004945903894577669,-0.39427737600070967,1.300656421096553,0.7877617126245219,False
34888,22729,0.6798339594053029,1437,5538.543073272104,6454,10624.700850468706,163911.95831203056,307.107796859827,285.19639275829735,104.01975234036443,59,1.0899612262046618,0.7904500397737796,0.763050085201895,0.04888056748283116,0.16669358411025545,0.4637100458057787,0.47211983847549965,0.561388123035011,0.511447758012398,-0.121397884754052,1.186797539647464,0.0038920357138224775,0.04598110669372179,0.04637586667959752,0.04492673418261093,4.4046942465963675e-05,0.051333251419594904,1.0041411536145293,0.8811351804878536,False
49465,443,1.1842900656443645,2040,1718.2064622834687,6602,5508.903358581753,461037.9462768452,674.3567918467178,349.3798820162074,82.33285137131222,62,1.2315761171932922,0.44651895781371115,2.030938142747729,0.176475745154547,0.4138509196786068,0.6486733067572559,0.4911915814348381,0.2964386735180475,1.0094341007485397,0.7056852683643392,0.6789451078205808,0.003439403104691651,0.05569305768219381,0.060072074074310484,0.06102915507786422,2.9613603858542508e-05,-0.09019628404377854,1.0967261267081132,0.9139428261299376,False
44907,443,0.256726906356182,2452,9759.69077576237,28006,99996.21706679206,2203914.6464290693,1456.7701044172068,753.1188916293826,88.63833522520572,66,1.3267772034790806,0.456712441851904,2.019980911310171,0.005018606943544871,0.06944451148395614,0.14216842560687634,0.14776892267157785,0.0,-0.47121995311894893,2.146107113355145,0.4941425082762721,0.0001462093178113478,0.011990416487144934,0.010240601110388475,0.004217834492250557,5.409166739430989e-06,1.5815920848058456,0.8450171312189405,1.1902014975577055,False
1761,61980,1.8837122740899646,610823,320436.2711083454,12449,6576.963935370391,441483.75402806816,664.356566496519,1004.6841920381747,1469.8356380882565,1469,-2.109317733198683,-0.7031059110662278,0.6976433531038307,0.28173347933594184,0.530636005030646,0.9280488439939569,0.9702717207764321,0.8288650858168591,-0.23145770625074685,0.19131031667177428,0.57465471398137,9.11446687925876e-05,0.006910677885390486,0.002191522214627407,0.0016130105705625898,1.6938999500121902e-05,0.33568420439140856,0.14827691829317735,8.087705623007903,False
60479,443,19.700107850306445,8347,523.4154944115384,177314,9589.815455773696,1432430.8635175158,1196.64893297367,1003.8386139980875,103.9915989037712,66,2.2539869987892884,0.7830042822952139,1.1963748097849554,15.715160590140824,3.8971995219082465,1.1709096195616333,0.3081872903094505,0.0,0.650242950901314,0.33574799069681177,3.254584700882728,7.595629648894105e-05,0.008649253511961255,0.004723736104059676,0.0018908969855302663,7.962076763236974e-05,1.051675647989057,0.5207237624880074,1.9670181568354168,False
63801,443,0.2997804279835482,1189,4007.4075778597635,33917,114628.14092019945,464261.70689011633,681.358048042954,825.3161175744777,1025.8114877125704,1508,-0.8789110555405395,-1.0033930944159046,0.8275040148047679,0.005657887446452696,0.07520936843784241,0.11607597353604619,0.11241802219664405,0.10630557931305126,0.14195230748491627,0.1314795485006565,0.6888674700682962,9.72710588176578e-05,0.00974614543862261,0.014959458830279953,0.017297478681098648,0.0015871773270857452,-0.6692811421104644,1.2798791447436484,0.7359536882943503,False
49177,443,0.7984712980879085,1752,2218.5668950175723,8430,21092.83855492144,308261.5454213041,546.08899823182,465.29440580599714,395.9582323713482,587,0.5277930640953632,-0.09301890556233289,1.4033497987995784,0.08870913218351496,0.26273459455141873,0.31396385685377626,0.21740475125962366,0.03383558847289121,0.8607607654720005,0.7857631838341861,0.8140031442003491,0.0007744278019995894,0.02545033976953768,0.040288762282740836,0.05831837676663713,0.0003267212826339284,-1.8000910173965512,1.5666480703436196,0.6264206482050452,False
63899,443,1.6173646322501263,9943,5738.818532749299,394441,223469.05248794792,473688.6485544483,688.2426890074577,952.8876824038147,1439.4154790733437,1514,-2.1178826708159555,-0.8156941948517876,0.7249690848641227,0.35514260624668403,0.5658474446235697,1.0308030216614574,1.2964960095430704,0.2208171356675865,-1.222148356001079,1.2808018676237483,0.5727941825010937,0.003155627785188324,0.053697019488176664,0.009469347692758649,0.0027963132520650038,0.00012600143575410206,0.24762890673938132,0.31901274949141345,6.345486971493806,False
50883,443,9.872623947799907,5264,5723.622701509777,94711,37795.07161907134,1464830.9211084547,1210.2687068393366,770.0745899115826,90.89943197852028,66,1.687698896014484,0.5832236158223832,1.7320671430282384,7.800228176087636,1.960408994959792,0.6531124251085821,0.23956669775220424,0.0,-0.4226140003327301,1.4764964583800577,1.8054065327206998,0.000126261261576794,0.01097214385430585,0.008250803936725105,0.004134796049337047,9.29981065950676e-06,1.1317142407718357,0.7064446737547133,1.5421452256869266,False
48287,443,0.9659701448864422,1599,1763.1085750282914,7063,14785.66529196158,510518.6479792594,714.2560622128952,421.3117120765186,264.03555078209604,399,0.6434969091298218,0.015858440356040893,2.0132467176416604,0.16394245419455844,0.37128824505654456,0.4599291019076812,0.28269279462271074,0.021606345609022692,1.206395282312175,0.9702504419546406,0.7972612324827799,0.001519024852933359,0.03631926476372696,0.04236065370603042,0.044876431558784284,0.000211195499206885,-0.3152514244021969,1.2299038981580135,0.8200270237258509,False
14142,38655,0.2841708421605582,706,8070.089533525557,2732,11461.118709268154,65426.07481573362,134.03720356603165,163.41769963277534,90.456572641119,63,0.5707393695855698,0.8328375036083201,0.446782802613509,0.01948425730312071,0.07141257345510627,0.18677699702156494,0.18783689927374408,0.22327570160761162,1.0105072289701664,0.2284077422789739,1.7830120182881926,0.001547945093535976,0.018320163014654393,0.018488008276305628,0.017911658222375306,2.8359409319848473e-05,0.02041629891374667,1.0016470226939433,0.8021551814644292,False
49617,443,1.1368765595528756,2392,2110.6725390918095,7201,6165.166750179635,251896.60824722523,500.45166353245463,342.5377867586793,106.804847628706,61,1.38778204004407,0.550972004138932,1.5247982267825946,0.11829683314438523,0.34236220714490706,0.5914564333277077,0.5067789201022967,0.39013526425573564,0.6773029712058367,0.5045336502420832,0.6608571518243329,0.003420430222903837,0.053050899957270775,0.06542431060926865,0.08096840850819433,3.859281906396399e-05,-1.4291962913246254,1.359587403712021,0.7698732394366306,False
54082,443,106.17069050481126,18007,885.5146885634392,545412,17614.949158751115,4317219.563408819,2076.083706633558,1395.994070890537,532.9720389179228,66,1.2511869986782065,0.6394962809079235,1.492152592778488,376.47619436518903,18.563880017906655,4.681379844372328,0.31163552780088616,0.0,0.7222329399391978,0.3630494291678307,3.6893120335870826,9.234564093813042e-05,0.009608424550046776,0.0047605796717399475,0.0006904388002890571,1.6061177885068554e-05,1.2658735755621768,0.49244661215558816,2.062732393389756,False
62873,443,1.229956651149039,2431,1975.7929647478034,11295,9168.429708607755,313272.42711059045,558.3607003664737,447.91756639318487,120.05414189338936,54,1.7741827036717421,0.7105162622481855,1.265416663665284,0.0962804982828528,0.3082744036783002,0.8365745866427928,0.8425078280466636,0.9810741405005073,-0.10027082125551277,-0.5155419837153414,0.37610807022247483,0.006901936867026165,0.08258923013786956,0.08356714385335093,0.08115941956463271,6.336423222040102e-05,0.08121208447656308,1.0140852945749186,0.98602975167047,False
50755,443,23.764379172361245,15555,628.6925618292055,319927,12968.79091475815,1428636.2246801422,1195.2439807866203,971.0072834356416,105.0,66,2.173208848422194,0.7570329112144119,1.2329918454028028,25.5928138663103,4.981153845334151,1.8155726287931295,0.5489645253853058,0.0,0.7488535579501242,0.35505302132537725,2.882396491848857,9.520810498271412e-05,0.009686766759813758,0.005087155623376883,0.0008560493164224133,0.0005357902481999214,1.2951932788097682,0.47241314747932606,1.9189074728464115,False
39492,443,0.8329028723849711,2100,3329.322721145876,5382,8699.428917604146,680928.0447891515,818.8252686782671,388.07655548434326,69.67491902711915,66,1.1462838788832066,0.3860472472487713,2.15991945303253,0.12380906831094378,0.3149580689730053,0.4252038366842592,0.3047913023013703,0.0,0.7437268085420816,1.4858991839230464,0.6957586131508364,0.0014738550958477026,0.037784895484888434,0.05817507077069843,0.06506703616605619,1.362190536483032e-05,-0.6399612439173651,1.6378508257648194,0.6829520811536648,False
40789,443,13.77831071696539,3578,720.9211523300897,16050,2109.8161551088588,569297.258566015,754.1874462036667,373.227750414341,85.76032694644441,66,1.1402779858342338,0.405721234537407,2.0521639666012486,26.52247169721118,4.272401355185508,2.598921960344895,1.342591455377149,0.0,1.0868022391466627,0.8191325781552363,1.3872686294569132,0.0008073668376118945,0.02410913755451094,0.0270608717482579,0.0260288967266722,0.015964133565386625,0.38850325229089566,-0.13681365029850734,0.8984858347233258,False
55238,443,6.180610935442454,4216,2439.498647490772,65074,20916.14754152466,1253728.8066167491,1118.5580388174453,784.5449831247164,85.39553398948814,66,1.8637125356943867,0.6381450230437011,1.456188710094814,4.503567946728317,1.2603110804536426,0.5296815595564868,0.27046207328667493,0.0,0.3798451436139731,1.0240819950080784,1.477323407333497,0.00016356829803258174,0.012538941213676697,0.01455977238569257,0.019740019959089635,0.0012897424733507162,-0.9757197871300001,0.9964354536467683,1.105279599373469,False
443,63915,1.907799456298848,648748,339762.7823508785,13564,7096.702467477706,440224.48161900736,663.4635886333418,1023.1566384818545,1514.0,1514,-2.2187440859086087,-0.7395813619695364,0.6489549495323796,0.28356191046459245,0.5325000685652496,0.94461314268984,0.9893067633056993,0.8461331667235621,-0.25081302837042707,0.18570684070577004,0.5643660889193178,3.2314718058589594e-05,0.005661053448848296,0.0006771756878167665,1.7975852079462536e-05,1.6927556238387604e-05,0.3464523222765895,0.11568454802241089,8.54664570338398,False
63916,443,1.713044825464144,12400,7260.585412570783,796393,473026.62497828045,416368.0537233967,642.8941807601185,1053.0961378731215,1514.0,1514,-2.1093652646610233,-0.7031217548870077,0.628716239448164,0.1800646011345577,0.41737790435515465,0.7162928381565716,0.6405332171135893,0.2388102119319805,0.3933790318534638,1.0743759730100835,0.595665358338175,0.0017643911046998197,0.041882799301454686,0.008995118881209036,0.0005817876478111561,2.590219791019283e-05,0.5929508691720674,0.21152987524047268,4.84066184817192,False
47107,443,14.283422243587406,3302,885.5270544324086,20265,17247.59707003676,551689.3542292116,741.5289496913396,538.2697354562378,365.05387254123417,533,0.6533580101326852,-0.033907699743632835,1.542632044592109,28.091253953107778,4.385403348280038,2.574396213944122,1.3257870379158678,0.030337885155154763,0.663643851584409,0.42233773051135304,1.4051543987927173,0.00014563144713974948,0.012018909799464631,0.015056839843068303,0.013953620000359442,0.017230787961955967,0.21107101627121233,-0.0789421303816793,0.8114224221179329,False
59486,443,40.016365520796455,10795,367.8830700629398,267036,8181.678075929044,2051546.4172693202,1385.4068902144077,1100.165842481169,200.85286084824668,66,2.0591132886201473,0.7616008200657004,1.241597656097291,97.28231208264037,7.3679753712450875,2.0044534766002293,0.31440126815716474,0.0,0.6733415923163434,0.2888443119320789,3.4784907635922577,7.534523500420776e-05,0.008668325027540943,0.004250016719698234,0.0008867479564740606,1.461444141569389e-05,1.1637642265570296,0.48919708362339315,2.0382619069287267,False
17634,35974,0.3507691900099074,829,7643.97750941071,3358,11320.332153534488,82003.30135383339,163.1685910325659,183.91559142994257,92.73953842737608,62,0.6581352281101174,0.8257028101333196,0.5000171769617274,0.024432268895580367,0.08745035310774953,0.23339060013510313,0.2356876421087976,0.2801870680529175,0.9265051201160359,0.16952816565572576,1.6826566970294456,0.0019425043933952826,0.022976076261782448,0.023182116000192793,0.022458858473197424,3.0999948060579565e-05,0.025620266298335224,1.0020668369030303,0.8154491611629454,False
50149,443,9.088322309626719,5018,6117.541799512516,88124,39935.39862703585,1466517.4938187993,1210.9657131863,751.8305446775586,89.85222835905218,66,1.6440707823531966,0.5678031693127029,1.772897612645614,7.167260025133051,1.805950456699994,0.6120749258389196,0.23431853984994172,0.0,-0.5033805740855462,1.5639882422036178,1.6906233075963812,0.00013035008273241065,0.011160322092950044,0.008552359878775045,0.0043733257626603385,8.950742786350725e-06,1.1294936541279563,0.7221533675904592,1.507120863954236,False
43405,443,26.2105422154986,20682,782.2992412411028,420182,15901.085909340181,1418733.7711646757,1191.1026935813088,938.165989930019,105.0,66,2.098350345407244,0.7321930704074792,1.2702266138419336,32.39981153763641,5.672131408946715,2.2634334245064203,0.7242719501113053,0.0,0.8104988838404721,0.39663881755506514,2.5383171911090514,0.00011283398386632501,0.010603530487766294,0.00574569737872108,0.0008068855040491255,0.0009189558335218948,1.3932841064796424,0.45588018010005665,1.8492638631956857,False
41846,443,0.8831741187597939,2731,10328.417475402226,24395,62951.132677072805,1483860.3488304764,1218.1297798740818,555.1357327020842,78.68447007221735,66,1.1739412045959543,0.40174009350398576,2.21074767216465,0.8593121649683523,0.2036418244100181,0.20353389104461772,0.18974008262679157,0.0,-1.360699415867002,2.499734127065943,0.44417848753884326,0.00017509991171375949,0.0132266854415364,0.011811047286971308,0.006913898734324589,3.012258672471839e-05,1.1121855172615238,0.8886024083399015,1.1290836235138295,False
61549,2813,1.2586537068784718,25900,14264.809577004635,11700,9349.868614441502,306854.3910943489,553.5286465156191,476.94175169939865,174.95605518300636,108,1.666270372369116,0.6763455504600119,1.1847025538103142,0.09726139491872296,0.3087264047071028,0.8545412988257077,0.8744331002819337,1.0278326552761552,-0.1906194283033591,-0.5821755986385732,0.36048067341557943,0.006905677933498592,0.0817408887101212,0.08223789698462732,0.07964201964746255,6.416977231921833e-05,0.10419087732695337,0.9743766312254329,1.2651743524817736,False
53673,443,97.0662690080413,16696,1547.4365496766359,502700,29151.852610825765,4224662.773857182,2052.364175726054,1366.5042572559487,496.07467652022456,66,1.2796091146115183,0.6316535279567219,1.510844990786799,344.09482051284385,16.974557200883726,4.290270359907732,0.2941685603263007,0.0,0.7371098314135114,0.4657278482527667,3.4272318303825817,9.320064978016293e-05,0.009651881300614137,0.005017715069007749,0.000639223058453446,1.5195781325634264e-05,1.3523029764857792,0.5159503487981029,1.997555332387666,False
58867,443,49.50245661992034,11873,342.8735597565822,307549,7797.088443467071,2346752.500455768,1474.7901666910911,1141.0665624820076,247.28407154814937,66,1.954464793084642,0.7474278870495698,1.2703282800725364,136.49901306241117,8.979958048162544,2.39137946159833,0.3164203809446841,0.0,0.6774279457343599,0.2842048770406319,3.5402670150095363,7.735057628124985e-05,0.008779735292055656,0.004278913787224463,0.0008691874344785845,1.4912077381718906e-05,1.1648056145973813,0.4864212445128124,2.050136806158672,False
63918,443,1.9487887940518098,25558,12627.021002202871,1326557,685450.8608463022,417288.1211560873,644.1516175099933,1073.5106012788265,1514.0,1514,-2.0255556038293494,-0.6751852012764499,0.6098825261050775,0.37355396140815206,0.5778058903214187,0.9912707104200059,1.1217054922849894,0.1323604793575657,-0.6283832088091993,1.3072227941235055,0.5986773155841221,0.0006322432829652831,0.01950918059765977,0.004161665440325389,0.0006010481721245711,2.7226858833242807e-05,0.7264732181407701,0.28685876999457705,3.9205678510186317,False
63889,443,0.29424054713884445,3020,10305.056228201523,101658,346981.2623219134,472623.5070993741,687.4669634125758,899.8588967785532,1387.4750637205389,1489,-2.1241218596394633,-0.8577028399464407,0.7657113762964705,0.00535538815147091,0.07317086905383614,0.17332426151776473,0.18005560397254006,0.1515726131819409,-0.27997890947457194,0.298856512711292,0.4490754578412811,5.3758919258318144e-05,0.007177529147477511,0.0070351116741768065,0.007475423179711683,0.004219464826432791,-0.1168587988088502,0.26940515194885156,1.1965378276418923,False
63917,443,2.0915753171434277,30634,14422.364245956283,1250969,587840.7203836809,471148.48091992695,686.3890429053683,975.5055672938843,1514.0,1514,-2.3529959851472393,-0.7843319950490798,0.7042540137724235,0.504141529888916,0.7041004447214385,1.2499775342451909,1.375462782608076,0.0479478693559489,-0.4431415413619715,1.6931124455904787,0.5625114475388212,0.0003500986737427161,0.012362496890491051,0.003683901323958438,0.0003904176734768649,2.553068887198674e-05,0.8792152855604906,0.34494004811374224,2.9323779633161684,False
52191,443,5.354594260731228,4215,6538.7039173101875,82514,116017.24486028636,2790952.8672488416,1650.3140196582358,1043.7805950639056,104.2502428981646,66,1.755174816050927,0.6090105894075636,1.57754750903293,4.0903267609025695,1.075710626736682,0.402410011352332,0.15902948527285393,0.0,0.8375652479753823,1.2418982820889606,1.320155889538214,9.450833749257078e-05,0.009694417791070343,0.006859269835133255,0.00030220111968028493,8.001943185316763e-06,1.9931663445867145,0.6979434837112592,1.4823425175709972,False
21705,29054,12.394573669230056,636809,322618.54296096513,34325,11738.510182099395,549880.411383513,740.7875909928958,623.4833057804547,735.7458161114273,718,-0.5423882137275755,-0.15871380711722638,1.3898347270489313,22.907200411265798,3.7709107209693586,2.5828888103475163,1.4818602768431457,0.22096728586771858,0.9918171247686959,0.8995903123753795,1.1441339869287586,9.208273779888326e-05,0.008083305811937332,0.007787619612859919,0.006092270751646751,0.013756749604276546,0.45183732622903006,-0.4491988610713747,8.582173854655109,False
63916,443,1.7969642859285142,11407,6350.067490032162,437969,243645.4430324609,478124.9462847615,691.4587615866227,957.7957075064485,1514.0,1514,-2.4127139841722274,-0.8042379947240758,0.7225787145343202,0.35906421128931293,0.5955957326860628,1.0895226118403831,1.252006035610202,0.22489349940215064,-0.687274554821325,1.4510600626030448,0.5467204993474462,0.0031492344059200284,0.05570687574597581,0.009118959298492806,0.00029671242446379964,1.9427020386499687e-05,0.4922947093182172,0.16916176787614307,6.294655388522289,False
48760,443,1.1310880954232303,2388,2117.546077513808,6934,5968.174735649942,248911.77000343025,497.5258642181681,335.7653567281752,105.83486820533899,61,1.3621012918037483,0.5401815727077313,1.5439140531592912,0.11999056552670315,0.34489765622439983,0.5758966379950914,0.48502780305750776,0.35153974569306157,0.729064863123315,0.5713413847542455,0.6793281684348431,0.0031957160753457803,0.05115595132870691,0.06422778295758849,0.08086281132520046,3.6951315424419825e-05,-1.5204612173897292,1.380667171673912,0.7565897572113017,False
58633,443,14.938337431985687,6892,1198.288837320042,137782,13579.12019201053,1369489.3078071417,1169.144143995576,926.6000946216085,97.44178478245955,66,2.1165264553168384,0.731982669592649,1.2878851782960659,11.766268813482476,2.9684477010379373,0.945059439872426,0.2948999007286829,0.0,0.5550047709580915,0.5781895933906231,2.628606507571061,0.00010681456287766325,0.010019260099571102,0.008188136214089984,0.008177626906302582,0.0005058438569340216,0.3375964429726038,0.6882765843773061,1.6635008590329203,False
63917,443,1.8019972719289936,11373,6318.024929259645,483934,270325.73937006,469424.4757976065,684.8072914932375,984.568369570725,1514.0,1514,-2.3145290961018268,-0.771509698700609,0.6976971397185718,0.39284021481887565,0.6236906246051185,1.1371860331352002,1.431048833775675,0.24167000883919548,-1.3932747708973934,1.4198768152283163,0.5509033581628748,0.0035037912981988086,0.05902568247422814,0.008285884210728262,0.00032147151289103665,1.8496481912704865e-05,0.4057139041537841,0.14064419079651716,7.11148088584163,False
45167,443,30.572578942948795,6744,7847.815494594156,165117,48679.663916515005,2254098.4486247147,1450.2813037656467,776.6877954280008,207.74102623559457,66,1.1686528802063036,0.4600402906281599,2.0349941871229538,107.8854048283331,5.360205188112493,1.4471362131278265,0.21572014541101153,0.0,-0.8608957854617905,1.9507105164299556,1.3303937732420756,0.0001542936834992766,0.012312779275231694,0.010003853275618231,0.005414673791934128,8.145236999650778e-06,1.122118551982967,0.7864546131722417,1.3787748883642468,False
50275,443,9.223291993840881,5060,6049.75265605593,89258,39567.0718936468,1466227.2532085034,1210.8457660614106,754.9701441685918,90.03244058219218,66,1.6515787007829466,0.5704568585242934,1.765871137980319,7.276186880941937,1.832531072012317,0.6191370280299419,0.23522169009252483,0.0,-0.4894815352159241,1.5489318686615394,1.7103762379666372,0.00012964644159063363,0.011127938688135356,0.008500465418416418,0.0043322774229451145,9.010813527397395e-06,1.1298757926617895,0.7194500741849195,1.5131481713227055,False
63915,443,1.9164062780485718,20416,10212.637980050416,796448,395443.5768962217,478605.1524384087,691.7887987365251,943.4812277315691,1514.0,1514,-2.4730288064309733,-0.824342935476991,0.73440265613822,0.3624151884042539,0.5893428026181301,1.0597298233201957,1.0121741594705072,0.12400028033397113,0.43887810043050146,1.557490260913092,0.5544716484273502,0.0012529724504909221,0.029965272606554436,0.007649513836692356,0.00034215760089915866,2.4164837761296944e-05,0.7909775603630228,0.2908692864713409,3.5502452723616784,False
63860,443,0.8423596534030038,1718,2117.9682696121013,13234,26948.1182989073,368971.23626724,604.0123634605446,602.194770840601,460.35845019194306,666,0.8282905145465885,-0.013376133428331771,1.054053984526834,0.05465495014497452,0.20592857605270154,0.5362072654128665,0.5443320437556918,0.6398639224802335,-0.000562652903330435,-0.31859390826626355,0.5211052615446905,0.004208631624677937,0.0535378454350058,0.05675275673758658,0.05640138628262497,0.00040251925006708753,-0.28925556456954815,1.2377078678353606,0.8315636584381908,False
41907,443,20.139810371556592,16889,3231.7147467410346,334618,28299.750326433204,1433802.2631886443,1197.3512408165736,835.8844138500972,98.31126328346875,66,1.852162941904258,0.6444752378332693,1.5148670050570785,25.403833584572,4.385803380496403,1.8070230202631254,0.614697591941139,0.0,0.26788029073831665,0.937428442959275,1.954440607508464,0.0001313036635345365,0.011407752248303255,0.007386113018003054,0.002351759690109264,0.0007504985894043528,1.3365462231660163,0.5633877672368144,1.6557682914778218,False
15827,41321,1.6422699915502426,406391,213401.4388845233,9804,5686.458337067966,469527.37583184894,684.5748369296041,770.3675142205791,998.5515613129733,998,-1.0666132709123655,-0.35553775697078854,1.2565214883283171,0.2580543264197918,0.5067763815002099,0.8069460569133453,0.7583719196460602,0.5506053621412117,0.3464298309069297,0.5415084066950133,0.6536863149188936,0.0007118837711432314,0.019377893386318904,0.018207481642737566,0.018633591230067727,1.6288054642697475e-05,0.16779538149081552,0.4786950234028332,5.668910890529034,False
63916,443,1.441780232379989,9405,7632.345686307062,369730,287403.3476797679,475263.0073414359,689.3931964999867,961.1828951703374,1506.7353833139312,1506,-2.374066440647579,-0.7913554802158596,0.7176686803698668,0.30896260700332456,0.500472078748934,0.9294882483574916,1.1631688199872547,0.2209706591805307,-1.1844546950383845,1.185661299368804,0.5073071313346642,0.002737736266769406,0.047036863505246634,0.007523321324240588,0.0013989795823929414,0.001205522674282734,0.31286055936277635,0.10524960593274992,5.761073945902469,False
43595,443,1.449342823226208,1909,1586.6739368512028,4829,3883.400169563654,526018.4198119644,725.2501756233056,308.21619328974737,66.44619814752244,66,0.9998777383495774,0.33387128554341133,2.355394183374514,0.8053210928810408,0.5456600276499477,0.6131891046284779,0.3617358850521541,0.0,1.4808199204152777,1.2250831983238575,0.823103233302792,0.0019145896500640002,0.04359713344051726,0.049383303546878275,0.05171949169309633,0.00037513947900512157,-0.15192883357916875,1.103846646832314,0.8830858535114637,False
42013,443,18.55593377499242,4100,457.3399283739301,21748,6889.2626993159665,579102.6657852788,760.4253479846851,456.7803880828204,193.34029162074046,234,1.0176152342258853,0.27450050736051074,1.7559945303390985,36.67332943233559,5.702296857021924,3.3303632487407224,1.70220234404809,0.010903631703938696,0.7878315943324421,0.525188711584837,1.604010588039233,0.00015677625951036932,0.012498954209524142,0.014425026022624415,0.012111836682112822,0.022230756424228847,0.5261991825228776,-0.5785166612862626,0.872935599881989,False
60413,443,19.530227605149992,8296,547.4921799446647,175904,9732.137324965093,1430185.3695152288,1195.6676760284386,1001.0830635505661,103.75792866541268,66,2.2490829759631157,0.7811840424867508,1.199639520695253,15.574280487955722,3.8640655038522915,1.162852220627276,0.3077132512859005,0.0,0.6468452471198043,0.3443973028818945,3.2322523917623145,7.705719161799853e-05,0.00869812967240647,0.004847331550355791,0.0021151814693147336,9.482664203221959e-05,1.0262002596875561,0.5267013531651421,1.9561899168258752,False
63918,443,2.131549114273828,33290,15545.978474930875,1399118,657086.3962434812,463477.40524869197,680.5119034596661,995.1739565257964,1514.0,1514,-2.2832491425380703,-0.7610830475126902,0.6855278086691479,0.5349836547821193,0.7270264668086394,1.283071578900377,1.4625856778124342,0.03282544328364313,-0.7344721538018661,1.6966397780756604,0.5686006875346571,9.886449326663576e-05,0.007628256595351819,0.0025045902317130733,0.00042632581670035136,2.612218640695691e-05,0.8913025128123523,0.3558841393437804,2.8396370158313964,False
54745,7486,1.0585389577424136,2138,3115.49867960532,10016,9824.131856240618,258176.73741354895,472.76058553001,401.7556518035853,117.0016142364568,55,1.5869292370639978,0.7498793023930584,1.065762153894995,0.07701695197893321,0.25789085120198807,0.7287737457271534,0.7442184125537985,0.8850090480433314,0.033777973082017354,-0.45621084464364015,0.6161368100992701,0.0061356586237348056,0.07245650248732168,0.07306845163365926,0.07078394414405785,5.906210803252834e-05,0.0809251035205663,1.0065283860983414,0.956730097211743,False
63917,443,1.910522643148012,18063,9094.329039627912,733368,368687.8659042393,473376.1212786397,688.0196244063438,978.0030571336647,1514.0,1514,-2.3370752738062692,-0.7790250912687565,0.7035296408485441,0.4495144609980357,0.6686972202636545,1.2104144901150125,1.480055614595668,0.17483977102151438,-1.2326257666396188,1.5391946237638836,0.5519672617952927,0.0025443185434345593,0.04408507550283938,0.006567034363593157,0.00032819031974943734,2.037073712495981e-05,0.5531482330206972,0.20551328271745528,5.858546210102902,False
50830,443,11.160520418536464,2718,1198.5013665208323,19180,24818.802220224912,531652.1746780591,727.7170275271944,597.8326482217344,490.5642781424799,752,0.38711190604444967,-0.25933214757642675,1.386679254005359,21.81836762388305,3.422847925873636,2.021838118947406,1.0506542412324933,0.04454294115680515,0.572871450942285,0.34716098396737377,1.2598046784336474,0.00013748538255075262,0.01166803150381557,0.01551865077522225,0.015299832513449912,0.013576166898617525,-0.019265243392119102,0.28621129351039076,0.7664606674937431,False
53898,443,2.724404143441297,3160,2929.3378515243535,36381,23811.680276932435,1208044.3209665506,1098.5944055198597,728.4834194999753,80.64152233757704,66,1.7639403874711648,0.6011123169554383,1.5226091229668326,1.6373679033887354,0.58620080856292,0.3657541005565223,0.26081776831549797,0.0,0.31071899609725323,1.2000519054157903,1.0229734716363956,0.0001859659653942295,0.013533324742745132,0.017074316796407533,0.02430307880964897,0.0015991053797361904,-1.4940155430339557,1.1180492968519544,0.8849794895406299,False
63918,443,1.7308931206716824,12234,7105.754300355844,836225,493810.2156630886,408162.0917682578,636.7687770400494,1088.7208545946814,1514.0,1514,-1.9736629764025777,-0.6578876588008593,0.5961875380376304,0.2577746700712234,0.4852284345636171,0.839163926637897,1.0155210657416718,0.26614903392707634,-0.9395766026611719,1.0619754695886607,0.5975020578096292,0.0025260241756465546,0.049106335350968616,0.007575435814366032,0.0005931672892439779,2.3592225373714845e-05,0.43297288015216107,0.1578280712939735,6.405165934536797,False
20905,33862,1.5869727124883792,741795,377457.7684146511,27771,14877.93926306883,509495.2876744123,713.7150007544662,609.7770508371816,828.4128759097409,828,-0.9455963520316992,-0.31519878401056645,1.5386195924891135,0.24099003473681266,0.4900551224827739,0.8769506371691227,0.6639454970130787,0.25810203185044983,1.3138193304449959,1.26131200276297,0.6193663245290323,0.0009215853543063027,0.022105723746940142,0.02369550180483145,0.02477767972474046,1.4473471770780567e-05,-0.0010695888280329025,0.562467839891434,9.860249941846678,False
49938,443,0.7414041742612683,2538,3574.8017881691962,17995,23497.794431498547,1127540.5100675055,1060.1775640118535,660.3547341075451,77.30719252035993,66,1.6416308016778274,0.5578238633186938,1.6222317403859703,0.040662661477321914,0.20005581191317814,0.27177373484985157,0.25701469919553177,0.0,0.20185210048461213,1.3816564255198571,0.7342679570628481,0.0003242648068427805,0.016913997910600675,0.027035264388852464,0.0360595943521393,0.0014663379108282833,-1.6811359085136868,1.3669608679126792,0.7080578513346231,False
49023,443,65.79195863901303,11971,4683.166870276407,340907,30722.63174930271,3145566.272591873,1718.7415180724163,1045.0506610807256,358.24343362720333,66,1.1899557081648713,0.5374896134361595,1.8029645390060722,233.0309424810172,11.511119617835854,2.954610915807792,0.26304919994719556,0.0,-0.21522867756679676,1.2506282723840318,2.419520263844217,0.00012838623376134933,0.011179043501537938,0.007728458668520779,0.0034909793847286556,1.1793780209144324e-05,1.1427175800026566,0.6548044240217668,1.689729157558351,False
36408,443,8.616117880459639,3238,3308.57059882805,12810,9042.446415606186,756849.2985091824,866.4936069226823,454.83305698014266,83.16560889113958,66,1.282388832744157,0.4486608536216548,1.9033196367793377,16.54589889239158,2.653903433168582,1.651342600279579,0.921555381784549,0.0,0.26082869493533006,1.3040426238500744,1.021239840425819,0.0006213760417799711,0.02338239800876252,0.04645793044101401,0.052581071831315634,0.009984182473559871,-0.4414289665073775,1.0006593761403713,0.6309896006766078,False
63915,443,1.7928260459091723,11448,6387.707862161633,433941,241948.02007632278,479070.05308317154,692.1407150865405,952.0436857866506,1514.0,1514,-2.4351941012604224,-0.8117313670868074,0.7277655371915276,0.3428251714633035,0.5812077783552392,1.0629855082344275,1.176052425970098,0.21991424119428302,-0.42771432691459843,1.4497842960207805,0.5468441151962811,0.002993602470448999,0.054224237096373265,0.009383242665895622,0.0002973048994116867,1.992074950973892e-05,0.5231693496372153,0.17960771411877624,5.9882355338838655,False
27889,23604,1.4352121928197137,231072,121609.74227434091,7535,4922.772179854066,493577.22550209885,701.9137658279606,569.4205425285768,594.3843935436518,594,-0.1724033238539624,-0.057467774617987466,1.735808194952153,0.2377473891797706,0.4863146749806052,0.7030898630053126,0.5766493733216679,0.3119733990335657,0.8420187563387851,0.8418337883021805,0.72146280024756,0.0012442216481989756,0.030069617183689275,0.03194256262713957,0.03323022247212343,1.572981269826471e-05,0.023816084511061097,0.7620573441407601,3.5945836118939134,False
63907,443,1.7006138708848897,11203,6426.037672621815,390996,223197.17791098476,483923.0043094331,695.6370712234964,911.1312256347225,1487.4065462638098,1514,-2.4831258986153113,-0.8668345469676974,0.7639321737327784,0.23086385036381382,0.47264089926505876,0.8613716304417167,0.674787474154566,0.184559652784418,1.14878261419444,1.3803919324820866,0.5569824418602035,0.0019362663187454127,0.043413109254118336,0.011307541276565816,0.001192582912313836,6.128188825737762e-05,0.6461417703303284,0.3041587072507804,3.920108638897449,False
46133,443,17.00053016290734,14543,1707.8828160445591,283040,19835.93085808934,1329052.4016061658,1151.7717312380078,843.8172994532205,94.88545940508527,66,1.9428952475762822,0.6722566387331516,1.3832799069430461,21.135181415790004,3.713450892746279,1.5747350758664242,0.5706933289398444,0.0,0.616638224393849,0.7394649805609789,1.8328099600067487,0.0001471086470759324,0.012023330868271287,0.010595754127712402,0.01055247440379525,0.0012863247763355151,0.21611672919545177,0.7271720135679116,1.433417731139036,False
40265,443,0.8944263955743601,2058,3009.724227788736,5231,7813.525121506167,652002.5604267187,801.3404927514484,372.9816211190904,68.9931206742861,66,1.1185197536530191,0.37605921915569673,2.1974850517046027,0.1400223538328239,0.34178648354004093,0.45156924345572946,0.311152054809332,0.0,0.8821666067572309,1.4392505984224062,0.716966474658767,0.0015603691048854296,0.03894675237977343,0.05663963247185373,0.06270081237015208,1.387757974714271e-05,-0.5517341737735127,1.5440959685261788,0.7200163837889046,False
63915,443,1.7881024343245744,11494,6430.67262423641,429343,240010.4894589345,480148.8492382486,692.919133795294,945.4780162499626,1514.0,1514,-2.4608541260546835,-0.8202847086848943,0.733686057866096,0.32428905072444786,0.564784586989323,1.0326946190088424,1.0893548567834075,0.21423064583890092,-0.13143820621822644,1.448328066855952,0.5469852170301204,0.002815955739015267,0.05253187293472443,0.00968491003415983,0.00029798118244851946,2.0484318707099563e-05,0.558411338501918,0.1915312836684314,5.638471293927805,False
51542,443,4.520679071008988,5320,2858.763247938705,80698,24139.029681199165,1216253.3777588485,1102.2500784336269,730.9475982399936,81.8747742879153,66,1.7622898715176354,0.6015830711794357,1.51907362997308,4.884487350343257,1.0152128653439734,0.5730006485150589,0.32779708942601127,0.0,0.35132414798319406,1.1696981525080992,1.0142865303928335,0.0001866384587869915,0.013612551353292562,0.016664220916144896,0.023101280199305695,0.0016597796269209497,-1.323485470943827,1.080420328905068,0.916513501394776,False
56910,443,0.5959175072329994,1092,2054.670828956818,11710,35028.995583141674,483493.59160225536,695.0111566871874,634.898977759402,633.1352168239116,1019,-0.014682147831958314,-0.5737618068099006,1.3624940671162291,0.07586491727780748,0.2067589917131667,0.25978387305017064,0.17760548987901084,0.06187636236702045,0.6779556619703034,0.4778124627331275,0.7733885732537127,0.0007340944530348618,0.021915623403255105,0.02831064557050489,0.03101611750249627,0.00057686566777096,-0.5963830131841483,1.4114297815973935,0.7031607475703026,False
6750,53573,5.060360871961618,1178627,598901.9060083646,44390,20874.342982626018,511658.0515259357,714.873609294759,805.5198939552215,1283.121916825614,1278,-2.0543736951401756,-0.6782402732746906,0.9734685526256224,6.984024480780263,1.4826432179368938,1.5788711097853492,1.1120580822581776,0.41032619558239153,1.1069144413684273,1.1709850822025676,0.6544313540035483,3.128494929438105e-05,0.004068492498750762,0.002403438047123833,0.0018192991651612346,0.0040909452344315336,0.23660015734264406,-0.09818582777340328,15.159064954110184,False
63910,443,1.1677367671796446,2336,2016.4372779360178,11926,12396.362335811282,313040.8796261361,558.5031946513681,480.2651845656641,179.7372729099456,157,1.6503500160193614,0.6059209190518717,1.1801402778212668,0.08407029245275434,0.28420340402078614,0.7982648130709364,0.8151822638891558,0.9681638244889135,-0.15558958306111384,-0.5617514691155552,0.3808211776045509,0.006673904562858949,0.07945054795795746,0.08058374234936716,0.07830327581624932,0.00012259613541514474,0.03004136991778339,1.0463259080994476,0.9647343477673495,False
41222,17867,0.8006243356134682,1661,4765.697599446163,7590,10369.35426033122,193978.3112274899,359.9438110430661,322.37371234068235,108.1604000455621,58,1.2484723450404558,0.7775097441537633,0.8596020314945153,0.057854846891196486,0.19578153449257668,0.5482538045974978,0.5589074152778688,0.66460908249484,0.35909193150267404,-0.22818861516958355,1.0047816578607838,0.004607653560292849,0.05442560315458518,0.05488963700934492,0.053174056326894946,4.883612535390315e-05,0.060771761509685926,1.0049025766511466,0.9052466616423096,False
52854,443,0.788290176838733,2565,3397.017385430095,20256,26447.57824007462,1190691.6551475907,1090.9841284836332,693.3039188587143,78.0,66,1.6937039315783375,0.5755709156680433,1.577423423966924,0.04369160987834073,0.2075590572214633,0.27130091348006785,0.25332380556028833,0.0,0.22751075993003966,1.3311365060230254,0.7604701334777381,0.00019783350516899213,0.014064748977506496,0.018299013798437496,0.026314490691489577,0.0017241810255834958,-1.7054804949013984,1.1780491760650698,0.771801539710333,False
63915,443,1.7843763169399918,11531,6464.56443435333,425716,238482.1109317601,480999.83392144326,693.5331723188315,940.2988318560028,1514.0,1514,-2.4810954737528035,-0.8270318245842677,0.738356330731719,0.30966723847532523,0.5518295127282635,1.0088003154835612,1.0209653810693335,0.2097472663142856,0.1022727126818519,1.4471793524221286,0.5470965221166307,0.0026758230116615115,0.05119688858835569,0.00992287372044506,0.0002985146534876408,2.0928877906367316e-05,0.5862112083735667,0.20093692996037377,5.362567445428685,False
35697,443,0.46421929650505595,2383,5227.922019743059,7180,14982.801200633266,883441.8950363749,939.1715780528533,496.59417678910484,74.23907903430018,66,1.3454861159901828,0.4572451428476344,1.8999742015379122,0.02238234844628019,0.14876512189035224,0.25895051192217744,0.26390414802847895,0.0,-0.11017094154220636,1.75289271811805,0.5737331294238931,0.0008816111251543856,0.029438537942131505,0.06496008735197534,0.07689541782322332,0.00011713500533349968,-1.2344492328376422,2.170020144621713,0.4666416784717433,False
63917,443,1.7437645315621686,12078,6963.158007079074,772453,453354.6238144075,419251.9269330003,645.4648017750603,1069.866970450038,1514.0,1514,-2.035367220215537,-0.6784557400718456,0.6145630023313642,0.2822244960357181,0.5102931278242301,0.8931124643722612,1.0907407054419953,0.2617177934926828,-1.0217059219817344,1.1267634629269851,0.5890666711337486,0.0027030214699962887,0.05090195473930505,0.007704042556228026,0.000543984394675797,2.2669784043365333e-05,0.4280384076308688,0.15471741203337191,6.53302443218539,False
49871,443,1.1385926694103514,2394,2108.6347365283764,7280,6223.569105347926,252781.5252508418,501.3190772248931,344.545613649217,107.09241808136957,61,1.3953956287638942,0.5541710506097679,1.5191309448673729,0.11779469116473024,0.3416105208493728,0.5960694563252689,0.5132274884160408,0.40157770362762135,0.661957088261472,0.4847271162143799,0.6553810370945969,0.003487051377514381,0.05361269665291486,0.065779045967699,0.08099971497612755,3.907947675308697e-05,-1.4021389172519392,1.353337870712855,0.773811402354795,False
36217,443,7.758927031848465,3147,3523.3711152737264,12132,9595.85134443731,768130.7979063876,873.1267803660251,457.87444413907,82.20437097582588,66,1.286585966452657,0.44873917530926566,1.90523855657988,14.8128552898519,2.390759347639582,1.5052114936650876,0.8526408921994817,0.0,0.21937040471540392,1.354149338927885,0.9729959090100918,0.0006532227976665054,0.024119885372148517,0.04870826312149728,0.05546474378430392,0.008938355621698556,-0.5209460885096163,1.1298581793329978,0.6117808034390413,False
63916,443,1.7065677740268244,12484,7337.165038342391,842905,502028.16831529746,408135.9934791111,636.4738311706194,1069.5282729331093,1514.0,1514,-2.0534381679422733,-0.6844793893140909,0.6129475215281046,0.17268628996280125,0.40848582116121573,0.6945489462557375,0.6331146359105968,0.24480459875761257,0.2976479154889554,1.030279107640919,0.6014317402646763,0.0017333598138164353,0.04151142069984702,0.008750737917675534,0.0006154841970696745,2.62504826570509e-05,0.5782169833704089,0.20754248066877076,4.932285124389945,False
63917,443,1.964705285567714,21675,10615.879673096213,884697,432757.32870656333,472300.340380024,687.2366810626352,979.9135399960081,1514.0,1514,-2.331387750429989,-0.7771292501433298,0.7013656705049442,0.4727211232412558,0.6855049623366103,1.2339823269745165,1.484600243606431,0.14047073755574704,-1.123376338449981,1.584230843992855,0.5549559348136949,0.00198182071096422,0.03560174555825579,0.005613446084623932,0.0003458909195966153,2.1635065685472522e-05,0.6331922464433309,0.24100124605037185,5.153648107638464,False
63917,443,1.7999404334991087,11398,6340.81167256745,494125,276790.5019921287,467652.3313651115,683.4176755440318,987.5812011702478,1514.0,1514,-2.304668820407009,-0.7682229401356697,0.6947607591268945,0.3889331573816106,0.6196853119963965,1.1285651114202273,1.4190288115004113,0.24237811657463085,-1.3801505888138523,1.4095237594811887,0.5522513244140893,0.0034755073097455106,0.05873874431377313,0.008265332983574169,0.00032933088965256805,1.8643887103458224e-05,0.4065024278672572,0.14114127099727522,7.091049227355352,False
54270,443,8.274986061381037,2179,1487.6869320720323,18178,31814.530491504673,513137.9935560189,714.954930549539,652.8682659982517,606.5348106253573,954,0.141102801741963,-0.4676223935093765,1.2425802203045504,16.02227474760017,2.533455015811654,1.5112792039512974,0.7964339096032133,0.05766829041027086,0.4889985354912675,0.2776983184196731,1.1255027901915513,0.00012995848911510191,0.011343822984305358,0.015945360094276315,0.016543721266978607,0.010199328550369112,-0.23209396110128833,0.6236099084208419,0.7249163939320933,False
53449,443,1.5657943100612712,2806,3093.5446113402927,26762,24782.337677375413,1192729.7007795502,1091.9020797301798,709.6901346072398,79.04785477675432,66,1.7304941850343183,0.5886979968604041,1.5448749618248496,0.6765435793543713,0.3602216247934056,0.3108013800196847,0.2575847480571089,0.0,0.2875461250636374,1.2590415668704307,0.8706636316949474,0.00019347424230348084,0.013866667798952355,0.01791725706475828,0.02583273405677865,0.0017028118206386172,-1.6677616744226285,1.158817399888718,0.8111291996396486,False
41920,443,24.195063111020705,19870,1737.220962688487,399948,21002.519836178668,1423260.5368836732,1192.9754907463719,895.0072452408112,102.44446733281373,66,1.9949895769446409,0.6955928030239489,1.368321578089363,30.572661432749648,5.2665242854643015,2.1447016053804955,0.7041893433134777,0.0,0.6108426975650898,0.6084226746525823,2.2724865278298894,0.00012208061683647938,0.01102470332335461,0.006454266636287453,0.0013910193710837439,0.0009022024861784591,1.3837943175529657,0.49490085462477457,1.7666827530980085,False
35482,443,4.458377623640542,2797,4350.444477741597,9518,11726.69573377287,811569.3696310768,898.6673198134972,469.58507847889405,78.50319610015381,66,1.3027467166522229,0.44904074712388875,1.9126272141026932,8.139900199362524,1.3775426792939773,0.942544570378781,0.5872907917108103,0.0,0.05973835139566744,1.547081506910382,0.7872362505375475,0.0007758463551449196,0.02695952544148458,0.05737300121205646,0.06656810749067334,0.004911477356967353,-0.8271208340661156,1.6273285315999355,0.537818762829816,False
63903,443,0.2933537906190669,3313,11313.106970898942,112501,384173.51447849406,473961.96203378396,688.4448040348989,911.7907951919904,1445.3657554125327,1486,-2.323440009250533,-0.8343825219395368,0.755820364809486,0.00530696775587528,0.07284457094923734,0.18248786882935955,0.19088220264913489,0.15881840754818696,-0.3475165096549433,0.32564817456016537,0.4106924788217652,4.679402695732169e-05,0.006766376397656674,0.005766678886064938,0.005903228398338628,0.004640809286252079,-0.02843377156989492,0.10766080648462151,1.2702625159378558,False
443,63915,1.9607598145786367,1328838,676639.2150322347,45014,22906.961051856437,489824.0773441182,699.7629195256602,896.8476056274994,1514.0,1514,-2.6432290694819276,-0.881076356493976,0.7824726426408674,0.269408808074639,0.5190253565738984,1.133619018919488,0.9595104909469014,0.5269542721124095,1.0102329124070404,1.1718836770483156,0.45990918677358056,8.395656163438654e-06,0.002714430243431396,0.00018869671409229953,1.7100778001377425e-05,1.4302334004132279e-05,0.16653530933484648,0.056665139807869816,16.96377594762012,False
1597,48284,0.0279640109268684,231,9605.975909120083,550,12726.522513431602,8800.96052474117,31.77374003443467,96.15524702913632,96.9065535883853,92,0.21389807801924446,0.826133629523164,0.24898343964219635,0.000175417479455716,0.009718711456491377,0.005660679325138252,0.0018177630117977366,0.0017117218580552781,1.32033457077191,0.4525964796651671,2.1508100903448875,1.9919423521616006e-06,0.00024339632401800746,0.0003827276819230518,0.00043477832689670353,3.348855180381727e-05,-0.014945733851533914,1.010130507898536,0.747451053319847,False
4099,57920,3.7599697693161103,1274694,647888.2712866705,46175,22494.16995212525,504881.0438149759,710.2789360604446,837.7958540564304,1380.1743246088495,1377,-2.322455972230692,-0.7703548072887084,0.8996448330760243,4.160769023347344,1.076922415491058,1.4008539563703422,1.0464903796471794,0.44390043840928695,1.1273217475895403,1.2191046764580333,0.5676047286518549,2.0505209816243262e-05,0.0033566468439321564,0.0014487968338611332,0.001061680810401702,0.0023771517640348403,0.19843757505668852,-0.035949533568346195,16.32517928774189,False
55972,443,6.847756331152938,1912,1630.722566246347,17683,35274.72542857361,503980.5944549899,708.6426008483186,680.0897300980758,663.8956219355762,1054,0.01942291021801612,-0.570645956813986,1.1713066191135122,13.15543795126096,2.0935475858596186,1.258748901995792,0.6706926185906759,0.06416029028118572,0.4475136998677519,0.2433410143159364,1.0590750080202622,0.00012623557170780077,0.011183464457750031,0.016156417094796562,0.017158967800339115,0.008529092300073489,-0.3373623224388026,0.7904924592883654,0.7043679564474093,False
41922,443,24.816555748010845,20327,1508.1805199616233,409960,19884.173998944258,1421644.9519372783,1192.3048799054066,904.0681858894065,103.07790649157381,66,2.01687864471589,0.703426886970852,1.3458625823876433,31.36481636263855,5.401500227248184,2.1964529431645436,0.7179045093271774,0.0,0.6634038138015645,0.5580004998421131,2.321229037952856,0.00012066712771959238,0.010965998699559934,0.0063114553980614775,0.0012437799577363971,0.000925452049375913,1.3910353810969323,0.4844048104437664,1.7836810823419167,False
63822,443,0.5986523328531228,1254,2194.014939419174,14214,37847.37735833928,410863.04972698935,638.0987116434416,693.5199793714589,670.5435932438158,1048,0.21256829576131864,-0.4772293637080598,0.9596154041970987,0.03262287120223843,0.14730076302311074,0.33992627309494283,0.3414653434739254,0.3939674347812028,0.11555245219211374,-0.13646899807142795,0.6261779810608977,0.00236214323705072,0.03412924220912009,0.03890335859738229,0.03999688028874867,0.0006121815445044034,-0.5284088334042933,1.3810528747028135,0.7318188684758925,False
63799,443,0.4459057337302563,964,2241.6781370672416,14828,44678.62375065508,437119.26567745174,659.4627549955563,750.7591914960697,802.2797500194415,1287,-0.17334327518218018,-0.7679551542075806,0.9004248475129133,0.018813991261676058,0.11055505085461492,0.2169047160018811,0.21431611187349298,0.23984874787619814,0.18832904080711654,-0.022319941797491638,0.6920336169543075,0.0012048336375953574,0.021964658355873246,0.027716025955283066,0.02971515179901124,0.0007435899993975025,-0.678301123882893,1.470896143468168,0.6693025788027338,False
63386,443,1.2299121729951006,2459,2000.1969709122889,11495,9331.338726805978,299870.6909775771,547.4768377266606,451.3882811679976,122.39492967086852,54,1.8005381896343204,0.7244021895946279,1.2175573778149404,0.09107416618703396,0.30161097241684676,0.8415426516030453,0.85637571676407,1.0104652283319229,-0.15464471985946876,-0.5692397072176277,0.3639800661636775,0.007032168690823048,0.08350763323770066,0.08465560954822741,0.08266562878589974,6.497603482762366e-05,0.03766749016459773,1.0207809259262681,0.9833732093428259,False
54565,443,4.445835641979267,3686,2685.3638401909798,50672,22369.503475673177,1230798.3739864,1108.537684163736,756.405979488072,83.00935097009874,66,1.813633860392329,0.6195571816793815,1.4895271351851966,3.064934982747104,0.9219546350429577,0.44740138278827823,0.2656213033346736,0.0,0.3451486280229994,1.1124066443533445,1.249271357653463,0.0001748103684029418,0.01303805254649595,0.015821898693678484,0.022030357960533566,0.00144502112390876,-1.2358681885884706,1.0574771398744922,0.9947042748385742,False
58619,443,14.90063208122951,6881,1203.6327186656135,137469,13610.70889140989,1368990.9147250082,1168.9263515308442,925.988493219371,97.3899210811182,66,2.11543799502761,0.7315786627560963,1.288609789152831,11.735000117922477,2.9610935217947256,0.943271079767797,0.29479468656656177,0.0,0.554250641996661,0.5801093301406959,2.623649794989177,0.00010705890934036496,0.010030108287195888,0.008215568536489623,0.008227407415640046,0.0005092188392768637,0.3319421160043724,0.6896033257706367,1.6610975037325095,False
59864,443,18.113739538868984,7863,748.2473513412274,164144,10918.839340227421,1411462.0891584351,1187.4858020760216,978.1068527418603,101.80954965421527,66,2.208192466277037,0.7660065981400993,1.2268611911139369,14.399600151593699,3.587788876626008,1.0956683675237486,0.30376063973185136,0.0,0.6185146613307752,0.4165166212901371,3.046042103847843,8.62366274676504e-05,0.0091056667461405,0.005877889721283129,0.003985300590229033,0.00022161560213125004,0.8137824857449947,0.5765434395800507,1.8659023572675735,False
44570,15220,0.21686471704887564,547,4547.632512839756,10820,39278.59298587057,321994.92071767413,479.5535538324528,586.0093965346487,670.5912733153893,1074,-0.30623048329980507,-0.46577731885198215,0.6604716965530404,0.004021517668058847,0.05536477803790227,0.07115999285962772,0.06548319659470093,0.06545009583997757,0.5856136847046546,0.1990656179180481,1.1857266014530714,7.60561396967051e-05,0.007295835173385816,0.011953110512372179,0.013943340225234874,0.000610226590559528,-0.571471181710003,1.3873542361725395,0.6525374340335012,False
46264,443,0.6699042212550805,2498,4001.2248305368466,15206,21301.348432051418,1064575.1721137103,1028.9640202587725,618.1126311208386,76.51577138711954,66,1.5652401584324123,0.5318795410839573,1.6938755222579835,0.03594724722659412,0.1868253573661144,0.2684659792315131,0.25879183535022304,0.0,0.12136562870317946,1.4774169795941936,0.6928579323711801,0.0004680325184511327,0.020144708153264697,0.03681798804095654,0.046593211780285755,0.0011183104674858159,-1.5659128971507892,1.574110338008878,0.6457844504393149,False
61312,443,0.4070629760671367,833,2203.4681814645464,14081,45360.07895446691,469701.4879054028,685.1896144508296,743.9021811396609,821.5034036467925,1336,-0.3505805703210172,-0.8746715802154517,1.0303856743772009,0.0309149824627645,0.12279230200041197,0.15764074660023053,0.12397470428401203,0.0824279660067043,0.40826911850458036,0.226499178536953,0.7612052798309805,0.00033350911033696814,0.014564796360209888,0.021140293492657603,0.023942574858643324,0.0007634836275385761,-0.7398571273858461,1.504070617314172,0.6435186222434572,False
63915,443,1.7374556972097253,12084,6971.970223834694,621099,363724.8907439738,447393.24609215057,667.0913531784246,991.1663006104077,1514.0,1514,-2.320144690811313,-0.7733815636037709,0.6881457737762274,0.20787216287090104,0.4508906075502539,0.7982417560519501,0.6684925495402242,0.21621841851950413,0.7541728322810249,1.2405693304854575,0.5739328754320159,0.0018813426017173576,0.04328246016575833,0.009916147904308257,0.0004547912590718443,2.4589573737176686e-05,0.6484803026031484,0.22655766657898388,4.495349777345794,False
51330,10019,0.246582501461933,597,3751.85592934313,12435,43455.754216335234,371266.47072698834,549.9980971279857,663.0730576913414,760.8431266403895,1229,-0.38805690295527107,-0.6690202385469671,0.7252068664654443,0.004626584629333753,0.06254579918821122,0.08146431897243751,0.07549901743847554,0.0754773916384919,0.4700276853499732,0.15918024297089872,1.0339000484863277,8.770788994474113e-05,0.008405322065279261,0.01377335856538763,0.01606850184303195,0.0007009587908271212,-0.6590235451678514,1.4466989239848553,0.6376056609675348,False
18305,46014,1.45366010150186,452498,237908.5371529588,13462,19206.90310308872,445376.795327831,667.3205387082644,964.1173154037617,1348.4457059006431,1514,-1.7365041130097523,-0.8224082978006152,0.7014281222879248,0.20548708523091908,0.40395232672131554,0.7027810351630434,0.7373722953900346,0.640311844169518,-0.13251182620257218,0.1379769218373768,0.6200266829193454,5.446140762964096e-05,0.007069497120727845,0.005325567741345165,0.0056482561722409905,0.0002570114212581818,0.020977653497133264,0.5230598179717982,6.14150579141908,False
59846,443,1.2059918352662258,2442,2028.6012862477764,10391,8517.285912120842,287536.0997529421,535.3862198775815,423.4017876964108,118.3865718617272,56,1.6944146727081908,0.6798116456621383,1.2965519111930264,0.09807337179666757,0.3120885009835735,0.777243115316351,0.7664910679110207,0.8509725169385818,0.059256914221742174,-0.29316240300707846,0.4403099777988275,0.0061035565094818955,0.07567691853360978,0.07971106037437241,0.0822292573713315,5.81926600736922e-05,-0.33947708659757225,1.10789128155797,0.928480344166715,False
63918,443,1.7792121309328444,18383,9918.626382352835,1259231,711769.2173290402,374430.762081849,610.4142288147525,1146.196328689553,1514.0,1514,-1.7864511289167573,-0.5954837096389192,0.5396940159168531,0.22376921219442658,0.4393495372210771,0.7205192830204166,0.8054151492012401,0.22471542413079207,-0.5299471299939875,0.945896918680536,0.6265843263417237,0.001127146089141436,0.03053305845382628,0.005699205339972525,0.0007631666996535873,2.8251844254922575e-05,0.5735341023594872,0.2228126368373763,4.923524312633348,False
63914,443,1.841336754571138,16037,8408.539799316204,601661,312990.86747534125,481800.74442494154,694.1028897381884,929.757044947643,1514.0,1514,-2.5244694419564238,-0.8414898139854744,0.7473229999820105,0.30167769178710163,0.540162870179132,0.9781982634303331,0.8564850949838185,0.15659290218616084,0.8168718061060961,1.499368729680699,0.5510261543419165,0.0016399032947256502,0.03750902572476073,0.009348995909354054,0.00032147551763767,2.3579495782198206e-05,0.7531628642412972,0.26769700481967906,3.8150352415366173,False
63919,443,1.2246716180221457,2445,1998.6712715937979,11697,9850.079821841726,303254.1233421182,550.5399494555326,458.92980935357446,130.6338658314587,67,1.7941949058973328,0.7142862091022508,1.2022029982710225,0.08921742190920472,0.2979000208582709,0.844119935500678,0.8625759379708036,1.0256101080812592,-0.18271636847836736,-0.6042994507406066,0.35627411188747177,0.007105280775501065,0.08398478159211255,0.08475371483295098,0.08213569291311325,7.361487611545997e-05,0.08591230419616447,1.012837678994958,0.9880367037491333,False
26575,37725,1.2440684733793765,370323,195053.80302475378,13816,25015.97644304517,448396.05703176087,669.5701081793327,935.1680633076774,1271.7934236529927,1514,-1.518648657479679,-0.8625653340071046,0.7274293243116271,0.16915730709996157,0.3442620594455724,0.593226704713726,0.6203449578199103,0.5409377100173737,-0.06162587171799727,0.12847789429339812,0.6444631373363277,6.440980377706551e-05,0.007683963824878714,0.007471550184750428,0.008255086684182806,0.00036813764305162393,-0.1320171346484198,0.7109220780599199,5.135460016468217,False
24057,31043,0.47326799923948865,1055,6860.201075938939,4511,11061.373996315326,112494.90627832522,216.75190640141503,221.6187389997561,96.9387505604005,61,0.8188882940130676,0.8125794897638314,0.5979347331523084,0.03353347857576007,0.11694971718475801,0.3191301276114522,0.3237027236736514,0.38486796249415167,0.7719944056658544,0.06122701018854437,1.4980664218794186,0.0026682437842966236,0.03154000985874769,0.03181630326069819,0.030822828962588558,3.585686811805359e-05,0.03519227263884846,1.002839029342806,0.8399016699049678,False
63917,443,1.8855793569521744,16400,8393.874591170497,663702,339193.1259704995,473871.3631059085,688.3800568072957,977.123555531684,1514.0,1514,-2.3396935573927578,-0.7798978524642526,0.704525836847654,0.43883114264861,0.6609596810424389,1.199564902986171,1.4779634689009031,0.1906617501596013,-1.2829193594281987,1.5184619448065073,0.550591409250739,0.00280326760522384,0.04799042447165459,0.007006024126607677,0.0003200417483968964,1.9788696314064026e-05,0.5162995182681251,0.1891761978801449,6.183050042390709,False
63826,443,0.6190009435265306,1293,2187.665339114096,14132,36937.33173997798,407365.2467041992,635.2526345256636,685.8946806776438,652.9939536365737,1016,0.2639786993747951,-0.43849942826226396,0.9675006572922588,0.03446246385673878,0.15219595673038516,0.3563149703497308,0.35840392165581325,0.4144988323726093,0.10585729382937831,-0.15167571768543947,0.6174048188226553,0.0025163178150979324,0.035749784874260754,0.040393713719625426,0.04136659255264699,0.0005946755607170797,-0.5084404682857946,1.3690841257536996,0.7401471693782374,False
63913,443,0.3977451809409225,4047,11588.07581857156,142579,397884.84474868514,474892.46092460543,689.124409018496,923.5390197570955,1486.0772802318932,1486,-2.4489301123363267,-0.8163100374454422,0.746336724327299,0.03302193081901755,0.1117180593129039,0.2562963109440375,0.2862829565072922,0.1688908927072768,-0.4649397548685431,0.42047180545326723,0.3962448950103097,0.00028843585608166267,0.010196480346767088,0.0051580146770608265,0.004538322647426651,0.004582433924759882,0.05636954415522377,0.00936038870479275,1.7252836307378994,False
59880,443,33.97099854145334,10109,383.82131756612466,241217,8426.772229083239,1863415.2799285254,1328.4440482522905,1074.100326185709,171.26283213747047,66,2.125804463387245,0.7706330526640224,1.2232879894853066,72.29000000545881,6.340679012346538,1.7578703952535446,0.31311451288086695,0.0,0.6707374104925482,0.2918009656477655,3.4391215327338163,7.406725613895486e-05,0.00859732466214077,0.004231600980697051,0.0008979390570762131,1.4424761744470964e-05,1.1631005630094164,0.4909660911022085,2.0306941824637605,False
18982,36685,1.622659074087873,804299,409207.26934792305,29731,15803.226545261901,508183.97861546226,712.7970545786677,635.3778584574965,892.8166483609734,892,-1.1096635887788848,-0.36988786292629494,1.469031928595531,0.24350656638623816,0.49263079733777665,0.9031067313513454,0.6913883981275315,0.2799048437568755,1.2989432520932358,1.2635801588105666,0.6032569130225689,0.0008355419197859813,0.020252235382332742,0.02148199756256088,0.022451671655603956,1.4428994027375018e-05,0.012728702838444461,0.5143144371020701,10.618613506506769,False
63917,443,1.8943361139894308,16984,8639.78081910892,688160,349547.7468271499,473697.50019458117,688.2535209956665,977.4323192519876,1514.0,1514,-2.3387743652285216,-0.7795914550761739,0.7041761056110719,0.4425816999089118,0.6636760733611756,1.2033738316772775,1.4786979515745875,0.18510718024154915,-1.2652629540483096,1.5257404978782945,0.5510744252558136,0.00271235921403148,0.0466193865179097,0.006851909441542549,0.0003229024404073523,1.999303145766802e-05,0.529235874756601,0.19491160425339352,6.069127554604112,False
58896,443,15.615089865726395,7099,1102.3744741405753,143400,13012.15214189322,1378434.6888877868,1173.053180182796,937.5773890676928,98.37265760028643,66,2.1360626255152972,0.7392339642869474,1.274879539812503,12.327493292123897,3.1004437865058185,0.9771577237748549,0.2967883313851144,0.0,0.568540213535002,0.5437333029252598,2.717571793289661,0.00010242892370462824,0.009824551995031124,0.007695768670099615,0.007284144146658414,0.0004452681702332131,0.43908282249632213,0.6644636387641712,1.7066373506999586,False
53938,443,2.8282370367464846,3192,2914.621885475439,37243,23724.6914016507,1209416.7944930762,1099.1941618223382,730.1676457933329,80.78434445857017,66,1.7669377864824931,0.6022248698932325,1.5206136915421307,1.7234755529599832,0.6064527275450688,0.3706788817934339,0.26110750679161937,0.0,0.31279571439903814,1.194765339526685,1.036623253387198,0.00018529308476369856,0.013503451032897344,0.016998773740907153,0.02416599337718239,0.0015898113624552663,-1.4784446726659395,1.1143957199782608,0.891597842890416,False
61553,443,0.3770173102536024,850,2276.410136014944,14346,46568.75765440769,438565.2695405879,659.3408644740617,753.2182615689817,846.1189125440403,1372,-0.3762681353607673,-0.89847932691047,0.9295203165870524,0.018377187179836316,0.10424278998142628,0.13295678018811558,0.11274320666287063,0.08478401494766513,0.3491514156460517,0.19236639588630244,0.7634626528086167,0.00021048388064437396,0.012732891184426956,0.02065256659993888,0.025820029831760363,0.0007855597590509134,-0.9694526771644683,1.5575832895120167,0.6125990788548638,False
51247,443,23.600739542040795,15212,618.4168198649757,313220,12772.630781340189,1429298.663693389,1195.5210182102824,973.2042494733645,105.0,66,2.1782166167285935,0.7586946084501169,1.2305009714769863,25.13744986853715,4.934929897430718,1.7856123302549138,0.537237080538539,0.0,0.7447297043223047,0.3522710790747578,2.9054141765170733,9.402899620961785e-05,0.009625438518446437,0.005043101515987177,0.00085933820107157,0.0005101578297437957,1.2886313503958968,0.47351914434966297,1.923566383285517,False
63913,443,0.5486079483033313,4930,11055.06976577582,169906,378167.51321949874,476609.58009234106,690.3636319360897,919.1317901825317,1489.2062760167678,1489,-2.47709889282364,-0.8256996309412133,0.7511101665193242,0.046277924208621535,0.1453146359929331,0.3116237703182855,0.28561519468870095,0.16802831310928826,-0.11775309957187496,0.5341297145237194,0.41328427452020566,0.0003859030640041728,0.013170849289742208,0.005980747015494644,0.0040638608431885475,0.004071815126461827,0.14948032020743462,0.0422427306020596,1.798044975662338,False
37491,443,0.6736628468351955,2210,4156.532698883924,5772,10992.394856681187,755795.2602887324,864.0807420481489,427.1464528079352,71.43960319175511,66,1.2181451732601958,0.4118990477680138,2.0626892135691763,0.08184456649263305,0.2455186545889549,0.35696281552240144,0.2883279019729197,0.0,0.3854060254974549,1.6066387248644207,0.6408667566168234,0.0012499327276963752,0.034777686013851866,0.062149213037965466,0.07119148285218557,1.2960148803091835e-05,-0.8683174916673635,1.8805145271939274,0.5870193355524157,False
59569,443,18.332054767986747,7964,1272.2067748182935,169342,23891.608078346646,1630077.5661580353,1263.510546139302,1019.6389166735628,104.8955232284962,66,2.2026929776919246,0.7655193149569549,1.2373646905558129,14.618516946894584,3.6270963550558553,1.0937473984091388,0.2891631694908287,0.0,0.6889653754430651,0.4298930432468919,3.067972120811044,7.445260316265755e-05,0.008613361848920318,0.004562267135340574,0.0008364932331948539,1.3164185827969604e-05,1.2774890596357298,0.5232173042414984,1.9396973730966174,False
53400,443,12.56293905209078,6106,4372.399590853222,117305,30453.312023795435,1459045.6316021194,1207.8778324464308,832.6553981970075,94.49155467417759,66,1.8373522531438518,0.6361189027129375,1.5920102774289615,9.971438453060378,2.4902333868033604,0.793879444778022,0.25756895324544415,0.0,-0.1455681257440513,1.1763817371229024,2.1991364820683046,0.00011223576835033392,0.010326653990351828,0.007216405350518826,0.003316590324215103,1.0497184891392532e-05,1.139331307341186,0.6525606395540142,1.6622859531844227,False
34789,443,0.4465364563036928,2373,5333.381816558781,6490,14439.59240138013,867869.772783855,931.4520749888972,486.147171924377,74.04335060592119,66,1.3265937464067914,0.45082878472541554,1.9176926124318954,0.02121616702694927,0.1454930636062457,0.25813246223731706,0.2643436562144039,0.0,-0.13007626118289797,1.7765755109605006,0.5634919080164623,0.0009171666935652648,0.030237533333820656,0.06737947829981668,0.0795005142728404,3.106342895384481e-05,-1.2059531288293832,2.22125082133546,0.45124068098113157,False
39582,443,19.080685442630152,4295,348.5829547710075,20876,1347.0428935397586,587910.3835853552,766.6326284344475,401.18756346151486,94.06684126899717,66,1.2006605523358276,0.43662206556151323,1.9217523821657916,37.582762433288195,5.875177775282245,3.4529350291452174,1.7644324262064932,0.0,0.9173452811409016,0.6445435673960224,1.6299017811890497,0.0003311785380700626,0.015727847431086052,0.017460563011588562,0.014980026893339868,0.022668562431986394,0.6209293124245177,-0.6703900095964195,0.9051089739720666,False
63918,443,2.106455774997415,32229,15145.200066862843,1389155,660980.8911360692,457135.5287666288,675.5195671012369,1005.9297267180111,1514.0,1514,-2.247867329963536,-0.7492891099878454,0.6751415676200274,0.5128190511077588,0.7065381980845149,1.243006765132078,1.415782180545328,0.04649179288873655,-0.7199059400474597,1.6431720861475767,0.5727302657221918,0.00017209841470259798,0.009259530038870725,0.002732109806890704,0.0004503155281350204,2.62738600303584e-05,0.8686711374193717,0.34640682495926234,2.988050873657531,False
63916,443,2.0289090358780006,26979,12916.345307947166,1088365,519011.1282893786,473816.08632037695,688.3207919143737,964.0489407078079,1514.0,1514,-2.3959374237628612,-0.7986458079209536,0.7150396144243897,0.4534392892184721,0.6630461881326992,1.18191689622072,1.2454971953347418,0.07515542727765326,-0.12760124246093452,1.6445939515989547,0.5596352297149388,0.0006730994867473639,0.01865984543892783,0.005102589183392944,0.00037315275441541606,2.5042059087228754e-05,0.8476484622564495,0.32559636971699246,3.1534184324163697,False
63917,443,1.826045705278269,12431,6722.057541063437,497428,268796.24403436057,475053.3867658019,689.2403226456373,975.0243957975629,1514.0,1514,-2.3459427733860982,-0.7819809244620328,0.7069035181661585,0.4133326197858811,0.642492027614884,1.1736695363587406,1.472970018075487,0.2284250259125715,-1.4029581230055583,1.4689780044137086,0.5473075786640629,0.0034213170123793533,0.05731155735483057,0.008053787578244537,0.00030059305969030986,1.839950426359356e-05,0.42835045929141297,0.1501834881611751,6.957562990147114,False
63783,443,0.3757601964553854,1212,2482.1256258612607,36856,60896.47412692485,462639.8102150071,680.1729941835715,813.3206423128688,955.9936047476546,1514,-0.6280557850314208,-1.0303250333117449,0.8376297087436386,0.02551047890733682,0.10349619236543595,0.1530772397847877,0.1619818721109838,0.10111710301406704,0.1735232521623018,0.15336854328268235,0.7441073226285349,0.00028153513008562355,0.012895056530175322,0.0166913544972907,0.019008652294612727,0.0008260160748969226,-0.7597898351970276,1.4859656911336605,0.9346357655557496,False
46668,443,0.46430071695775155,2381,7430.271290003738,16503,47634.97689362035,1356380.8338518078,1162.8243661925032,610.1773655786872,78.0,66,1.3884017470817365,0.47315314082092064,1.94687287111437,0.02102117238112603,0.12341674810023559,0.20181063538490146,0.20927488592843865,0.0,-0.6966883078483499,2.018289833600882,0.5531800611897758,0.0001859193949850579,0.013629545667842451,0.014740634903794226,0.015504213422299188,0.0007583086895742767,-0.12685193500987602,1.0218038116646968,0.9622107992542199,False
55375,443,0.5873826257020018,1300,2247.538154754314,11393,33852.66073184562,373525.2300114541,602.8121205188958,609.5034208245813,621.4248861009333,980,0.07498662766930142,-0.49644033686841355,1.1660284322335408,0.05348280303324504,0.1833526796177312,0.22330498397859552,0.16498416173735123,0.0593535240368066,0.6045170436130097,0.4885555555242942,0.7886895262549272,0.0004919718825036378,0.019080701765252242,0.03045381327990419,0.04204131424678563,0.0005565342814956502,-1.3840590197556666,1.5621079008199075,0.6194980022967412,False
37107,443,11.75523179088752,3572,2521.9508043748174,15296,7015.825257660143,715535.3813743595,842.2022987968257,443.69520972821016,86.68575299449864,66,1.267018532384996,0.44837403219855415,1.8962923710909128,22.892468374467377,3.6175619471030944,2.186488525207491,1.1739267565338496,0.0,0.4126528724131733,1.1205470970820919,1.1979136773504748,0.0005047502115259573,0.020681649575761126,0.038216999460660345,0.04202079257098208,0.013814099258014526,-0.15022974967154323,0.5275211468070607,0.7013340318015198,False
47391,443,6.14080716628807,4095,7597.944810422698,63371,47979.04658162425,1472855.869721802,1213.585160427878,683.2668735263746,85.91669083584775,66,1.480110235246003,0.5098509766968693,1.926344222533056,4.788477271937114,1.2254736880945785,0.4578502695908227,0.2145952291507802,0.0,-0.8069126434134894,1.8927945906620034,1.259251909414412,0.00014571644394855579,0.01186752220710826,0.00968564924410935,0.005269753754056903,7.63889694528258e-06,1.1211483792472667,0.7811888339332027,1.3754944187598424,False
55684,443,7.0887893955268,1957,1606.566457044373,17766,34690.361628304854,505527.11210401804,709.7086381785389,675.4925214148774,654.2084273429698,1038,0.039972424080797264,-0.5532471564386213,1.183343430104894,13.63959438623863,2.1678399255134613,1.3013966630663685,0.6919280287346571,0.06306390993704084,0.4545197317935188,0.249143336196118,1.0702934485818574,0.00012686430454042554,0.0112105460874523,0.016120773417737776,0.01705506388484432,0.00881116473250013,-0.3195844166277034,0.7623090408980427,0.7078382126718481,False
63873,443,0.9282352077902414,1881,2091.1715779318897,12889,23107.52823363156,354209.7481961158,592.001300187443,570.0143550269844,386.29516131406115,532,1.0452535781403336,0.1500726017787406,1.0873314643459095,0.062418430491981966,0.2265873561626611,0.6053711255420859,0.6158165207672903,0.7265108773414305,-0.041478325851951214,-0.38276956616368907,0.4840806123914773,0.004859281812777759,0.06037688727480037,0.0630423788848,0.0621818693780622,0.0003286401982262151,-0.20498472896902176,1.1871971490534627,0.8667108961819079,False
53239,443,87.39095211933859,15302,2250.8644131715473,457310,41412.18094171333,4126302.183958003,2027.1573047499135,1335.1652762998658,456.86365430627194,66,1.309813447572135,0.6233189929058561,1.5307095010364975,309.68296321645846,15.285575435419776,3.874636241725194,0.2756063215875479,0.0,0.7529195826847909,0.5748447474022875,3.1487178119840755,9.410927219974689e-05,0.009698063019336376,0.005290974215978381,0.0005847958186639298,1.427611982381448e-05,1.4441519580749187,0.5409278940672473,1.928291324861954,False
59177,443,16.342081320895694,7321,999.3398650530921,149436,12403.094963463911,1388044.1343579951,1177.2524054302746,949.3695879062984,99.37263418059791,66,2.1570490720988853,0.7470235621056518,1.2609084219041282,12.93038052246444,3.2422386607710396,1.011638838225645,0.2988169505410396,0.0,0.5830804657819835,0.5067191342333331,2.8131414570241806,9.771771463423163e-05,0.009615389646740247,0.007166849999936638,0.006324333292322772,0.00038019562017368416,0.5481030890685434,0.6388829284186314,1.7529760992354884,False
50566,10694,0.9788279914476563,1990,3625.5083463442415,9266,9992.638024354981,238335.6033837963,437.8934886807431,377.2219086264481,114.26915292597398,56,1.4823259164394353,0.7584187531373271,1.0020464078378684,0.07109472120280631,0.23869537631984228,0.6729823414859332,0.6869462868558436,0.8168923430648205,0.13431934510984567,-0.3857384065242735,0.7362511956460536,0.005663414130170006,0.06688388160560464,0.06745011612465929,0.06534144087432643,5.590167085413859e-05,0.0746965215483784,1.0060259142300259,0.9408186519298166,False
35004,443,2.3132951152675076,2569,4887.973350528385,7819,13111.567299779917,839800.8271464882,915.2665454717887,477.1960164705627,76.09774037011988,66,1.313249859701397,0.44923674371250444,1.9174292267534148,3.803034582937901,0.7190361448802858,0.5768578843440255,0.41483530362213794,0.0,-0.04400920181480315,1.672471364069482,0.6665079278044067,0.0008555414651794158,0.028805055227422646,0.0630043600614257,0.07378437009574342,0.0022943415226904275,-1.0261089448229284,1.9506428708515284,0.4897495901036398,False
53830,443,0.7280889786862765,1273,1950.5337192571517,10050,27798.6978377553,493146.11425445584,701.8848476773168,558.6121463291488,501.3041176510774,798,0.22039925839716812,-0.36316750822378874,1.5949229883569322,0.10732351660055979,0.2655238032529472,0.33126962051084397,0.21513945744402907,0.047493145416848896,0.8666981139568404,0.653696230853001,0.7819151561685558,0.0010144475579359866,0.02706016306920859,0.03332887827647475,0.035966597291643865,0.00044625948008869803,-0.4959714176961938,1.3465942942105744,0.7449018030609258,False
62754,443,1.2295511002062913,2427,1973.505418005278,11253,9135.930577243733,314584.6873757537,559.3908260860775,447.0424834336507,119.71915067905128,54,1.769363980961132,0.7081717831391602,1.2722150251828896,0.09699268767939448,0.30921199634310653,0.8349058929938389,0.8393878961874841,0.9749941028536208,-0.09041587212111031,-0.5046966389645435,0.37879747309198064,0.006871187166427979,0.08235037347768452,0.08335849134312909,0.0809806488584337,6.306450323915115e-05,0.07968985931608685,1.0148192024642577,0.9853895697893493,False
57335,443,11.590823273246656,5870,1672.7233169937692,109990,16383.592670712447,1325241.5322102993,1149.808337678024,872.3015849290764,92.83727982274085,66,2.0198919947868696,0.6961145877829078,1.3522167666237526,8.99020655671504,2.3155372082606704,0.7862872589721146,0.28555889500040027,0.0,0.4880525393708951,0.7486255082685015,2.1885452108083223,0.0001285078564587546,0.010982371725437137,0.010623601891990778,0.012597184250139233,0.0008054777537571966,-0.16439967176168446,0.8060658506243971,1.4501288644682662,False
28406,35890,1.1976621179536695,352129,185565.1987258003,13894,26302.18202540974,449064.5614611167,670.068192579766,928.7583164389036,1254.8215956938277,1514,-1.4704125814907576,-0.8714566323463315,0.7331863339470616,0.16111341426137432,0.33104584568996,0.5689699286067846,0.5944335592089426,0.5189349638633559,-0.04593078490575456,0.12637468410149655,0.6498736911794223,6.66125101144738e-05,0.007820014871027485,0.007946699048748916,0.008832273398916726,0.0003927424566687438,-0.16589220199039462,0.7525172643315359,4.9127081908102905,False
59909,443,18.228943687620518,7898,731.9197668180968,165100,10822.323881506356,1412984.869072144,1188.1512406676472,979.9755270150594,101.96801293447409,66,2.211518125329548,0.7672409922714741,1.2246472300910156,14.495137877203387,3.610258683761845,1.101132485994553,0.3040821089064031,0.0,0.6208188113600983,0.4106510973344174,3.0611867409391302,8.5490056339907e-05,0.009072521418070432,0.0057940735708708405,0.003833202251727282,0.00021130375089366727,0.8310585994019197,0.5724897413709965,1.87324551933817,False
51153,443,40.931762082738295,8611,5628.602751159127,239355,100284.14662388276,3653991.727276848,1906.1182915186273,1184.680936764473,268.5791408869249,66,1.454849404646012,0.5832980042137954,1.6260954266129863,144.44320559033852,7.175378558905512,1.8788334474121233,0.18647367745933136,0.0,0.8288352604029439,1.0988051315537843,1.8113419040443444,9.847231913129053e-05,0.009919819605814546,0.006603117144668557,0.00032344567317140323,9.860065138072865e-06,1.885194803431293,0.6608657251125476,1.5956975994728686,False
42038,443,18.53539818002732,4097,459.3979865735093,21741,6939.049471706535,578970.9051899873,760.3345234710943,457.1720622115688,194.16562363491286,235,1.0158644516329995,0.27301816003892987,1.7549690151226176,36.63208015197535,5.695967279791083,3.326729734186242,1.7003931242932515,0.010997041389176438,0.7872346926819827,0.5246943639222121,1.6030547965501634,0.00015672269257412523,0.012496646902101382,0.014428062801487295,0.01212068911374676,0.02220672434697762,0.5246845360820968,-0.576115483396835,0.8726399401291027,False
63918,443,1.6773827932782897,12881,7698.569991133321,1101346,661996.2819098365,362058.3106479797,600.6167860461618,1167.1021231130128,1514.0,1514,-1.7171398713532533,-0.5723799571177511,0.5197952047705685,0.15612938788707398,0.3810269640486998,0.6148836250359627,0.702810393926163,0.28457103353696406,-0.5981403139099357,0.7926322900264882,0.632570497979609,0.0017901931739807127,0.041641405347465486,0.0070407788975303245,0.0007976353784760118,2.7427091497418806e-05,0.45348696694300517,0.17076001767190427,5.873619694003002,False
48782,15580,1.3939822243210087,152118,80332.67213970583,11908,8787.928281562665,334435.0359047138,576.2893890614283,591.7973129315569,454.7387112809961,402,0.8569747891908057,0.3813146398131647,1.0719924847656424,0.1362690203873482,0.3555598370662859,0.8722713258333761,0.8986068447270357,0.9917083094564579,-0.21046736612688274,-0.42741874337961205,0.4036832000515543,0.005469680890462006,0.0658615977247726,0.06519924494127162,0.06300520963656314,5.4314020954156144e-05,0.15584686142343276,0.7952999977739431,2.7380486447234507,False
39597,24675,0.9140708067826151,240941,127579.91395954831,14374,34162.24179938285,453149.82189377886,673.1120086023117,889.5880669738236,1151.1059968333548,1514,-1.1756397662166855,-0.9257917537085583,0.768367677018723,0.1119568257706792,0.2502809730062749,0.4207356861663728,0.43608784472756834,0.38447519916213535,0.0499825917685488,0.11352187265965491,0.6829378274264766,8.007334694641285e-05,0.00865142889200769,0.01085035498351608,0.012359487197982518,0.0005431035718821381,-0.3729042518570978,1.0067073058670402,3.5514618329658605,False
63913,443,1.617936389112596,10873,7164.820164496383,379587,249324.35856887884,483942.1486069267,695.6560280574436,916.532337753786,1510.9663197163163,1510,-2.5633689507298314,-0.8544563169099435,0.759012583042852,0.21765434683886134,0.44911916838703736,0.8257974060592136,0.6513605478624778,0.18631110182564894,1.0309443797927396,1.3307646923326364,0.5311787884769347,0.0018226634109875758,0.04108568299416147,0.010413509744091812,0.0007614115443870639,0.0005183999903255494,0.6464418677277697,0.2199772684819701,3.798312880025337,False
63908,443,1.155116196242222,2312,2020.3754131905903,11977,12960.788844684877,315210.2793892336,560.2683823948847,484.99453069296965,190.62187211645795,176,1.6184643676014416,0.581899922948475,1.1752497033420446,0.0829293443082,0.28116731765466296,0.7881002509985836,0.8046766558673284,0.955429885847815,-0.1495764730837162,-0.5523199906380132,0.3862624491562226,0.0065782827422726994,0.07844545852011907,0.07965939754548326,0.07745375586288085,0.00013345365850422794,0.017656634049220743,1.053749139472285,0.9595689871433142,False
55106,443,14.386338099374186,6677,3456.589049289205,132618,25477.330797634015,1455124.5699549965,1206.25738356918,875.0704246092935,96.92616654939624,66,1.938781928938048,0.6719694302471245,1.497084759264971,11.443006874235175,2.8493293491217657,0.8892862798899397,0.2697702360851279,0.0,0.042203627450617454,0.9729747473828423,2.4659925144276076,0.00010272979228603639,0.009889164121195743,0.006515327103739632,0.002762039841526412,1.130872218313208e-05,1.1444938817561663,0.6160399745699625,1.7437130275481199,False
63918,443,1.66660339384684,13011,7817.989875693965,1154754,695876.5602633905,352770.9245263809,593.334140430852,1182.8916546382327,1514.0,1514,-1.665464519184434,-0.5551548397281447,0.5044063347355898,0.13565343211632583,0.36003607636888696,0.5697034313548496,0.6398163252635861,0.28828205721770334,-0.5293596071543306,0.7383743951851303,0.6396348674657277,0.0016419635393031414,0.0401376309144668,0.006933074819717653,0.0008388244967674005,2.819960692999387e-05,0.45761943157668705,0.1733650963964089,5.766542247048217,False
58727,443,16.850588768989283,7537,1873.413493656465,159430,34408.38048170932,1762599.4325648304,1307.666811842599,1022.3948546071847,104.82186005929036,66,2.1516057145070877,0.7476527720136558,1.276198889183134,13.41665193002123,3.335838199832111,1.0148265007352222,0.2743075181570861,0.0,0.7059290686470556,0.5225890026512594,2.8684469272896362,7.674210259731822e-05,0.00873677178882451,0.0048244857255991,0.000775500129092415,1.257488047432285e-05,1.3591885233572283,0.5431634943204017,1.8874871839337382,False
49611,443,1.1847880488728388,2044,1721.0153816868144,6653,5548.809621034561,459426.5985161487,673.0918821214257,350.4544119739468,82.74419305207971,62,1.2374931126668944,0.4493977854842706,2.0225903135109453,0.17560123510515036,0.41269963294000156,0.650722325420635,0.49502260135388515,0.30390446007529126,0.9973330331165624,0.6923680763086875,0.6756427421188732,0.003477161209936733,0.055986354031046334,0.060328282209262916,0.06124867081324012,2.9981646415018697e-05,-0.08832711664709292,1.0958249481344426,0.91472891686816,False
63917,443,2.120465300694371,32320,15116.658872474938,1325931,619572.0716505636,469918.6795884424,685.4984810917778,980.7872235041698,1514.0,1514,-2.3331994146438038,-0.7777331382146012,0.6992817093827219,0.5275159326679943,0.7230269993788191,1.2813543875271882,1.435378635323383,0.0354048257135455,-0.5886097877750545,1.715480112300981,0.563837421953498,0.00020119103176661907,0.009459336015054418,0.0030298674783982137,0.00039837702925195865,2.57559536580743e-05,0.8937680081346384,0.3538577394050101,2.8304753868835584,False
63918,443,1.664901361813054,13024,7829.79633600221,1142111,688593.0383351896,355179.73416477384,595.1721779196935,1175.2350315697427,1514.0,1514,-1.6936631239498459,-0.5645543746499486,0.5115084782692847,0.12522213784065964,0.3512836810542155,0.5546720328423783,0.5853914295355157,0.2833660637795645,-0.31818356195546876,0.7466071023175966,0.6385264659522446,0.0015337377218838776,0.03912236851279783,0.007178652523214142,0.0008322517069735461,2.8490973715488847e-05,0.4834349416862413,0.18189185437820074,5.5216911577093635,False
63914,443,1.7655262174483182,11721,6640.086193595246,419525,238036.77215014247,483069.6979358253,694.9161365439649,919.9520167300927,1514.0,1514,-2.562523914679127,-0.8541746382263755,0.756484912317154,0.23984860077288817,0.489427494847541,0.8924763570235201,0.7006435114116072,0.19023969064691912,1.1690564047488547,1.4316781959595746,0.5489422848619498,0.0020158273263179366,0.04489195650116529,0.010975256489314779,0.00030875572468006755,2.3080162528992946e-05,0.7123346418176797,0.24383840629633508,4.09826893673592,False
63867,443,0.8846169103430677,1798,2104.7822739751095,13064,25058.257996428336,361707.46954468265,598.1020134141728,586.3595764226167,423.91371978792074,600,0.9350527240042644,0.06705298577162755,1.07042901727121,0.05847516867064828,0.21609425574355173,0.5702411069327462,0.579507804003874,0.6825007666994058,-0.020696253402361864,-0.35017317764530553,0.5028863385514485,0.0045288006456854005,0.0569031704138102,0.059847725742761496,0.059245820430905566,0.0003661651781964085,-0.24778795043960025,1.2128527802959062,0.8488587532607809,False
37950,443,0.7101854540411474,2185,3966.8073770657156,5682,10466.490053285133,738624.0378221809,853.7011413660895,418.1855492373666,71.03486282346488,66,1.2016633759307822,0.40596979001594324,2.0849895230058304,0.09146936409745718,0.26144497994216986,0.3726142825616887,0.2921038766463374,0.0,0.46758893879256286,1.5789464231783077,0.6534565166854724,0.0013012905987365372,0.035467406641046535,0.06123772086439385,0.0697868061077613,1.3111926441200673e-05,-0.8159426850770994,1.8248582245788079,0.6090220573787051,False
54578,443,4.478595163201581,3696,2680.720918408291,50944,22342.058281619677,1231231.3926010998,1108.726908682998,756.9373568314566,83.05441168404744,66,1.8145795468063128,0.619908194739082,1.4888975718934077,3.0921021480233506,0.9283441629523677,0.4489551628122217,0.2657127165030375,0.0,0.34580383751504473,1.1107387204236099,1.2535778957909591,0.00017459807298677562,0.013028627321014934,0.01579806468259503,0.021987107185261808,0.001442088839671432,-1.2309555424892076,1.0563244278068498,0.9967923808338661,False
63918,443,2.1255819391643533,33038,15450.673704422055,1396749,658012.5038743166,461969.31232115155,679.3247300457177,997.7316696889282,1514.0,1514,-2.2748353770763603,-0.7582784590254534,0.683057969227429,0.5297129305512739,0.72215437362805,1.2735441996683647,1.4514558452759108,0.036075289798791765,-0.7310083203440256,1.6839252056180114,0.5695826977765721,0.00011627945858265769,0.008016172056968477,0.002558694196552634,0.0004320305500313591,2.6158254267848424e-05,0.8859207906568992,0.3536304419033157,2.87492970719327,False
60676,443,21.771723365253848,8724,415.98397498330166,189117,8921.361065232026,1483775.2148218215,1213.4956280341787,1021.5013016790816,111.55150213089644,66,2.26038421604541,0.7888596865968959,1.1863399163332047,21.856652723021114,4.26764175711725,1.2602769698383263,0.31051789934960883,0.0,0.6654822902019374,0.2977673581598561,3.359676218270932,7.148835300538837e-05,0.008454049159084123,0.004194438858295523,0.0009205221882966481,1.4041996808531388e-05,1.1617613202025845,0.4945358676098323,2.0154228592304086,False
10434,37154,0.28319391329200383,747,7876.947750908336,1317,10080.052590699146,54976.027922459965,131.0065161126788,130.12449636072142,85.3226381284864,66,0.44990659984294135,0.7575113263992194,0.6029562315552706,0.033451273586288285,0.09715302229287631,0.11001603277849625,0.0708401229549945,0.0,1.3056527379595506,0.6370817344723765,1.8489279745834362,0.00028335861057273207,0.008400220266324625,0.013206447597359977,0.01975957284896395,1.8986487258964233e-05,-0.5799879150761922,1.1412324516596033,0.7217864034142947,False
53632,443,7.888960344245938,4948,5510.21057461064,99471,98026.0447212601,2564245.724612608,1574.7752342599683,1039.065970744502,104.37625958553092,66,1.8425705626984086,0.6395751521419081,1.5111132635300575,6.146375254616181,1.5739703172362567,0.5374211735934251,0.18444327061401977,0.0,0.8085452038188266,1.0833219153331497,1.6614866278808837,9.059165650268865e-05,0.00948329855763979,0.00641068856356309,0.0004065429368195982,9.010076684247326e-06,1.8534018477725955,0.6638212374595607,1.5716592705156016,False
54092,443,106.3844067735334,18038,869.9768017912909,546414,17344.13305481088,4319392.23211873,2076.640496501337,1396.6863117910195,533.8381638683244,66,1.2505198208054982,0.6396803808969053,1.4917138093195694,377.2363114575573,18.60118762085206,4.690560708824975,0.31204554562748654,0.0,0.7218837212944764,0.3606391663507032,3.695464077750973,9.232557054711123e-05,0.00960740445068238,0.004754543701450132,0.0006916410334291667,1.6081492116314642e-05,1.2638447405527438,0.4918948878205441,2.0642623531229014,False
56566,443,21.83032898334061,11500,507.2439821096851,240660,10650.382211607292,1436465.5646528339,1198.5182749203216,996.9731364029759,105.0,66,2.232395460006423,0.7766724438051236,1.2035523069632563,20.210885147443616,4.434834869882744,1.4614730690625217,0.4103583278633358,0.0,0.7001138982921351,0.32217335809759573,3.1544415783367987,8.127226596244149e-05,0.008961930749267301,0.004566481905419031,0.000894920511406857,0.000232841728559257,1.2176381116150283,0.48548487987044964,1.9739709473711153,False
18334,27653,0.4889838329143509,1162,6402.6196658737235,2141,8551.54591470823,98130.57489468278,218.9647907579277,167.38011596048239,88.34473412909502,66,0.6254468695521539,0.6758310072420134,0.8915359998221694,0.05984011203569123,0.16724584654030059,0.19390778257398553,0.12675942755877218,0.0,1.2784464901147552,0.7775490353583784,1.589776416167953,0.0005073735663532832,0.014998563619595544,0.02359026113659811,0.03532414714784042,1.976638300105678e-05,-1.0385139642701593,1.2528878092870954,0.6994813369814944,False
63915,443,1.7847952959635223,11527,6460.753508383251,426124,238653.967713715,480904.14591840835,693.4641274567275,940.8811993436844,1514.0,1514,-2.4788194584751873,-0.8262731528250623,0.7378311872209545,0.31131137149264054,0.5532862312917001,1.0114870832167489,1.0286553577386168,0.21025139481627877,0.07599335471144864,1.4473085183077203,0.5470840065430063,0.002691580076512524,0.051346999382015736,0.00989611616489191,0.00029845466794451814,2.087888995376512e-05,0.5830852836828163,0.1998793227804772,5.393591139290503,False
62023,443,1.2270608906978473,2406,1959.4591662307091,10997,8936.375755867748,322642.3754376369,565.7161198814038,441.6692006303964,117.66219995039995,55,1.7397755178417529,0.6937759488449793,1.3139590891426125,0.10136575310753936,0.31496910826874963,0.8246595925829645,0.8202305397064724,0.9376607719102932,-0.02990340512138623,-0.4381028334174095,0.395311247051688,0.006682374396587951,0.08088371895009738,0.08207729973401842,0.07988294086300422,6.122407363983155e-05,0.07034292119056068,1.0193256262244215,0.9814586530056287,False
49907,443,13.190279257276694,4615,7645.5012381617325,109211,135437.48493189987,3371968.032675543,1833.8440718406414,1094.824468809839,156.151619201585,66,1.5414525612888559,0.5594008684784509,1.6830518008865436,45.77605502965947,2.332657728351047,0.6871095086644423,0.1332512318178352,0.0,0.8741656561318042,1.4116697765618023,1.012774586102117,0.00010107756023477831,0.010052233806974118,0.007386617470269005,0.00016738956098130453,7.223172305367665e-06,2.148548135895931,0.7324824123050089,1.3971008716033362,False
51648,443,10.474860556537918,2590,1267.2175592343635,18942,26481.125203547013,527252.8401694697,724.6845016344382,610.9101962315428,518.1211634385869,800,0.32865529190358966,-0.30882601720507297,1.3524384821648112,20.441101665559604,3.211510632847345,1.900519253230118,0.9902464775647645,0.04766178295312527,0.5529415923734712,0.3306552849257448,1.2278919015402203,0.0001356968442505351,0.011590993166637264,0.015620045323545885,0.015595405009050625,0.012773763520501484,-0.06983754340716852,0.3663838574461944,0.7565889288999972,False
49459,443,0.5502081577541678,2827,8488.41400647673,50369,150123.0800377934,3220720.5525931194,1793.5125469601405,1052.7180866552887,104.01135364476742,66,1.589499101960656,0.5510694887119573,1.703486602020289,0.19268510822328705,0.13116202806304683,0.14646997339288545,0.11085268954024541,0.0,0.8925784119221559,1.5425107696288998,0.6730967821427283,0.00010193317159210542,0.010094635548782075,0.007709643284022955,0.000104400817867423,6.0908291581393525e-06,2.258117256986911,0.7626288686524401,1.3130251606976793,False
30125,26334,0.15336752871309073,441,6247.946873196011,7368,30353.365261181454,216717.72888358746,329.0365983726289,421.3495504876595,477.75257280603375,744,-0.13139417964107108,-0.03151365469682632,0.52215380519399,0.0027286874132248806,0.04002128384982015,0.04914301720746752,0.04408266236862986,0.04402504338764423,0.8325831716620787,0.284287622683308,1.510130301745967,5.116015924077324e-05,0.004925224459227436,0.008063835597604839,0.00940256472146106,0.0004163615456950073,-0.38440040838265366,1.2605540425116921,0.6844417507678363,False
63918,443,1.6617174321071309,13065,7867.440648035589,1164974,702849.3517583478,351133.0932809743,592.0161211895223,1183.3125902328998,1514.0,1514,-1.6661709932585766,-0.5553903310861922,0.5037570361361068,0.12159517511747622,0.3469125921254485,0.5439833693331539,0.5817446712386901,0.28631272963016374,-0.3652421885734284,0.7249303685529073,0.6413610512398803,0.0015184836437261108,0.03893980961647815,0.007058521964288331,0.0008488159484666935,2.8662180345908977e-05,0.476192192861169,0.17993176742367561,5.5667304898387515,False
5256,43382,0.14830022135512694,475,8843.358345176084,777,11081.97683000571,26688.557984042385,73.35055111172372,105.70372744050317,83.34167770215511,66,0.33484131818033347,0.8110521403998165,0.4137944376673681,0.016153595201952,0.05120772109265677,0.05502564319223483,0.0341854536573481,0.0,1.323486221845783,0.545006511119875,2.018799805769397,0.00013651854916559738,0.004075057511884193,0.006399938574651487,0.009557115437763912,1.847527166507229e-05,-0.27942765566935784,1.0680432330499412,0.7364072010001985,False
46024,443,1.0630656406783272,1732,1686.607616194695,5843,9474.160951485137,517609.5614892078,719.305596936754,365.2700592245957,167.1900984750873,236,0.8161918593962977,0.1705647291438686,2.183993105618561,0.18705249650985994,0.41445791282852434,0.5124437937351171,0.31026590968067747,0.011040180569747678,1.3450488188969378,1.0994577624116955,0.8035250107885239,0.001724977192102041,0.04009853440485636,0.04604713602500377,0.048513141389202645,0.00011524988850087045,-0.2414872940648599,1.1822746047597246,0.8506907398302096,False
41100,443,0.5693866270728075,2442,4600.707998294625,11284,18213.493708614093,976055.893122834,985.0827281453178,558.7269338315538,75.40315879153574,66,1.4578470294271257,0.4954059387376776,1.7945953170146474,0.029318122645002526,0.16822543659562558,0.2638157994353179,0.2612902069336065,0.0,0.00821441436617315,1.6120411311972132,0.6346420051988256,0.0006701471197112453,0.0246865743704986,0.0505709459761096,0.06140180727435711,0.0006290390785778442,-1.4039276173054607,1.8653296394873085,0.5582379252128875,False
63918,443,2.025718708880928,28813,13855.70756553343,1357100,673511.3115862781,436730.7314937439,659.4568746789055,1040.5360945504044,1514.0,1514,-2.1340274097486724,-0.7113424699162242,0.641724148716644,0.44150510390485825,0.640617808280243,1.1140994291046062,1.265193332576052,0.09046286264088418,-0.6730395843981803,1.47114139183694,0.5860170596194706,0.000407726359306316,0.014508103391850269,0.003464147212577005,0.0005275017047885566,2.676186536220373e-05,0.7958553662187796,0.3159138503240047,3.4655680075837783,False
17322,28869,0.4626344360278406,1109,6591.393032056074,2035,8747.256322308738,92605.05504553088,207.70258951729573,162.60989636523473,87.95778414099402,66,0.6029706460101003,0.6862893773664572,0.8545861683560027,0.05646127803374716,0.1582711423935614,0.18316626027337074,0.11959950469507422,0.0,1.2819299854364445,0.7595635642166704,1.6229582516970131,0.000478690630915007,0.014153709954615915,0.02226071484665829,0.033331254851058846,1.9666524939611363e-05,-0.9798041650963836,1.238591427141502,0.7023372837115208,False
63918,443,1.674209861188179,13941,8241.582046075364,1217543,728065.6057341946,347893.3842653028,589.5239581660543,1191.203502529352,1514.0,1514,-1.638397074130249,-0.5461323580434163,0.49623312487083815,0.13102214221851277,0.3536170368362483,0.5528693606155849,0.6095674228026291,0.28190182375070194,-0.46899527783311057,0.7221630844301625,0.6438644132206666,0.001433591073938925,0.037359069621845195,0.006651253672075117,0.0008635508742511702,2.8886517645423627e-05,0.4788338411654642,0.18315512013558063,5.544557319107488,False
53702,443,22.783353265385518,13498,567.0890916883459,279720,11792.803335086955,1432607.572161885,1196.9048308464867,984.1781797248308,105.0,66,2.2032306129244073,0.7669948503521644,1.2180589599675868,22.862889103924225,4.704039491511894,1.6359594813595915,0.4786580403683357,0.0,0.7241308961013748,0.3383751700357866,3.020388400861967,8.813930232601903e-05,0.009319101583029963,0.004823049547279301,0.0008757663069800133,0.0003821229090922774,1.2558542644089055,0.4790436414538592,1.9468378209539683,False
56308,443,88.72940786875884,16327,239.45405521108822,475078,6206.730665352554,3567490.791129031,1844.4085260526358,1310.199510157734,439.28674362008917,66,1.5217215915129538,0.688819873836608,1.3891353602754395,298.6681933284348,15.645840256193766,3.991398541304523,0.3247698304760347,0.0,0.6943258633949722,0.26501985294511604,3.7957246083806764,8.564307776471956e-05,0.009240439808707672,0.004398409145980871,0.0007965710392718894,1.6142863741154418e-05,1.169111969813997,0.4749425749188183,2.0992419737467163,False
46303,443,1.0510887452330906,1715,1696.0441402881938,5994,10129.344094884094,516734.88518185465,718.6827281935491,372.18289293857555,179.1361506288747,256,0.7948896419618735,0.15148144386456042,2.1629312466747184,0.1842018332706647,0.4091328604860467,0.5059660166948293,0.3068647187865438,0.012343535096138475,1.3279456680530775,1.0835198184808024,0.8027523630230617,0.0016995726188743362,0.03963235503183804,0.04559240212684547,0.048064547012621625,0.00012708494365439038,-0.250586225683199,1.1881497595494435,0.8469083180118845,False
42652,443,5.58914749886312,2469,1295.972601897917,8597,3287.8684544228136,540550.5315486765,734.9666944009709,330.04568870854064,72.93147099410304,66,1.0470211493801729,0.35799696721873336,2.253575938732168,9.440592206688422,1.7970203447171669,1.2799558795533414,0.691086282518752,0.0,1.3485171799703333,1.0887736312995835,1.0125379503821834,0.001542807825707986,0.03705347973138151,0.04188790666305298,0.04309313739656963,0.005609591475595224,0.02953674368827025,0.6872593588122493,0.8882568390128505,False
42070,2777,1.1917992925696264,24971,13701.30691113678,4868,4024.9984009962914,521849.73537472996,722.2970549204507,333.1914051770327,119.25376288999473,119,0.8788115445569344,0.2929371815189782,2.2992478143525865,0.21387497037161451,0.46226031258257244,0.5809986521304702,0.36302007602957165,0.03144255890810432,1.4246229297183506,1.1948901455314644,0.8011394459172978,0.0018700271351767912,0.04263858833158492,0.04808924204747949,0.05038972270004677,1.5073554921118777e-05,-0.145443023180995,1.095172275021384,1.1560470194250598,False
34698,443,0.45139427881515437,2364,5311.159348615613,6316,14192.936014834127,860295.5498565589,927.2487127029169,481.68054435196325,73.90276420248146,66,1.3184497728236224,0.44798320853295703,1.9269744269183158,0.02327016163036575,0.148594535505159,0.26171142378527645,0.26534814921847444,0.0,-0.11474113953960366,1.775167992401167,0.5642482412300439,0.0009373800014278494,0.03058019772184784,0.06769635426583001,0.0797400370874746,1.203646342406945e-05,-1.1870590644006358,2.2192265642014264,0.453115601755567,False
61869,1910,0.2929081749918868,674,2511.3567825208274,14954,49967.33680118844,448073.60104062594,659.810823047139,783.20401894158,901.5325479813088,1470,-0.5156123071669851,-0.9858461840547886,0.8261195154565468,0.00556979540582309,0.07373995945255246,0.09752725424423608,0.09111221524939112,0.0911084772232622,0.28984604070537023,0.09700478491051945,0.7972246884340737,0.00010587126210400311,0.010134849637901257,0.016610858692432014,0.019381317560922384,0.0008423970027014932,-0.7955048571643829,1.5392086008543884,0.6143292136165879,False
41847,443,1.3549529912615543,3078,10154.55147056861,31996,62102.18949294646,1482633.9483889001,1217.6207150716887,562.0139483213426,79.16531762266555,66,1.1905573301919823,0.4076869946763849,2.1936989107810985,1.4606418307221058,0.30610288965780147,0.24281864895978403,0.20015134926617473,0.0,-1.3207999501620342,2.461458344916094,0.4811792259226252,0.00017402692345586476,0.013182122401564404,0.01170263840013859,0.006802128392598184,4.7771472743020925e-05,1.1176822530089183,0.8806347968273562,1.141987159497687,False
41853,443,3.0953174796507312,4358,9513.170013730702,60033,58970.488061556025,1478109.8293546045,1215.7428049828463,587.3872808399508,80.93913593015208,66,1.2518532393720476,0.4296247630243408,2.130807033648887,3.678911569134055,0.684075727767679,0.38773780832774807,0.23855789901743707,0.0,-1.173613169943578,2.320261237750874,0.6176727716929951,0.00017006873293623397,0.013017731970406132,0.0113027243983331,0.0063898141815690946,0.00011287717432521154,1.1379593876039802,0.8512427469880266,1.1895875441479626,False
63841,443,0.9935533472867013,5890,4334.529111940406,201217,136261.68989460936,472834.0107709678,687.5786949953384,857.4790517782131,1204.239448966342,1514,-1.500630595376779,-0.9559488486650373,0.8045848954379378,0.11711158188910327,0.27210465487727953,0.4768789215959873,0.38129104896803157,0.13876955532331026,0.6982910220165062,0.7262239121178778,0.6567261895516346,0.0010130497194754252,0.026756175001569047,0.014246784809311134,0.01068615782681838,0.0004689074371779234,-0.09478949862807184,0.936677034146049,2.2476066155088894,False
39187,443,20.8138197343379,4530,226.88048527581418,22454,1097.722812477884,593994.2699411649,770.7004609070033,410.3265084227689,96.78190867969832,66,1.2203971990346547,0.4467223117080039,1.8791260494912945,41.19792924867192,6.3990613028203684,3.7320777551280258,1.9023153730025564,0.0,0.861956577006747,0.5874774004128521,1.7092088572311672,0.00017553162250008038,0.012988338800858482,0.014322605937003054,0.011368593114418707,0.024859972163701012,0.6969000983356559,-0.8447947873401973,0.9072738133779252,False
43327,443,2.6248417234011705,2068,1504.1291971131118,5899,3714.29874304293,530144.8177225364,728.0091843282073,314.4146856986236,68.28769350679737,66,1.0132641254279569,0.34072178079556936,2.3264828592970295,3.2573091677608046,0.9009842015395764,0.8025177498203668,0.45525503881140944,0.0,1.4432525137213281,1.1863780519039464,0.8768932835658567,0.0018090220786741017,0.041739060816104984,0.047254983134767066,0.04927003555141819,0.0018614638462444149,-0.10040162318857929,0.9855565492882515,0.8845541565465014,False
35600,22183,0.6934047200333397,1463,5451.714128309811,6581,10596.012741691153,167289.9035687835,313.0439063706096,289.37325287482764,104.48495280265482,59,1.1077699003567791,0.7889962016467037,0.7738976658820821,0.04988882494077766,0.169961606151336,0.473208510411764,0.4818703953265073,0.5729849652388268,0.49433062900961233,-0.1333957895976039,1.1663481127993247,0.003972435152920707,0.04692984320479273,0.04733238608796471,0.04585331822147098,4.45850056512634e-05,0.052393665048054795,1.0042266992522777,0.8838440977824784,False
61972,1938,1.196359667301621,2393,2233.6890940572885,11312,9532.783742748334,292482.16987221554,533.0459923116316,444.17463190116814,121.7260552281926,54,1.767788967423014,0.735114543972379,1.1759270375976412,0.08725652233768405,0.29107993535887244,0.8252373978098062,0.8432422403727746,1.0027832145019182,-0.14005862528127322,-0.5780580869674012,0.4084583611502115,0.006952172012217085,0.08209159537005858,0.08278258536437771,0.0801940629430069,6.452652170971675e-05,0.09169435682230531,1.0073971627879719,0.9842410756981725,False
63915,443,1.0858635967105452,7579,8980.87336107354,292293,325067.02830647863,475136.6862626025,689.3015655379894,948.3499146375734,1499.6929353251044,1499,-2.3995878310689003,-0.7998626103563001,0.7274417562282768,0.21489308608398597,0.36794393947819914,0.6999938370408086,0.8642341568591378,0.20321641305243252,-0.9391685463921604,0.9248044728200864,0.4694454738663603,0.00190275782355126,0.03447779739681862,0.006716976764227579,0.0024691969284282916,0.00235672817218959,0.2254215226309332,0.07256050459873896,4.3852533647248535,False
56412,443,1.207949282423162,2242,1851.658412626288,9033,7404.852579793484,384482.70546454244,614.2608454672059,400.43087279626025,101.87572237370996,58,1.51269297130499,0.5832922546478716,1.6343322125631023,0.13492771371321285,0.35915320906160114,0.7460223216813157,0.6732035962295906,0.6511386964950926,0.43451156121457535,0.07298457542177794,0.5220494905546695,0.0052332932320494725,0.06962758700196563,0.07224453984971622,0.07145836247411748,4.709933054489839e-05,-0.0013920149331035636,1.0539110718794722,0.9512900501326147,False
63914,443,0.7540565804630157,5876,10238.052428441022,220102,360179.38956529705,475018.92211207876,689.2161416126958,936.3862339511396,1493.1275393304616,1493,-2.4233804149425344,-0.8077934716475115,0.7365528086915606,0.12719578866103226,0.2443931917657488,0.4860452652881979,0.5855491821067305,0.1866648309034044,-0.7104979618996162,0.6816179605568152,0.43414854662070185,0.0011243404130975073,0.022769476305125595,0.00596525359168717,0.0034669182730808694,0.0034299515707805627,0.14390556362839702,0.04208574705600661,3.1026301991236105,False
52164,443,11.241671404740284,5692,5036.012331834874,106209,34058.99725092425,1461886.9031851713,1209.0520387612178,801.9207094608453,92.72739125127012,66,1.7638544911987717,0.6101409675802297,1.6607950101208662,8.905113586510906,2.230026013100725,0.7247459411945425,0.24872768490307828,0.0,-0.2816309052831901,1.323774089438157,2.0057678156856125,0.00011912396907027889,0.010643666994729961,0.00772441922006133,0.0037184275483218053,9.909130417090042e-06,1.135590413343399,0.6790241682999815,1.6032824349279862,False
53717,443,12.901848375366777,6212,4202.180827520588,120151,29528.442378555177,1458316.8364701215,1207.5766448192844,840.5389428986118,94.94406816226972,66,1.8562046611423804,0.6427823250964254,1.5743667763146487,10.244954148112269,2.556977399728995,0.8116124067272222,0.25983676649041487,0.0,-0.11066759319174824,1.1385751333818743,2.248736155531857,0.00011046892311707096,0.010245339153801545,0.007086098188993514,0.00321351780748301,1.0648022720756571e-05,1.140290858463004,0.6457726608755265,1.6774205419131267,False
41028,443,12.727231863462196,3435,794.7289886400331,15094,2261.0191324036077,565607.6170152687,751.7204632860972,367.6853340891533,84.1137436696161,66,1.1283084736715265,0.3995958262579985,2.078015187185205,24.33001297677807,3.9546862767126214,2.4296327034225924,1.2589707859752157,0.0,1.1203933439542362,0.8537409992415157,1.3391719580334298,0.0009017606663828917,0.02577054348479487,0.02896392123500462,0.02821909150500692,0.01463512839862789,0.34242991167484105,-0.03104390428778081,0.897172943430588,False
43227,443,1.0937011254082392,2361,2161.9414074535816,5208,4695.827809857445,229633.0709528759,478.6284902717889,292.02307331618545,99.56989172723428,64,1.1962325323333016,0.47048751788911053,1.6673807986638756,0.13093017236763202,0.36127380654449187,0.4753978548099956,0.3445400428274178,0.10225609066864172,1.0633884864013532,1.0028442343933524,0.7986301678420435,0.0017443153395840932,0.038916713774615495,0.0564995596441938,0.08018077225130525,2.6349047538396486e-05,-2.1099300260053733,1.5168187716601564,0.6707933973255114,False
49849,443,1.2358591976193196,3026,8210.163940512164,54957,145255.7149148203,3159386.876647685,1773.0761754764105,1051.4425854211934,104.04544638034146,66,1.613143272768661,0.5593384694082124,1.685513385834989,0.7489314204264841,0.2659619202870383,0.1829960871166098,0.11772817152346181,0.0,0.8847272875000358,1.4996092916335135,0.7654408902827917,0.00010087354709231395,0.010037519048179113,0.007588283462599851,0.00013262960292272712,6.363571042731663e-06,2.2203051693014837,0.7533973871481714,1.3371890433080866,False
47369,443,0.860036653300376,1884,2210.1172426677563,7566,17371.355180701757,289226.976304675,529.5453384849827,423.2349284588273,330.19944736155117,472,0.6598569441035607,0.02464152328945768,1.4725660862820031,0.0989831153511331,0.28588683543246296,0.34040509431401567,0.23269354993322372,0.02639312010391493,0.9354958783461425,0.872445680824371,0.8213860220350891,0.0008568078691963804,0.027308085246243077,0.0431571877743238,0.06306568567963355,0.00025969485839502686,-1.9214293982059591,1.567972239690524,0.6284396819577219,False
60636,3590,0.3808857499518239,31894,18560.751045930432,15275,48940.079667452985,460830.59253150737,678.8347411227893,815.9433858273068,956.10845884706,1514,-0.6214321650914214,-1.0279481796293526,0.8345127444666217,0.019536651401478478,0.09843350259556083,0.14203785634397803,0.13837925687968677,0.13167500938328658,0.23031103336200642,0.08935707377792794,0.7451022967508316,0.00010538130515426634,0.010214585147379919,0.01630957003563759,0.01899106445662034,0.0008258001729491514,-0.7621112805105996,1.4846145138921156,0.9921583984885984,False
41918,443,23.795400382604512,19576,1884.5098005759173,393509,21721.69351905062,1424299.4696871112,1193.4067398754103,889.1804340348526,102.03712216505474,66,1.9809133932100884,0.6905549454878981,1.38276426488145,30.063251052377332,5.1797254242176995,2.111421917694849,0.6953695434583055,0.0,0.5770422663557921,0.6408476186632224,2.2411417243259533,0.0001229895880509696,0.011062454454615074,0.00654610413478833,0.0014857044923006092,0.000887251409835898,1.379137813130593,0.5016505366085777,1.7557516523257801,False
54688,443,1.202079950117269,2192,1818.551913338727,8430,6934.509198673497,403474.38013771776,629.1693305128549,387.76624267622503,97.02756509121437,59,1.4429540509935033,0.5493618022073826,1.7327214373842468,0.14523486823421167,0.37272251031887993,0.7218721681245559,0.6280504109621541,0.5631454073163158,0.57713722233522,0.229943728033139,0.5609718489607627,0.004788268471671136,0.06617073617428983,0.06922481830584884,0.0688711050653878,4.2761505607928646e-05,-0.023422404631362068,1.0645325470886395,0.9420250237192818,False
41896,443,16.63941293998458,14315,4521.72613179941,278227,34598.545619042125,1442901.629875006,1201.1282838989632,784.8509960970352,94.74358014064148,66,1.7288783974934714,0.6003517749081657,1.6413615219522701,20.942224682141465,3.6255861038566266,1.5155469205027168,0.537450446873675,0.0,-0.02815667788249332,1.2214183741282283,1.679910955686518,0.00013926477743971176,0.011738390943151617,0.008190460586635237,0.0031810478161975555,0.0006195514044213229,1.2957627951371617,0.6225040365313296,1.5600295739371737,False
47152,443,24.963447822184257,18068,703.9880145190604,369070,14406.153403697866,1423782.2058116794,1193.2139903198224,954.9090247473237,105.0,66,2.1365144488441574,0.7448568322479066,1.2512437128096126,28.929491497020088,5.319859614184404,2.0351065806002993,0.6348973243701813,0.0,0.7790710767253388,0.37543769056352944,2.713734511721411,0.00010384801917576349,0.010136149170592431,0.005409961895693011,0.0008319500290556227,0.0007236116783125277,1.3432757795343666,0.46430896042252107,1.884769327710512,False
63918,443,1.7488049870845348,17097,9432.97851495735,1247159,716488.4165201475,366745.91996760835,604.364707540691,1159.2297575142873,1514.0,1514,-1.7435768086552412,-0.5811922695517471,0.5271083683015639,0.19691099755654604,0.41452264083097123,0.6719702819453168,0.7487004705238345,0.24127578119391038,-0.5122963521490557,0.8811068251108622,0.6315883904321192,0.0012158881397370017,0.03250977290010295,0.005974904814423719,0.0007922365097110753,2.8435636520828715e-05,0.5461102716975271,0.21132839161152955,5.103366519933508,False
43197,443,0.6101890110851861,2465,4357.364107916042,12876,19466.924366451563,1011987.8873499857,1002.8951454274686,582.8329427880195,75.85479361975993,66,1.5014403498364735,0.5102114057940126,1.7537108551774767,0.032009035505028975,0.17577556865013053,0.26570341347258686,0.2602760609268291,0.0,0.0541450729379806,1.5573941176496506,0.6582731777855446,0.0005881041933736963,0.022842927285269127,0.04498830668254833,0.05539066061940029,0.0008276454942894285,-1.4696811368397285,1.7471170830945184,0.5937750565011735,False
22873,41487,1.6685973207006513,408245,214400.73693585713,12331,7647.612096996052,390402.998725463,622.4765758126883,824.8677079493696,1022.4870508157605,998,-0.7852864930145478,-0.217376186727961,0.8432758250505057,0.21542515857644834,0.4505964766760241,0.9082499441433858,0.9476613624746889,0.9184030601534791,-0.2507437503018479,-0.11337873521654604,0.4913518322082614,0.002555687049202201,0.03363858141755911,0.030623597756988127,0.02924499951283292,3.431425917327659e-05,0.2606696535393916,0.43190913320244384,5.726875562825118,False
56003,443,12.05998509604037,6153,3817.5304139345917,127378,68416.37562787617,2191134.2355127605,1450.454542917812,1031.3067070534523,104.58365611185087,66,1.9864052773591503,0.68987788801025,1.4017766983977689,9.530191513029804,2.393999244948624,0.7596206826300856,0.22626892807696536,0.0,0.7607844153271749,0.8223391176661138,2.2232440501555417,8.414563693986956e-05,0.009135841434556176,0.005672419692668249,0.000578267260612522,1.0669248894806977e-05,1.6233793662432807,0.6076633151181754,1.718655550849816,False
63903,443,1.6530795547037715,10845,6285.429583355268,378238,217352.67261502997,483177.51264726906,695.0953221217555,907.5242933979724,1468.369768101554,1514,-2.4170746330844075,-0.8728255297078795,0.7666651778571244,0.223216504605519,0.45915923407748316,0.8355229267146312,0.6550562751875411,0.1814812727900097,1.118496932750159,1.3364134773459893,0.563688021766894,0.0018742002462258627,0.042293295669646847,0.011505140954041546,0.0018308176554709017,8.868576823541218e-05,0.5963303892226477,0.3466816952235579,3.8076695515209757,False
63917,443,1.817703458534539,11875,6487.791542754436,474128,258931.7700337189,475219.0196935747,689.3608687516944,974.7302477323232,1514.0,1514,-2.3468184546236084,-0.7822728182078695,0.7072366945072566,0.4097595990935395,0.6399042185801851,1.1700409073085918,1.4722703029107516,0.23371666442835357,-1.4197787438883442,1.462043989297856,0.5468474267290074,0.0035079221593733384,0.0586176957867291,0.008200607082791207,0.0002978677815413894,1.8204841538670668e-05,0.4160264588272489,0.14471957327377605,7.066092837296228,False
43939,443,1.1654685413664405,1879,1612.0419536779,4667,4000.6262828703266,521939.6378680195,722.1646852508832,308.767486797786,66.78598756466263,65,1.00794032467887,0.33771223141172774,2.3464485086879967,0.20952828826213674,0.45736437567971244,0.5712296252966269,0.3463962744996021,0.014265550195327048,1.4667999821694937,1.2090151784038596,0.8037596651696043,0.002012316701127736,0.04460777602026819,0.05038855993874066,0.0527324484690472,1.5703252031540252e-05,-0.16084239725525754,1.130786619980235,0.8842321349497718,False
63915,443,1.8831483750160452,18476,9413.371918716584,710152,358914.7155466082,480020.889258046,692.8140059121761,937.4010300816441,1514.0,1514,-2.4958184498040428,-0.831939483268014,0.7401267306067739,0.335506774984807,0.5675547140778574,1.023609057031826,0.9431995400767985,0.1384397253567143,0.6063399068724101,1.5317407934822782,0.552945197973366,0.0014243936598145775,0.03330736668261505,0.008402432029853534,0.000332994858313907,2.3905514857940765e-05,0.7742245900687748,0.2806033162011949,3.6675546505336745,False
52115,443,62.36200684017163,11697,4070.5523578437287,339891,73128.25705873551,3871854.5156766977,1961.9499940666317,1254.0948939570887,355.42919581539246,66,1.3879486244930823,0.6017584978734928,1.582096731631259,220.66339898581163,10.91637154560525,2.7994380110303028,0.22758791940027112,0.0,0.7938176125889206,0.8571177653573537,2.4282336969762626,9.645977514252342e-05,0.00981752987753783,0.005997864575770704,0.0004439987344900223,1.1897060029785325e-05,1.6817548356433063,0.6055419652073145,1.7491132086184351,False
48021,443,0.837840065684767,1836,2213.1636548594324,7877,18713.08758021159,296089.6424854276,535.5099397089375,438.39892565792286,353.907921517652,514,0.6122430308345992,-0.01777941311033776,1.4476110546050367,0.0952789644247831,0.2775395962840772,0.3308720502517202,0.22718137253857032,0.029076405218705054,0.9085511059957121,0.8411934346131322,0.8187242215119118,0.000827106808055698,0.026638299291157054,0.0421230142927766,0.06135410523212324,0.00028386036337823325,-1.8776824240923957,1.567494827665124,0.6277117456137262,False
59602,443,38.23709457814765,10593,372.5740112011804,259437,8253.814127621272,1996175.7065710723,1368.6416003882962,1092.4942460490379,192.143930777148,66,2.0787418189971576,0.7642591845726614,1.2362087594622961,89.92658085565506,7.065621756134078,1.931879203923629,0.31402255065643403,0.0,0.6725751301537839,0.28971451353634403,3.4669036211176634,7.496910057464648e-05,0.008647428217222291,0.004244596603863385,0.0008900417184881299,1.4558614940879154e-05,1.1635688972627125,0.489717737475366,2.03603457610026,False
40799,443,0.9369253792731278,2028,2788.953204687146,5127,7201.563890463763,632021.5251304499,789.2624262076483,362.5544001755165,68.52215061956896,66,1.099340957569836,0.36915972736613,2.2234344720699535,0.1512221051048169,0.3603189129953306,0.4697818381594304,0.3155459110635588,0.0,0.977797520310326,1.4070268672056576,0.7316163599999679,0.0016201309206788968,0.039749335435428704,0.05557898828487845,0.061066281359627814,1.4054193517661639e-05,-0.4907890161905949,1.4793323473466868,0.7456195207980173,False
10765,41247,0.2197602705129844,587,8482.20364664481,2126,11597.280383362704,49393.41526589508,105.86279113389541,143.59316988299483,88.24860298281298,64,0.486214491882442,0.8397378202091844,0.3952971938289483,0.014698789412684701,0.05590163979469001,0.14169466510114237,0.14155806805200288,0.16823389104680317,1.091749842722921,0.28535310670827485,1.880070636390458,0.0011663471879799336,0.013817197949103447,0.013948103434299574,0.013513834897779041,2.5805613088554785e-05,0.01538328345764397,1.0012409995106921,0.789297913086096,False
63908,443,1.1504867382735102,2304,2021.819993766742,11995,13167.830888362078,316006.05519608036,560.9158857848672,486.7293419962309,194.61454366695068,184,1.6067681242311695,0.5730885789626399,1.1734557505084782,0.0825108235054658,0.2800536252321063,0.7843717023364318,0.8008230052667366,0.9507588425164616,-0.14737075354538215,-0.5488603505463655,0.38825840782320475,0.006543206896537138,0.07807677319436476,0.07932033083927834,0.07714213629058086,0.0001374363980359383,0.013113684729305408,1.0564721175216119,0.9576742376885725,False
63914,443,1.7472153506398531,11958,6856.579661543731,551015,320025.22050864616,459797.35555116227,676.7655679812804,966.4062774958003,1514.0,1514,-2.404415919256911,-0.8014719730856368,0.711906156633541,0.21898983896670546,0.46428924288371404,0.8310055608832001,0.6796709047200667,0.20718604653505313,0.8984209561748028,1.3070147072935434,0.5652440623674565,0.0019281007056852104,0.04384205529606291,0.010284382359768241,0.00040401713048310035,2.4064776542460985e-05,0.670681395260022,0.2325658926191168,4.357291367485327,False
42873,443,26.387685871411897,21054,793.4229677809438,427442,16113.433756313749,1418016.6657275863,1190.8027942112344,935.7877237662697,105.0,66,2.0929293212700886,0.730394245008171,1.2729230420407396,32.89275351739319,5.7221698935505065,2.295866135365766,0.7369671783430586,0.0,0.8149630500491878,0.39965033389648785,2.513400019120807,0.0001141103961777968,0.010669919716740146,0.005793386961163472,0.0008033252109252175,0.0009467035148526694,1.4003875446064473,0.45468291310149106,1.8442204857073619,False
50074,443,7.907421981076865,7823,2546.440920184035,135609,22971.268197254103,1246864.4236330641,1115.6891095001881,761.5778243164515,85.40557327351428,66,1.811301992926988,0.6207622426358269,1.4822223546399758,9.294549818601602,1.7474522519911933,0.8448482005908649,0.3937135103029923,0.0,0.42332425123829714,1.052942821531928,1.2364148556073047,0.0001759109822680082,0.013181273674532878,0.015017379401822,0.019695824577695475,0.001558432619000979,-0.9056730469613348,0.9845569072462801,1.0567893526352554,False
16105,30334,0.4309212094848681,1045,6818.594153691052,1908,8982.80662806279,85954.72967001706,194.14779200693772,156.86862436058925,87.49206446299526,66,0.5759190375011954,0.6988767114316456,0.8101146238626599,0.05239462980584757,0.14746949759737998,0.17023813400152488,0.11098206814483172,0.0,1.2861226004239503,0.7379168706222874,1.6628947660611604,0.00044416883774496345,0.013136873182656394,0.020660518725516094,0.030932678323641834,1.9546339216256842e-05,-0.9091430729465457,1.2213847939999205,0.7057746028286941,False
24012,20823,0.6369203495141953,1460,5342.76716374147,2733,7452.745965416891,129153.15056909276,282.1954911781902,194.16212062558856,90.51723293749541,66,0.7516377737103093,0.6171133503565085,1.0989877824796488,0.07881029699171269,0.21763358310600864,0.25421517400980354,0.16695822421970535,0.0,1.2588886928072043,0.8785269803781927,1.4034797360693205,0.0006684115427772954,0.019741924872683066,0.031054889174921024,0.046513076655956186,2.0327027854837523e-05,-1.368135291750761,1.3331536682632479,0.6834468595073204,False
63911,443,1.1708105413086285,2342,2015.4781344612918,11914,12258.894735550522,312512.5164561737,558.0732784101994,479.1133395465123,177.08629938337333,152,1.658115851786922,0.6117712975126515,1.1813313904408653,0.08434817345406816,0.2849428510530815,0.8007404196092908,0.8177409330893728,0.9712652096282348,-0.157054092232284,-0.5640485311649728,0.37949594122600405,0.006697193515454018,0.07969534020441453,0.08080886902220365,0.078510178694706,0.00011995175635008139,0.033057705778961055,1.044517960054908,0.9659923852944753,False
50667,443,0.7555938380682101,2546,3490.1751645655886,18549,23933.694442503584,1140036.4200575096,1066.3721092312212,668.7379737416705,77.46425555800164,66,1.656791057035683,0.5629726948176182,1.6080135327385645,0.04159846828718792,0.20268148779326736,0.2724301819971061,0.25666201414450734,0.0,0.217825201550659,1.3626520764098133,0.7424860649623186,0.00029573310285915225,0.01627284095491598,0.025093814724856722,0.03396912458688776,0.0015354063816312184,-1.7040027178655959,1.3258506123829055,0.7204164415947154,False
42779,443,26.41891524383703,21119,795.3840145769864,428722,16150.86941813648,1417890.2443062402,1190.7499237368738,935.3684495937293,105.0,66,2.0919736269730955,0.7300771227943771,1.273398406286803,32.979656255120034,5.730991380626769,2.301583829295933,0.7392052715359952,0.0,0.815750055987283,0.40018124630712865,2.509007269971592,0.0001143354200728805,0.010681623742751986,0.005801794350766075,0.0008026975524333799,0.0009515952659557219,1.4016398384784303,0.45447184205411006,1.843331368267331,False
54388,443,112.99624999755177,18990,389.2737089277181,577433,8965.76470457397,4386609.131297992,2093.8661730326044,1418.1025022130677,560.6338889607888,66,1.2298790173549328,0.6453759709985333,1.4781389539423493,400.7524203466275,19.755390916716483,4.974593537887646,0.32473046477165834,0.0,0.7110797757473822,0.2860717037479987,3.8857928335452656,9.170464318553488e-05,0.00957584514492324,0.004567805979049696,0.0007288350996022889,1.6709963280530227e-05,1.2010776938979477,0.47482592611726,2.111595454880217,False
52569,443,72.48109432026702,13155,3334.8608896962687,387363,60305.593331844626,3974726.5378784467,1988.3130099183268,1286.87127673396,396.43868093419474,66,1.3563589317706364,0.6104753068685663,1.5613211106073461,256.65359944542394,12.68282058635675,3.2341357113725326,0.24700153859068513,0.0,0.7772827271693613,0.7429960822381152,2.7195221115085197,9.550947761160929e-05,0.009769229976138515,0.005712072053960824,0.0005009223481623898,1.2858902964341454e-05,1.585693084865571,0.5794187933749132,1.8215540970603477,False
45428,443,4.042529850175448,3437,8651.814224297586,45749,53705.15933122358,1477368.0332668554,1215.449892739832,634.457761820513,83.11506006889051,66,1.3633899878505131,0.4685959651799287,2.035579807459179,3.0950692152316748,0.8122438396075342,0.3480608089592141,0.20055459715191784,0.0,-1.0229910772165938,2.126865280315042,0.9521672039564568,0.0001566554504007868,0.012370963880968373,0.010492415368194171,0.0059079029843082725,6.705020022963505e-06,1.115207544297377,0.8232150064375441,1.281792174421549,False
60524,443,20.512992172001983,8739,424.52188644869625,186670,9071.247840779495,1441798.3516782494,1200.748490153598,1014.6592203246123,105.0,66,2.272709151254419,0.7900494902675684,1.1835001966739824,16.54509981384078,4.062721415340295,1.2202857474717923,0.31594968877428253,0.0,0.6669159243180997,0.29977808058087996,3.3397392551027987,7.178016806213278e-05,0.008468224244494433,0.004211836168066292,0.000921396792293683,2.6494841012724476e-05,1.1648130726190715,0.4943884100707256,2.0114762522299983,False
63895,443,1.5821518320486967,9695,5646.456365426454,384299,218858.37653108116,473375.2955044041,688.0138266231685,948.9294601586745,1425.7052849222289,1514,-2.0756301023235846,-0.8217812807334662,0.7281642216765153,0.34579400059955384,0.5527348285606082,1.0059100833810917,1.2643203676917893,0.21742235612877547,-1.1825660993110831,1.2488270427552757,0.5776527471141669,0.003074116437848664,0.052539846295132635,0.009674169031447384,0.003256106918264056,0.00014585435743799896,0.2190577822682645,0.3521083793022207,6.192031316100304,False
56123,443,12.270643544589307,6213,3732.0412601279213,128787,66920.9333026835,2172290.164305621,1444.1757012615972,1030.914823871667,104.59413071535214,66,1.9936696787091723,0.6924184378574387,1.3962546330658552,9.701091837432198,2.435414971767991,0.7708429137668971,0.22838134136506508,0.0,0.7583722470462755,0.8091581286943157,2.251615722365427,8.382007941834312e-05,0.009118293042292482,0.005635133274051871,0.0005869402323115679,1.075304572281708e-05,1.611762034298776,0.6048270478941369,1.7260796277135046,False
16903,39739,1.623785163843119,390739,205206.8492231506,9601,5618.281204282033,471674.3962786149,686.1227482629478,752.428223004463,962.4700395982809,962,-0.9867837889671704,-0.3289279296557235,1.299309213536322,0.2562414498295713,0.5049496880748593,0.7976744242461496,0.7421488651178035,0.5293017901410177,0.390672916443102,0.5683195819761214,0.6597369764326154,0.0007594075736741257,0.02033238374359229,0.01943366393143503,0.019936687347519272,1.6238218286737958e-05,0.15494180865086085,0.5039918425018713,5.4837279001329176,False
62011,2352,1.2537650444343678,21341,11878.147219533275,11693,9370.168375741545,305858.0566556313,552.7064281880529,472.7926626581286,164.84907263988703,97,1.6955056954069456,0.6870033671566406,1.1887741382185675,0.0958522675798151,0.3070345747349016,0.853900812113791,0.873559838098652,1.0291376258475027,-0.18990243331912027,-0.5877660982654783,0.35892000775953703,0.006957552475145871,0.08231451868070029,0.08285340818593696,0.08024301454363818,6.452580549291557e-05,0.10232483553296914,0.9808456684181489,1.2119676420748142,False
50150,443,18.592771662971145,5393,7252.721990287952,134556,128591.57678637125,3426890.506643338,1847.9190556976484,1112.3234932412902,178.04622504935264,66,1.5245871003105873,0.564054696651239,1.67195987831684,64.99090864614817,3.275749439582725,0.9191908133760798,0.14361599350702528,0.0,0.8653378252543746,1.3507412069067308,1.1682909259373826,0.00010057020468478306,0.010026446911562957,0.007234035339546325,0.00019778058103865365,7.736691845507204e-06,2.097261606347168,0.7185354790746353,1.4357764291018769,False
53685,443,97.33806059604899,16735,1527.67639316007,503975,28807.44486223423,4227425.844176592,2053.0722678299217,1367.3846078944423,497.17616250952364,66,1.278760637635052,0.6318876553287592,1.5102869721866985,345.06149203879664,17.02200278240132,4.301946035062405,0.2946899965130239,0.0,0.7366657159955404,0.46266261993627067,3.435055632766907,9.317512545541379e-05,0.009650583999160052,0.005010038882444858,0.0006407519867669508,1.5221615751822517e-05,1.3497228252772797,0.5152486987362674,1.9995010438112548,False
52090,443,61.80773549842465,11617,4110.84973623521,337291,73830.61634188774,3866219.717688624,1960.505964237128,1252.2995730158393,353.1829080561589,66,1.3896789446830289,0.6012810361036488,1.583234712833932,218.69204171296155,10.819614591791883,2.7756275164479645,0.226524541622581,0.0,0.7947233082008184,0.8633687616600685,2.4122784222861555,9.651182753248e-05,0.009820175496642073,0.006013518813846658,0.00044088075297347436,1.1844375242255327e-05,1.6870166021414092,0.6069728576203619,1.7451452709449025,False
46535,443,0.45734460643379077,2377,7516.86595867511,16423,48089.87405849547,1359938.2095766668,1164.3667886952417,608.3926239012752,78.0,66,1.3818468556375978,0.4709542132332256,1.95480501553758,0.020534434112186355,0.12161019796677276,0.20031866692719816,0.20832914789877321,0.0,-0.7165310239168593,2.033043136054903,0.5487295069838316,0.00018566359694994732,0.013620201776459291,0.014664235884868237,0.01527211487345512,0.0007375712411283168,-0.09295850297378361,1.0184491962891695,0.9662989194500416,False
12258,46561,1.7474930230929733,1022944,520269.7425953411,36588,19039.960698681352,503596.9072285822,709.5860002440987,724.9316759306995,1118.1065598443374,1118,-1.683584833409116,-0.5611949444697053,1.2256083209056172,0.2523096096081776,0.5016407285577668,0.9946029887720667,0.7873860163975385,0.3561729469678555,1.2469054560522455,1.2715143629067696,0.5469048119855008,0.0005345546171945652,0.013768574352786079,0.013738970161692472,0.014315096233688212,1.4273407071930706e-05,0.06099630875417272,0.3458697103548411,13.271434200882265,False
59702,443,20.786651854216576,9312,441.70633177495097,197886,9399.292579509407,1440690.5341557052,1200.2851917877167,1010.9851651673004,105.0,66,2.26433450337328,0.7872705819030762,1.1876657632035614,17.306619298323472,4.140023172067478,1.2703892936663588,0.33556186232705004,0.0,0.67381237398056,0.3044304097920437,3.30124605966301,7.375202861638897e-05,0.008570785384546482,0.0042855092325000494,0.0009158966874219832,6.936073771121042e-05,1.1757867911549693,0.4925388168427647,2.003685010293463,False
50032,443,15.976970866662569,5016,7442.899447692384,122285,131906.2564996928,3400297.9193055443,1841.1041726369372,1103.8507442571054,167.44520553638006,66,1.5327530879592817,0.561801387155157,1.6773304106029827,55.687382492555514,2.8191194503148864,0.8068207411788197,0.13859754094028873,0.0,0.8696121203953577,1.3802418501383047,1.0929923905518817,0.00010081585816322022,0.010038932515703694,0.007307913177602359,0.0001830657330579604,7.488053861194415e-06,2.122093727294187,0.7252883620609436,1.4170503400108998,False
35574,12318,1.3033109605061166,119389,63136.03119816049,6090,4436.2841274603325,508897.60864106537,712.9591169459228,441.4120668354918,336.91933877964766,336,0.39723179584312174,0.13241059861437388,2.0411263603282075,0.22481133913531143,0.47328003285786413,0.6369307516660805,0.46088735930283553,0.15995859835332238,1.1577218613954843,1.0331489098378368,0.764638193744185,0.001583334796418222,0.03688052482916804,0.040692168383971945,0.04252865827245741,1.5374197981739844e-05,-0.06790249269640963,0.9425665523218789,2.2731828921375836,False
43647,460,1.1647264358852092,2048,1699.5206351169036,4572,3925.146253369472,524994.2589686073,724.5641240190525,306.91754058879167,66.40880908168288,66,0.9957297089096726,0.331909902969891,2.361914665824625,0.21121983347279127,0.45958493956344365,0.5674194299485498,0.3392598096540448,0.00024137268308221937,1.4894213001968377,1.2341577609740741,0.8100012375770482,0.0019396304398655124,0.04403653377411463,0.04988510716977566,0.052298235724498196,1.500056465342774e-05,-0.16426835068159734,1.1322219662000559,0.8848282318431879,False
39171,443,20.88648398653688,4539,221.77792687687815,22520,1087.2696944851064,594249.345993046,770.8710108788682,410.70967238454296,96.89574194929106,66,1.2212246875219273,0.44714577966243296,1.8773388766203882,41.349500534562054,6.421025904726902,3.7437812321969255,1.9080963221580054,0.0,0.8596343225885893,0.5850848158511512,1.7125339252321066,0.0001690058923353242,0.012873480796513077,0.014191042384571938,0.01121717834167605,0.024951850300426185,0.7000852873735822,-0.8521069689843521,0.9073645775139245,False
48163,443,12.31760429389409,11083,2139.7379485274278,207113,21450.621021239054,1286725.8175079823,1133.1892796297127,801.4641944564512,90.00334394872905,66,1.875125080977343,0.645737165438506,1.4342349971716295,15.037288494783628,2.70096696435387,1.1988453293316914,0.4795492058946756,0.0,0.5170820564005159,0.900905212161717,1.52566811074055,0.00016194177100471984,0.012619668249708733,0.012872879062900671,0.015261274761450824,0.0014264595718420361,-0.36160194051707517,0.859724530572831,1.239455145251839,False
44843,443,16.182223699554786,3657,695.2309411486699,20924,12644.11730410769,563872.4543830525,749.92693956877,502.0540130875276,288.7404454001763,400,0.8152422186060456,0.10315593329214745,1.6374551938351902,31.905323802983855,4.970660823508148,2.910365185773459,1.4930745750187178,0.021700860192773203,0.7188357135630055,0.4680470495323792,1.4935306194053366,0.0001505844556454649,0.012232252471111031,0.014776047388012097,0.013135089536355504,0.019452887850082576,0.3511211522384804,-0.3009644326442318,0.8387602796382753,False
54239,443,109.65556154290657,18509,632.1529209767896,561760,13199.004584601003,4352647.2372486135,2085.162757545919,1407.2817949365365,547.0951273148587,66,1.2403079539533413,0.6424982270094167,1.4849977618565207,388.87071190282825,19.17222015870442,4.831083602663683,0.3183213044970915,0.0,0.7165385585604231,0.32374753074040696,3.7896276560711164,9.201837186870392e-05,0.009591790745085566,0.004662156757211483,0.0007100424901534607,1.6392423028706708e-05,1.2327912631686384,0.4834501601414126,2.0876800138744773,False
6534,41845,0.18158426997214983,542,8604.903479409153,910,10834.75922766402,33668.28780805407,87.57674593669122,111.72937658936021,83.83046544450012,66,0.3632328491259157,0.7978413294967777,0.4604687502600906,0.02042167297519057,0.0625443938229685,0.06859412644877316,0.04322972976415568,0.0,1.3190859379173245,0.5677254104730188,1.9768851527810125,0.00017275027855653705,0.005142260324175051,0.008079395738075014,0.01207449844961292,1.8601410437290356e-05,-0.3535887386881498,1.0861021465207492,0.7327996243175424,False
46602,443,0.8861579632303116,1939,2206.5321746198574,7199,15792.38239183999,281150.8777008037,522.5260975152656,405.3896867724113,302.298924446854,424,0.7158897815384914,0.07456318000564222,1.5019335786206458,0.10334222117631883,0.29571000395864433,0.3516237375955551,0.23918037108825904,0.0232353859815525,0.9672049302844775,0.909223838955144,0.8245184727361458,0.0008917605671848836,0.028096300390953725,0.044374220162393146,0.0650799017435476,0.0002312564940747452,-1.9729115579463004,1.5685340660259823,0.6292963294379591,False
28977,35318,1.1831948388853464,346457,182607.10634594044,13919,26703.15932536369,449272.96912530804,670.2234714409165,926.7600643491372,1249.5305925729751,1514,-1.4553748831821762,-0.874228513334901,0.7349810938292116,0.1586057137228601,0.3269256632090246,0.5614078275536485,0.5863556261043796,0.5120755613966128,-0.04103780852716804,0.12571900389333424,0.6515604427384314,6.729920845560656e-05,0.007862429071283367,0.008094827708097479,0.009012212573195396,0.0004004130591488896,-0.17645282559892533,0.7654846512803719,4.843264839889727,False
63913,443,0.4831759135841673,4567,11293.113511048778,157075,386051.4050591714,476160.9014083028,690.0397910715393,919.2908502571331,1487.8747824545449,1487,-2.4718200419030847,-0.8239400139676949,0.7506266189275838,0.035791428565522726,0.12672488568534157,0.28016156852739516,0.26323529555394287,0.1669095922183086,-0.18804171295124006,0.485383748796814,0.4060703282376419,0.00029798793024434324,0.011462745120414262,0.00570950697951479,0.004265937182815243,0.004289248025172826,0.11907132331698325,0.031367182912940154,1.675648905408321,False
41674,3359,1.1986029129079072,30732,16717.449542668997,4943,4050.0920255935766,521059.4920351779,721.7273227489501,339.79423256098914,132.53411252937008,132,0.8494290966617095,0.2831430322205698,2.283499145116044,0.21454222701232772,0.4629326547183733,0.584411216725773,0.368991216550127,0.03928366070440059,1.4083385931071846,1.185021887069663,0.7989124084578711,0.0018525352810694878,0.04228727372317578,0.04763792711557958,0.049910098470494886,1.5091897945482555e-05,-0.14071207134421965,1.0858613982502845,1.2242064191081408,False
41877,443,10.64435648013351,9908,6731.101278038869,181647,45386.35875924203,1458485.9222589498,1207.5971454990722,697.4471436060992,88.63328486982624,66,1.517731572363458,0.5247824555348093,1.8580059988931898,13.300921717342682,2.3235780935368053,1.016341984800293,0.4051508994380638,0.0,-0.5351729169750583,1.7078019076181652,1.2097298420417484,0.00015289960842043183,0.012304668825071214,0.00956804961232718,0.004601352005813723,0.00039528093725917784,1.22591388270968,0.723751217471357,1.3960599024155724,False
14956,38030,0.29969329691226804,734,7970.773186692985,2878,11428.304788028421,69289.82304907679,140.82702130785756,168.19525956033863,90.9886764283937,63,0.5911092181365106,0.8311745801243392,0.45919044024627764,0.0206375184354934,0.07515058974252502,0.19764149394243152,0.19898974336791,0.23654035664835782,0.9909283809079591,0.21468434532622002,1.7596216342375854,0.001639907267924845,0.019405343128580266,0.019582090593610473,0.018971499981513474,2.897485466416621e-05,0.021629217114651243,1.0017448711732992,0.8052536847307138,False
63824,443,0.6073441426770125,1271,2191.3027386112053,14179,37458.65581008156,409368.9802220256,636.8830236808143,690.2628702173873,663.0473502623088,1034,0.2345279989739666,-0.4606860606398897,0.9629835516060978,0.03340864423426351,0.14939172114490204,0.34692662521166384,0.348700574547291,0.40273732114579786,0.11141121257365094,-0.14296447420252967,0.6224305675911129,0.0024279981562671978,0.0348214491063364,0.03953995652047912,0.040581946203190285,0.000604703948893497,-0.5198794436150042,1.3759404819520136,0.7353762615953112,False
15914,30563,0.4259467135309428,1035,6854.232629604849,1888,9019.754746266142,84911.56817940198,192.02160389169865,155.96805581330526,87.41901227290262,66,0.5716757569604288,0.7008511444743744,0.803138874553545,0.051756740591758554,0.1457751654782078,0.16821024473128648,0.10963034812371364,0.0,1.2867802486220437,0.7345213980879741,1.6691591563731691,0.0004387537936398192,0.012977373473566214,0.020409514018715845,0.030556440692486635,1.9527487038168416e-05,-0.8980592648539505,1.2186857836413405,0.706313776287363,False
63864,443,1.2420496664367509,7757,5069.589494261374,267915,166815.154632883,476731.23595243366,690.4108101597277,876.3351005502383,1303.7584845147226,1514,-1.8459284281486337,-0.9246296401724975,0.7902975022516308,0.1570898002558771,0.34258308907544865,0.6120088287246905,0.4844403253148444,0.1548624784788867,0.8566162271836366,0.9561311686267422,0.6216712637958908,0.0013375140602780123,0.03261025214480823,0.013213788093194269,0.007349642290886301,0.0003256474967377502,0.1656106890989546,0.7143785592877012,2.8354072106659345,False
36357,5976,0.9585079139306888,2109,3038.837122429437,4021,5064.151130313551,196590.6891995674,419.647740371697,252.38141528249488,95.23985732090576,66,1.0259542606227705,0.48947165174108564,1.5499509053922562,0.12004809085594755,0.3271675227380777,0.38531267159801685,0.2543432283267776,0.0,1.2163735346431153,1.0980349973645736,0.9985040276453409,0.001018479340823672,0.030053145033788208,0.04728165728662779,0.07083581097229581,2.1545769631201483e-05,-2.084673184629128,1.5076373095386417,0.6485907693672598,False
54550,443,13.791904919304507,6491,3755.1458426440613,127626,27099.514569552164,1456402.8469989717,1206.7856544272129,861.243007582528,96.1324762810056,66,1.9057155714527743,0.6602820581817106,1.5280307432041698,10.963271460534978,2.7322630628641673,0.858183385281952,0.2657925838152485,0.0,-0.01901048832127561,1.0392859939197565,2.378996702856657,0.00010582876702224966,0.010031787039946395,0.006743880569494437,0.0029428248471042827,1.1044158760335195e-05,1.1428108680837532,0.627945813314955,1.717167573973437,False
63915,443,1.7888220551294762,11487,6424.127137565261,430043,240305.66346243495,479984.4995360053,692.800545234886,946.4782662307435,1514.0,1514,-2.4569449376369783,-0.8189816458789927,0.7327840933889229,0.32711294466385366,0.5672865857201953,1.0373092986232255,1.1025628383042823,0.21509651581807376,-0.1765745296923904,1.4485499167656974,0.546963720805585,0.002843019412980197,0.052789696940441534,0.009638952378566226,0.00029787815379457724,2.0398461495481034e-05,0.5530423813091098,0.18971478191697413,5.6917562898203045,False
56456,443,15.829135085823712,7129,2731.9376398811237,144735,21539.99698777421,1452021.9600591648,1204.9751745210422,908.6320700313399,98.85259657686225,66,2.019039967237699,0.7003367989621698,1.4219732515847332,12.607411608672491,3.133470427867575,0.9647786381815838,0.27942471854092454,0.0,0.19078137298209463,0.8120253423379278,2.677147105013525,9.520801934266263e-05,0.009542992466800614,0.005960586448793395,0.0023232418908258187,1.1950865525620753e-05,1.148578860751495,0.5871423476568489,1.8081436510489795,False
63914,443,1.0202723456635368,7242,9229.391155396579,278023,332008.00179229036,475113.40677307063,689.2846790291003,945.9849472169788,1498.3950949666403,1498,-2.40429112324024,-0.8014303744134132,0.729242819196083,0.19755717945830456,0.34352056169101136,0.657700715455623,0.8091440133512081,0.1999445142473988,-0.8939651932981213,0.8767316268703574,0.4624680155764764,0.0017488811142343439,0.032163309183913205,0.006568376942905028,0.002666425401569578,0.0025688818094532157,0.20930753627904627,0.0665362875849224,4.131705808663232,False
51482,443,0.7164299815216975,2524,4291.584799605632,19423,31146.89965029272,1227441.1739374246,1106.9181453349163,674.8666204449662,78.0,66,1.6259885354765546,0.5528548640188506,1.6593665508869757,0.038663353505213806,0.18889646625292067,0.2558881128340586,0.2435538458541549,0.0,0.022525309024401086,1.483545699675915,0.7144936221203395,0.00019519098005363588,0.013968221779224901,0.017509772684004277,0.023916793444546107,0.0015099525295625418,-1.3553439296917522,1.1433942758491282,0.8140339215477614,False
50368,443,23.893224555974037,15825,636.7834009046455,325207,13123.24205590458,1428114.6382611636,1195.0258490720905,969.2774522733471,105.0,66,2.1692658681843477,0.7557245361138114,1.234953091623382,25.951355063584103,5.017549321711435,1.839162551055547,0.5581983957327304,0.0,0.7521005678681918,0.35724344680952047,2.8642729944714374,9.613650308464878e-05,0.009735054945076684,0.0051218426264899464,0.0008534597383144148,0.0005559725156765448,1.300359962345225,0.4715423156963769,1.9152391737823726,False
24685,28311,1.5167949060423551,618880,315021.8620519067,23917,13058.346878575521,512073.9981174298,715.5201567346703,559.4326491802232,701.7618172167607,701,-0.6229554811635016,-0.20765182705450058,1.6754648574270816,0.23604123460440626,0.48499001628139415,0.8255142555198917,0.6099785887487521,0.21522645010523977,1.3430733787831857,1.2568516372630063,0.6510457424351709,0.0010907911579543818,0.025750638551121863,0.028048393646955296,0.029351812159414556,1.4560937971535387e-05,-0.028204152242577774,0.6571622841890947,8.368915743821068,False
42767,443,0.2252129270780962,2302,10329.854421924125,17926,74962.80036179165,1702145.6165608938,1290.5758935253975,607.979885109211,81.20700633088303,66,1.203492501430402,0.4123986130181176,2.1701920532425025,0.0038459691986215674,0.06130473460558911,0.14597195697980805,0.16673510311159978,0.0,-1.1322332156793666,2.4311901742316397,0.42244878403286623,0.00016745755176549422,0.012898314166829758,0.011445420974003563,0.006212288839349931,5.123346397341655e-06,1.2482259781891931,0.883385903319552,1.1346774188578324,False
63835,443,0.6774324288863167,1404,2169.432321478571,13897,34324.11563006893,397321.22800445225,627.0800611687223,663.9984669192309,602.5997755652328,924,0.4116048097906402,-0.3272855624948139,0.9901433358604903,0.039744894828789304,0.16625261367029703,0.40337547679308006,0.4070434233365843,0.47345519440797923,0.07801743227689864,-0.19534214920538953,0.5922124895226104,0.0029590335240278643,0.0404032089597105,0.044673301397816945,0.04529975159626102,0.0005444067412976575,-0.451100866442352,1.334715598574149,0.764062069518482,False
63913,443,1.5694443793805006,10604,7341.235580308905,370078,255167.1504285093,483609.63057953614,695.4160279653966,916.650217974364,1509.9795431464809,1509,-2.559456767785918,-0.8531522559286391,0.7586542234927441,0.20988275222219896,0.4353422110189528,0.8024806102116567,0.6347746921527493,0.18548201215167315,0.978853135210835,1.2946388121796666,0.5258324966362128,0.0017575090635768957,0.03981979841089902,0.010212492390422132,0.0009111713351357671,0.0006795406041796891,0.6239056073243754,0.2119173454389811,3.7076045373090794,False
42470,443,26.521955365223324,21335,801.8544135705249,432945,16274.386954316176,1417473.1216556802,1190.5754796263195,933.9850704772817,105.0,66,2.088820350146722,0.7290307901637115,1.2749668524582558,33.26638851865307,5.760097540263016,2.3204491420083975,0.7465897745331944,0.0,0.8183467520171978,0.40193297152572116,2.494513561952331,0.00011507787781902404,0.010720240729496101,0.005829534211606086,0.0008006266172154807,0.000967735411860301,1.405771734272679,0.4537754211959768,1.8403977592373348,False
44613,443,0.3566652822095503,2320,8770.194624633637,15257,54673.832003584736,1411425.9170759725,1186.6910537725528,582.5611502095142,78.0,66,1.286974579142573,0.4391280162824154,2.069610974618743,0.013489623679384243,0.09546307940277891,0.17872464889542025,0.1946410005653024,0.0,-1.0037247419680042,2.2465751833146843,0.48431437321987336,0.0001819613019354975,0.01348496288586938,0.01355847404132527,0.011912834572983083,0.0004374276064803889,0.3975983709114037,0.9698961424127303,1.025468361517567,False
63829,443,0.8578150234615457,4870,3933.010632520683,164784,119572.20288405928,470705.19527981384,686.0316838902689,847.1791468820985,1149.8782933555162,1514,-1.312015531776546,-0.9730566146023706,0.8123892235244606,0.09527392904505774,0.233606601640103,0.4030657272797227,0.32494691508716017,0.12997897676642642,0.6118076566203235,0.6006396550130092,0.6758745490934384,0.0008358147169119337,0.023558451100932017,0.014811047665365455,0.012508691970636183,0.0005471615708936776,-0.23703017698789597,1.058105079717784,1.926527141161149,False
49613,443,0.9090718496579162,1521,1807.9384006085534,7777,17898.22514458128,506363.3482195901,711.2970174586397,454.1523138269633,320.78731966656846,494,0.5422970729829552,-0.07479997815625361,1.9131887457133057,0.15039988973597465,0.3459906709335153,0.42915531147524977,0.2665348541524234,0.02779815474429513,1.1251438319257565,0.8945345067807794,0.7935906368039631,0.0013983360722494194,0.034104599726637166,0.040200362359568004,0.042745307062184094,0.0002674199578113623,-0.3584774590496256,1.2578148282706794,0.8020579803888752,False
63916,443,1.4860366179941653,9632,7464.663271930451,379359,282720.06455553375,475278.71471169,689.4045903343343,962.778609666708,1507.6110751547326,1507,-2.370892988263788,-0.790297662754596,0.7164534491317627,0.320659663491051,0.516951264739392,0.9580246867974254,1.200339793184273,0.22317830750091958,-1.2149547540195706,1.2180974912992995,0.5120150318511923,0.0028415615007124097,0.048598518165201145,0.007623586083483176,0.0012659036123191239,0.0010623762480396982,0.32373314956935084,0.10931432595151995,5.932150091477936,False
38533,443,18.156000305181507,4251,918.0041631488015,20365,2883.470310268346,631294.7875175151,792.671429685484,420.98473026126146,93.8634560615043,66,1.2356779256400976,0.4477891927863528,1.881963518349816,35.833356559411506,5.582497037235776,3.2776707137392926,1.6885212553311961,0.0,0.7222279444360618,0.7463929810595231,1.5581581173277121,0.000266945861781435,0.01517472436429983,0.02141343863023232,0.020487995444011524,0.021623440194916674,0.4435361446842359,-0.437225073827114,0.84476890952435,False
443,63915,1.965978742289114,1395857,709836.3799803888,48113,24464.96781986042,494711.8219320743,703.3400022724362,884.400603132451,1514.0,1514,-2.685059535049185,-0.8950198450163951,0.7956300156465712,0.26801410417437593,0.5176975040047967,1.1522444217101333,0.9565742458659914,0.4955010940790316,1.1345014751259621,1.2690655275076461,0.44961558154004017,6.038575150622591e-06,0.002424058085866997,0.00014056002214455905,1.701454466566788e-05,1.4043633997003645e-05,0.1488055598594485,0.0508491288330273,17.79323397436284,False
48958,443,0.8059335750905989,1768,2217.542720850248,8325,20641.761164017178,305954.3837573302,544.083757277015,460.19641734365814,387.9876738094755,573,0.5438003989230467,-0.07875739908166218,1.4117394378832673,0.08995443172013193,0.2655408552168713,0.31716877360510953,0.21925789172063515,0.03293349409917411,0.8698193360295734,0.7962698852345647,0.8148980156631991,0.0007844130100569647,0.025675515297232242,0.04063644135493817,0.05889379347630871,0.000318597074750381,-1.814798324867334,1.5668085716260531,0.626665373328262,False
63915,443,1.9247949397357405,20905,10414.2373587006,818215,404657.2744459353,478248.0602547437,691.5302100892678,945.0148397884225,1514.0,1514,-2.4672805604263788,-0.8224268534754595,0.7329588692541853,0.36920231435424095,0.5948384258207017,1.0688405867973183,1.029571670868901,0.12035821008294532,0.39663910423193094,1.5639850651913598,0.5548566659802661,0.0012097347716265897,0.02912229412702299,0.007459604809825375,0.0003444687251934089,2.42302469394361e-05,0.7952031725405613,0.2934586785747025,3.5206562545196753,False
57779,443,12.733775814851025,6219,1510.7356244392156,119479,15426.052599067376,1340349.1927549827,1156.4102243099062,890.8408999895948,94.40941078230723,66,2.0528862099064553,0.70836114248676,1.3302518252081583,9.938046434775334,2.538462540842696,0.840497356104142,0.28874822467370725,0.0,0.5109122554557095,0.6904330248754764,2.338796756805114,0.00012110104535698529,0.01065353342082278,0.009792053000918878,0.011088200550782114,0.0007031727872402298,0.006998478627977089,0.7658486820489133,1.5229811518464111,False
52523,443,23.17583084427811,14321,591.7347005762924,295805,12263.27894107779,1431018.7610678126,1196.2403770275153,978.9089187902628,105.0,66,2.1912198501482885,0.7630093921435085,1.2240331372852498,23.955046052768935,4.814904219844941,1.7078170467314484,0.5067854515036582,0.0,0.7340216547420817,0.34504745325351327,2.9651821825846216,9.096730771572569e-05,0.009466192844739927,0.004928710073245582,0.0008678781598250101,0.000443600373427302,1.2715925655264249,0.4763909895682336,1.9356637680314777,False
63790,443,0.4417708058305396,1744,2702.3379902848296,53114,68418.15611012722,464180.2776991403,681.2900235637118,815.6094637342677,983.2588463321697,1514,-0.7339016700637595,-1.0254927055620644,0.8363098487494741,0.02834051675317345,0.11560829439704873,0.17682488523342865,0.1522495482863223,0.10303544840126441,0.3467321563460003,0.21571811980039235,0.7345651534856708,0.0002925812666938622,0.013757279987649498,0.016540539321588863,0.018094843107636968,0.0007870140968472174,-0.6730044109098081,1.4302876350543938,0.9424037562691363,False
443,63915,1.9457822308802828,1136503,581368.0512717462,36120,18435.702190858126,475796.9423226229,689.4971984411897,932.5687406968633,1514.0,1514,-2.5231815551396752,-0.8410605183798918,0.7447128447713224,0.2734114108236049,0.5228361054664091,1.0801667496626426,0.9679370986521434,0.6172204403194137,0.653599729797474,0.8929855240247697,0.4894503765535524,1.5160144984078856e-05,0.00354775722837149,0.000326842205389633,1.73482554670233e-05,1.5044766401069901e-05,0.21741718037236105,0.07335626794734755,14.58334883519433,False
53999,443,0.7208294511990005,1263,1956.2534574275587,10141,28195.822456606016,492615.9487600059,701.5073097099081,562.8022059811735,508.5449501665971,810,0.2074873954096167,-0.37473441507925104,1.582156813296369,0.10559565079121645,0.2622961417919153,0.3273432607379435,0.21307790160108686,0.04828314463269431,0.8563314213328843,0.64403580235665,0.7814468329944075,0.0009990491436731,0.026777598861488672,0.033053251487531785,0.03569469183648499,0.00045343303425331855,-0.501486531733066,1.350155387975063,0.7426091726138992,False
50187,14175,1.3790844982325678,138223,73059.54938399524,11885,8849.789841236006,331398.8030434333,573.7837582126978,579.1533652750888,423.93865927707,369,0.9460666092345384,0.4137933056369175,1.0844002445473144,0.13197484107781107,0.35040414881776205,0.8703195045107708,0.8959456626637058,0.9956850810883092,-0.20828239324235515,-0.4444552504183853,0.3989272223735706,0.005627763540115316,0.06760967959287423,0.06707495581031261,0.06483668346936454,5.5398997624316016e-05,0.15016027949346383,0.8150137630941999,2.5759063395892783,False
63914,443,0.8939854944725638,6594,9707.877679269852,250546,345371.8829766115,475068.58534668543,689.25216639973,941.4315306568634,1495.896283469638,1495,-2.413346659597123,-0.8044488865323743,0.732710515990552,0.16417929711346274,0.2964967372181261,0.5762711792480857,0.7030755873916369,0.19364492716973997,-0.8069324101998292,0.7841740335043008,0.4490338879652455,0.0014526128653281774,0.02770708333274037,0.0062822686095098225,0.0030461614553973296,0.002977354195496491,0.1782822918443021,0.054937493760716535,3.643535176588526,False
56029,443,8.222141703372719,4840,2150.157798821815,82023,19205.798732950745,1280713.9636645853,1130.3502648240092,817.6597282560173,88.20365909384742,66,1.9226464834117543,0.6600197005294,1.4169551443224535,6.196590363402873,1.6584981519644622,0.626511110389955,0.27615882308171846,0.0,0.4206769472405608,0.9201391443781051,1.745701264607397,0.00015033832372823866,0.011951573416583493,0.013074467804472955,0.017044687879755455,0.0011070063323003736,-0.6695700697535856,0.924599936372676,1.2354076499990945,False
44520,443,25.839533003782375,19905,759.0017373388845,404976,15456.345131528415,1420235.67492499,1191.730802041145,943.1470243910887,105.0,66,2.109704124245392,0.735960525640192,1.264579221643039,31.367395138705852,5.567330937077637,2.195506439327592,0.697683097157262,0.0,0.8011491457562787,0.39033150557066865,2.5905036512444384,0.00011016066924457069,0.010464485059460966,0.0056458164414230055,0.00081434217269791,0.0008608411619893038,1.3784066841620704,0.45838773298453067,1.8598266998757986,False
35525,443,0.4608619846257196,2381,5247.944902074741,7049,14879.666108423815,880485.3297770885,937.7059323169836,494.61068018242673,74.20191750536944,66,1.3418991595901446,0.4560269157358981,1.9033382669651813,0.022160934087048507,0.14814388005238863,0.25879519479587904,0.26398759424169294,0.0,-0.1139502193805329,1.7573891972379425,0.5717887034211386,0.0008883618015640045,0.029590237368779394,0.06541943946269115,0.07739002848290921,0.00010079322298620769,-1.229038885438,2.179746939500753,0.4637176034227094,False
63913,443,0.5095858146270389,4713,11197.03348261139,162254,382869.28174278495,476341.9986292031,690.1705008259146,919.2266498872665,1488.412204427871,1488,-2.473950709717869,-0.8246502365726228,0.7508217900559492,0.04002402370656347,0.13422814411437206,0.29286044973221437,0.27226834678084133,0.16736113416029733,-0.15967158306368506,0.5050587617566314,0.40898204584307496,0.0003334725364121518,0.012152175951603974,0.005818985808040274,0.00418437444133009,0.004201487016928643,0.13134510636739163,0.035756808567857346,1.725050824778837,False
63787,443,0.36973114478332514,819,2265.4477300374747,15134,48085.3600637254,450213.21650066786,670.1169838290423,779.3043341066177,867.9764506298415,1406,-0.36579702181413865,-0.9129398393969304,0.8709065711594669,0.011927515495078173,0.09222999788406808,0.15555397826376982,0.15090690664274198,0.16298990001022284,0.2246226588290044,0.03460608791628883,0.7248757621989559,0.0006276844013499237,0.01589819154055523,0.022136913423036073,0.024587663227303644,0.0008091232753795185,-0.7530522717257128,1.5157008992345764,0.6381257624566654,False
31681,32679,1.5752347762716905,321168,168820.81135619638,12187,8035.292242218235,371375.2341038601,606.7740404023558,745.6293652770362,829.4662363263624,795,-0.22695705685021572,-0.01383566900316524,0.9210340021711751,0.18851397064128766,0.4182862992498093,0.8960180770874787,0.9309840033162358,0.943325086237085,-0.237050745960329,-0.2201448038017287,0.4615466005488866,0.0035463750450807287,0.04459363389383792,0.042378488289080675,0.04072266100763438,4.1113698360897375e-05,0.22503241904240487,0.5554533089812308,4.710746116154149,False
63913,443,0.673480080671681,5624,10600.781125711925,194391,363121.6967535008,477465.84972027724,690.9816579454898,918.8282359559913,1491.7473316489688,1491,-2.4871731840134776,-0.8290577280044924,0.752032980843246,0.06629061489821167,0.18079178065253904,0.371667023496856,0.3283255542112258,0.17016330805146354,0.01638744903810352,0.6271577352905924,0.42705155012092333,0.0005536825051778585,0.016430638028495544,0.00649838828741664,0.003678213300074842,0.003656860741723403,0.2075136107995887,0.06299789795155157,2.031628698860373,False
63914,443,0.988886645585471,7081,9348.308005314491,271194,335329.2879180782,475102.26743566274,689.2765987608495,944.8532999778678,1497.7740726871477,1497,-2.406541669084584,-0.802180556361528,0.7301046356918344,0.18926187242802633,0.33183386875733656,0.637463272073327,0.7827831390913421,0.19837889638005593,-0.8723351914291887,0.8537285601382425,0.4591292713126025,0.0016752504368112348,0.031055816466135856,0.006497271279432606,0.0027608000873097665,0.0026703982514075667,0.20159692343618554,0.06365367343467056,4.01038219578728,False
1251,48199,0.043966097633136414,265,9590.832901330694,359,11856.919572271145,4809.489022700436,28.756289516931417,86.81537551445103,81.8094950830751,66,0.2458435662416436,0.8524635202197743,0.26748641003765905,0.00277462921220753,0.015671124302711947,0.012493082712696224,0.00583473727782402,0.0,1.3372796089750414,0.4737905216465853,2.150187926276401,2.2944453044291538e-05,0.0007297412153245211,0.0011354140124323342,0.0016659795475356537,1.807986969885809e-05,-0.04695799129438871,1.0114347076260124,0.747715721675544,False
63918,443,1.907263354026613,23801,11963.797205469427,1310071,691895.6234308743,406793.3357230995,635.890103896601,1091.3096707897323,1514.0,1514,-1.967004395484287,-0.6556681318280957,0.592694967884084,0.336875107692295,0.5439011012954534,0.9249698883998758,1.044253233048947,0.1549760896053066,-0.6042784681451552,1.2187423647159954,0.6055111032066816,0.000753433642642027,0.02220867574246157,0.004538173738783608,0.0006407472855996167,2.7477854281978607e-05,0.6890219323148019,0.2711753391949079,4.1661689120882635,False
48120,443,24.64139762357581,17393,683.7648892654229,355871,14020.101383153677,1425085.9157709617,1193.7592125079782,959.2327533416692,105.0,66,2.1463699635168734,0.7481271276142427,1.2463415601895722,28.033314540161896,5.228888792668762,1.9761433571091072,0.6118171821413408,0.0,0.7709551461450098,0.3699627023068659,2.759034356901881,0.00010152747974522947,0.010015452415937246,0.005323261418512821,0.000838422702896226,0.0006731659186976669,1.3303616074306817,0.46648561231946567,1.8939382743114952,False
46347,443,0.6715152337287068,2499,3991.6168124695273,15268,21350.83800168022,1065993.8855615482,1029.667313145244,619.0644157299544,76.5336034172669,66,1.5669613662648991,0.5324641096743216,1.6922612690815713,0.036053493326861905,0.1871234614404656,0.2685405084491811,0.25875179352652716,0.0,0.12317912234263445,1.475259335559354,0.6937909688768918,0.0004647931935709373,0.020071914895636218,0.03659756705930619,0.04635587191703184,0.0011261521027431207,-1.5685090626131406,1.5694429170358717,0.647187573398134,False
46437,443,0.8917548038704107,1951,2205.764025755891,7120,15454.066315884535,279420.46536693396,521.0221310898706,401.5661046407794,296.32086358590027,413,0.727895567717556,0.08525956383477074,1.5082259573359393,0.10427621800505109,0.2978147494315682,0.3540274822321492,0.24057025943470636,0.0225587991367859,0.9739990195175026,0.9171040521085587,0.8251896422691365,0.0008992496510443027,0.028265186046645997,0.044634985658003196,0.06551147452281067,0.00022516319348635133,-1.9839423004568282,1.5686544448460111,0.6294798776384318,False
34934,443,1.99860841865319,2536,4966.829611139259,7570,13314.72995512803,843942.4226662198,917.7016758075097,478.3125520468801,75.74485654649926,66,1.3147906859294376,0.44926549669462906,1.9181336889324951,3.1668101444066314,0.6224322868912716,0.523211120280206,0.3895358348847814,0.0,-0.05922911744703839,1.6908662368934024,0.6487969088014619,0.0008672328527205374,0.029075797107780743,0.06383048852354341,0.07484300622383029,0.0019104039225912059,-1.055300787558656,1.9980735505526521,0.4826977731618026,False
50803,443,2.913816581886901,3510,7529.217328150849,66183,133344.07068888075,3009288.228103147,1723.0633286418101,1048.3211189755016,104.12887972191065,66,1.6710063965669988,0.5795747068131412,1.6415284881775851,2.1102034856107355,0.5958505391392833,0.2723845058279335,0.13455417351772064,0.0,0.8655136475681386,1.394618782448974,0.9914297229952714,9.828038431620903e-05,0.009897740868933426,0.007291286015399389,0.00020171240974201755,7.031037775285194e-06,2.127769654794259,0.7308056726211086,1.3963240302056226,False
5400,55787,4.397959962565763,1227562,623854.8704221738,45299,21699.460022782143,508205.9392640247,712.5331474732386,821.9608133672126,1332.5590461968363,1328,-2.190931030680542,-0.725162119306495,0.9358637898237587,5.545897921273819,1.2759747564608082,1.4881916795198937,1.078658818184343,0.4274284419262558,1.1173096356847252,1.1954965256673336,0.6102030941548546,2.579390185577411e-05,0.0037058883497819942,0.0019171572608853585,0.0014333790476314,0.003217962982401382,0.21716067551315155,-0.06648353621281884,15.753067168894447,False
35281,443,3.558207435457658,2701,4576.015039564514,8805,12307.848250431638,823416.5206498038,905.633078951521,472.77896004637046,77.49376195078277,66,1.3071542936186948,0.4491229958417673,1.914642348072871,6.319962214309534,1.1012046136535913,0.7890864858067558,0.5149209464670979,0.0,0.016201352640399846,1.599700560431424,0.7365733801959671,0.0008092898995852776,0.02773399024095983,0.05973616502294728,0.0695963660503452,0.0038132130024516532,-0.9106249251241211,1.7630053311963636,0.5176468411951854,False
9235,55104,1.6835142795021003,542618,284906.3097963439,13073,12836.22985883826,442065.6424762541,664.8534891115854,995.8652750139547,1432.5084496547963,1514,-1.9754210349417174,-0.778369026619543,0.6729132194184092,0.2453290930631324,0.4694132301084617,0.8229266764626026,0.8657134067297388,0.7492931051322809,-0.2102507747749487,0.14839428052427486,0.5932278017160686,4.355123703088636e-05,0.006395626029328256,0.0029721195862327603,0.002789406847600174,0.00013514192392464802,0.1887634166143795,0.31703572360965143,7.244812381970533,False
63914,443,0.8372544242949237,6303,9922.825255434062,238203,351375.25762855273,475048.4504913007,689.2375609499854,939.3860271702866,1494.7737576559036,1494,-2.4174146228388516,-0.8058048742796171,0.7342682882237381,0.1491851550644005,0.2753725120035933,0.539691086470757,0.6554271167868493,0.19081500217578806,-0.7678352050740316,0.7425949516347023,0.4429989569403552,0.0013195220909395945,0.025705240234221723,0.00615374191185936,0.0032167479615578553,0.0031608497485149643,0.16434501094207843,0.04972703851370157,3.4242372676952777,False
42840,443,4.763654505854081,2358,1353.9395674590135,7845,3406.6197715698686,537652.7725111841,733.0291831423825,325.69280326561466,71.63828261637349,66,1.0376205716907643,0.35318621339458567,2.2738788887740817,7.71868589571382,1.5474942790194819,1.147000017188403,0.6254125450708397,0.0,1.3748988558585544,1.1159542838363659,0.9747639383612833,0.0016169425530636408,0.03835830947790527,0.04338251766338179,0.04481326565984346,0.004565821591751003,-0.006648191168243167,0.7703284681499487,0.8872257245925332,False
41873,443,9.36861102973383,8970,7201.255364145864,161095,47682.00078122123,1461802.2530124069,1208.9737164806588,678.8476411811484,87.33301664974431,66,1.4727996182893102,0.5087013366953123,1.9041078509211962,11.674855714836712,2.046511345846707,0.9101113880070058,0.3769976123320554,0.0,-0.6430657557886507,1.811304115504715,1.1096755021680131,0.000155801094621123,0.012425172516130503,0.00986119996776031,0.004903592129859435,0.00034755627777394843,1.2110500640214839,0.745296574269088,1.3611672264502808,False
43328,443,1.094379103895803,2362,2161.13633877229,5240,4718.900657003375,229982.67251778618,478.97117685489417,292.81629959631357,99.68350134244369,64,1.1992404104960621,0.47175135579464755,1.6651418422213484,0.13073179260865228,0.36097684004462083,0.4772203082743582,0.3470876597956781,0.10677662162742463,1.0573258334402804,0.9950193250931196,0.7964667352587396,0.0017706351637176414,0.03913866114725711,0.056639703901711067,0.08019314040576103,2.6541309964135477e-05,-2.0992405485973062,1.5143497869898002,0.6723492357978595,False
48515,443,61.14577876151256,11281,5100.6508488289255,317717,33091.543474464466,3027962.842295848,1683.3259469753204,1009.6479323267213,338.3889880698782,66,1.187145415324705,0.5272724123309175,1.8335741491516093,216.52160348019842,10.699684121292979,2.755743170552887,0.2568054982493001,0.0,-0.30040580306287357,1.342983903373326,2.275841481640854,0.00013180397344582097,0.01132860719015472,0.008028631264634125,0.0037447552979431938,1.1312460316845531e-05,1.140000133235931,0.6721718639079503,1.6487077233133305,False
47341,443,14.087524186039717,3265,905.1597752911398,20197,17722.53495323223,550432.4320546758,740.6625347751705,542.0060869544002,372.9270770275474,547,0.6366565262108604,-0.04804846174260646,1.5328492046385704,27.69775895520064,4.325022731758948,2.5397345231334145,1.3085280962464292,0.03122896115881174,0.6579497446412799,0.41762193108961465,1.39603668409063,0.00014512044861368582,0.011996899380820691,0.015085809010090316,0.014038067232816556,0.017001535424576185,0.1966221387916548,-0.056036240137698146,0.8086019939110132,False
44914,443,1.1051018065759024,2370,2148.4036160312326,5734,5083.813828243009,235511.86511871964,484.39100419528665,305.3617265027289,101.48031665124238,63,1.246812101676315,0.4917398338149571,1.6297311843800117,0.12759427834779008,0.35628010771096147,0.5060436809994939,0.3873799991464286,0.17827197187280533,0.9614407480774773,0.871262926528578,0.7622505399299425,0.0021869015408273644,0.04264891365691508,0.05885618308688486,0.08038875139543622,2.9582074332871715e-05,-1.930179007331898,1.4753010722775102,0.6969559064566817,False
47555,443,1.177786096031911,1984,1681.5202339155815,5933,4987.702837161016,482083.1467402632,690.8772968464539,335.3458547775436,76.96047407209423,63,1.154296488971218,0.40891968414706864,2.1399659665407476,0.18789738841848874,0.42888743804901114,0.6219118530376319,0.4411560868369214,0.19893087380734106,1.1674815442291862,0.8796160505686048,0.7220760506816761,0.002946258847825504,0.05186242558194383,0.05672583703476424,0.058162143518631554,2.480673995924221e-05,-0.11460876874908613,1.1084960774281452,0.9036759938719662,False
34958,443,0.4721229314769223,2350,5203.479459418905,6265,13894.455187841699,850549.9064450698,921.3577001557296,476.59472294270626,73.67305106986817,66,1.3090954173101585,0.4446180182059988,1.9396311183192247,0.028732780587582555,0.1576336291427924,0.2705945197284277,0.26749122917504864,0.0,-0.0680976714317499,1.7594510393419454,0.5713936446807454,0.0009665285083850937,0.030971653327252845,0.06717903071980433,0.07894280330366935,1.2122605848799436e-05,-1.1573333887960766,2.187638453340626,0.4656033952961203,False
54439,443,4.120060039172961,3587,2731.5351695053937,47968,22642.430988143195,1226492.239617926,1106.6559493419722,751.1217211137231,82.56124670294844,66,1.8042295238792696,0.6160665479078797,1.495787799359604,2.7947723150955626,0.8584142587288517,0.43194988639754917,0.26471224914471475,0.0,0.3386329263499817,1.1289932397421152,1.2064451805481782,0.00017692153073358785,0.013131781282390068,0.016058914957601048,0.02246046337295332,0.001474181094182207,-1.2847217793812242,1.0689402337991534,0.9739391975737574,False
63918,443,2.013491535618607,28295,13660.421199647031,1352246,675408.9730850671,433640.5400409341,657.024270513876,1045.77703375986,1514.0,1514,-2.1167869959512764,-0.7055956653170922,0.6366632691161677,0.43070500885047736,0.6306345370712833,1.0945771401708213,1.2423875009542156,0.09712203313406778,-0.6659419391868653,1.4450883135303947,0.5880292696104602,0.0004434108824466233,0.015302970221347042,0.003575010148578575,0.0005391911158706644,2.6835771017095875e-05,0.7848278283910535,0.3112958613124777,3.5378852840602266,False
59416,443,16.958644668730837,7510,911.9559445542326,154554,11886.55198309566,1396193.9301056922,1180.8137793068029,959.370582474488,100.22071692452784,66,2.1748477321419077,0.753629940317169,1.2490594803941057,13.44169075377831,3.3624952631852576,1.040882361257033,0.3005374277342254,0.0,0.5954120916078727,0.47532732129831795,2.8941943379138357,9.372212594313954e-05,0.00943799851402982,0.006718272697288353,0.005510315205274032,0.0003250074208742442,0.6405634612802018,0.6171878613053953,1.792276112637852,False
443,63915,1.961490633954489,1338223,681287.8962773831,45448,23125.132599142053,490508.5203269028,700.263827283996,895.1046210338628,1514.0,1514,-2.649086693199556,-0.8830288977331855,0.7843151021768718,0.2692135042324641,0.5188394140892331,1.1362271802119186,0.9590993212744278,0.5225498056752172,1.0276345470880504,1.1854922923112352,0.45846774773296206,8.065588270150591e-06,0.0026737687108851368,0.00018195601387255403,1.7088702533757056e-05,1.4266107601271167e-05,0.16405256859490128,0.055850709383387695,17.079927009874343,False
63903,443,1.121062742519758,2248,2031.0014860766225,12114,14483.752591330096,321063.8619889803,565.0312999707501,497.7554882029162,219.99124036488305,230,1.5324289213292994,0.5170852736564233,1.1620537114546543,0.07985078114073628,0.27297519805256093,0.7606737228441711,0.7763299005286428,0.9210705377351616,-0.13335159994931461,-0.5268715051881953,0.40094435934039474,0.006320271178585342,0.07573347608857332,0.07716528431092873,0.07516153877050175,0.00016274996862268186,-0.01576047773250401,1.0737788724597601,0.945631553580079,False
37051,443,11.502271783681294,3545,2585.3391854757524,15096,7179.136981078437,718864.5911686984,844.1597714002102,444.59273367971485,86.4020883352473,66,1.2682571211716913,0.4483971452015622,1.8968586510125425,22.38104116674879,3.5399072102617706,2.14336472629836,1.153589850452437,0.0,0.40041838646435357,1.1353337633509857,1.1836767250330862,0.0005141483001915153,0.02089928466724499,0.03888108047831673,0.04287177421549004,0.01350547210874907,-0.17369552953526257,0.5656481639580188,0.6956654487835018,False
41861,443,5.6775553788721105,6256,8561.530563055863,101632,54323.87628618759,1471397.240291287,1212.9564860047872,625.034556049375,83.5710103969564,66,1.342800061608403,0.46217457499209885,2.0374922195582563,6.970233718855111,1.244886864719204,0.6027592869546889,0.2955430012806039,0.0,-0.9552271452458165,2.110762294388775,0.8201928812670423,0.00016419583123068976,0.012773820304523351,0.01070935841162118,0.005778049583285247,0.00020947671494014037,1.1680452608726564,0.8076327644026152,1.2602138514999501,False
48789,443,24.41872749386393,16926,669.7823302020704,346745,13753.179475135785,1425987.319548989,1194.1361869544558,962.2222413503767,105.0,66,2.1531842078180206,0.7503882567691531,1.2429521415073657,27.413684929341414,5.165990260966528,1.9353753380867773,0.5958592405345017,0.0,0.7653436752536299,0.3661772168435748,2.790355320049391,9.992302547620177e-05,0.009932000947405319,0.00526331546417647,0.0008428980024920575,0.0006382869964507898,1.3214325634807809,0.4679905806825485,1.9002778155935194,False
56932,443,10.551531107834988,5552,1820.0194939012933,101362,17254.28839805344,1311504.064843764,1143.8052108606846,855.4436978400386,91.40773368691886,66,1.9898901985359432,0.6849787375234272,1.3721895920001326,8.12833126139434,2.112830146339208,0.7369937606117745,0.28265882240619605,0.0,0.4672660911452028,0.8015402093385255,2.0519207676129296,0.00013524290491312652,0.011281385955015934,0.011379733241447048,0.013969310282839044,0.0008985041448919836,-0.3202528225985337,0.8426355127005403,1.3838839341248381,False
50938,443,36.151151134169396,7922,5976.169139364847,216928,106342.02157784197,3605391.38494297,1893.663480502731,1169.1962268372376,249.20482537282766,66,1.4697734806744,0.5791798786811916,1.6359105568335326,127.44017575223796,6.340846231665859,1.6734670455837444,0.17730200455546538,0.0,0.8366469187590521,1.1527202072819167,1.6737270661013626,9.892127293168235e-05,0.009942638169039597,0.006738135530612045,0.00029655296656228323,9.405656885076982e-06,1.9305777352826152,0.6732072254226277,1.561473989380489,False
2141,61420,1.8771754291109362,605288,317538.3938258594,12377,6552.854251731602,442243.01129839174,664.9039590168966,998.3402667621928,1457.0760215100888,1457,-2.081087394431134,-0.6936957981437114,0.7127745045065674,0.28109238635827705,0.5299900259641966,0.9247700887678751,0.964534713420033,0.821331439852111,-0.21581189141675777,0.2007916328785041,0.5767944275325291,0.0001079506534022624,0.007248217168868307,0.002625140729457088,0.0020738283529902687,1.6921375720317803e-05,0.33113875693511163,0.1572227081881629,8.022218807542169,False
51072,13175,0.6232491356934344,126918,68116.25357916421,14865,42222.699324997695,457339.2389141921,676.2334288549611,849.4191444515692,1044.746095840392,1514,-0.8733515107138217,-0.9815121872018995,0.8044459931738008,0.061546955486309646,0.16745694309441767,0.2687221074670003,0.2737049948965057,0.24658728819902176,0.1483413474336765,0.10034136975117214,0.7168449570799964,9.387737727991646e-05,0.009504040398157094,0.013828041668379485,0.015976629793421217,0.0006972982494715952,-0.5851942195194648,1.2673781012744307,2.15550954191138,False
36287,443,8.074537804979455,3181,3444.28329349612,12382,9392.09210257667,763977.0406041514,870.6844992775635,456.7546298594671,82.55829104170913,66,1.2850406155931373,0.4487103378940975,1.9045320257497775,15.450947999489973,2.4876468825604396,1.5590157912865696,0.8780146527489676,0.0,0.2346350135830787,1.3357004496164973,0.9907589363658619,0.0006414970784018307,0.023848348459091517,0.04787970873569163,0.054402998974483134,0.009323420653379526,-0.49166852401748573,1.0822882195868226,0.6188533280196377,False
63905,443,1.6856625489038901,10423,5917.962013804255,414111,232411.81081498426,474296.4207387874,688.686585089506,960.5649569019864,1466.0074482460122,1514,-2.199834755989297,-0.8038878266608729,0.7187718728712716,0.3732749412403289,0.5912803654324236,1.0790847775631276,1.3589031255028776,0.2274015699833273,-1.298921167391168,1.3428194837006706,0.5633706251837994,0.003313725271758395,0.055941445317431865,0.00907208105566491,0.0019045083029454921,8.749517715654112e-05,0.30304478581375927,0.2548212465864393,6.6431259409072245,False
63913,443,0.47913934551746307,4544,11307.798669240352,156284,386537.7702803961,476133.2219687748,690.0198130027211,919.300662833199,1487.7926412767968,1487,-2.471494384277638,-0.8238314614258793,0.7505967883900507,0.03514450609663963,0.1255780652818237,0.27822063363820215,0.26185465705521427,0.16684057720076456,-0.19237788824271318,0.4823765611175922,0.40562529263200775,0.00029256435717286413,0.011357370455326948,0.005692773908743765,0.004278403475558156,0.004302661679499102,0.11719536169794853,0.030696259431831296,1.6680981686660208,False
54114,443,106.89048889618286,18111,833.1829406306342,548789,16702.83798846326,4324537.131938947,2077.958980114401,1398.3255447160354,535.8891558494204,66,1.2489399373645984,0.6401163313922078,1.4906747659860846,379.0362758396231,18.68953237346479,4.712301081692862,0.31301647167467395,0.0,0.7210567682784701,0.3549316414630175,3.7100321758546464,9.227804367351324e-05,0.009604988845849236,0.004740250467365597,0.0006944879327462104,1.6129596405849946e-05,1.2590404402801503,0.4905883994363609,2.0678853120766028,False
38483,3419,1.0138988014001475,2221,2642.003588497939,4242,4652.734762390855,208206.2661895411,443.32279161727644,262.4092234309326,96.05329162224962,66,1.073203082837508,0.4674863894152678,1.6276256986929603,0.127150971228723,0.34603386831725164,0.4078931676741392,0.2693945968017857,0.0,1.2090506384798687,1.135843498727486,0.9287501989054802,0.0010787757208887763,0.031829170287292374,0.05007658839069399,0.07502520754274608,2.1755688160580543e-05,-2.208091109274454,1.5376907220724352,0.6425870864509861,False
55548,443,22.169018429823247,12210,528.5119680569037,254541,11056.380238363934,1435094.4963958007,1197.9448829400824,992.426015330896,105.0,66,2.222030744121363,0.7732331833039812,1.2087077372801105,21.153364545935847,4.530505847010951,1.5234827234994806,0.4346309432195849,0.0,0.7086491516402789,0.3279312205369318,3.1068012428977383,8.371269984096318e-05,0.00908886349827056,0.004657661903918708,0.0008881134163334524,0.0002858938504805541,1.2312195154473435,0.48319576770921835,1.9643282722150863,False
57097,443,16.514301667677447,7344,2387.809578980855,150489,19670.20548317908,1450548.5686970274,1204.3662691802454,924.5700835503438,99.76743455441266,66,2.0571535246435673,0.7138081142208063,1.38630371840821,13.160373126669555,3.268405538986418,1.0006290326393996,0.2840095137726385,0.0,0.2613391208852487,0.7355924451654785,2.7774218286463355,9.163602168429936e-05,0.009378599796588408,0.005697146919923746,0.0021148621292726728,1.225581151813755e-05,1.1505187671426647,0.5734192192876485,1.8387409634119778,False
63915,443,1.8638733289039586,17352,8950.146977175074,660138,337743.9434072102,480841.39776859153,693.4081779369662,933.8771732119465,1514.0,1514,-2.5090264811842626,-0.836342160394754,0.7434441916993295,0.3199116573685319,0.5549271467024505,1.0026748016420224,0.903224410914954,0.14680829172044782,0.7033945539445433,1.5168173579426052,0.5520605239498841,0.0015237430298296263,0.03524432035537059,0.008838795467368436,0.0003276844728193322,2.3755220928849026e-05,0.7645151903324102,0.27465354089068156,3.7355428117666305,False
38013,443,0.5093012833699109,2408,4959.054738204759,8939,16367.699309417607,923142.6559351757,958.8522702815627,523.2285709659199,74.73808407742551,66,1.3936517696807467,0.4736034975741436,1.8548015280254817,0.025355500656537765,0.1571071578362384,0.26103611043054537,0.262783632204141,0.0,-0.059422795409368345,1.6925139925463444,0.5998428834968997,0.0007909630363961024,0.02740151790784802,0.05879190680577981,0.07025378545048583,0.00033657247304786774,-1.3070993824725887,2.0394087344417606,0.5059061607987341,False
54747,443,4.91336080877133,3829,2619.1027136585326,54554,21977.82134941661,1236978.1682113432,1111.2381883722314,763.9894932827154,83.65243173009118,66,1.8271301564898945,0.6245666394846107,1.4805423676422775,3.4526492411714047,1.013142326135791,0.46957604339832315,0.26692589983644494,0.0,0.35449940348071873,1.0886029871462146,1.3107318090247069,0.00017178060953745893,0.012903541114379408,0.015481753307196885,0.021413107611067485,0.0014031732388973999,-1.165757710741075,1.0410262919506017,1.0245045303766036,False
63913,443,0.8389323499007089,6544,9998.860705535042,226834,343186.3882944471,478600.38430639316,691.8005260448684,918.4260346428349,1495.1141630837415,1495,-2.5005213531094914,-0.8335071177031637,0.7532556853896818,0.09280690019879476,0.22779805802100386,0.45122274423191344,0.3849156497638862,0.17299211982295956,0.19412012439340154,0.7504173997637005,0.4452928257845839,0.0007759858225447729,0.02074977180001648,0.007184249267458671,0.0031672405159908377,0.0031070571684250195,0.28440618432412945,0.0904979451684282,2.341120947651951,False
36942,443,11.015268012170313,3493,2707.3757912106807,14710,7493.548045954111,725274.0538497798,847.928337629339,446.3206651192799,85.85597134060652,66,1.270641677596771,0.44844164282693866,1.897948864681535,21.396431062712743,3.39040472512551,2.0603419080174206,1.1144368235692654,0.0,0.3768643042780898,1.1638013552069373,1.1562674537021536,0.0005322416924066331,0.021318280189645374,0.040159582814553035,0.044510101455195274,0.012911296818579882,-0.2188723281181355,0.6390510759600051,0.6847521770003963,False
443,63915,1.929441602972215,926665,477426.6766994352,26416,13557.533669172304,460493.2592573983,678.2972391000994,971.5406996174775,1514.0,1514,-2.392209042973325,-0.7974030143244417,0.7035166932894314,0.277778272895746,0.5269936539039747,1.0218500237902335,0.9771305749706066,0.7157013366418178,0.2645109252172386,0.5887060731740957,0.5216799804655099,2.2540240267306326e-05,0.004456921647740064,0.0004775597120269052,1.7618254771530295e-05,1.5854764314590887e-05,0.2729295873557184,0.09156638246155069,11.986289490388181,False
23860,40499,1.6581273695928636,398480,209289.26964204572,12315,7691.087691955065,388269.1690778546,620.7156471766915,815.9816864863114,1000.8411273584466,975,-0.7226737832342656,-0.19455055272166066,0.8519958563828091,0.21240725858607257,0.4469731180796459,0.9068782264934908,0.945791114228307,0.9211978896667311,-0.24920817640707776,-0.12535179705729446,0.48800938561858664,0.002666785723122905,0.03486711331449302,0.03194182585264647,0.03053213832655437,3.507676833891885e-05,0.25667318894984603,0.4457637414713953,5.612923809572255,False
63914,443,0.994040022816582,7107,9328.782444780933,272315,334783.94910912804,475104.09645995166,689.277925501063,945.0391108758621,1497.8760414839944,1497,-2.4061721405514316,-0.8020573801838105,0.7299631296717184,0.19062392094912292,0.3337527661252966,0.6407861605124192,0.787111464693928,0.19863596311586612,-0.8758867311069078,0.8575055502977149,0.45967747666176323,0.0016873402310678461,0.03123766131080139,0.006508946478846045,0.0027453042291489785,0.0026537297520830426,0.20286296805406806,0.06412698446775367,4.0303029349339585,False
63884,443,0.9981080851854938,2014,2069.368377175517,12608,19982.621725938414,342199.0234500008,582.2284660269363,543.8306725492707,326.0333657404598,422,1.2217861624125002,0.28306310783164945,1.1144077759227327,0.06873520730137302,0.24339642854721394,0.6616464876457108,0.6739800590819549,0.7970114068214258,-0.07476947395437439,-0.43498626401237117,0.45395540633785364,0.005388685100415261,0.06594149218923437,0.06815994697842756,0.06688517510336228,0.0002685283076167272,-0.13641753536047452,1.1460989659235017,0.8953085413577917,False
42339,443,25.752362591525326,21011,900.7968491413329,424937,16818.266661111178,1408155.7616986812,1186.5001269328488,922.970223956271,104.00955352195386,66,2.069549642354992,0.7218183855687581,1.2880508933862633,32.53141926047511,5.605663139067053,2.2772283814033876,0.741030873042958,0.0,0.8026968817128439,0.437752356076352,2.4068216082329936,0.00011938729964298115,0.010908847107638729,0.006340077995048225,0.0017522856280755054,0.0010244294822402134,1.2958043282804919,0.4794470977210086,1.7959107742893994,False
44699,443,0.3611521019643997,2322,8714.339464092263,15308,54380.414931104904,1409131.3440350841,1185.696162772507,583.7123415524251,78.0,66,1.29120260518114,0.4405463651867304,2.064494594973281,0.013803578852033838,0.09662833760260571,0.1796869961046224,0.19525101906052308,0.0,-0.9909258236444117,2.2370590307647853,0.48718506287646735,0.0001821262963922751,0.013490989868376446,0.01360775281948549,0.012062542423431744,0.00045080364371154067,0.3757364812971772,0.9720599312836793,1.0228314484910086,False
57235,443,0.5240417239471049,1165,2256.231495310958,12282,37681.47178922414,393108.7566264202,619.8328998691408,652.7758946585325,689.0801562841785,1098,-0.060885978280931674,-0.6174940957336117,1.0948159451109922,0.042912517907694736,0.1595327274710901,0.1961011805006979,0.14925443368830732,0.06701063339882309,0.5276265680222261,0.39937313293002685,0.7810937260197981,0.0004072159718966758,0.017169378857758134,0.027502662318026762,0.037157092813797615,0.0006254937496583314,-1.2592212366969477,1.5607455423925152,0.6174207395549481,False
63905,443,1.1358317750903002,2276,2026.3929427602882,12054,13823.240992087514,318525.1546738692,562.9656156680046,492.2210423099471,207.25370249949174,206,1.5697426199212332,0.545195481632512,1.1677768323919269,0.08118595847873268,0.27652813227800804,0.7725686481257792,0.788623929682874,0.9359722371490927,-0.14038835110318704,-0.5379085504624428,0.3945767934695424,0.00643217117024937,0.07690966682648416,0.07824698486018776,0.0761556766682906,0.00015004411617486606,-0.0012674275902164744,1.0650919480355237,0.951676238854084,False
51565,443,23.49460357182452,14989,611.7520172072705,308870,12645.402150737084,1429728.3188279206,1195.7007035083302,974.6291923279119,105.0,66,2.1814646340137536,0.7597723782297962,1.2288854012127095,24.842102710818864,4.904949240860239,1.7661802076871973,0.5296307095480155,0.0,0.7420549903489143,0.3504667231294593,2.9203433491729234,9.326423126008806e-05,0.00958566128119387,0.005014528208771424,0.0008614713577065739,0.0004935327518424158,1.2843753114563554,0.47423648922913686,1.9265881328374859,False
63914,443,1.002154221839683,7149,9298.0386670403,274081,333925.29129457317,475106.9763320108,689.2800145067116,945.3316775829692,1498.0365954420406,1498,-2.4055903030634607,-0.8018634343544869,0.7297403227707882,0.19276852094319633,0.3367741469499984,0.6460181815574891,0.7939265868557875,0.19904072499589892,-0.8814787726926627,0.8634525727041549,0.4605406479587847,0.0017063760967433235,0.03152398330796344,0.006527329548321947,0.002720905379324574,0.002627484531741108,0.20485640605422206,0.06487223166197821,4.0616689372416515,False
53969,443,103.64502925254429,17643,1069.1386999556128,533563,20815.40621474172,4291543.346958633,2069.503661964461,1387.8132897547034,522.736326681645,66,1.2590715893625979,0.63732061963752,1.4973380584753795,367.4932643390414,18.122985331986992,4.572882003992597,0.3067900092843259,0.0,0.7263599444242368,0.39153349096339407,3.616608258343955,9.258282928704783e-05,0.009620479904809992,0.004831911706366855,0.0006762310206178059,1.5821107875262464e-05,1.289849990653112,0.49896679325029547,2.0446515985179436,False
63917,443,1.9983735915706136,23919,11561.349108302062,978731,472569.1611078131,471631.8657750738,686.7501714554676,981.1006862618625,1514.0,1514,-2.3278536061195667,-0.7759512020398556,0.7000210108047923,0.48714140565676534,0.6959490488200024,1.2486270380438989,1.4874242099796247,0.11911432000072986,-1.0554903326247462,1.6122156962659808,0.556813052762036,0.001632292738465547,0.030330327706660908,0.005020900196432998,0.0003568898149157731,2.2420701065412363e-05,0.6829304322766869,0.2630529503518558,4.7156346783412975,False
43265,443,0.611520435334816,2465,4349.4235435472765,12928,19507.82511314735,1013160.3857127548,1003.4763831391373,583.6195469451859,75.8695309341799,66,1.5028628452450086,0.5106945235907551,1.752376752643013,0.03209684279183833,0.17602193731580032,0.26576500828289007,0.260242968287299,0.0,0.05564383812301063,1.555610928731449,0.6590442875378474,0.0005854270473127387,0.022782767162363333,0.04480613935305773,0.055194510648798975,0.0008341262283056142,-1.4718267426058005,1.7432596843664352,0.5949346700753497,False
47514,443,0.295136687210242,2634,9064.765501274629,40291,130507.37661229752,2815479.384303756,1659.3304717779472,930.0168131715328,97.69576690549702,66,1.4770387222343677,0.5107228998550181,1.8369009837470087,0.006447838028780227,0.07936541177205243,0.13753261604386635,0.12465261520968976,0.0,0.3344343989554688,1.7986429674646522,0.5815240544942555,0.00012031160421216148,0.01088385515425566,0.008772145904471208,0.0017869591743631438,5.757529496365271e-06,1.9879044386449816,0.7982526107812227,1.2578752012231997,False
35817,443,5.964910671955878,2957,3972.9275253092214,10711,10754.073574150558,791741.8694845503,887.0093617009082,464.2397691174261,80.19259431183576,66,1.2953701555861565,0.44890309491845887,1.9092546674857207,11.18576503287966,1.8400245897815457,1.1993734222713477,0.7084096256739818,0.0,0.13260227014160642,1.459017778360845,0.8720260930518602,0.0007198749337252563,0.025663374079794153,0.05341798867506438,0.06149998630772366,0.006749542611277308,-0.6873676246176152,1.400258600641338,0.5715786751103412,False
63914,443,0.864786288585194,6444,9818.510151242566,244193,348461.7907102777,475058.2220345524,689.2446490457855,940.3787199614038,1495.3185248931386,1495,-2.4154404204915596,-0.8051468068305199,0.7335122937821572,0.1564618851305032,0.2856242012458817,0.55744358341674,0.6785511513277487,0.19218837853976573,-0.7868092688856565,0.7627734823016421,0.4459277383199088,0.0013841116910877978,0.026676744426655453,0.006216116543367437,0.003133961500406025,0.0030717984641349307,0.17110884115317562,0.052255697788101844,3.5306636095196673,False
53306,443,1.197977137483282,2694,3145.6743830491105,23708,25090.486676535285,1187867.856754064,1089.7775057113752,703.7239389876733,78.5419223399986,66,1.719876212305826,0.5847568943552471,1.5519435690970154,0.3715162301737764,0.288481318401304,0.29335585719483365,0.2565583797870772,0.0,0.28018956752499335,1.27776867401424,0.82231070643137,0.00019585785161191973,0.013972492293877412,0.0181848604435872,0.026318344873991335,0.0017357349055045347,-1.7229198553326845,1.1717598141150884,0.7876843746063585,False
37684,443,14.347058328956132,3847,1872.4738765509182,17349,5342.534434308043,681424.3201395647,822.1460476248462,434.49918533781823,89.5921791915869,66,1.2543279599796355,0.4481372165246758,1.890490270810061,28.13254811630074,4.413211860205735,2.628334679741711,1.3822985599116182,0.0,0.5380073334285356,0.9690430136162864,1.3437853953542707,0.0004084574580605578,0.018451761887376444,0.03141282980554864,0.03330164034607372,0.016976290960446547,0.09020047350472782,0.13687198467018358,0.7594142954036887,False
59065,443,1.20071515013043,2438,2034.8671103436584,10147,8337.71067218531,284815.16182518954,532.7191010346144,417.2281326344131,117.50235181808983,56,1.6710044520553906,0.6699752351970141,1.3139776384051505,0.09961735518943333,0.3143997818640764,0.7630590176163847,0.7466630455847907,0.8157893673937877,0.10644235055930051,-0.23226138129199536,0.4571479052021516,0.005898710150298317,0.07394950914875591,0.07862032204849181,0.08213299641619629,5.6696287692152044e-05,-0.4226729513384201,1.1271073111954117,0.9163713025211044,False
55646,443,7.2325155227939355,4538,2290.414944808392,73807,20034.885409220857,1267632.986232811,1124.6340171109127,801.6074505926475,86.84242850880369,66,1.8940784213956738,0.6494160133983402,1.4359735027306153,5.37590260587938,1.465478111842998,0.5795732635233936,0.2733973399681931,0.0,0.400883847619491,0.9705251429059143,1.6156058685359722,0.00015675151580235867,0.012236298270483994,0.013794464937408032,0.01835124236963325,0.001195587152223404,-0.8179752666047967,0.9594219972039872,1.1723284509246872,False
61170,443,1.2149409471511885,2448,2017.974622074628,10804,8821.840546819507,292150.7351387666,539.9095795857986,433.87213574014606,119.88618457269946,55,1.734117758733237,0.6964939254520888,1.2669983603396215,0.09545481871366239,0.3081686326069516,0.8012989522741313,0.8001188447611584,0.91064216438558,-0.02076827929625802,-0.3964488495565659,0.41175331914564667,0.006450970262697003,0.0786065570203415,0.0815609223737753,0.08239251328588561,6.073046619995295e-05,-0.19837920359496633,1.0753014273626436,0.9490169435122253,False
61574,443,0.39579336913786567,818,2212.3474371780644,14223,45976.5706426971,468878.4650929145,684.6035288548967,750.4067815246422,832.7439887170495,1355,-0.3706247978343582,-0.8926279133069692,1.0105676111251534,0.02823266346446099,0.11778171749193783,0.15154551087296758,0.12077436871762398,0.08365435169814425,0.39217598417409816,0.21150244051054212,0.7604782603248529,0.00030960478923880083,0.014126146935868458,0.020712413637390313,0.023520471959117713,0.0007746197704711304,-0.7484187269492606,1.509598818293424,0.6399595691208739,False
23422,26238,13.236910389041448,574581,290887.3090575145,33169,10689.256820265251,554270.2618167965,743.7638202003427,602.5763445554,672.879493313913,654,-0.3687361905288653,-0.0990460238861115,1.4376545172975548,24.735982334154688,4.033718986264476,2.698200569073564,1.5243321788967334,0.19921935363761956,0.9785981606066771,0.8684205349896806,1.2003764932349368,9.906538353827913e-05,0.00854440842381467,0.008405994612919942,0.006583022924988109,0.014866870372829405,0.4765573849228238,-0.4895128218538297,7.826815777598082,False
42214,443,7.514606854665205,2730,1160.7648689282826,10349,3010.881445991462,547309.5437957238,739.4859322520668,340.1987779192261,75.94782810652083,66,1.0689479621033644,0.3692180327366868,2.2062193827835985,13.456932314186329,2.379038970899293,1.5900749372162593,0.8442700324360428,0.0,1.2869820184475786,1.0253748596964667,1.1006456938370404,0.0013698888480962413,0.03400996916926883,0.03840173202772655,0.03908094457876345,0.008044180872685727,0.11393797052921062,0.4935009682420365,0.8906619095880293,False
30994,13824,16.95020381950816,300259,151005.73958174838,28074,6063.807728759137,573622.14615385,756.8840037369814,510.41167935429087,395.7443548934016,371,0.39677824302854425,0.16398891484031797,1.648459660656697,32.79784612366173,5.192263048324627,3.206532197105727,1.7115620967736684,0.10334741551963722,0.920324679674503,0.7310140479243399,1.4483117004599964,0.00012984715042739297,0.010577098272404613,0.011131992152006075,0.008746417655855073,0.019760642732432818,0.5855314203524666,-0.6672298347879234,4.496952411539594,False
21984,32278,1.5365831095482478,316904,166548.92587665227,8646,5296.6560244824705,481802.9512501568,693.4250098946245,667.7997335521973,792.2556959507251,792,-0.6101887279142795,-0.20339624263809308,1.501160028478167,0.2476892163246095,0.4963322737401767,0.7539355575357327,0.6656167110606405,0.4288023280053928,0.5993893842525979,0.6948011267119428,0.6882809327085039,0.0009836008025350443,0.024835185786308066,0.02521817089079392,0.02608403479299505,1.6003115602141885e-05,0.09430516250885412,0.6233294218135661,4.61012834925446,False
42903,443,24.451302263315515,20050,1020.7794403937644,403842,17266.877075281027,1396396.139415703,1181.3373523631276,911.2032333548561,102.65315222163956,66,2.0507210130611813,0.7144504631215994,1.302207779117775,30.837237719466735,5.324364073263356,2.1727946895883528,0.715708242285933,0.0,0.7750371270577888,0.48260540021753195,2.321488189257166,0.00012350839607435206,0.01107452790868465,0.006972733091118553,0.0030605346822286444,0.0010633632232677534,1.1352963759759855,0.5162742493999646,1.7420220233858974,False
57241,443,11.34698230675435,5795,1707.282263296925,107966,16587.87717774657,1322018.4180261511,1148.399871133358,868.3463511482262,92.50187662910079,66,2.0128529087263742,0.6935018706083202,1.3569028339351803,8.787991518440798,2.2679776407600665,0.774721912208232,0.2848784737215691,0.0,0.4831755781140118,0.7610404694122288,2.1564900896557044,0.00013008804803446615,0.011052527088059896,0.010801007057913025,0.012919115415501425,0.0008273038060248115,-0.20096627371992715,0.8146459035120388,1.434586336218995,False
443,63915,1.9313427886962584,951079,489519.9609101821,27545,14125.09474485949,462273.79938918387,679.6003226124922,967.006422700169,1514.0,1514,-2.4074473233976548,-0.8024824411325517,0.708309748704654,0.27727020087567866,0.5265099349317915,1.028635009491232,0.976060940068611,0.7042433635925256,0.309780304387658,0.6241081245109023,0.517930157435837,2.1681587107006123e-05,0.0043511429454382786,0.00046002415748186073,1.758684111802088e-05,1.5760523354062637e-05,0.26647087620595045,0.08944768727172231,12.288449981320184,False
48427,443,0.7120031899833623,2522,3750.1481574640566,16848,22594.60958197248,1101648.9838021335,1047.3424659375562,642.9846610716878,76.98175789673732,66,1.6102187516469244,0.5471554841372641,1.6516918675030678,0.038723669709908246,0.19461541132866156,0.2704135763204955,0.25774546264287634,0.0,0.16875583409650363,1.421033438040963,0.7172400369913192,0.00038338249924604526,0.018242475162086623,0.03105794821167568,0.040391047833900455,0.0013232280350902366,-1.6337558781346408,1.4521413198907083,0.6824508515580463,False
45139,443,0.6480040314812496,2486,4131.836742281428,14351,20628.58457426677,1045289.105586615,1019.4034191259706,605.1740202132968,76.27336181508129,66,1.5418419670535337,0.5239328843855259,1.715819766318903,0.034502932054187946,0.1827729146274504,0.26745282505837964,0.259336166044235,0.0,0.09671289912604361,1.5067481080621197,0.6801741841845474,0.0005120680742129643,0.021134263592727416,0.039814402660522545,0.0498196225817219,0.001011710858181994,-1.5306204849314224,1.6375595084756427,0.6267103218542083,False
43869,443,0.9792260465263485,2138,2193.7588714203334,5892,10166.63194402068,252376.4012450605,497.51711806527544,341.80855534508095,202.89165132031792,250,0.9155301822571039,0.2524299454167238,1.606567543398814,0.11887335744485987,0.3307091471516099,0.3915948428041142,0.2622923824384803,0.011984638484009668,1.0801816797258714,1.040261397698203,0.8356791374787882,0.0010162941612711146,0.030904646256451805,0.04871040666952562,0.07225638825648982,0.00012993293616504693,-2.156338267549518,1.5705358071456503,0.6323484940981506,False
63914,443,1.778909480660213,11585,6514.289378044366,420395,236239.72446906747,482248.3705238792,694.4340693468065,932.700103683424,1514.0,1514,-2.510792910125999,-0.8369309700419995,0.7452084007292705,0.288214598789211,0.532822255933126,0.973743383049672,0.9206266025499802,0.2031694000499007,0.4451656488276353,1.4454939965694342,0.5472598252609645,0.002470224905425879,0.049238243676130826,0.010272006176345858,0.00029929734456520766,2.158112047100638e-05,0.6269982586732396,0.21473658334657994,4.957770437436807,False
49243,443,0.7962242768552162,1747,2218.875291650279,8461,21228.665792986165,308956.27187602216,546.6928111163439,466.8294986891434,398.3583060108671,591,0.5229729775154022,-0.09731329290023166,1.4008235327350946,0.08833415086094662,0.2618895807175088,0.31299880074735453,0.21684673847591798,0.03410722475909498,0.8580330725207245,0.7825994335306665,0.8137336828580767,0.0007714210824005068,0.025382535506625704,0.04018407007457052,0.05814510879979379,0.0003291676227532453,-1.7956623916365226,1.5665997406194119,0.6263469572193255,False
63917,443,1.7545768373719874,11947,6843.373568265559,718883,419370.9188028246,428567.6647493035,652.7696791940684,1054.029238067067,1514.0,1514,-2.087200322238756,-0.6957334407462519,0.6299988501208333,0.3027629589574765,0.5313480945927425,0.9384305800737535,1.1539270767158263,0.25799544113355555,-1.090696596275456,1.1811869913760886,0.581980736177612,0.0028517036067334817,0.052410319759264426,0.0078120754233354005,0.000502669537959016,2.189491034535239e-05,0.42389332778186833,0.15210438075949428,6.640428755512714,False
63835,443,0.29763188049543515,1899,6449.842274202748,60189,204742.302097537,467504.68726087274,683.7272857829757,854.226252197499,1166.076484299416,1501,-1.361844645687286,-0.9468896353961724,0.8035388029215906,0.00554056829851282,0.07441877151819677,0.1382787372397972,0.13865009478094412,0.12386161971170213,-0.021686456915849084,0.1963938248368616,0.5958682630488034,8.03956239891235e-05,0.008749951795659665,0.01188613710108459,0.013488163414726629,0.0026080647528722314,-0.4550336390774496,0.8879841888984523,0.9145833237324372,False
37529,443,13.649344015597201,3773,2047.311714686799,16796,5792.980843709691,690606.9468770447,827.54514872574,436.97473597708114,88.80977530434953,66,1.257744235676286,0.44820096681153554,1.8920521841379918,26.721929548538192,4.1990245584551396,2.5093906139282423,1.3262053038307464,0.0,0.5042621732454828,1.009827597774912,1.3045170322633717,0.0004343792670160356,0.01905204301518997,0.03324449812484581,0.03564881799022549,0.016125035531132294,0.025477157491777258,0.24203392661390677,0.7437792092419849,False
63916,443,1.7884799191557104,11185,6318.739983189129,445162,250715.0196628977,475386.0571628705,689.4824545526868,973.6835480907598,1513.5954574637894,1513,-2.3492059615960437,-0.7830686538653479,0.7081486917001238,0.4005960688012913,0.6295682202869947,1.1530395874810968,1.4543621604670731,0.23826513478146183,-1.4233888228183795,1.439762881014861,0.5441883093115821,0.003551091799262892,0.05927069539061974,0.008308784487163538,0.0003564769807528059,8.412921991922742e-05,0.3980352424451816,0.13709217820297998,7.101265768228185,False
48695,443,0.5704630990402715,2441,6108.685574806534,17733,40692.45255341903,1302089.0741661754,1139.2843079222441,637.4156371994957,78.0,66,1.488440826047647,0.5067126120128413,1.8258145089607025,0.028449647518685513,0.15098785480696225,0.22458067690683764,0.22370849817618432,0.0,-0.3938538434499059,1.7931286998455005,0.621103282717513,0.00018982331926081891,0.013772149751509569,0.015906617216756715,0.019046442191998553,0.0010747983309842626,-0.6441248376627808,1.0730010946880038,0.8998189530158466,False
63917,443,2.0704334039480234,28723,13584.924339667781,1179991,557777.8785582214,470201.13877004944,685.7089016330629,983.6415190906554,1514.0,1514,-2.320289525648699,-0.7734298418828996,0.6971430541384822,0.5180049378226362,0.7183023835075826,1.2799709117716174,1.4934683063768397,0.07340547317203498,-0.910194847832702,1.6721112907766558,0.5607878167703187,0.0008842028251583031,0.019047984564236592,0.0037526823798203334,0.0003804305993255686,2.4102185666112043e-05,0.7893843874841666,0.3102499098433789,3.7781605585794815,False
63918,443,2.1012464071467876,32008,15061.998619211045,1387087,661789.3868195014,455818.9575803713,674.4831599400121,1008.1626205880083,1514.0,1514,-2.2405220789033886,-0.7468406929677963,0.6729853878619585,0.5082176876729749,0.7022848411585678,1.2346893247752204,1.4060657920139148,0.04932892195649396,-0.7168819995187913,1.6320722132964878,0.5735875646097502,0.00018730174940833345,0.009598181795762946,0.0027793427856211543,0.0004552957832583816,2.630534741786121e-05,0.8639728723503423,0.34443933803688986,3.0188615350458226,False
10146,54213,1.8034920782696937,534058,280256.8363886918,12538,7087.47291565798,417895.2410525233,645.1643648007856,939.3551299699875,1301.3729373945941,1290,-1.5919880926303889,-0.5114614535970027,0.7309270184079817,0.2543077553888202,0.49727979681880713,0.9259231422252872,0.9717576243571311,0.882394501397506,-0.2705280707950249,0.04088208775573855,0.5344158845385806,0.00112429271598242,0.01781018731173861,0.01363955861928245,0.012661514408923246,2.449009782003227e-05,0.3121600680016921,0.2534064826729553,7.195028944953021,False
11072,48303,1.769516784292517,1061519,539863.8787139695,37797,19610.999751995325,502787.6356671596,709.0194917387848,740.7311592143434,1157.8532092992323,1157,-1.7848385751982558,-0.5949461917327521,1.1826624440121847,0.25386268169549364,0.5032303007470216,1.0107451659614113,0.8043223437135734,0.3696285053768277,1.2377247163376786,1.2729141505263704,0.536962923370872,0.00048145309690141713,0.012624698000627347,0.012372910786039124,0.012879605363596235,1.4245957728384509e-05,0.06951189473726334,0.31615194153658643,13.739456641442457,False
44624,443,0.9535041645998238,2083,2197.289119224672,6253,11721.460233613958,260329.00604447306,504.4290259259902,359.3809206223003,230.3655398054312,298,0.8603541580693694,0.203271654233225,1.5776491173153278,0.11458090788389219,0.3210361873478129,0.38054774682624926,0.25590475301729715,0.015094086841256139,1.048957499462799,1.0040456243142406,0.8325945859272252,0.0009818759344254761,0.030128483922352664,0.047511984252325154,0.07027297211428743,0.0001579364417775841,-2.1056433354149715,1.5699825718483917,0.6315049458458455,False
38303,443,17.126468724825713,4142,1175.9909528069697,19550,3548.1389215575364,644844.4654241396,800.6382220852901,424.6375972199761,92.70895844681996,66,1.2407189053785976,0.44788326127874606,1.8842682425988313,33.75187946263781,5.266447062279919,3.102159519965219,1.6057513056905994,0.0,0.6724343434916229,0.806573798020036,1.5002146021426357,0.0003051955012522611,0.01606048572298603,0.024116207289764678,0.023951438092516042,0.020367346790140125,0.34803187231251365,-0.2820504726907477,0.821698127319002,False
63877,443,1.3791066857269265,8267,5113.874756710721,325822,192272.153085373,471568.4293780912,686.6941532078273,926.1054356465334,1346.6491359767117,1514,-1.8319920246095671,-0.8568808251164333,0.7465881191762661,0.2918877792633417,0.4771244530171962,0.8623716466023421,1.0787881785356153,0.1978472725158554,-0.9543256567620182,1.0644528107460756,0.6056683538575119,0.0026041031656069986,0.0458673181531726,0.010855216220139493,0.005907383490907074,0.00026033089338977,0.05431007360464335,0.5429454317123179,5.307170531810512,False
57498,443,21.520133409281993,10850,487.76526738006515,227947,10278.540714081033,1437721.2852236424,1199.043427552971,1001.1377091285692,105.0,66,2.2418881945079256,0.7798223600383232,1.1988306019226544,19.34769634398408,4.347212672086998,1.404680273907521,0.3881277625695874,0.0,0.6922967140262566,0.31689990342320573,3.198073942301296,7.903714527662776e-05,0.008845676825937798,0.004482972861157384,0.0009011549269928609,0.00018425287057944923,1.2051993084517214,0.48758140950345696,1.9828023862793795,False
60120,443,30.30393216391984,9692,393.48931815822226,225556,8575.444184223912,1749296.5885956576,1293.8908899011442,1058.2892135193085,153.31378127483305,66,2.16625874275561,0.7761119254253526,1.2121815069432076,57.12988356782677,5.717530086838494,1.6082952693819816,0.3123339784607153,0.0,0.6691577367292094,0.29359444575705435,3.415240503958615,7.329204541246285e-05,0.008554256465678714,0.004220430155577678,0.0009047274801588772,1.4309703726120725e-05,1.162697990545286,0.4920391554619629,2.0261036674404806,False
62162,443,0.3705536146312798,783,2232.23368838602,14540,47357.28418168183,467035.1981652484,683.2909137251912,764.9746824204534,857.918744985326,1397,-0.41551645952992794,-0.932843463140498,0.9661824737892214,0.022225260238205757,0.10655986000195627,0.13789443551768557,0.11360679982713082,0.08640100240003665,0.35613331096533923,0.17791528981737464,0.7588500053225866,0.0002560679445244336,0.013143734341150844,0.019754120897187494,0.022575117464732213,0.0007995606149506191,-0.7675935457801645,1.5219799453775438,0.6319886054791357,False
51767,443,10.818078284959146,5560,5248.763920691694,102651,35214.96550411731,1462797.8034833993,1209.4284846063458,792.0672912579855,92.16180751839687,66,1.7402914028709238,0.6018125455452228,1.6828471201325679,8.563254101926042,2.146604570490077,0.7025820166308482,0.24589320965691985,0.0,-0.3252520878548295,1.371027487698757,1.9437745951407712,0.0001213322986532299,0.010745300095188452,0.007887286433470447,0.003847254954142934,9.720602506132291e-06,1.1343910976994636,0.6875082697039633,1.5843661431180518,False
55521,443,0.6555579801844966,1174,2007.6804579940072,10961,31766.42785673618,487849.1534328262,698.112810751156,600.4756437642153,573.6483319619015,919,0.09139495107182705,-0.47873416256517043,1.467374270370243,0.09006015715348546,0.2332757665860034,0.29204078704959585,0.19454215217617815,0.05538614286624517,0.7631229751486361,0.5571774800081971,0.7772360709936554,0.0008605997539585523,0.02423702283553475,0.030575050806172663,0.03324995021022974,0.0005179315065778187,-0.551073726854284,1.3821737016788338,0.7219957977031558,False
43580,443,1.5132180741103198,1918,1582.1885511488854,4887,3874.2113935960506,526242.6435026426,725.4000969658018,308.5530121992855,66.54626287583321,66,1.0006051391433477,0.33424353353347486,2.353823175457308,0.9385592893816792,0.5649679323608856,0.6234770042678406,0.3668176077215273,0.0,1.4787785509786202,1.222980005426178,0.8260261224310684,0.0019088532303134138,0.04349616792278893,0.04926765307688196,0.05158639107891793,0.0004559046263297589,-0.14912890455280592,1.097418899722888,0.8831656394004366,False
45930,443,1.1722483564830086,1937,1650.2841135401222,5364,4543.931892282394,500001.8711293971,704.9435147650786,323.3967233546172,72.38621742357898,64,1.0884975263330081,0.3769061605298761,2.2327966111663518,0.1976222317657086,0.4416901304690606,0.5991260822730314,0.3985538679161496,0.11590883788783904,1.3020494512947267,1.0277076667317382,0.7587994584303864,0.002526376127381532,0.04860087238553392,0.05387671714367236,0.0557210553455989,2.071398401057067e-05,-0.1353945334581815,1.1185174836576817,0.8949344027476696,False
46351,443,0.27800423736041463,2553,9374.732706236702,34811,116898.05890336298,2542694.6412360696,1568.979648154238,851.1125678993488,93.65575442481072,66,1.4100154829137577,0.4866318625585439,1.9185626753198821,0.005810338169443726,0.07494025435455101,0.13960039078992362,0.13496350398587828,0.0,-0.02492283965140385,1.9536272428683672,0.5425480456472347,0.00013186312233066054,0.011377430127086564,0.009427141444999948,0.0028712363701411856,5.602144400954258e-06,1.8066712769155906,0.8191116415628508,1.227689756046972,False
42072,443,0.21497912896792437,2253,10515.008432247294,14653,66833.48954686311,1539201.96211804,1236.6062571828113,560.8476814121929,78.79376873484041,66,1.1634572288389715,0.3980082126890473,2.218971373901091,0.00346516873442068,0.05866143676941332,0.14720710953965488,0.17289414954085364,0.0,-1.346889581906444,2.523767581352949,0.3991670812304675,0.00017435766852211222,0.013193143375055102,0.011836672206815519,0.006859964683395524,5.030529566724632e-06,1.139969213729708,0.8958457156443604,1.1166466203143135,False
55259,6996,0.26385078037026183,626,3289.449587015034,13374,45883.00061432136,399896.96538232575,590.9317012045608,707.8528695391591,813.2862749433604,1319,-0.43560423747525967,-0.7871197366338435,0.7628228930738842,0.00497817426671329,0.06671851524088096,0.08745191127760925,0.08131896637619511,0.08130400839222872,0.4028634833686989,0.13600382546354167,0.9456773456805314,9.447843751506638e-05,0.009050017808005385,0.014831060264307099,0.017303381369423252,0.0007536810570098832,-0.7098980858220063,1.4811826730634208,0.6289291722254706,False
59622,443,37.92376141109379,10558,373.4000953056732,258099,8266.517430414402,1986424.8138153702,1365.6891993616314,1091.1432625934997,190.610270795737,66,2.082198442404094,0.7647273278723601,1.2352597640006746,88.63122189367641,7.012376680568531,1.9190987295398139,0.3139558577480757,0.0,0.6724401546359663,0.2898677577770631,3.4648631021828327,7.490286255028073e-05,0.008643748247184271,0.00424364211063831,0.0008906217565580226,1.454878378715216e-05,1.1635344993838173,0.48980942565869273,2.035642338692324,False
44823,443,20.02312739244802,16777,1429.1416692664461,332046,18793.72815187155,1356372.1199637935,1163.7657854512001,871.1541357402863,98.03662366978662,66,1.9866375410776367,0.6893736482164052,1.3503909142782178,25.071069953131587,4.366959234008622,1.8173533316894739,0.62952235624266,0.0,0.6808968110077223,0.6352632890497658,2.031054845498313,0.00013753459859712662,0.011638424558109222,0.00912598251207323,0.007513176470490801,0.0011958746909598284,0.5890055810309309,0.6416159142670835,1.5586109951658105,False
63917,443,2.093177070426777,30240,14223.609324244248,1243513,584671.6295525273,469749.56976437406,685.3802539059341,984.4434619840628,1514.0,1514,-2.3179021349829165,-0.7726340449943055,0.6962347075247546,0.5277461494463972,0.7253575890659815,1.2898637297889854,1.4953759565370113,0.05897875274213023,-0.8643363875071093,1.6910156617450782,0.5620423399775493,0.0006480891451050132,0.015487028171702368,0.003352404859079879,0.00038786059021231263,2.4632899300879472e-05,0.8229836042001698,0.3251463114585318,3.4822730450142885,False
50373,443,1.1873826059658947,2066,1735.6502154423595,6919,5756.726414982578,451031.26806555816,666.5015386878002,356.05285217060697,84.88733646430742,62,1.268321425143692,0.4643968503628564,1.979097042413708,0.17104492452705766,0.40670127997751254,0.6613979779384129,0.5149827111251571,0.34280217461615925,0.9342849040575172,0.6229837815535619,0.6584369892635438,0.003673885826715688,0.05751446598094862,0.06166315976302293,0.06239237621472869,3.189919578385402e-05,-0.07858851251370383,1.0911296910921733,0.9188245513875973,False
45090,443,1.1693904804942619,1912,1634.164005757097,5070,4314.913839578301,509249.2349189827,712.2027052862516,317.2301032963068,70.02556861972761,65,1.0545404805478817,0.3603848561866833,2.280703969024664,0.20264095755642436,0.44829725002307086,0.5873669689058914,0.37656802740381673,0.07306343483195832,1.3714962692720611,1.1041337012589856,0.7777514052135819,0.0023096861342444706,0.046917673946219894,0.052406364258003324,0.05446127647472253,1.8601824554493125e-05,-0.14612149837686156,1.1236892574444328,0.8904231065487501,False
46857,443,0.4741786839106223,2386,7307.303250251609,16618,46989.00395427255,1351329.2120111163,1160.6340619331138,612.711773168699,78.0,66,1.3977099662139407,0.47627570967145694,1.935608895332505,0.021712361015740478,0.12598212460706099,0.20392929279684938,0.2106178733595511,0.0,-0.6685108237637056,1.997339529032756,0.5595000337113228,0.0001862826388594512,0.013642814383164921,0.014849124695838668,0.01583380303813317,0.0007877567309373999,-0.17498202156020604,1.0265675053560073,0.9564054981373686,False
63835,443,0.2976389994665572,1897,6441.749540778466,60102,204443.71893162766,467493.94200914504,683.7194355794566,854.1304617089694,1165.6117319652658,1501,-1.3602444994018845,-0.9470768532702393,0.8036182089632414,0.0055409570223510715,0.07442139107241713,0.13820517087251383,0.13856317775061,0.12380344974091645,-0.021144258223635526,0.19617873866296895,0.5961764054905256,8.045153884968893e-05,0.008753252571563126,0.011896320207932305,0.013500785153611174,0.002604682156889026,-0.4557435241488745,0.8892826888799357,0.9139914544704089,False
49332,443,1.1838372373371215,2036,1715.6522432940155,6555,5472.615619875667,462503.1841345357,675.5070051409963,348.4027856924306,81.9588083386362,62,1.2261956487536563,0.44390116953016423,2.038529027673764,0.17727095849245056,0.4148978128171385,0.6468100840626093,0.48770794149324775,0.28964985153440403,1.020437896977594,0.7177949162218835,0.6819480295759625,0.0034050687377789207,0.055426356151746174,0.05983909776222107,0.06082954406050535,2.9278933776674493e-05,-0.09189596359079383,1.097545590386215,0.9132280146303233,False
58517,443,0.4804143569116084,1072,2262.219214915849,12895,40318.645253476345,406597.318989909,631.5563166088768,682.5807134436036,735.6791345493076,1180,-0.15447106920366926,-0.700872396684785,1.045766859494433,0.03563201358796296,0.14312623867352364,0.17736399352972143,0.13842025545668574,0.07228462715818416,0.474666649435755,0.33794687950075564,0.7758619602001605,0.0003488385709119829,0.015852915345267154,0.02546999554783776,0.03379298344313914,0.0006729910214803786,-1.1732366101680185,1.5598071896141517,0.6159899815209678,False
42817,443,4.865835772161774,2371,1346.764294022159,7938,3391.920482703028,538011.4632455853,733.2690123784446,326.23161262004567,71.79835620528323,66,1.0387841950533638,0.3537816986643687,2.2713657467333452,7.931827095952531,1.5783811424885785,1.1634575746656135,0.6335417790103375,0.0,1.3716332762928802,1.1125898052535086,0.9794396853567218,0.0016077659999217857,0.03819679489577691,0.04319751155679533,0.0446003445501048,0.004695021632657792,-0.002169143500712678,0.7600459983348653,0.8873533581134333,False
47125,443,14.268495919022552,3299,887.0229567772151,20259,17283.78465189165,551593.583864948,741.4629337726088,538.5544243186395,365.65376621552224,534,0.6520854514720605,-0.03498514586960916,1.5418866474904709,28.06127185871167,4.380802686635395,2.5717551890483987,1.324472004126208,0.03040578010934184,0.6632099928243779,0.42197841325403673,1.4044596804752578,0.00014559251194076043,0.012017232729989821,0.015059047129831414,0.013960054402088778,0.017213320214582238,0.20997009348740575,-0.07719683103308639,0.8112075214325695,False
50666,443,0.7477706812079024,1643,2225.525396029689,9142,24157.573617855265,323936.9913425968,559.7131177016565,499.9314421682972,450.1122440516259,682,0.41903514073286174,-0.18991522500310504,1.3463484469614895,0.08024824890564908,0.2436681424734206,0.29218883345500957,0.20481404141265488,0.039964648170748955,0.7992145222603874,0.7143779696185835,0.8079231588046791,0.0007065857468197008,0.02392043969262022,0.03792654181969475,0.054408848598104305,0.0003819192270694886,-1.7001658121081675,1.5655575836159796,0.624757923180411,False
63913,443,1.0186698611725489,7543,9344.97013751549,262078,321529.8540833217,479832.8752471975,692.6900956768114,917.9891070419393,1498.7716886394664,1498,-2.5150220106376886,-0.8383406702125628,0.7545839589348028,0.1216126164957623,0.27886288383289043,0.5376473506696956,0.446391766015825,0.17606517279487963,0.3871983389679434,0.8843193730387309,0.4651090634553495,0.0010174829334468518,0.025441822012206183,0.007929327870524404,0.0026121500541503237,0.0025097832451751456,0.36793770592240294,0.12037236193920946,2.6773349313883767,False
58919,443,15.674907850595666,7118,1093.8966266451448,143897,12962.03797229088,1379225.3689702717,1173.3986989513182,938.5476694839033,98.45493722479283,66,2.1377894229009753,0.7398749044811461,1.273729974554607,12.377099788824728,3.112110888757195,0.9799948833698224,0.29695524931669637,0.0,0.5697366080492989,0.5406877196972606,2.725435413499477,0.0001020412781128058,0.00980734179249529,0.007652248421293504,0.007205169420403013,0.000439913899853296,0.4480531791764324,0.6623588182280917,1.7104501748247123,False
38631,443,18.597684952479845,4298,807.3239214038921,20715,2598.317405054807,625481.770392654,789.2535550341873,419.41759498821807,94.35875303099832,66,1.2335152689520261,0.4477488359778028,1.880974756726113,36.7263417721918,5.718087265239062,3.3529676751906563,1.7240308178462904,0.0,0.7435901537072509,0.7205744987317215,1.5830167632945524,0.000250536186894996,0.014794719320485043,0.020253909923301356,0.019002126070180304,0.02216232329772617,0.48450892459974904,-0.5037973288995519,0.8546666246558706,False
63913,443,1.1929716506697892,8511,8710.854891706855,296257,300528.26882381353,481028.09251153603,693.5527624492224,917.5653932485416,1502.318601273249,1502,-2.529084131216563,-0.8430280437388541,0.7558720620926698,0.14954717430054648,0.32838337878352464,0.6214582560956475,0.5060086873709173,0.1790452887897838,0.574437374799344,1.0141718083701092,0.48432600744592896,0.0012516765544155024,0.029991972632455167,0.008651873392110293,0.0020738469467632466,0.0019305724120784419,0.4489430207895148,0.1493432999837342,3.0033809448475424,False
63914,443,1.7791129292251926,11583,6512.438861965247,420593,236323.17498498145,482201.9061764778,694.4005424222462,932.982890703789,1514.0,1514,-2.509687718657937,-0.8365625728859789,0.7449534006274203,0.28901295976726155,0.533529611873796,0.9750480284114961,0.9243607148329995,0.2034141956471399,0.4324048723510153,1.4455567171654358,0.5472537479268957,0.0024778762484578445,0.04931113473712179,0.010259013195852993,0.0002992682166805585,2.155684723379872e-05,0.6254803667100365,0.21422302860761225,4.97283497681009,False
57577,443,12.213253151857161,6060,1584.5079483384823,115158,15862.134842094187,1333468.8723461516,1153.4035976256632,882.3977378335902,93.69343197841053,66,2.037860007074506,0.702783824938648,1.3402550837704958,9.506381847261338,2.436938038695384,0.8158090308297524,0.28729574234020216,0.0,0.5005014992268914,0.7169350057708902,2.2703693007259558,0.00012447425019152165,0.010803292736088821,0.010170756426857072,0.011775420872722292,0.0007497644449604701,-0.07105954952760629,0.7841643573923522,1.4898028130695131,False
53723,443,98.1838512511888,16857,1466.184586705271,507943,27735.679332433512,4236024.267228545,2055.275785932965,1370.1241788603513,500.6038865363991,66,1.2761202546009158,0.6326162383759139,1.5085504691520804,348.0696857405731,17.16964910865229,4.338279672209373,0.2963126584107487,0.0,0.7352836692843938,0.4531239087312394,3.459402592850658,9.309569608267334e-05,0.009646546915250256,0.004986151289346062,0.0006455098723564943,1.5302010131983773e-05,1.3416936298301612,0.513065227681005,2.0055559204604303,False
21236,33376,1.580820088397602,731019,371983.89168536925,27434,14718.412077663868,509721.3682089621,713.8732622723716,605.3632597234822,817.3091325142243,817,-0.9173098025468582,-0.30576993418228615,1.5506170816727307,0.2405561638528815,0.4896110548207143,0.8724411100564324,0.6592141137352721,0.2543430466311759,1.3163840894717225,1.2609209538884252,0.6221437203990645,0.0009364199545388594,0.0224252804810237,0.024077128255823442,0.02517870276659953,1.4481140101854818e-05,-0.0034485285101311103,0.5707698850643146,9.729501786855119,False
34250,23219,0.6676608099087914,1415,5616.429770755123,6339,10650.434458664537,160881.8973059782,301.78302911223807,281.4496946904312,103.60246145089081,59,1.0739866129364488,0.7917541515586459,0.7533196636791267,0.04797614737676885,0.16376212566408854,0.45518979901894047,0.46337346165294124,0.5509856041413501,0.5268020462511496,-0.11063560743528966,1.205140942568158,0.003819916367058936,0.04513007765425844,0.045517856279626824,0.044095576199997814,4.356429276247612e-05,0.05038204654750309,1.004064418060375,0.8787052463003014,False
43426,443,2.1900280430577945,2009,1534.662260200762,5503,3776.8488769527507,528618.4749400889,726.988634901152,312.121881089038,67.60652964149523,66,1.0083125391430316,0.33818780219948363,2.337177075364658,2.350325793435357,0.7695508061183445,0.7324856255894914,0.420662571372599,0.0,1.4571485899857306,1.200694974838171,0.8569964978544816,0.001848071221326742,0.042426356564357684,0.048042242766572985,0.05017608237089564,0.0013116767148339437,-0.11946139090458899,1.029311717969103,0.8840110354543175,False
50479,443,1.1877447148210496,2069,1737.692723163923,6957,5785.7442818183135,449859.57540701254,665.581758690584,356.8341973858238,85.18644385705348,61,1.272623972567763,0.46649019193013824,1.9730269125074833,0.1704090239290021,0.4058641210150539,0.6628879233019553,0.5177684399562503,0.34823092656701676,0.9254856042100262,0.6133001759752698,0.6560356717187507,0.0037013416595255673,0.057727736627491234,0.061849461688718764,0.06255199723624177,3.2166818187889954e-05,-0.07722934612534908,1.090474398457918,0.9193961578212873,False
46364,443,1.048487159328708,1712,1698.0939142200334,6027,10271.661044919232,516544.89057411073,718.5474304822171,373.6844782894591,181.7310368444568,260,0.7902624371187745,0.14733622891975554,2.1583562517940384,0.18358262060949201,0.40797616832173467,0.5045589330714645,0.3061259221318722,0.012626645922293362,1.3242305720702021,1.0800578253069417,0.802584530754268,0.0016940543124051638,0.039531092923363945,0.04549362617066359,0.047967104665209086,0.00012965571942894502,-0.2525626687732677,1.1894259433448924,0.846086711500249,False
39441,443,19.698939192675198,4379,305.16854163802105,21439,1258.1039833724726,590080.6629297336,768.0837293057103,404.44766108971606,95.0353759153442,66,1.2077011237983195,0.4402250841425447,1.906546468721711,38.87238577715905,6.062060555824383,3.552512446753529,1.8136188333601646,0.0,0.8975867002825575,0.6241865922286352,1.6581926628609098,0.0002756552646027387,0.014750593970680478,0.016341172703448488,0.013691735219959342,0.023450294863800878,0.6480300532662151,-0.7326046968146939,0.905881228082623,False
41844,443,0.47757433524769155,2433,10477.894313028874,17861,63680.98980244553,1484914.7151503682,1218.5674352793553,549.2223632641376,78.27107372547148,66,1.1596559168533718,0.3966273977715503,2.2254049074275377,0.34233441020843003,0.11555355190526484,0.16975982816379753,0.1807892632044894,0.0,-1.395001958001555,2.5326407489148837,0.41236805186022174,0.00017602238584407678,0.013264997372016531,0.011904249046509562,0.007009990418479297,1.4949409701564336e-05,1.1074598397055453,0.8954523579518032,1.117990139454571,False
63869,443,1.2945355552821143,8151,5224.844500263425,282002,173268.47257167078,477554.38427261566,691.0089923872305,880.3177610713129,1324.7782929998375,1514,-1.9188601469418805,-0.9180145864715548,0.7872798055178063,0.16553375762559225,0.35746911747205723,0.6405501500187044,0.5062268912943163,0.15826152832730933,0.8900567189713786,1.004690788146017,0.6142671744999545,0.0014060454549638447,0.033846714895174775,0.012995604777621707,0.006644923669102548,0.00029538899900364093,0.22061084103319584,0.6674260205868612,2.9595588955125103,False
59317,443,16.70120595892873,7431,948.4420636686168,152417,12102.228375294852,1392791.0795960007,1179.3267699036078,955.1947858634624,99.86661003807514,66,2.1674161128382785,0.7508715254856527,1.2540068653231178,13.228199233855436,3.312283545801468,1.0286720752163492,0.29981906289724175,0.0,0.5902631675702601,0.4884346002968424,2.8603516692647157,9.539043658980107e-05,0.00951206607658548,0.006905570827230326,0.00585019879845421,0.00034805059863340644,0.6019577299898682,0.6262463791467688,1.775866858372197,False
58826,443,15.434824274932138,7044,1127.9230477136791,141903,13163.174621341035,1376051.9203523728,1172.011935729739,934.6533826364074,98.12470232137838,66,2.1308588034274822,0.7373024471516995,1.2783438333828077,12.178000719705226,3.0652841754825153,0.9686077491864074,0.2962853127759696,0.0,0.5649347967959713,0.5529113763944378,2.693874235673802,0.00010359712022247112,0.009876416118080258,0.007826919918000923,0.007522139888530323,0.00046140363041993315,0.4120500387924031,0.6708066594841351,1.6951471442855262,False
47240,443,0.6888980462436725,2509,3887.9463695407517,15947,21884.83008702231,1081301.793029649,1037.2558381186873,629.3341645281423,76.72601088889571,66,1.585533185875994,0.5387716003826756,1.6748434894078348,0.03719988795237593,0.19034000216825434,0.26934467814917973,0.25831974254898465,0.0,0.1427467051191803,1.4519783725962123,0.7038584257798784,0.0004298409023942233,0.019286476191452063,0.034219226319480406,0.043794976571520226,0.0012107632883918916,-1.5965216684921635,1.5190814797221286,0.6623272596065817,False
53280,443,88.29978440888165,15433,2184.7892692705827,461574,40260.530572460746,4135541.496855677,2029.525063710678,1338.1090432216004,460.546866288263,66,1.306976261628306,0.6241018814313369,1.528843566458999,312.9153748691063,15.444226690211794,3.9136780334913235,0.277349929794498,0.0,0.7514345240959853,0.5645950612759663,3.1748794908130664,9.402392249974018e-05,0.009693725028380196,0.005265306143393609,0.000589908336788186,1.4362506458786553e-05,1.4355243005842038,0.5385816763758527,1.9347975062373695,False
63862,443,0.8565657075181101,1745,2113.535398641646,13177,26312.784638582718,366529.3015414125,602.0254206564466,596.8712916298188,448.1064525512932,644,0.8641818580655308,0.013662545902074053,1.0595589467072517,0.055939232065692374,0.20934607653101903,0.5476487698877575,0.5561574387247605,0.6541975863319601,-0.007331171234438605,-0.32921023412836314,0.5149804199268816,0.004316266117964233,0.05466920114111855,0.057793224111852094,0.05735762879251253,0.00039029773003250884,-0.2753149727514391,1.2293520789321195,0.837377927294404,False
53146,443,0.7574415877911667,1313,1927.4069745767922,9681,26192.99502534984,495289.74420100066,703.411355345898,541.6703848567086,472.0270983416864,748,0.2726060814657205,-0.31639877622626494,1.646540748186907,0.11430983489417532,0.27857427869430956,0.34714515839139026,0.22347499207928553,0.044298924000024775,0.9086139930322863,0.6927564564580612,0.783808737684657,0.0010767083091330707,0.028202661220882073,0.03444332620836284,0.037065998671796274,0.00041725448883328503,-0.4736720343304107,1.332195644513593,0.7541716467871864,False
52386,443,68.38700233221282,12565,3632.5150557806164,368157,65493.528008073205,3933105.4408457777,1977.6467702804466,1273.6102463902514,379.8466112649311,66,1.3691398379674116,0.6069485641718234,1.5697267404379176,242.09228730734816,11.968131156181116,3.058260922692483,0.23914696247965223,0.0,0.7839725934298093,0.7891686911260987,2.6016694329448313,9.589395946486297e-05,0.009788771682812334,0.0058277011436479315,0.0004778915648901282,1.2469749944380046e-05,1.6245588071939125,0.5899879942748929,1.7922451636648271,False
40727,443,14.049449679016874,3614,701.881496017298,16297,2070.8114522874184,570249.04784146,754.8238353627095,374.6574861612452,86.18508373716715,66,1.1433656714947742,0.4073013603647747,2.0454953202922335,27.088043899351533,4.354359941183246,2.6425922456478435,1.3641624549573643,0.0,1.0781369927083655,0.8102049022341584,1.399675768582993,0.0007830167665665768,0.023680557074576475,0.026569956284732646,0.025463908536767138,0.016306967102827714,0.40038844787945255,-0.16409828175523777,0.8988245114850292,False
41849,443,2.0784413589677158,3610,9887.922252160373,43651,60800.30728846823,1480753.2231056232,1216.8400475081182,572.5619174678197,79.9027131053087,66,1.216038703533952,0.4168067625865362,2.1675540762754975,2.382800587053122,0.46323029228280266,0.3030631131280459,0.2161173679790046,0.0,-1.259612811445628,2.4027611781620495,0.5379210712605706,0.00017238146078570407,0.013113783518819621,0.011536389818120642,0.006630724909299356,7.483661805040458e-05,1.1261116774816722,0.8684162033639395,1.1617751549564361,False
60031,443,1.2072422460735284,2443,2027.1164801688615,10449,8559.839677403543,288180.87769653805,536.0182443663999,424.8647525714065,118.59610460248095,56,1.69996216931871,0.6821425700273651,1.2924225540169962,0.09770749559391417,0.3115407990613785,0.7806043067839941,0.7711896945612953,0.859309832752125,0.04807542849246693,-0.3075940573068068,0.4363199109565086,0.006152098746656928,0.07608626101053809,0.07996953154623904,0.08225206823374316,5.8547253942660086e-05,-0.3197622456097813,1.1033376782040183,0.9313498116733199,False
60497,443,19.74672922063552,8362,516.8079687895765,177701,9550.757114626454,1433047.1094344906,1196.9182258710841,1004.5948381120568,104.05572658799584,66,2.255332842528039,0.7835038228634531,1.1954788533644418,15.75382325753879,3.9062927117894723,1.173120865367535,0.30831738400484754,0.0,0.6511754054437497,0.3333743021840532,3.2607135056348477,7.565417048566156e-05,0.008635840100800466,0.0046898169802236395,0.0018293450966219947,7.544771795893728e-05,1.0586670289538498,0.5190832923534273,1.969989823064365,False
59818,443,17.993365336138062,7826,765.3076741750212,163145,11019.68615451893,1409870.9709562368,1186.790500380715,976.1543173667217,101.6439749658903,66,2.2047175605437004,0.7647168077026001,1.2291745087843469,14.299774948459785,3.5643106846615202,1.089959034034649,0.30342474388080276,0.0,0.6161071072126469,0.4226453742683971,3.030217815961783,8.701670271023437e-05,0.009140299547857514,0.005965467316284626,0.004144224695239634,0.00023239022166410207,0.7957310663275721,0.5807790569194841,1.858229653729106,False
57635,443,0.510429080176029,1136,2258.099788071237,12474,38504.324630703006,397317.46796782943,623.4908491496474,662.0756165613586,703.6200044190248,1124,-0.09008646851401103,-0.643509855707447,1.0795116126434385,0.04064084949145379,0.15441356253606875,0.19025478937421936,0.14587394527378955,0.06865622888567993,0.5111019745193395,0.380206867282041,0.7794613065263533,0.00038900101147425756,0.01675861492560109,0.026868428108445117,0.03610742088579764,0.000640313884022283,-1.2323922490623058,1.5604527568551008,0.6169743133605062,False
59602,443,20.81977846660897,9382,443.7865156547771,199243,9439.002524428324,1440556.432407966,1200.2291093379222,1010.5404193424145,105.0,66,2.263320748946481,0.7869341939502745,1.1881700066737848,17.398801532065644,4.149380580187043,1.2764543476810393,0.33793592366556113,0.0,0.6746471919303698,0.30499357607672567,3.296586443183303,7.399072311367147e-05,0.008583200450973265,0.004294427385987281,0.0009152308975594508,7.454967140174077e-05,1.1771151641089248,0.49231492285352074,2.0027418773862027,False
63888,443,0.29430828052052543,2997,10228.057994542047,100830,344140.3956863593,472521.2715060481,687.392272727345,898.9474991046816,1383.0531821457273,1489,-2.108897283329683,-0.85948412259309,0.7664668843094554,0.005359086660659029,0.073195792777054,0.17262431502989864,0.17922863273058934,0.15101915555919482,-0.2748201652772577,0.2968100773962947,0.45200727611382474,5.4290920656749916e-05,0.007208934347790869,0.0071319987454952945,0.00759551259188794,0.004187281149764414,-0.1236129934344816,0.2817597174262088,1.1909064932899185,False
38263,3683,1.008179918697318,2209,2682.975028689341,4219,4695.21182057974,207007.0053478011,440.87843935569543,261.37389323155617,95.96930785581495,66,1.0683248350888703,0.469756277878449,1.6196060938058172,0.1264176278655835,0.34408599525856787,0.40556182375945193,0.26784060453413877,0.0,1.2098066975739878,1.131939925516396,0.9359519965812527,0.0010725503661282536,0.03164580293995291,0.049788023179395326,0.07459266947237753,2.173401493053289e-05,-2.195348713066008,1.5345878300814866,0.6432069421700712,False
45529,443,15.606726440010785,3549,752.9067404548553,20724,14039.360593674646,560179.945759125,747.3816391399386,513.0304366151686,311.869861089251,440,0.7661776268094246,0.0616140727951795,1.6087157685734144,30.74933841050646,4.79327836360803,2.808538203298825,1.4423723181524213,0.024318608446990436,0.7021079165529536,0.4541932641618486,1.4667451581810576,0.00014908327561814858,0.012167591617554993,0.01486115122437036,0.013383173419695249,0.018779403852042145,0.3086741290414893,-0.23367291772138632,0.8304745991974278,False
54066,443,0.6319586034681727,1396,2241.4202412950735,10767,31158.145942255047,359743.3793780368,590.8337959156979,579.0505415938198,573.8126839393269,897,0.1706065840334534,-0.41124910159729117,1.2161440156038554,0.060921610844379304,0.2001159025568147,0.24244958257743524,0.17605391269377627,0.05396485530589456,0.6586284950670472,0.5513174293933849,0.7940350488638032,0.0005516186112696266,0.020425789774231262,0.032530677296938676,0.04547857105825968,0.0005080042537502055,-1.471913251189517,1.5630666566520237,0.6209598699877156,False
53880,10482,1.339942971565383,101717,53950.517132608045,11825,9012.321752029186,323421.55948276666,567.2005913520986,545.9333012575257,343.0161715292436,284,1.1801419190749733,0.4991260978300397,1.1169997605735318,0.12069253309603581,0.33685835613307435,0.8651913885892671,0.8889538084653071,1.0061334483057855,-0.20254170678328748,-0.4892161012096484,0.38643160888153777,0.006043101841429977,0.07220250084965718,0.07200310300302144,0.06964860452639533,5.824961006115534e-05,0.13521964379271031,0.8668087059205516,2.14990190625417,False
5854,55043,4.6206020823373954,1211114,615467.8334889915,44994,21422.12675787524,509366.242006336,713.3198091063923,816.4347926493082,1315.9425423205478,1311,-2.1450322189129034,-0.7093910369967694,0.9485032714201116,6.029272175696911,1.3454388886808921,1.5186702919245754,1.0898847734128665,0.4216801400672994,1.1138156669035992,1.1872578900401038,0.6250688248427922,2.7639518949828318e-05,0.0038277646262472936,0.0020806029680343644,0.0015630921440517014,0.003511384407943016,0.22369455458908422,-0.07713911547689982,15.55341479769038,False
45659,443,1.110130914426443,2373,2142.4317787243326,5967,5254.963560637707,238105.13910440175,486.93298423887484,311.24571926329776,102.32304989164285,63,1.2691239359885844,0.5011147288140383,1.6131230564988586,0.1261227372567767,0.354077270035071,0.5195622736878902,0.40627770863170454,0.21180435992115731,0.9164692096571503,0.8132193255686562,0.7462026328231784,0.00238213669445369,0.04429527455867397,0.059895744958856315,0.08048049587378057,3.100823827816483e-05,-1.8508866171791492,1.4569866413386043,0.7084968028405403,False
36417,443,0.5881741574605066,2270,4600.6239164678245,5981,12223.383436567,795988.0454135435,888.3763366517368,448.1212944324959,72.38698143961804,66,1.2567242167629062,0.4257776975404927,2.010490743300085,0.05931574405415793,0.20823980772778794,0.3203273311925268,0.27948945503176337,0.0,0.19303997925726357,1.6714582642681823,0.6113978284611356,0.0011297190458105363,0.033163252736373466,0.06428274832624646,0.07447941827253439,1.2604881960143233e-05,-0.9909115207958438,2.0107895740759107,0.5355174304173735,False
44716,443,1.103757528783157,2369,2149.999884894842,5672,5038.065597874915,234818.6843930205,483.7115343124066,303.78893843856804,101.25505451450832,64,1.2408481605017037,0.4892339294814021,1.634170527928254,0.1279876204809378,0.3568689250234405,0.5024301685276488,0.38232865168087743,0.1693087827882288,0.9734616158338821,0.886777949490954,0.7665401367699359,0.0021347152904658993,0.042208842283452494,0.058578308764001545,0.08036422814628137,2.9200861486091e-05,-1.9513738200867274,1.480196509704905,0.6938710311312241,False
43772,443,22.44817700180078,18569,1205.5058164646084,371365,17957.56207559816,1378290.9094350787,1173.3886939220974,893.0866590387885,100.56482345586319,66,2.021732270448435,0.70310673734749,1.324003859451873,28.228859177131714,4.891273268375628,2.012007551826817,0.6767212712304088,0.0,0.7324518970914919,0.55166158756486,2.190108019179199,0.00012985327662126399,0.011329611697443108,0.007946775091544636,0.005074727776819953,0.0011233059933965193,0.8881767559522555,0.572973693874806,1.6590543731503336,False
45352,443,3.9612108770471615,3412,8692.657051834982,45066,53927.07547416549,1477542.9026719874,1215.5221606500852,632.5661592126281,83.00648255375268,66,1.3588664815491318,0.4669971225735717,2.039813244825655,3.029440995738943,0.7962290704028705,0.3438059060775438,0.200010450881331,0.0,-1.0313652211951365,2.1359367161904865,0.9402661016953373,0.000157079392824845,0.012390474819600707,0.010523681679973595,0.005932634529423,6.668827517917562e-06,1.1149773065714388,0.8248437354746081,1.2781607334147318,False
42668,21693,1.458783331957286,212557,111968.80289863676,12008,8518.847110171653,347641.83345788496,587.1882103554608,646.7950896506468,588.7106660115857,542,0.46944929799217716,0.24004116576529277,1.0180220618726457,0.15494754716350456,0.37798569636510215,0.8807612244166949,0.9101822720306272,0.9744104208370374,-0.21997141139070842,-0.3533145129882169,0.4243704257125144,0.004782063818245857,0.05825791105343762,0.05704040639116781,0.05503879031405515,4.959466381411381e-05,0.18058196566275275,0.709550412847325,3.4433241280434075,False
36977,443,11.17090945723134,3510,2668.37413500585,14834,7393.065472013052,723225.6548596588,846.723942246753,445.76843583081694,86.03050476968974,66,1.2698795976509063,0.4484274218390932,1.8976004434971552,21.711102423343892,3.438184196636847,2.086875155121839,1.1269497321730393,0.0,0.38439194903776425,1.1547034028027472,1.1650271776459342,0.000526459228542586,0.021184373488310874,0.039750986489911974,0.043986508756355534,0.01310118918942244,-0.2044342834334839,0.61559225292003,0.6882399475065596,False
40772,443,13.852312147142873,3588,715.724695920528,16118,2099.1706773413134,569557.0285639438,754.3611346605462,373.61796541422984,85.87625499217143,66,1.1411207018831915,0.4061524952097975,2.05034390591915,26.67683221961765,4.294770152842871,2.6108408064754016,1.3484787863871082,0.0,1.0844372502700268,0.8166959649096807,1.3906548858355394,0.0008007210200258011,0.023992165916715553,0.02692688714448778,0.025874695597590563,0.016057702456745843,0.3917470556337931,-0.14426039175678662,0.8985782691139582,False
63903,443,1.1190457829616631,2244,2031.6308601027397,12122,14573.956548628026,321410.5651301618,565.3134038714984,498.5113097835963,221.7307651862609,233,1.5273331088132522,0.5132463524280624,1.161272123126412,0.07966844024056148,0.2724899851849564,0.7590492709293303,0.7746509442739465,0.919035460290432,-0.1323906133423755,-0.5253642112031158,0.40181395745277426,0.0063049893544943275,0.07557284748005473,0.077017559925367,0.07502577253629295,0.00016448516626788718,-0.017739747252752736,1.0749652179542415,0.9448060502384859,False
49549,443,70.5883257401644,12683,4252.1877707189615,364847,28277.14522840414,3266971.220081306,1755.3018933822896,1081.597778920262,378.7396718257955,66,1.1928568433939333,0.5480370843776836,1.7713654767760267,250.07394394308756,12.348784672340468,3.15990703777669,0.2694947285756092,0.0,-0.1272982114050326,1.1552872563746746,2.5678434459558064,0.0001248580160394565,0.011024645184098214,0.007418583028182939,0.003229000194663014,1.2290658710928375e-05,1.1455228679197624,0.6368755836631089,1.7320766048897938,False
7873,40235,0.2164655232231767,613,8355.005858555964,1050,10575.678372008082,40982.95455477247,102.48561445199397,118.04417910577104,84.34270868819056,66,0.39298680702004996,0.7839965702229721,0.5093828272883187,0.024894563380334106,0.07442508048702329,0.08281372173146878,0.052708014361793815,0.0,1.3144744971683022,0.5915345236923855,1.9329591375705613,0.00021072066320384434,0.006260675093785948,0.009839445163422444,0.014712683346423477,1.873360224211369e-05,-0.43130859626659035,1.1050276546962021,0.7290189305282097,False
49967,443,11.88413516501426,2853,1125.981370637762,19431,23064.460904933832,536295.0355213713,730.9174196993101,584.0311890549606,461.4819741132813,701,0.44880440164743485,-0.2070985315978766,1.4228154329007987,23.27187250655157,3.6458838511045144,2.14987262282387,1.1144058927646445,0.041251455041269175,0.5939045321460977,0.36458036038038655,1.2934839956009525,0.00013937292586545884,0.011749334318689205,0.01541164350464121,0.014987898523546369,0.014422987529674962,0.03410649977441682,0.20160075592141335,0.7768788588094593,False
56194,443,0.626681101201457,1134,2030.4323777644079,11323,33346.10636609343,485740.2662013848,696.6110438365087,617.1428229594602,602.4508462651545,968,0.040034266014757236,-0.5247448939879421,1.4165931013552726,0.08318706906851109,0.22043680570710267,0.27642255071057076,0.18634171506814828,0.05852859418868303,0.7218864444128481,0.518750319961984,0.7753731795522311,0.000799348089028643,0.023113041633511883,0.029478665202186633,0.032168367292166114,0.0005464664017005538,-0.57301169470406,1.396338986384296,0.7128761942458155,False
52385,443,9.856437562264011,2474,1329.195335692124,18727,27980.43822122889,523284.91121460235,721.9493499262063,622.70533963459,542.9757778942267,844,0.27593102385801227,-0.3534664413429738,1.3215554134284266,19.198892539630474,3.0208974020041235,1.791097103331896,0.9357623927360297,0.05047478629376851,0.5349660865947657,0.31576816028911303,1.1991085409618374,0.0001340836927853609,0.011521509328086725,0.015711496965464346,0.01586199320807633,0.012050045060063049,-0.11545064537796956,0.4386945756254377,0.7476852282778854,False
13467,44786,1.682769564009682,440682,231355.48114147328,10247,5835.831908360526,464823.3336014642,681.1834205637712,809.6718364457784,1077.6048382103222,1077,-1.2415167073773437,-0.41383890245911464,1.1627751681087148,0.26202627184384153,0.5107785990979783,0.827259860480889,0.7939160308918128,0.5972806988842342,0.2494948701438997,0.48276611527503344,0.6404295397795674,0.0006077608810279867,0.017286640386901832,0.015520961690460872,0.01577855592941381,1.6397244251671717e-05,0.19595708323033553,0.4232706302557976,6.0746399596137834,False
48773,443,1.1819334671115576,2020,1704.913855291511,6359,5320.055553738621,468663.30301894236,680.3427050910019,344.29490007891775,80.38626532995369,62,1.2035752086196587,0.43289552498159056,2.070442449332093,0.18061417589175566,0.4192991365740808,0.638976766593432,0.4730621035645939,0.261108444223081,1.0666998008691566,0.7687060157810697,0.6945728432992975,0.003260720991852797,0.05430509578737084,0.05885962417560256,0.059990344069108706,2.787192161101119e-05,-0.09904171676667153,1.100990760501132,0.9102228207674613,False
39148,443,0.8055323414465905,2119,3471.505418052937,5449,9093.549020006063,693796.3888567124,826.6038804294578,394.7919766214773,69.97823687926017,66,1.158635558520451,0.390490712410761,2.143207302502599,0.11659611609389721,0.3030226674734144,0.41347441768593407,0.30196153631455214,0.0,0.6821378327533147,1.5066521656524343,0.6863236783576381,0.0014353668195231954,0.03726800961036646,0.058858155211963845,0.06611971972927735,1.3508161170277438e-05,-0.6792116253615714,1.6795604042747228,0.6664629467641325,False
443,47750,120.81700062620665,496,4.105382499393182,448,3.708087418806744,9.0,3.0,59.0,59.0,56,0.0,1.0,0.0508474576271186,1254.6063446052196,35.42042270506124,60.4085057416974,60.408497320583876,0.0,7.132422832943016e-07,1.7054710567603146,0.5863482678501846,2.7614945979655703e-09,5.2541048041997935e-05,15.088973641273451,15.088979300796193,15.088886446790518,-0.3149206301568939,1.6576286464505592,3.482082257262414e-06,True
443,55268,120.67954643648386,78609,651.3906981374503,46416,384.6280670431825,9750.030896284075,98.16710405574109,123.57113711221993,87.0,87,1.120781322621216,0.37359377420707196,0.7928640738313942,1199.157787365859,34.62779289623087,57.134194212237404,55.80765132498053,0.0,0.11479597407931298,1.650007201308075,0.6060690608621894,2.4328584203406677e-07,0.0004433067390330554,8.193615009840577e-05,3.436980563660567e-05,2.0452077745357732e-05,0.34970250068359987,0.151174488674573,5.149178664000654,True
47748,443,99.6755168201116,598,6.037431396839733,682,6.880043843902751,76.66379643702462,8.305080182747526,61.67753709190327,61.35623264087488,56,0.0988170112095125,0.7306335115802759,0.13367087571618094,1217.5756572091411,34.893456866617846,61.98714152399249,70.66578206926037,0.0,-0.7444884794125775,1.7759134495954394,0.5664544168221861,2.8252392581243897e-05,0.004741405712134049,0.01265597114527805,0.014982248938081021,0.003212892750520485,-0.9400042817918732,1.6859006216899575,0.39436423109951546,True
47759,443,107.56069204512299,15321,142.42574388570043,26006,241.80418786424505,33267.22265525964,182.39026462508926,126.69896799186769,87.0,58,0.6532383870701295,0.375217373993266,1.440336421274924,399.0109157856894,19.971132506379206,30.81079028638094,30.121667324611153,0.0,0.10238527745914261,1.5435207818662806,0.6482489890000932,0.0001563493283167758,0.012376793137869437,0.010301446181067006,0.009412714276723928,0.0056544366986731156,0.10813494760924025,0.30924880822251,1.2457286857197807,True
34722,443,120.17395152250488,15838,131.74071589128167,42306,351.5199422121881,45392.872242595266,213.009699212213,163.08820993311693,87.0,56,1.0701370926780427,0.5010916489664092,1.3070972284588869,454.43706335361435,21.317273282889307,27.50251128757327,26.380261152947615,0.0,0.15782183728917198,1.2903012199507178,0.7754033321839653,0.018514080432744454,0.13374126238211997,0.06464125698378641,0.015043220656759851,0.014993688294941519,1.038845386513916,0.3466425843368063,2.027573002878774,True
47758,443,106.65912725978606,15117,141.76174640127186,26245,246.0542513395311,31748.436397566857,178.16602904543532,125.46146004699277,87.0,58,0.6469444324419391,0.3770242171475563,1.4207365099441318,417.79431500317446,20.43997554382876,31.722848000802784,32.03819128568207,0.0,-0.046634513451960236,1.5520898525519808,0.6448230705012179,8.764585980047218e-05,0.009343474846999662,0.009681740867811733,0.00874125402207162,0.005721594113114757,0.3619105961803565,0.46057186711940595,0.9895161272974887,True
47754,443,105.74299121257819,448,4.236687414103992,496,4.6906182084722765,9.0,3.0,59.0,59.0,56,0.0,1.0,0.0508474576271186,1197.6859828201805,34.607600073107776,52.871518267513544,52.8714743558795,0.0,3.8065309947004915e-06,1.5277429858130553,0.6545603607977347,7.2472318859601425e-09,5.85265822904717e-05,0.01500313648485591,0.014986134457851113,0.014961961349421335,0.273719447562417,1.225893944223996,0.003895469090235128,True
47755,443,105.74343893860271,448,4.236669475795775,496,4.690598348202465,9.0,3.0,59.0,59.0,56,0.0,1.0,0.0508474576271186,1197.6890810320315,34.60764483503317,52.871542107681,52.87149110739374,0.0,4.421011930526261e-06,1.5277416986861712,0.654560912267725,6.645841823059432e-08,0.00016060971782201773,0.015058634201005977,0.015003959649314008,0.014957393065884518,0.29169255951605977,1.2312976452623376,0.010580798940054918,True
47754,443,105.74380793361237,448,4.23665469186568,496,4.69058198027986,9.0,3.0,59.0,59.0,56,0.0,1.0,0.0508474576271186,1197.691643299186,34.6076818538131,52.87156226386445,52.87150611048754,0.0,4.867707633493018e-06,1.5277406469270705,0.6545613628942564,1.1847648022105939e-07,0.000275338633553218,0.015113409009676853,0.015015313341919446,0.014950634915524138,0.6222973126520326,0.9589779781821337,0.01812949032493015,True
43440,443,116.38016208932986,12424,112.37684273325956,21625,192.6599074916671,44394.663748817904,207.63773872832365,137.59563810073203,80.95065971048301,56,0.7777658965032818,0.38930436023641657,1.5024184740914612,512.3642009047718,22.301768017096865,26.051132015248704,22.805514927031744,0.0,0.3601024032734913,1.2500242871050073,1.0021872809215129,0.004509891634867619,0.04672680862779076,0.020590286263023696,0.008893721355141644,1.0228704317190471e-05,0.713755016405749,0.5772403944392753,1.8500831799882236,True
52709,443,115.93464422636417,31669,267.99240060610094,55377,468.0228864353667,18799.74761444598,133.6286999341038,123.9847496937185,87.0,76,0.8747603111424989,0.35146183167471134,1.0798423427013646,805.4232494798746,27.86870305197166,53.256022485897,54.50509984791944,0.0,-0.1403398507918765,1.871578986378978,0.5412948703679892,0.2872450944032483,0.43820878280689346,0.12050358138437675,0.003185470764648275,9.97812629160728e-06,0.9065346900689815,0.49154952720503053,2.807667625220206,True
37732,443,127.66343199172402,6926,57.63748962132634,16360,133.44133102020584,59485.923011672814,242.0052634166023,156.8120316589497,72.95319603648215,57,1.0172810608626524,0.4073464380633707,1.5379155094195138,691.0458738553536,26.0986427294791,19.3942423973899,12.392295646210908,0.0,0.7539400151872997,0.7898189321090361,1.5013399239607457,0.010195191692356253,0.08915769408102249,0.03641651912108367,0.015003634373114692,0.003917857782219705,0.32793241533889,0.2038439233302733,2.128850413774435,True
443,47750,109.52582695709549,613,5.777063878521245,515,4.823079921293089,52.96511559176047,6.413195872724756,60.84242483023266,60.488112362880216,56,0.10757469998714948,0.8410299389996617,0.10377819288832235,1165.5384073786427,34.11460091410592,63.952301001436915,67.90438702855862,0.0,-0.3616045601828072,1.8814760258565004,0.5362581945855952,25.096818018331646,3.5283348505584806,12.594083997011529,15.088951150576737,7.604235376661309,-1.0958158643499862,1.5100067494277634,0.35075127990388927,True
40666,443,120.75044354411303,23332,193.16034577146507,51509,426.4963963431122,35525.13811255475,182.47216894529032,152.1515435393074,87.0,65,1.0627136763038432,0.45465476181202036,1.1767174091920625,624.5506944895399,24.52758244542582,38.653220323255454,38.23687988772747,0.0,0.07622731092327402,1.509731117641305,0.6917049249733573,0.14712016463139405,0.2988528232822374,0.1010930062980145,0.01113338383419727,0.010392576244281328,1.0207173123247457,0.34156460093498103,2.57552478140794,True
443,38918,120.81697348336604,496,4.105383421711764,448,3.70808825186869,9.0,3.0,59.0,59.0,56,0.0,1.0,0.0508474576271186,1254.599997130293,35.420333102975455,60.40856305295879,60.40850232093965,0.0,5.1438380670552536e-06,1.705476989097188,0.5863462282990094,1.2347982067308793e-07,0.00030144064549056957,15.0889713813604,15.088967102740428,15.088407162433713,-0.33341188977788727,1.8688871890578325,1.9977560452853128e-05,True
47294,443,106.43547641237988,14571,137.31659018544445,27207,256.105162383899,32488.609872213976,180.2140292093405,129.66964119636685,88.14033326659727,62,0.6895844087734979,0.373943797287158,1.3896769426600728,420.6680930495988,20.510085589772018,29.865330586082173,27.921410558160535,0.0,0.28296822182128367,1.4566211344859297,0.6984167374902213,0.00013451365484834314,0.011026499689758936,0.012905823770342363,0.015611866537387777,0.015600916259665613,-0.8000305529607128,-0.2656849529329108,0.844001014765708,True
54442,443,120.88480848566978,39015,322.73986529718485,69567,575.4714272178253,13750.058614419213,115.56669326802628,126.24943403144736,87.0,85,1.0165212953979759,0.34451949517619124,0.9105728598180233,984.7618224852628,31.316152854764606,62.603032876174474,63.76047272506987,0.0,-0.10737283998258927,1.9898943840152263,0.5064772387764158,0.41927688482881365,0.6395691741968768,0.17415176637574797,0.00280617502235772,0.0005981287325812079,0.8134519469009951,0.27450769038467004,3.633381175359287,True
47759,443,107.62813298175341,14070,130.71349982468217,24929,231.61716443384563,35244.66725695772,187.69651318221548,129.33307738931336,87.0,59,0.6755991145663302,0.3721394979247233,1.45172781128509,413.2400579683628,20.320487765210455,30.37348925381127,30.038918641609783,0.0,0.04961509084804594,1.4965069382208498,0.6694419843753259,0.0001300018374254084,0.01119204018973744,0.010906813063029843,0.01124638301614557,0.00872600433696406,-0.2450022367036796,0.10150183737146545,1.0736726193235797,True
47747,443,105.4887853780392,454,4.311268603106626,503,4.78127968255804,11.79296227946331,3.218978089024792,59.110520847090065,59.09725834543926,56,0.004078875253982234,0.988881344513266,0.0542661644505565,1198.4146953055135,34.61807939080336,53.24640583820242,53.6059751108088,0.0,-0.03088133386637837,1.5380169802842523,0.6509147262286674,1.1897112811043464e-06,0.00033531188752333827,0.014933656113268976,0.014980180808418075,0.014955588552975508,0.985406131246753,0.49823506169795,0.025551393798770583,True
41627,443,113.46739270656298,14188,124.64347194527176,32909,286.35610209414426,40661.39007482684,201.32264677915836,146.99191509293138,87.0,59,0.883614910577126,0.431793448885403,1.3769277037298888,442.8530045698111,21.042356047496806,28.820577405641494,28.135326889242588,0.0,0.09693537867652174,1.3706495270165624,0.7320128523286973,0.008754457677766619,0.0678564925130275,0.03683090517082542,0.015013443644829988,0.014989616224934015,0.0035996993536118183,0.0014262623245272499,1.3616863829802037,True
43446,443,45.83153459983615,6636,2421.183149943131,13312,5624.141762848992,229228.8311495946,431.93713345508655,216.1138300603839,92.76529057691882,64,0.8163822129480691,0.3569213144840237,1.8750217317561855,183.1975613439156,8.910854948644344,12.813069594382652,12.653358514506541,0.0,0.5845817841297434,1.2390073660592438,0.8226412106008419,8.617815335670548e-05,0.009283056402262926,0.017109249759594644,0.020691178496803474,0.006410706795890955,-1.1588023888400407,1.1599102607328962,0.5826638734151683,True
443,47750,110.99533893153078,598,5.559499701824446,506,4.677967079671173,47.24319199334553,5.968979003343515,60.602638946071586,60.29443914875012,56,0.09357418603048344,0.8617193999788061,0.09688942166377232,1177.1303169969965,34.28454948331019,63.49108761315023,66.92881931627733,0.0,-0.3145426291544958,1.858569545339699,0.5427772552381186,21.830544898930842,3.069139773784671,12.918785486381543,15.088953603770783,8.578339339069071,-0.9644511383379908,1.5222769880680167,0.30510253631760087,True
47747,443,97.96804418241005,640,6.5327447248554105,733,7.482034192685962,95.15082644628096,9.754528509686205,62.40909090909091,62.0,56,0.1258156892005639,0.6570374880473933,0.1562998013205364,1221.7986889874715,34.95423123622619,64.45962389570661,75.52751825924575,0.0,-0.9499202100028326,1.8441153175620264,0.5422654719056305,3.6008720991819536e-05,0.006000725252291345,0.012012894648403912,0.014990421319932983,0.006365283220279247,-1.4885835045732045,0.9420138576217438,0.4995236370807566,True
44120,443,114.82628547383224,10619,96.30673427927246,21586,193.98742234446541,44817.649240773244,209.478090396333,141.4505704664083,81.90130735069316,60,0.8266153825969129,0.38371699824482713,1.4748666876392673,526.3885441501527,22.72215763543567,26.14466076071907,23.413798322605555,0.0,0.30097006695798345,1.205274171608159,0.9867158628744377,0.0037562948953699174,0.038316687571409366,0.020947890385226684,0.014993037925505758,0.010968498544590912,-0.4643234958322968,-0.12039282534911844,1.2634518008460704,True
47748,443,105.74320086895852,448,4.2366790141213055,496,4.690608908491445,9.0,3.0,59.0,59.0,56,0.0,1.0,0.0508474576271186,1197.687455777265,34.607621353906815,52.871530701552544,52.87148519295188,0.0,3.944962722258339e-06,1.5277424056663162,0.654560609361708,4.302050056925819e-08,0.0001828123457194758,0.015051712279139949,0.014986139865929967,0.014952340033517508,1.0715286087825728,0.536568125287075,0.012122821496326706,True
47745,443,97.87624765227119,625,6.39571687547406,733,7.489050234433106,95.77132392411917,9.786129385050737,62.485394630604915,62.0,56,0.14858028951303168,0.662658497121067,0.15661351961657993,1220.1585860296866,34.93076847159595,64.02873407272297,75.52563200127722,0.0,-0.9874013174941787,1.8330182590077735,0.5456151070510539,2.7050358145937312e-05,0.004516368388775544,0.01276050491048231,0.014993749555871166,0.014980748536019767,-1.030340980249643,-0.04072635392030949,0.3755080334678712,True
443,39882,120.81697419455988,496,4.105383397545265,448,3.708088230040884,9.0,3.0,59.0,59.0,56,0.0,1.0,0.0508474576271186,1254.6007107696948,35.42034317683567,60.40855490978941,60.4085046323196,0.0,4.258367518973288e-06,1.7054762741441305,0.5863464741016681,1.1032719752184873e-07,0.00027448346172021974,15.088973781639583,15.088972330015093,15.088460075254815,-0.42709499400298645,1.8681760373188863,1.819100968333567e-05,True
47747,443,104.70089659339207,473,4.542392111434356,527,5.06223462926614,20.44801410986821,3.8975646650657625,59.453011566330495,59.398650178370836,56,0.01671881564721807,0.9544259778118613,0.06486032283478642,1200.671879099218,34.65053896472698,54.408125835555225,55.8820895986502,0.0,-0.1265903647870481,1.5698551646275873,0.6396172092158747,4.811035868748806e-06,0.0009240573684809825,0.014631224478513786,0.014982290551248596,0.014960511286246723,0.7285493621777952,0.3949460664150843,0.07477145664895563,True
47754,443,112.35400207051075,472,4.207942243286591,496,4.433982961542259,8.986355710135966,2.9977239811087224,58.92268235743713,57.68560007643132,56,1.2392281321953225,0.9749427362088811,0.05087559920038564,1278.8527701183602,35.738129642445315,54.623047250125694,56.17700340338772,0.0,-0.1253598631331632,1.528398230703162,0.6542798972029698,2.8047000172409102e-08,0.000138915373439032,0.015043584735581688,0.015004108533995737,0.014953849865163517,0.6872264925645787,0.4842200931489663,0.009216160834834081,True
443,55268,120.67983617592775,78615,651.4345571880789,46400,384.4958563750229,9575.253417017815,97.32326335069622,123.33989298022385,87.0,87,1.1230944803814527,0.37436482679381755,0.7876438892021826,1197.6605572759165,34.606259577456036,57.118164597573866,55.80772408696098,0.0,0.11348276006974718,1.6505659063204972,0.6058629490887992,2.2432383986952537e-07,0.00042615924653835696,8.07586239066676e-05,3.4192984298951706e-05,2.052280628041932e-05,0.3542222841090277,0.1532031472030977,5.034895616020203,True
47756,443,106.80205534270631,15730,147.28652045936647,25691,240.57366065187838,31886.3734056681,178.53923178172082,123.25997176803742,87.0,56,0.6091869108811842,0.3767479830927679,1.4483647450843986,406.8148303820915,20.16659766341632,31.910197194744956,32.63202896593423,0.0,-0.1054165731223847,1.5822121990280897,0.6320379333258881,0.00011425852832293206,0.010443944103325747,0.008502224467420584,0.005254498658334817,8e-06,0.975780975776938,0.8389076149300829,1.2176450369075975,True
47756,443,106.71473288625135,15711,147.22838930475024,25714,240.97982461692393,31739.151707514797,178.12974873202916,123.13737628938486,87.0,56,0.6085330968098905,0.3769229993368021,1.446494333273466,408.62499914209866,20.211781151384674,31.99891456324569,32.818680728619476,0.0,-0.11994410717039686,1.5830780758954144,0.6316909088018398,0.00010762207808638917,0.010150854037968964,0.008440744566861445,0.005185365016725072,8e-06,1.0011068623543287,0.8540231267910589,1.1930430418041216,True
47756,443,106.68295943603256,15704,147.20723750231195,25722,241.1276128382814,31685.58311259313,177.98075281708338,123.09276827563727,87.0,56,0.6082951977666209,0.37698668135106345,1.4458137587800772,409.2836533911735,20.228221771174326,32.031195570973125,32.88659648283317,0.0,-0.12523014582088396,1.5833931368391447,0.6315646392614811,0.00010520731641132014,0.010044209275793256,0.008418374278173105,0.00516020981141698,8e-06,1.0103220268043653,0.859523109076762,1.1840912750027996,True
47757,443,107.24127867978363,15826,147.57891442943156,25578,238.53069599684835,32626.88401632007,180.5988911049209,123.87661492525494,87.0,56,0.6124755311271097,0.3758676686597091,1.4577727318802167,397.70986018632425,19.939329178630913,31.463957587757758,31.69318902250826,0.0,-0.03234451075587998,1.5778569238491258,0.6337834324298766,0.0001476392179825942,0.011918158203528416,0.00881146229905098,0.005602234052011084,8e-06,0.8483942660054101,0.7628780821988884,1.3413906440147882,True
47753,443,105.74299973438676,448,4.236687072670188,496,4.690617830456279,9.0,3.0,59.0,59.0,56,0.0,1.0,0.0508474576271186,1197.686046121413,34.607600987664554,52.87151896959436,52.87147525970769,0.0,3.789042190945605e-06,1.5277429657270964,0.6545603694035494,9.947009029747197e-09,7.541914799235614e-05,0.015008607873309142,0.014984843274735305,0.014960411929682367,0.4283575725754879,1.0907654455283784,0.005018946814165257,True
47753,443,105.74367952954788,448,4.236659836408874,496,4.69058767602411,9.0,3.0,59.0,59.0,56,0.0,1.0,0.0508474576271186,1197.692833077301,34.60769904336392,52.87156488411177,52.87151491402977,0.0,4.331701007965671e-06,1.5277399638124345,0.6545616555744265,1.2035938969936017e-07,0.00032946228784468557,0.015136499310082126,0.01502344497905093,0.01493445529547888,0.9981645620154561,0.6339718530308949,0.021740452924201428,True
47759,443,107.62023415907093,13979,129.87488600818065,24904,231.4050040188456,35327.01212447227,187.91661722052734,129.56111504283305,87.0,59,0.6784711604512422,0.3720116187036011,1.4508611382671723,414.5499308352285,20.35286756620778,30.347570870346583,30.015535197360073,0.0,0.04915756404936151,1.492812738425467,0.6710712349468694,0.00012711223995097359,0.011066995313698482,0.010989974519066912,0.01149991812833813,0.009150300304608769,-0.2904652344711909,0.07393973565742817,1.0531131855669236,True
53032,443,116.56040890760262,32715,275.88228078440164,57304,482.71077782628623,17997.6989115283,130.84296350963555,124.07460705892083,87.0,77,0.8923021493648933,0.34975242583788596,1.0564657329291796,830.7823170548185,28.355156332950195,54.61687861076172,55.86629709144914,0.0,-0.13756819539342804,1.890143968274292,0.5354992784594345,0.3059675111567916,0.4661996821775597,0.12782711525086948,0.003074601115059513,1.0107094476472068e-05,0.8932188742465857,0.46364988673082125,2.9198821487631204,True
47748,443,105.74302840099746,448,4.236685924117054,496,4.690616558843881,9.0,3.0,59.0,59.0,56,0.0,1.0,0.0508474576271186,1197.6862590611638,34.60760406415272,52.871521331332175,52.87147830010579,0.0,3.730211401087858e-06,1.5277428981597057,0.6545603983527494,1.90288206867915e-08,0.00013224424574600295,0.015027013140406515,0.014980499848871618,0.014955199818645943,0.9485465554324939,0.6362051209931053,0.008798226564384162,True
443,55268,120.68957324389014,77879,645.2889403914529,46205,382.8419200686665,9579.085035095337,97.86158949226213,123.09922199409263,87.0,87,1.10675613726984,0.36891871242328006,0.7949556195180008,1236.4826916194959,35.1632595485989,56.8778176666772,55.78520996013744,0.0,0.09323012907403004,1.6175769007466234,0.6182262916474398,9.535707246406443e-09,8.099461803897127e-05,4.250521153777676e-05,3.205348529674737e-05,2.005348529674737e-05,0.38758610716309266,0.29822682386720234,1.8065074435529542,True
47197,443,108.05784079452012,12857,118.91879098562518,25330,233.79454473201565,36844.947229860365,191.89579784359185,134.0085439007558,87.0,61,0.7331649623228943,0.3758970911500109,1.433253397932879,433.5092309501446,20.820606101334267,29.883737706606286,29.55097379104375,0.0,0.047823983750311355,1.435458969540836,0.6970138223183183,0.0008822854678532492,0.014713428744966381,0.014398903013954897,0.014989425322432333,0.014986331668024934,-0.831435888957355,-0.2770273628596503,0.8245781078222285,True
47753,443,105.74323271391268,448,4.236677738241914,496,4.690607495910689,9.0,3.0,59.0,59.0,56,0.0,1.0,0.0508474576271186,1197.691151433006,34.60767474755215,52.8715470544494,52.87150632142139,0.0,3.5309815979545238e-06,1.5277405211456432,0.6545614167844759,7.101433835625185e-08,0.0002547445719642148,0.015098949611507557,0.01501794570969447,0.014929987139126757,0.9329878629661159,0.677141717606226,0.016858366345854397,True
42997,443,99.80139847761771,17751,179.2450197309904,29049,293.6079144834917,29935.076551398528,172.8479507412219,123.9240934569439,98.61170657167102,62,0.43330532018901013,0.35499896149542387,1.3945480500825822,415.3317757041288,20.372739225861455,22.7167249941528,14.119655829024282,0.0,1.2430235402223624,1.1237489565387606,0.9613505930019659,0.0004656614967061004,0.0209164062585977,0.0190586510503356,0.018192521496110954,0.01603667073257278,0.21370130583136432,0.2273707421620292,1.1858014960393257,True
443,48074,117.33558613560663,1762,35.93518771625031,1189,22.47405741765857,365.2257394137514,6.795378083274471,61.678014516688734,60.20957521645922,57,0.048485866355698404,0.9729628405783557,0.08109075768860075,1207.7051942795342,34.45173077282557,58.614684991797354,58.604734418784744,0.0,0.0022941333856119697,1.6945644618553546,0.5907495748942801,2.6340378988817944e-09,5.114763838988844e-05,14.437140065524472,14.437141342016009,14.437060899522628,-0.06746534992658249,1.5116891942239625,0.03531572866665278,True
443,55268,120.66827093156226,78898,653.8504877655223,46443,384.8819983677056,8290.663494175762,91.04920200770287,121.63057002579013,87.0,87,1.1410820007593694,0.38036066691978976,0.7485617781873358,1194.1232103532939,34.55581540969951,56.879642577389085,55.797806344462266,0.0,0.09398191264100722,1.6460697914143183,0.6075399070499055,2.4683150548612846e-06,0.0010914484993804268,0.00012535797876889052,3.2515154856636455e-05,2.261615047787848e-05,0.3328689563971547,0.13776637510343054,6.6300544782368815,True
47746,443,101.68470399513528,547,5.427178173484295,618,6.13778519835329,53.58124785692299,6.495326998804115,60.76413312621826,60.55243715107207,56,0.06510698336756426,0.8225240850065911,0.10541683629954612,1209.3128207957352,34.77480057184559,58.85541754161972,64.59550170044449,0.0,-0.49298328251152673,1.6917379707159006,0.5963681011480058,1.8674175730589183e-05,0.0031778903922838257,0.013473456940756728,0.014990367060057505,0.014979356473467511,-0.2547486625871134,-0.0004644396414137386,0.2631954984011832,True
443,55268,120.6858446569582,78249,648.3751700268292,46247,383.2069732283516,9012.279802045277,94.87594846023109,122.46703267889679,87.0,87,1.1220613755116904,0.3740204585038968,0.7745781784652269,1213.0426319898565,34.826786104792404,56.941155554699804,55.79623201138786,0.0,0.09868848730236036,1.6351884340121565,0.611636575526235,5.11490374731419e-08,0.00019093865080409012,5.702661938195114e-05,3.250697434222819e-05,2.0506974342228196e-05,0.3862112434679191,0.23530151129080468,2.983854692723159,True
443,55268,120.68864588639022,77891,645.3884489173596,46245,383.1772699529201,9953.448505934975,99.65268283239833,123.6022704864433,87.0,87,1.1023142676225284,0.3674380892075095,0.805910367419604,1238.468470205341,35.19186153576632,56.91973009824299,55.78576286993807,0.0,0.09668147896167842,1.6174183931932364,0.6182786786509962,5.6926503403039897e-08,0.00012860222691226785,4.6232550594944245e-05,3.2499706467171555e-05,1.991671558880474e-05,0.37685147431747057,0.28931437272375693,2.1530134611023675,True
443,47750,118.72956696347129,517,4.414431826619775,460,3.914219776490434,17.127981868236397,3.631009239776577,59.340615404102934,59.27511244177544,56,0.01988770413105399,0.9706106590188214,0.060632944385991414,1238.1400085637804,35.179010372907825,61.06366301338546,61.79428262746841,0.0,-0.06684971305131693,1.7380098310888326,0.5770878988516508,4.63973491607833,0.6523378036762822,14.627730636055098,15.088966515242404,13.70517212651445,-0.27306191252334766,1.58685681137059,0.06484740508356575,True
42572,443,120.76903488232658,25502,211.08955144923618,54008,447.1092522881049,32512.24008360043,173.21482612771118,148.5676110586626,87.0,68,1.05632229052746,0.43941595050049975,1.1398924511801005,674.3911277994919,25.466879608839886,41.9670242081365,41.76843909778895,0.0,0.05082356749136803,1.57616866883179,0.6660759884315496,0.1847769936647708,0.34599587147138966,0.1112017452468159,0.009981193734591404,0.009037372392776466,0.9920391432733223,0.3322863049066199,2.7218945544563296,True
47760,443,107.36425854237397,13421,125.02412713380058,25628,238.72373540940322,34824.50295292504,186.5490278383301,131.5316315836615,87.0,62,0.7160830160429623,0.3728002361822611,1.4180529183684099,426.9352234754973,20.661852628147305,30.286755503894334,29.591829895442416,0.0,0.10137891258778792,1.4660263155716529,0.68234241721085,9.382520958261189e-05,0.009679274490221046,0.012128846322573914,0.014986107406104692,0.014981090733575803,-0.8868132975074392,-0.29510293708876995,0.7980514629795633,True
47746,443,99.5688511549112,599,6.047853757484137,682,6.892281687643433,76.82414248176593,8.317651877939516,61.683882176053764,61.36181631492731,56,0.09905118247590533,0.7299951812872932,0.1338671462212641,1215.3744234405242,34.861969831031715,61.975183432239554,70.70794218394659,0.0,-0.7500071529544713,1.7772385059222673,0.566028941707244,2.8399139536962528e-05,0.004758949575162321,0.012661285418786188,0.014996032714204492,0.014992576333143813,-0.9445301837300213,-0.2778440880025989,0.3953745721574033,True
47744,443,97.81493446876058,587,6.001200291907072,733,7.493745028235808,97.49911724571908,9.874122944028239,62.69786456828208,62.0,56,0.2119689829301365,0.6783103608030627,0.15748707736037,1220.325272479276,34.93315314441448,62.899563957773196,75.52039623580029,0.0,-1.0838641907525572,1.8005666268128029,0.5553984644556195,1.9374317059686673e-06,0.00036912795209294996,0.014819208455762243,0.014974011151842624,0.01411181443982312,0.24515761050813833,1.3629361982356163,0.029975151617564477,True
47747,443,97.97087571489875,627,6.407334081659349,733,7.481821459427998,95.6936117290148,9.78217163585834,62.47583821836268,62.0,56,0.14572921094439845,0.6619545120616294,0.1565742289855932,1222.3892997526511,34.96268036439548,64.11292977817546,75.52587533120413,0.0,-0.979325180352496,1.8337442330002136,0.5453907815063288,2.8100394846192595e-05,0.004696279516143759,0.012657015475993277,0.014980922312479477,0.003265657183524841,-1.087942192227834,1.8537379610289824,0.39095104969963823,True
443,55268,120.68433409666902,78015,646.4413292642279,46262,383.338874603878,9467.121071297972,97.26282004830371,122.96324832554981,87.0,87,1.1096162571758121,0.3698720857252707,0.7909046330670546,1235.6867258676052,35.15204811174802,56.84042960704475,55.783013970037864,0.0,0.09021678062756909,1.6170047303494546,0.6184315399416351,8.4766467004841e-07,0.00036968637995089137,6.287052100186907e-05,3.194326769899127e-05,2.0680787612104688e-05,0.36920403359353593,0.27968077613289016,2.7928438180406943,True
47757,443,107.69001307614673,15925,147.87763997650845,25461,236.44349244030184,33383.42984123572,182.7031508404347,124.50661103786295,87.0,56,0.6158353640329443,0.37496829166312934,1.4673844417313033,388.40772853756306,19.707139361461486,31.008054989304874,30.73401918855056,0.0,0.04230987353806401,1.5734073383798466,0.6355667290370027,0.00018174274199906704,0.013424295329042601,0.009127396449163919,0.005957499400646073,8e-06,0.7182490904453455,0.6852021856881947,1.4678158715023084,True
47557,443,95.52748110219427,808,146.85455406925485,977,207.43911206096436,309.90516570745785,11.868370759338887,64.0951446995131,63.10732703302036,56,0.1418242834155169,0.6574693518259704,0.17076866535563173,1191.5194212538615,34.08151299541143,62.83176549024761,73.59416369872552,0.0,-0.9024420492164396,1.8316314177412383,0.5471522352407532,3.9595879577290956e-05,0.00618524551259597,0.012283523766829162,0.015246621089233242,5.180262540259129e-06,-1.4647466997001752,1.9937608228142933,0.5016682275005112,True
443,34251,120.72435400565737,496,4.119095539341091,448,3.717234105804013,9.360624813515926,3.0279968131216606,59.01511252960164,59.012206273909015,56,0.0008823838081565005,0.9986960446292195,0.05128162313028879,1253.8659603549143,35.40957329877285,60.43767058082173,60.46997625170285,0.0,-0.0029566339355497906,1.706924136397731,0.5859341728932154,0.20585738085381422,0.029372738831556333,15.068495316901778,15.0889414613468,15.026757997921216,0.11629843538920293,1.8705062482675157,0.0029056417613608776,True
47753,443,119.98901202010151,500,4.174743818402668,496,4.137596591015847,8.970598063640471,2.995095430890044,58.833389027296,56.16761346403205,56,2.6703996353658805,0.9460043664659769,0.05090809960662063,1372.5866048357097,37.043696508980815,56.64584841385153,59.99449293953963,0.0,-0.2701401837106827,1.529157435681892,0.6539549346702442,1.1790313807291722e-08,5.5667628239668276e-05,0.015005034553048777,0.014991846588496447,0.014984429926884842,0.44747006483617496,0.232226604401198,0.0036913981526290286,True
45794,443,72.43032423976719,2316,1439.0481135684004,3227,2049.390985064315,2289.9441619065856,31.433188411672518,79.85117022761115,73.30747105798662,58,0.35639632826814827,0.678017909361974,0.30497344557468276,899.3546234045064,25.85295652386202,46.440939958091285,55.779476266239975,0.0,-0.5896365919932238,1.686679755470228,0.6012304709590435,4.652895121248703e-05,0.0035340367509374398,0.017021284513983354,0.017667965167340927,0.010995303867299614,0.1065740328449798,1.4271953745484145,0.156200864953301,True
47751,443,105.74303445408422,448,4.23668568159476,496,4.690616290337055,9.0,3.0,59.0,59.0,56,0.0,1.0,0.0508474576271186,1197.6885438610755,34.60763707420961,52.87153129204703,52.8714918290206,0.0,3.4208948447372398e-06,1.5277417287607622,0.6545608993816192,3.6377510318226353e-08,0.0001869185025351293,0.015059091704278414,0.01499915296772594,0.01493980618997571,0.9786037910182345,0.6215192314907909,0.012408122249772432,True
443,55268,120.66948651930768,78876,653.6598769455233,46429,384.76708045886033,8300.139563907504,91.10142236545968,121.64398072019134,87.0,87,1.1408679228306084,0.3802893076102028,0.7489090451525942,1193.533022411909,34.54728857506107,56.891364386011446,55.79874218544386,0.0,0.0949386265901017,1.6468129509905942,0.6072641030967184,2.2550555866934915e-06,0.0010212306313128975,0.00012063376034469206,3.255874722581804e-05,2.2470842580606526e-05,0.33753056420723826,0.14038489208644922,6.417309027872187,True
34854,443,120.69376240482778,16717,138.4979114366145,43891,363.652068222996,44710.84012441266,210.69588967088293,163.07821131280903,87.0,56,1.082199687652544,0.5011147410006092,1.288989078410972,472.59753705527066,21.66385995605252,28.55011868499026,27.469887367865816,0.0,0.15367806262766198,1.307176785643167,0.7698422438243271,0.03231229297828975,0.1551234343568162,0.07027355512276885,0.014646172788314517,0.014524312076564464,1.1081511094929457,0.369852203660092,2.129273661773329,True
443,55268,120.66310488939223,78783,652.9233339289733,46746,387.4096991814761,11694.720796490037,107.48678998368906,126.13473959077517,87.0,87,1.0959953810959688,0.36533179369865626,0.8502577054608383,1223.0239193592292,34.97145341971973,57.1960486677005,55.79675332064172,0.0,0.11990185178899358,1.6354878403049773,0.6114430554807696,2.7546017327679055e-06,0.0013978553951533672,0.00014643692592971648,3.5972195066137756e-05,2.1183789928774725e-05,0.24674041715991415,0.09931234237054473,8.771060279101535,True
443,36405,120.81697586930052,496,4.1053833406373075,448,3.708088178640149,9.0,3.0,59.0,59.0,56,0.0,1.0,0.0508474576271186,1254.598098384099,35.4203062999389,60.40858782608909,60.40849091848194,0.0,8.207805045212472e-06,1.7054789790558138,0.5863455441459932,1.577073729973015e-07,0.0003712882991328717,15.088961071945615,15.088946146529585,15.088268157624688,0.09089277382030647,1.828663023337439,2.460661989748645e-05,True
443,55268,120.67622238420574,78753,652.6036564164317,46355,384.1302926076606,8352.648751926405,91.39078796338069,121.71829261253826,87.0,87,1.1396816653915827,0.37989388846386085,0.7508333351681502,1190.26264867491,34.50003932765038,56.95631775489722,55.803927906048415,0.0,0.10024000934217614,1.650930977453402,0.6057358068679833,1.0733334352276484e-06,0.0006321364877468162,9.445572657108305e-05,3.2800303057966266e-05,2.166565647344579e-05,0.3633616574663081,0.1548947262776704,5.238435173034802,True
443,36385,120.8169758146925,496,4.105383342492898,448,3.708088180316166,9.0,3.0,59.0,59.0,56,0.0,1.0,0.0508474576271186,1254.5980835293371,35.42030609024644,60.40858796668579,60.40849091924038,0.0,8.21964896812644e-06,1.7054789931217982,0.5863455393100746,1.5798828764114516e-07,0.00037186688107425603,15.088961058483221,15.088946103298234,15.088267039677106,0.09121420033955258,1.8290696766734627,2.4644964621191792e-05,True
47758,443,107.67162078355528,14573,135.330576686176,25064,232.78523598686166,34791.30889941208,186.48470717280512,128.07759202418137,87.0,58,0.6597867628742298,0.3728435504710697,1.4564993710409273,406.0284146754654,20.14221735394033,30.516185649014204,30.16765866146513,0.0,0.05213405291873043,1.5168457450248585,0.660471973426984,0.0001459108212457581,0.011880487950133713,0.010448958891202944,0.009850518701670122,0.006389998113253084,0.00529909498937664,0.25324789684959864,1.1868647514056319,True
443,53594,58.164381962704255,23281,576.9236313503964,13801,341.4258343695275,6419.739926017594,71.30270561813475,107.19431244032243,80.76786030801115,80,0.8725654687546437,0.5134315738225784,0.5951145044658729,410.56072542658967,17.987578602830084,28.12631968739795,27.94758201631244,0.0,0.0412574474341228,1.5091901267753258,0.6655563856988613,1.359960665089715e-09,3.584390586060615e-05,3.3584782308723597,3.3584757085503463,3.3584727267382926,0.2553487064256733,-0.062123767681764475,0.6354932904178083,True
47745,443,97.8884252541369,606,6.192599885766336,733,7.488125780872617,96.64823255863445,9.830788842107586,62.59322970589708,62.0,56,0.1807520150852947,0.6706023028051222,0.1570568772327373,1221.2979913020054,34.94706850446271,63.4713896248012,75.52297838154013,0.0,-1.0345978538018061,1.8162023126624496,0.5506821209739927,1.426731078903676e-05,0.0024083945012564173,0.013800226857541719,0.014977268190218565,0.009000321266464058,-0.3830953624177632,1.5942374601211642,0.20009308326770958,True
46944,443,87.45931353257728,1346,595.6053139323794,1758,846.8992309192536,996.6651136660803,18.628197817355613,69.48695292722746,66.6484329225986,57,0.1930179466857206,0.6588504030639628,0.2170384466599239,1088.2695958041047,31.198814354946656,57.530230056777185,67.4114932590789,0.0,-0.761332961090796,1.7938136884366929,0.5621608046404563,5.129520354031834e-05,0.00679431589287146,0.013180212684710618,0.01610525954075573,0.013382426559472659,-1.3878532569749367,-0.2581221869069652,0.5088082455753051,True
47751,443,105.74414356033662,448,4.236641244844295,496,4.690567092506183,9.0,3.0,59.0,59.0,56,0.0,1.0,0.0508474576271186,1197.6939785455056,34.607715592673784,52.8715808659417,52.871520389666145,0.0,5.2424378350927816e-06,1.5277396950521327,0.6545617707253615,1.6749191168143123e-07,0.00039586445842794356,0.015168006577323853,0.015023876549272015,0.014942905862681996,1.0899169697566364,0.5649961216356283,0.02607323817742098,True
47756,443,107.04414409612696,15783,147.44768059305105,25629,239.44763039604163,32294.52405590537,179.67446371484766,123.59984982239926,87.0,56,0.6109995148769274,0.37626277612463294,1.453550188578255,401.79640194590536,20.041333043964162,31.664241251462666,32.11456422219388,0.0,-0.06514110732884394,1.5798116819110002,0.6330000081213515,0.00013265711707234154,0.011256493491452564,0.008672668510007342,0.0054461615798350555,8e-06,0.9055686551471777,0.7970020665488763,1.2858504741805867,True
443,55268,120.68370860121148,78461,650.1432281863109,46272,383.41610712112083,8687.56494426415,93.16551611668243,122.1048601871752,87.0,87,1.1308295342533896,0.3769431780844632,0.7629042250724741,1199.614146885614,34.634025134917756,56.9774409524029,55.80254639169972,0.0,0.10181550503699408,1.6452778371901264,0.6078614185440021,7.498873728265325e-08,0.0002539240625143879,6.534573255867512e-05,3.2766771927575474e-05,2.076677192757547e-05,0.385423603123026,0.19925247233940632,3.658340604781669,True
47758,443,107.01963347088189,13939,130.33043853274575,25087,234.4540623993331,34216.23688445031,184.83626860296278,128.47246185321595,87.0,59,0.6709656087449309,0.37336288201071244,1.4387124277271932,425.8237873550843,20.634597645638657,30.992606033090684,31.340650468825398,0.0,-0.051641495607577304,1.502640418438497,0.6669798903413616,8.381676133287263e-05,0.009152269342018217,0.010476050873466956,0.010757766019407727,0.008714792539222745,-0.0672589631685343,0.20759750925720677,0.9027200635729284,True
443,55268,120.67471930608934,78518,650.6599955671373,46680,386.8307292910495,12661.866686210953,112.22569773876083,127.42372122422067,87.0,87,1.0822435454300072,0.360747848476669,0.8798336336235226,1224.1020088980163,34.98654328299517,57.40125153490841,55.806439092491004,0.0,0.13667444245487326,1.6406990383913644,0.609502933698679,5.591974616728159e-07,0.0007289881813057147,0.00010155402605744755,3.731569260994502e-05,1.9273722956021993e-05,0.27440179720549673,0.1173765386543678,7.053162350505524,True
47748,443,104.81878237816302,470,4.510989571049438,524,5.024127286457832,19.307087577859363,3.8081120027315656,59.40786374327813,59.35892009408475,56,0.015052593001734671,0.9589679543141427,0.06346377933375155,1200.7160119114071,34.65114803662649,54.260085553008615,55.58204875486939,0.0,-0.11340325530318462,1.5655461969762943,0.641139400221411,4.321531475388792e-06,0.0008454368037489283,0.014669428635154733,0.014979918740109765,0.013165501171175693,0.7623732967085088,0.7074035538621573,0.0682681672833047,True
443,44541,103.44184955524572,676,6.677807886861507,551,5.423866041001668,76.65461640487209,8.252310937336931,61.83516928060943,61.289944418953766,56,0.16553863135671493,0.7553729052664515,0.1322985931905082,1117.5440904167533,33.41095922531145,65.86180578161998,71.943363151358,0.0,-0.556445169255993,1.9763140008400055,0.5092676891147827,38.619609547762046,5.429551901331565,11.249775901401016,15.08893424850934,3.5711450482579004,-1.5895295303275474,1.5226578199854999,0.5397489420133232,True
47748,443,105.74302890778462,448,4.236685903812178,496,4.690616536363481,9.0,3.0,59.0,59.0,56,0.0,1.0,0.0508474576271186,1197.6862628256526,34.60760411854089,52.871521373084526,52.87147835385594,0.0,3.7291713517457233e-06,1.527742896965205,0.6545603988645323,1.918937491803915e-08,0.00013324883714581828,0.015027338520806519,0.014980423062936515,0.014955107675523818,0.9577427979224296,0.6281691050287316,0.008865039153973108,True
47756,443,106.92992794617189,15758,147.37164612331378,25658,239.97888531283292,32101.960811173565,179.13886749703204,123.4394972150397,87.0,56,0.6101443382243085,0.3764916941187516,1.4511037246954461,404.16406903785924,20.100432206388085,31.780281920445987,32.358701258435346,0.0,-0.08414285183612455,1.5809442327591547,0.6325461064941424,0.00012397676351658267,0.010873137133716557,0.008592253942820857,0.005355736061616701,8e-06,0.9386944440507523,0.8167728751065982,1.25367152186971,True
443,47751,120.81698910567442,496,4.105382890862901,448,3.708087772392297,9.0,3.0,59.0,59.0,56,0.0,1.0,0.0508474576271186,1254.6064516031508,35.420424215460045,60.4084960766355,60.40851194279786,0.0,-1.3438146073033815e-06,1.7054707111686556,0.5863483866661118,2.874034412498225e-09,5.359794492912962e-05,15.088984663321114,15.088999240178898,15.088889548472272,-0.8047058595094778,1.7719851173947356,3.5521239652572836e-06,True
47755,443,105.74301503177772,448,4.236686459766659,496,4.690617151884515,9.0,3.0,59.0,59.0,56,0.0,1.0,0.0508474576271186,1197.6890653478436,34.60764460848118,52.87153250436087,52.87149359952647,0.0,3.3725066765000565e-06,1.5277414311933524,0.65456102687438,3.481101269135657e-08,0.00016110278247365758,0.01505500141913758,0.015007912711085163,0.014939089114567839,0.6024491156166623,0.9536588205112996,0.010683361799593236,True
47754,443,113.56413075529476,477,4.202680792793827,496,4.387006577189932,8.983858141493693,2.997307358956253,58.90852946846425,57.44500096389235,56,1.466067150893688,0.9703560382620113,0.0508807504769736,1293.7094305745263,35.94505984634461,54.94365842253499,56.782070833468346,0.0,-0.14830739618536573,1.5285185781689243,0.6542283848670845,2.4198963228572478e-08,0.00012379560703551095,0.015036507111687834,0.015002023341687066,0.014958581647710117,0.6475461055003564,0.4453916861681057,0.008214705828780021,True
47760,443,107.41164559080639,14915,138.84536347419265,26376,245.58505130626415,33081.99600561635,181.88177811635995,128.02983455434958,87.0,59,0.6770164621875637,0.37550954189402136,1.4213931252957148,407.24039851269606,20.176111896307926,30.748999300751585,29.86364567537037,0.0,0.13052191524719775,1.5247773539926643,0.6562179247415916,0.00013492376818493389,0.011478547237089772,0.011017263877876153,0.011602767043586067,0.009317659738640217,-0.26879264697035954,0.07661955847448859,1.0832913994791642,True
443,47750,104.76734336118437,663,6.481566859020922,543,5.292975429752137,71.49349783959988,7.851631709077798,61.618884781673316,61.11525309288998,56,0.1529103060632562,0.7740345947015422,0.12608498959244777,1128.0021962256728,33.56428387499652,65.44577392343889,71.06341059308247,0.0,-0.5139976203864701,1.9556503869202437,0.5151485719928952,35.67346341409777,5.015272199940076,11.542655538030187,15.088943206794157,4.449951637251415,-1.5211930675875822,1.4702740148170108,0.49856824315985765,True
37569,443,128.05907098659142,7634,64.01779184994065,16443,133.7652153490534,59135.74950426059,240.89946662525725,155.2002698135606,72.72575893417547,56,0.9969102246074717,0.4090698365420226,1.5471275778929345,683.7301182216838,25.900163835636995,19.450232575179413,12.317469067364552,0.0,0.7694704647560504,0.8116948682403701,1.5001151981057121,0.01038422241480582,0.09154785191332843,0.036079518714913536,0.012777822524374241,1.3258930918987984e-05,0.7472422581969839,0.4540850723639372,2.3313618432580303,True
443,38670,120.81702743191907,496,4.105381588530689,448,3.708086596092235,9.0,3.0,59.0,59.0,56,0.0,1.0,0.0508474576271186,1254.4323390000818,35.417966288685065,60.41081945556151,60.408519968888726,0.0,0.00019477950250817175,1.7056546721319705,0.5862851502377927,0.0001753163136679226,0.010853104214938434,15.08441790080842,15.088991097045335,15.055895248821894,-0.8764431917971842,2.2910465962248883,0.0007195976173462659,True
47746,443,101.3077218937548,556,5.5377641185385045,630,6.2722140521041325,57.72244099250525,6.820011140004419,60.92800507560816,60.69664446653518,56,0.07115483096181584,0.8060381839555341,0.1104858360973199,1210.3928182602676,34.790331543508195,59.41126711626993,65.68455695713693,0.0,-0.5387772984952952,1.7069716253531664,0.5909625644950482,2.040687529356418e-05,0.003459588155869929,0.013328752110055266,0.014991376511265746,0.014981711859620075,-0.3776472320860833,-0.04988525035729602,0.2867458815071592,True
443,47751,115.04248142399486,556,4.9603099759831855,482,4.278314475006902,31.48452410471514,4.745567681136192,59.942248074385944,59.76104652161941,56,0.05501557092168464,0.9186999483481395,0.07791715542825148,1209.055609589027,34.752604949399384,62.22085014242676,64.2420468709685,0.0,-0.18493350321506322,1.7954825531053429,0.5607315070026708,12.834948848789233,1.804478965122376,13.813059775693272,15.088993944379569,11.261110344513856,-1.4276165110716015,1.7486831741394975,0.1793821029167895,True
443,39688,120.81698458727513,496,4.105383044398967,448,3.7080879110700344,9.0,3.0,59.0,59.0,56,0.0,1.0,0.0508474576271186,1254.600469893462,35.42033977658679,60.40856538033158,60.408490797398954,0.0,6.316965320646892e-06,1.70547673347197,0.5863463161830113,1.1286035975262349e-07,0.0002789197716920685,15.08896322116852,15.088953048259473,15.088446633937957,0.039578185272745536,1.7637422798079867,1.848502257401599e-05,True
443,55268,120.6771089215045,78563,651.021721475328,46550,385.74032666429287,11220.395849229522,105.2661525359892,125.51654374406252,87.0,87,1.101321229046435,0.36710707634881157,0.8367803527416999,1211.75365875609,34.80894802777319,57.26904787707705,55.807039194250635,0.0,0.12584375817305712,1.6453069374482845,0.6078030344224816,4.028090456954634e-07,0.0005875648671451405,9.184242206648623e-05,3.5857365126025056e-05,1.985705394958998e-05,0.31167854489963703,0.13410782531291432,6.110617112316083,True
47746,443,103.68646225919761,483,4.6859604978771605,557,5.416928314458033,31.958173919693223,4.7823390980161475,59.96209708804609,59.777078417267994,56,0.056174506501846855,0.9169873146164549,0.07848739464235743,1203.5108496814826,34.69136463771854,55.44580164451591,58.738035619478396,0.0,-0.28274912583327905,1.5977757583122136,0.629066594228686,1.6273167714291032e-08,0.00012039791074590681,0.015017748262499969,0.014977945843165464,0.014943638954436426,0.8806185913039838,0.7375101063531369,0.008012783986571688,True
47761,443,107.25832019594841,13924,129.829649668612,26393,246.08419879957654,33648.85134139474,183.3890170967372,130.69333862699114,87.0,62,0.7147241988350255,0.3746319107148671,1.4030338617155103,422.8867686665662,20.56380545679495,30.49934336045464,29.518422574182296,0.0,0.14345191392620385,1.483299424896908,0.6743344586378539,9.846725041952284e-05,0.009918081286144558,0.012125310365591915,0.014985465610293782,0.014977560856615805,-0.8660027321727379,-0.28788241944163184,0.8179752253024573,True
47744,443,97.84138677412346,593,6.070092745255759,733,7.49172243388742,97.1928494400873,9.858525248470059,62.66020225024809,62.0,56,0.20073273389964177,0.6755359190431572,0.1573322309386721,1220.6753933168654,34.9381618451835,63.105387137932475,75.52132565446485,0.0,-1.0661312439285635,1.806194542401608,0.5537008617244283,6.375453764415747e-06,0.0011031424438221506,0.014452435774571516,0.014975183491657171,0.012271981356129618,0.01902396123667205,1.4461908753884822,0.09120747418247238,True
443,55268,120.67779676565127,78327,649.0667164538565,46603,386.1802101511659,12393.809474384549,111.07197365770232,127.00265129662557,87.0,87,1.0813896408830606,0.3604632136276868,0.8737724190311323,1232.2882125204699,35.103914908627964,57.311619941124306,55.80046684883784,0.0,0.12917946028738725,1.6326442115959265,0.6125266963527808,4.719581449830227e-07,0.0006093092898064624,8.940337976443661e-05,3.646526994165979e-05,1.9255788343056702e-05,0.29037690948519057,0.15969145943733756,6.004761567356953,True
45127,443,103.53540998509379,25509,239.2194905080467,43671,407.95307579449195,23000.88860274999,149.42926469906993,123.89945406604728,99.25870968774436,72,0.5497728692805031,0.342143916932854,1.2069940629057085,614.7126406711033,24.261910212655238,32.82843351121882,24.29647749604591,0.0,1.2524144274867126,1.241090835007214,0.9346376843973758,0.13935711513598265,0.22743764693550628,0.0736186890927678,0.017680102987858527,0.016930743526795605,0.2229030337560871,0.07609569055471077,1.870443806083031,True
443,55268,120.6781258011118,78211,648.0990721311211,46331,383.92922430367753,9271.637908648416,96.22327501865502,122.73308686521868,87.0,87,1.1147164021213063,0.37157213404043543,0.7838486164427861,1231.794282763377,35.09640786292545,56.80772275934359,55.782034411396204,0.0,0.08762630628384463,1.6186499893156856,0.6178062674287745,1.769290204404266e-06,0.0006994660218889782,8.700663998568855e-05,3.1881246764353765e-05,2.142503882775482e-05,0.3489310974358768,0.2512924871225095,4.022930220873041,True
47758,443,107.67883384966603,14656,136.09638409102166,25087,232.9789771507027,34716.11301299472,186.28371203170568,127.86935204504825,87.0,58,0.6571640610269149,0.37296032752927494,1.457290801615575,404.83226178469033,20.112648688503086,30.53985386147187,30.189012011964323,0.0,0.05255185835366778,1.5202192233799916,0.6589841704269784,0.00014854955089628686,0.011994676734201373,0.010373017310492269,0.009618994891204623,0.006002538489437188,0.046815105877543006,0.2784171239364767,1.205639265133493,True
443,55268,120.67751191810099,78571,651.0827247267038,46527,385.5564357567449,10977.299057354714,104.09246031253474,125.19490787390284,87.0,87,1.104538584239876,0.36817952807995863,0.8295196339026195,1209.671171738361,34.778997483031645,57.24675239646905,55.807140398387986,0.0,0.12401721785384266,1.646084036401161,0.6075163549767709,3.764349275134478e-07,0.0005637145379628084,9.020460899833903e-05,3.561142554559886e-05,1.9955429781760454e-05,0.31796508052941674,0.13692947248487358,5.951661608172449,True
47753,443,119.58134141338384,499,4.176515051898787,496,4.153421896137388,8.97143952212886,2.9952357954993336,58.83815729206353,56.248673965080066,56,2.593975062062642,0.9475496757142349,0.05090636408458627,1367.5813638763873,36.973981345497435,56.537832366901064,59.79063970829998,0.0,-0.2624088431721378,1.529116845475622,0.6539723085180862,1.6965999779040306e-08,6.663554548907247e-05,0.015010371036034437,0.014992981435511121,0.014983186999202106,0.4659626638305704,0.24191454383910696,0.004412602532312293,True
443,55268,120.66356807542907,78670,651.9862849234794,46493,385.313525181006,8813.252796145363,93.7856637230891,122.19338520775729,87.0,87,1.126675644456736,0.3755585481522453,0.7673030841815908,1222.6669597445548,34.96593799856197,56.73102903360318,55.779737461152116,0.0,0.08155194746239902,1.6225079288236757,0.6163400766465714,3.930394099621787e-06,0.001472760643390489,0.000143603011078881,3.1735814939351394e-05,2.3170220727783256e-05,0.3013934374377361,0.18472527552526002,6.907338711652402,True
43567,443,43.50975288812466,4322,3078.0145687734685,6079,4384.291421264244,4795.768498435596,56.02304289081237,99.31402270441247,86.23755924091809,61,0.4762173673664098,0.6664902726405054,0.47299932977227543,533.7373561867109,15.489962802671187,28.450884489855174,33.20949261137264,0.0,0.04705431951488981,1.5791554527067502,0.6467905351820185,0.0001154241076153722,0.010114419491145114,0.01805964838677554,0.020753230091843686,8.945649178754108e-06,-0.9642107014308676,1.836558707726645,0.547575832966499,True
46280,443,78.88113126011955,1932,1084.8638967123625,2610,1544.0861969074986,1745.439798689189,25.9984403471109,75.36564390128973,70.50930229185043,57,0.24883442113835647,0.6603561638597145,0.267486410355525,981.0206018919556,28.131975035175437,51.829436233267984,60.670543497346436,0.0,-0.5985908571260048,1.7508358239124644,0.5790377876367776,6.386189916645684e-05,0.00744263230903847,0.01413195879958097,0.017008807617713322,6.385235256812862e-06,-1.3045686676751365,1.9434541005965535,0.516359258563111,True
47594,443,105.14729424559069,12489,206.61255860511756,24133,435.3115320570869,43848.7413394656,200.18157077345364,135.89499719005755,87.2209933124573,62,0.721745023540914,0.36974177023190113,1.4556567624434071,423.00701330776724,20.342551700302096,29.33263088736904,29.04072941998033,0.0,0.06362973801237548,1.4342221216829756,0.6984306688215309,8.732351908973047e-05,0.00934469111398281,0.012324482804821514,0.015205650783345244,0.014657294547051024,-0.9250724954585814,-0.2489870147015738,0.7631479638215009,True
443,55268,120.66779105218406,78537,650.8586630942481,46446,384.91196036557625,8946.223406879413,94.49277801162626,122.34994452229293,87.0,87,1.1232064485472637,0.37440214951575457,0.7721026936577307,1225.3146585529921,35.00378533931016,56.75327672724114,55.78040377179016,0.0,0.0833140273822612,1.621388798732929,0.6167653964888707,3.3034904394273336e-06,0.0012484395315268747,0.0001271852570456004,3.177800251932129e-05,2.2663969768144493e-05,0.3151833959473034,0.20403542007296305,6.070615292492799,True
443,47751,113.47175719164858,572,5.192859033847013,491,4.433422048239369,37.60055069978665,5.220380415068483,60.198549442173885,59.96805916483275,56,0.06998038375619357,0.8965854808251559,0.08528039740309759,1196.665279372583,34.57095077365554,62.713831552022036,65.28480547152766,0.0,-0.23523654970358052,1.8199667933405903,0.55376342126806,16.326189673894984,2.2953013803096347,13.46599244215479,15.088988217029772,10.219913550841415,-1.4917541287055402,1.717758908133831,0.22817493675848202,True
443,34195,120.81697295125326,496,4.105383439793104,448,3.708088268200223,9.0,3.0,59.0,59.0,56,0.0,1.0,0.0508474576271186,1254.5856541789726,35.420130627400354,60.40874855526561,60.408492887934074,0.0,2.1655569133515728e-05,1.705491976568308,0.5863410762046791,1.1540484658565437e-05,0.0011168473350637138,15.088665123559831,15.088944104046998,15.086042193994373,0.06505095876004546,1.9052385269746073,7.403845483459536e-05,True
443,55268,120.6824105825389,78590,651.2176254761384,46286,383.54319167792534,8490.24521171133,92.12613635166346,121.8847785447988,87.0,87,1.1361576881596052,0.378719229386535,0.755810304649391,1191.4540487999739,34.51688992502255,56.999490528511835,55.806383456141084,0.0,0.10371570235873705,1.6514088727402043,0.6055673659368337,8.947542638181046e-08,0.0002921984570965487,7.040101459388848e-05,3.29246433302236e-05,2.0924643330223594e-05,0.38494497709628944,0.1773465245386726,4.068205988483135,True
47753,443,105.74313914957013,448,4.236681486931769,496,4.690611646245886,9.0,3.0,59.0,59.0,56,0.0,1.0,0.0508474576271186,1197.690799292368,34.607669659946716,52.87154332087227,52.87150452210712,0.0,3.363308895275914e-06,1.5277406378526497,0.6545613667812464,6.068135776521241e-08,0.000239098490199472,0.015091086608105807,0.015016794148555541,0.014929051495701378,0.9193396946506742,0.6861815982149833,0.015836044867109406,True
47748,443,99.97217563197377,591,5.9493876407270845,673,6.772996289264035,73.35551439122438,8.045699207332573,61.5466244273094,61.241029496032276,56,0.0939855568540311,0.7438036315602954,0.12962139517467944,1216.603208424222,34.87948071687453,61.54145206509296,69.79576624896345,0.0,-0.7080880659680515,1.7637796605634868,0.5707621777552137,2.68720825928965e-05,0.004516689820184004,0.012772105515541463,0.014982114534412037,0.0037869500212711652,-0.8418127137931851,1.6294618136455243,0.37555531101698,True
443,55268,120.65020784687431,79136,655.9138172898794,46751,387.492427207682,9674.647770030959,97.64835003133354,123.45050659810603,87.0,87,1.1239006235845395,0.37463354119484643,0.7890753818811191,1214.577023705866,34.850479772104215,56.86758711583777,55.78519467939951,0.0,0.09304020681742883,1.6317403482689463,0.6128472474453702,5.3627689442593815e-06,0.0021383927016250786,0.00019600123223761944,3.3479827699806794e-05,2.3867877861746532e-05,0.23424100902073244,0.08675935331240833,10.33891610320036,True
40891,443,8.600681532879323,6680,5044.616894812351,9503,7186.665546911065,7805.466561518973,85.64771518535531,122.9434070732963,101.75631447513992,65,0.7005715534899114,0.6725426745727378,0.6757747996941322,92.1965280546403,3.0132613242698616,5.380521415533419,6.11422449498169,0.0,0.6837397084926976,1.4098324918687468,0.7136200480272322,0.00016630715373408772,0.012751255650965635,0.021936069356172722,0.024449096646016102,0.0011428392954227313,-0.6283639822990833,1.542663699753326,0.5783860580178299,True
41521,443,18.309009571865715,3919,3448.7443729691295,8291,8031.760087991376,315245.23205143923,539.4717635832391,253.3353854880426,95.33784568090748,65,0.8602938888600142,0.3509726203039569,2.0696071662629,71.92592488445774,3.6065452367111863,5.147989658584325,5.049614946488054,0.0,0.8263036437715405,1.1484276781386857,0.8802749282717498,8.564670341420075e-05,0.009254457882981824,0.019329382639156862,0.023236464516689852,0.002584288334218228,-1.2672531088307186,1.813638894683889,0.4989192172727718,True
47756,443,106.59135431533896,14998,140.7681343164424,25541,239.64872802166468,32263.293542948268,179.51925044402404,124.79432957486938,87.0,57,0.6300432804612426,0.3760703871991524,1.4385133957191567,419.9545739638424,20.492160545149286,31.864476917637145,32.77421591655891,0.0,-0.1339143554619443,1.5554283157191375,0.6439103796347877,8.072419468656543e-05,0.008982617048736815,0.009032921776593967,0.007075988785630148,0.0032553667984524656,0.6714037679533096,0.6539676824188061,1.0179623528643655,True
34195,443,130.62230533153692,8146,64.51891503152152,22171,175.48803639293143,61170.672326149026,246.43255338157888,165.02229941784645,73.59538498994917,56,1.1115122966310333,0.44574401572137684,1.4929892424964144,685.9308450570479,26.015375918994167,19.11612199395332,12.167870769495543,0.0,0.756657912406903,0.7731487579551466,1.4895104857535695,0.015379646994520924,0.12362746273313369,0.05139642290557573,0.01502010178208622,0.00442622482970782,0.8700292083283858,0.3803036735332382,2.45200017401474,True
47756,443,106.3426664470293,15630,146.9807021394552,25810,242.7104216059444,31111.864578500245,176.3850096762839,122.61501737898804,87.0,56,0.6057473039761194,0.37766871439530386,1.4385248201536478,416.33782665828693,20.404300466146424,32.37692449030552,33.613972793641146,0.0,-0.18184350949320827,1.5867674329738706,0.6302122951184053,7.934526924674329e-05,0.008902046097655027,0.00817878895299748,0.004890798087341194,8e-06,1.1090162458226331,0.9184278046190767,1.0882180393074123,True
45519,443,103.02386017379169,16573,161.9754357497693,27395,267.76527586720323,30144.882779220028,173.5714415644909,122.88520014189274,92.45534899445133,59,0.5228924786206451,0.36751042502724884,1.4126027418472205,420.9568665272556,20.516566012833433,28.087968853487247,24.98027824943,0.0,0.44671631286720914,1.371670168554475,0.7848097729437017,0.00024217505634375731,0.013722155043733496,0.013117374228243082,0.010945680433058887,0.007538503136951792,0.7596216547293996,0.6362764916831978,1.0648629359510855,True
47745,443,97.8857565835653,605,6.185649593142097,733,7.488329832577821,96.6791307305975,9.832362433163262,62.59702931120245,62.0,56,0.18188559670366874,0.6708822054818734,0.15707249908811194,1221.2626689676015,34.94656319605345,63.450624921826865,75.52288461609304,0.0,-1.0363868620824814,1.8156345340697968,0.5508533855344485,1.3819575943205148e-05,0.0023343426238740103,0.013837229131912036,0.014977149917398102,0.00918593489596721,-0.36028161492834054,1.585838218398413,0.1939155915512525,True
47753,443,105.74397514246347,448,4.23664799257734,496,4.690574563210626,9.0,3.0,59.0,59.0,56,0.0,1.0,0.0508474576271186,1197.6928043819535,34.60769862874906,52.87157139757138,52.87151290908917,0.0,5.070126293157306e-06,1.5277401703259612,0.6545615670941578,1.420482905530414e-07,0.00032732765693716323,0.015138230030521442,0.015020458229645407,0.014947572482353923,0.7721097477481602,0.8355772343547362,0.02155015450906607,True
47119,443,89.82259855157774,1193,468.32041186556035,1536,665.5223977672231,801.8782742987214,16.710897090638852,67.95766560307109,65.64406330822843,56,0.17849780483166966,0.6584586932584441,0.2039148734444617,1119.3792191737732,32.04254255350759,59.06114930172841,69.16510050606743,0.0,-0.7983089882039056,1.803941901554606,0.5580797558808083,4.7912104638069664e-05,0.006616165447744131,0.01291700226898347,0.01585054130433336,5.593219608316256e-06,-1.4098519709121224,1.97652016978937,0.506703001343108,True
47761,443,107.19509761554005,14224,132.69752088911343,26849,250.47682436179562,32947.23827067875,181.50316518435088,130.19305666444313,87.0,62,0.7139132749997225,0.37572502944219244,1.3940706906926068,420.4707052832551,20.505292223543815,30.62621293420877,29.47461407209101,0.0,0.16856051529566896,1.4936077842404811,0.6695554166585275,0.00010123755796134184,0.010060597970298672,0.012123200154019262,0.014985082595185184,0.014975454273518514,-0.8535832666570909,-0.28357331161676075,0.8298654587070501,True
47756,443,106.4207299232937,15647,147.03266952783193,25790,242.34732404396564,31243.476056302916,176.75107439351697,122.72461380614368,87.0,56,0.6063317927927171,0.3775122554846559,1.4401969083418988,414.7195938259996,20.36390787661385,32.29761400739703,33.44711210238694,0.0,-0.16885635984834732,1.5859933668169575,0.6305225239163113,8.527804297474215e-05,0.009164059218782866,0.008233750012876875,0.004952601346319121,8e-06,1.0863757152424034,0.904915021661667,1.110211434119982,True
443,42402,107.03463984109145,639,6.145887476088758,530,5.069081197411122,62.66513936009984,7.166249302604348,61.24891903374124,60.81643460417561,56,0.13130890681686802,0.8059563733009825,0.11545630138863475,1145.883495244766,33.82644306035919,64.73420414758263,69.55820693067791,0.0,-0.44138266551227784,1.920311626250688,0.5252055758348142,30.633929230181362,4.306930391669846,12.043634109842257,15.088935747957088,5.9526063140166645,-1.2349118207163037,1.5949706296054367,0.42814674918873724,True
54466,443,119.33889426792832,37358,310.91448574481365,65863,547.9271321960415,14436.487091592106,118.47389234730564,124.47358670928718,87.0,83,0.9701904389335275,0.34216241758897864,0.9526702168615153,943.3802314482043,30.515079000695366,60.65927591091449,61.91020900763124,0.0,-0.12526164601576803,1.9725751631904935,0.5097660152134614,0.3890977395306331,0.5904833090032645,0.1603446609736932,0.002582323894048646,1.0679731802192346e-05,0.8340947331236046,0.3397714625562205,3.418130803933071,True
50270,443,112.33799294125872,32835,285.51490190076987,57353,497.4364832919732,17647.494647112762,130.22240314246304,124.30378138321201,93.04188116634533,79,0.7850733676255524,0.3400005148670585,1.0485774402389172,813.3282849851465,28.04574244480127,48.656274765612785,45.08600002863715,0.0,0.5572363530083091,1.635432893877568,0.7118712922502834,0.28958804454948067,0.44680210163508205,0.1268236015092525,0.00988385464266185,0.008350138649815753,0.516090507596325,0.17467893751992447,2.796651294064755,True
443,55268,120.64845547918996,79147,656.0216595902821,46660,386.75058895651784,8337.396245593072,91.25514239712093,121.63311271626092,87.0,87,1.1390907156484702,0.3796969052161567,0.7501269157282324,1213.1917470270296,34.83049524984787,56.65141211153398,55.777352962201064,0.0,0.07524606326863449,1.6265129144491615,0.614818001716474,6.173868891697368e-06,0.002275529540353514,0.00020235656390506397,3.158483995194778e-05,2.4981920576626607e-05,0.2520438702484392,0.11562084166269515,9.901686995153568,True
443,55268,120.68710938722964,78124,647.3283262450636,46233,383.08314782474275,9204.539161779623,95.88867276082728,122.68147020678693,87.0,87,1.116869865036169,0.3722899550120563,0.7814901714063448,1220.9934598823213,34.94091731795312,56.91967145206966,55.79249335056964,0.0,0.09683702158364706,1.6292146322331025,0.6138717958954548,3.7033867465352873e-08,0.00015364582407366567,5.2100982828564375e-05,3.235315163833128e-05,2.0353151638331276e-05,0.38667759486755887,0.256645669039527,2.5845005316960927,True
443,39458,120.81701548043372,496,4.105381994644241,448,3.708086962904476,9.0,3.0,59.0,59.0,56,0.0,1.0,0.0508474576271186,1254.4475014053337,35.41818033448638,60.41061095504142,60.40853022904778,0.0,0.00017624940924645447,1.7056384778658369,0.5862907170176196,0.00016013013819588141,0.009918405286004954,15.084821747711072,15.089006741623184,15.058755653668877,-1.2371910286280499,2.3317630282026136,0.0006576237440502509,True
443,55268,120.68624748524925,77987,646.2015987816317,46324,383.8411260727895,10492.935960444436,102.1771307396112,124.35398829022934,87.0,87,1.097688487353879,0.365896162451293,0.8209125437185278,1237.1022086031724,35.17241928823779,57.00636468079758,55.78901345960507,0.0,0.10386576581463582,1.6207843452466777,0.6170070953366559,1.4867701357413169e-07,0.00023487151784026987,5.577627016709798e-05,3.33763684742297e-05,1.9770605254295053e-05,0.357734653705961,0.26065880232286687,3.0045144513739475,True
47754,443,120.8319781275034,504,4.171081263506034,496,4.104873624402764,8.96885813148789,2.994805190907731,58.8235294117647,56.0,56,2.828427124746187,0.9428090415820624,0.0509116882454314,1382.9577995122033,37.188140573038226,56.869762230274375,60.416007213117354,0.0,-0.28607870205486385,1.5292445750551178,0.6539176377173739,3.873434525338058e-05,0.0032336890202958675,0.01620607857750576,0.01499016484481241,0.014984074682825393,0.6018333850243883,0.25659362235489,0.16576776537874308,True
443,55268,120.67883869263498,78596,651.2835640417806,46455,384.95101681451,10176.958221801568,100.22834590955436,124.13599500597806,87.0,87,1.1151309936416258,0.37171033121387526,0.8056153703474727,1202.8150574024041,34.68039213403112,57.17334960311563,55.80747358996661,0.0,0.11800374974520364,1.648642457762694,0.6065725281769745,2.8960414862911584e-07,0.0004851927597081803,8.48124823917656e-05,3.480172547602634e-05,2.027930980958946e-05,0.33866206768366774,0.14621910332625898,5.428336804003071,True
443,44228,120.81697740050137,496,4.105383288606775,448,3.708088131644828,9.0,3.0,59.0,59.0,56,0.0,1.0,0.0508474576271186,1254.603927735404,35.42038858809351,60.40851820175929,60.40851505162946,0.0,2.668160673723621e-07,1.7054730512566834,0.5863475821384752,5.103739714914449e-08,0.00015296503714620177,15.088984601692127,15.08899589368508,15.088698597302036,-0.8494025811612222,1.864970285572486,1.0137541013064244e-05,True
443,47750,108.37124956809518,625,5.948000017896669,522,4.937092484749612,57.46071433106913,6.762208012370094,61.03081971177863,60.640277459513506,56,0.11857461842553906,0.824774651228853,0.10919056002322289,1156.4309897207863,33.98107733237823,64.31465707322431,68.67088565170876,0.0,-0.3985822642593362,1.8994728271847672,0.531136423047076,27.663062230774873,3.8891161435376618,12.33898392968337,15.088969618990287,6.83890492158454,-1.7000239197749758,1.6173406098313428,0.3866166389104752,True
47748,443,105.74303286714724,448,4.23668574517681,496,4.690616360731467,9.0,3.0,59.0,59.0,56,0.0,1.0,0.0508474576271186,1197.6862922363737,34.60760454345796,52.87152169928201,52.87147877378834,0.0,3.721045786014125e-06,1.527742887632961,0.6545604028629255,2.0443732674576862e-08,0.00014109738155799103,0.015029880611571728,0.014979823159511097,0.014954387791413316,1.029590036133545,0.5653863376220921,0.009387024089119388,True
47758,443,107.71242214247854,15045,139.6624353315118,25192,233.88115035153314,34365.95658679455,185.3477600316142,126.89966380331998,87.0,57,0.6449512133619886,0.373504110431658,1.460976169456922,399.2622679807993,19.974959531418786,30.65006702715918,30.28844581418986,0.0,0.054497407038773635,1.5359281295579272,0.6520560815887096,0.00016083703347225155,0.012526407104654738,0.010019388491569244,0.008540883389162063,0.004198297810376469,0.24013815445498427,0.39561989960489014,1.2930644813761192,True
443,47750,120.81699530862527,496,4.105382680085536,448,3.708087582012742,9.0,3.0,59.0,59.0,56,0.0,1.0,0.0508474576271186,1254.6063939927128,35.42042340222248,60.4085012805534,60.40850406982179,0.0,-2.3624227294952688e-07,1.7054708972440928,0.5863483226925608,2.8134400819965217e-09,5.302888446327559e-05,15.08897872876718,15.088988504302439,15.088887878447046,-0.5409928954754776,1.7104126523593572,3.5144117083038704e-06,True
443,55268,120.66517616056127,78955,654.3357648180685,46477,385.1745684541754,8266.538320226222,90.91625393426582,121.59642767095609,87.0,87,1.141627022843031,0.3805423409476769,0.747677669460727,1195.6257728240125,34.57752392121482,56.84979996541775,55.79542378216491,0.0,0.0915462097499085,1.644177777683154,0.6082420777319466,3.011253415551136e-06,0.0012702165255190111,0.00013738539039479306,3.2404172823034946e-05,2.2986090589883505e-05,0.32100094545100344,0.13109987944716214,7.171684198397065,True
34195,443,130.95374524010933,7885,62.25821237642144,21476,169.44904925392325,61684.95097388075,247.5177243129097,165.04571759471798,73.14819520778747,56,1.1124162923362937,0.4437206045577597,1.4993690886277662,693.6240998798609,26.17140671745157,18.839710565217803,11.698214761085648,0.0,0.776480127748459,0.7561012793027793,1.5132229250600002,0.015250156595596687,0.12312180896490241,0.050883544871693165,0.015019254475130545,0.004073674527234131,0.8617536675241545,0.38054506582555947,2.4644589788346396,True
443,55268,120.68069981426905,78631,651.5652896738904,46353,384.1017705694348,9054.286957396092,94.8079924677571,122.65061403387423,87.0,87,1.1299894053681048,0.37666313512270155,0.7720838690195533,1193.1977016352987,34.54207432376589,57.07038446231031,55.80794097160485,0.0,0.10956840876910338,1.6522312614538726,0.6052485832029874,1.6780301592543335e-07,0.0003750470065984281,7.724872289541012e-05,3.366592562611875e-05,2.07336297495525e-05,0.367694589461452,0.15925005356554073,4.694247409219756,True
47744,443,97.81080241907084,588,6.014298381605825,733,7.494060295105599,97.4435369310665,9.871292333657061,62.69102975427818,62.0,56,0.2099298712600693,0.6778068656815865,0.15745897642164075,1220.1711907904823,34.930948896149886,62.93366769811642,75.52056414115516,0.0,-1.0810094745083942,1.8016592896610624,0.5550694168299801,2.750555368246927e-06,0.0005029779863102391,0.014753707132060265,0.014975557410249179,0.014920781833784326,0.20414231401442007,1.1877085416006978,0.041096914338985845,True
443,46943,120.81700385914579,496,4.105382389537344,448,3.7080873195821176,9.0,3.0,59.0,59.0,56,0.0,1.0,0.0508474576271186,1254.6057123292123,35.42041377974209,60.408515761956274,60.40849052973409,0.0,2.1370932422414807e-06,1.7054717694059593,0.5863480228406056,1.3721984338824234e-08,7.473079482786554e-05,15.088967972219965,15.088968305157072,15.088841171956599,-0.07385734979572284,1.620229109620904,4.952678507416592e-06,True
43420,443,41.515707552564294,4427,3185.1124574525843,6266,4537.2423333326005,4961.061685230386,57.69251867584584,100.73079081712683,87.0845205172454,61,0.5263978519526352,0.6761877036771952,0.4845889252243597,508.4692226865783,14.792284302767795,26.497054176317434,31.72758646315751,0.0,0.02195185447635839,1.5509094712471299,0.6561704690351274,0.00010321699915025534,0.007780103719908868,0.01950945649192288,0.020950907894882673,0.006220755238418817,-0.18240676440998832,1.549716752942072,0.3425233603408449,True
443,55268,120.65748212988125,79096,655.5422309925957,46561,385.90193833732206,8206.559785960102,90.58572655257989,121.51154503327551,87.0,87,1.1429820234655779,0.38099400782185927,0.7454796523328592,1199.3613518845195,34.63149429691079,56.77560708587803,55.78950040127273,0.0,0.08549071395860701,1.6394739686808248,0.6099877716034834,4.3610736132889834e-06,0.0017146586756094737,0.0001672872067234872,3.212825606822876e-05,2.390581310590413e-05,0.2914954213584814,0.11452604503706589,8.518250933962378,True
34685,443,110.97550105075129,14849,453.99188526900707,39956,1102.5762822682282,72028.02940890228,245.83334422892528,173.4585793264149,87.8082344816444,56,1.0685936996388363,0.49352370617575075,1.3739740381859484,418.5255510845017,19.628178803884687,25.20272519125214,24.135683821769817,0.0,0.22875775384707342,1.2684510324895975,0.7899420648329903,0.017711292899297692,0.12831398692603263,0.06305167641366918,0.01584043902442135,0.013791185444416798,0.9196353394296568,0.5236380735984942,1.9465006829941136,True
47747,443,98.00001846242334,635,6.483233529618513,733,7.479593148676588,95.35619367746911,9.764987511549268,62.43434529702376,62.0,56,0.1333501322922011,0.6588978841185676,0.1564036332620553,1222.7750310918666,34.96819849598875,64.33968706423438,75.5268992802745,0.0,-0.959788630132428,1.8399445592418862,0.5435205170014601,3.298980446790904e-05,0.005504950016442232,0.012252938647897435,0.014982213890009664,0.0012386961943063792,-1.3370757084611093,1.9454604027300844,0.45841126129076,True
47744,443,97.81538099321054,590,6.040982568780783,733,7.493709789299268,97.32654825434754,9.865334300427117,62.67664344050983,62.0,56,0.2056378304996943,0.6767470798857678,0.15739982793252114,1220.170308956482,34.93093627357745,63.01027897045577,75.52091869063361,0.0,-1.0744606111915227,1.8038531754351235,0.5544079896160232,4.4505790851316125e-06,0.0007837563503047176,0.014614261924202827,0.014976830139880003,0.014924977127752604,0.11777737938731225,1.1017667553178971,0.06449244717149927,True
47754,443,105.74372191744602,448,4.2366581381371935,496,4.69058579579475,9.0,3.0,59.0,59.0,56,0.0,1.0,0.0508474576271186,1197.6910460108975,34.60767322439143,52.87155756527075,52.87150261312692,0.0,4.763578713342967e-06,1.5277408921018922,0.6545612578490236,1.0635058649208233e-07,0.0002485942569547145,0.015100640492674242,0.01501266669064685,0.014952210303186398,0.5452302719084476,1.0224582236386106,0.016369820202221236,True
443,34195,120.81698120872976,496,4.1053831592026455,448,3.70808801476368,9.0,3.0,59.0,59.0,56,0.0,1.0,0.0508474576271186,1254.5553030526885,35.419702163327706,60.40915598735254,60.40849817029036,0.0,5.57200462788645e-05,1.705524113030041,0.5863300293876199,4.330451526642766e-05,0.00302889409547205,15.087841121516771,15.08895139005567,15.080150241649633,-0.10391456309126959,1.997202239755235,0.0002008152996238878,True
47758,443,107.02837476181847,13918,130.11740239878472,25077,234.34803789887485,34256.096975023975,184.94479035108176,128.5475335066742,87.0,59,0.6718008442979595,0.37330762111309884,1.438716490023164,425.943579554069,20.637504824564896,30.974810917539696,31.311391018550726,0.0,-0.049962284759080655,1.501563003481245,0.6674507451617309,8.387988143677286e-05,0.009155731990233616,0.010505505520352208,0.010832912067371187,0.008826220863784342,-0.08233526504591604,0.19848697586204977,0.9003679379421151,True
443,37210,120.81697222397716,496,4.105383464506033,448,3.708088290521579,9.0,3.0,59.0,59.0,56,0.0,1.0,0.0508474576271186,1254.5987334107726,35.42031526408684,60.40857747296149,60.408498227925776,0.0,6.711837834866798e-06,1.7054782551429422,0.586345793029296,1.4677061232271233e-07,0.0003491766859318027,15.088967130922923,15.088957846232146,15.088313463900901,-0.1675169472628455,1.870146503400881,2.3141201748269323e-05,True
47745,443,101.61736363456889,518,5.137971715989524,619,6.147664082004546,55.056178254171876,6.575533816180295,60.93005398163926,60.55888975440094,56,0.11269115278240595,0.8334690272512262,0.1062956770961753,1209.3708665817474,34.775634655882655,58.03576047497127,64.64032343640889,0.0,-0.5672241195562635,1.6682351804021767,0.6034175093255876,1.139738095059121e-08,9.53187156729829e-05,0.015004164290517282,0.014976382220491198,0.014933214803274654,0.6918009912928559,0.9447084005567116,0.0063472753284198255,True
47756,443,106.35799749267727,15633,146.9909081210683,25806,242.6391121336566,31137.71202561054,176.4569018742563,122.6365412453079,87.0,56,0.6058620929293763,0.37763798711007446,1.4388532049703153,416.02001860504555,20.396367682934642,32.36134854247411,33.58120268145954,0.0,-0.17929293663160453,1.586615412539295,0.6302732215860648,8.051041880445684e-05,0.00895350339000995,0.008189582867875394,0.004902935755684004,8e-06,1.1045698257497656,0.9157740015569438,1.0925373670642673,True
47751,443,105.74303437673898,448,4.236685684693664,496,4.6906162937679845,9.0,3.0,59.0,59.0,56,0.0,1.0,0.0508474576271186,1197.6888606262532,34.60764165073129,52.871532626252765,52.87149364663421,0.0,3.3789896576392742e-06,1.527741565284178,0.6545609694231481,3.853927165971953e-08,0.0001928114234793148,0.015063036312533164,0.015001937397082233,0.014937795213218386,0.9658966197191472,0.6342637703131049,0.012796312582327237,True
443,55268,120.66517506611969,78727,652.4433146494376,46745,387.39642004136925,12018.974063184862,109.066013235496,126.5656009037291,87.0,87,1.0915161539015488,0.36383871796718287,0.8600784238333212,1224.379778020356,34.99087157931571,57.24877187610937,55.798608663063625,0.0,0.12421356528486358,1.6360893712985007,0.6112176607422504,2.335950165554586e-06,0.001278987593055271,0.00013848108075912305,3.637225894984447e-05,2.0752951900167495e-05,0.2487467673600284,0.10132729314488378,8.519394935318552,True
443,34195,120.81699672328253,496,4.105382632015498,448,3.708087538594644,9.0,3.0,59.0,59.0,56,0.0,1.0,0.0508474576271186,1254.498277864562,35.41889714396468,60.40992149078684,60.40850809504103,0.0,0.00011972206055162585,1.7055844925941757,0.5863092740846668,0.00010298433749444658,0.006621341545279768,15.086292945970273,15.08896507936694,15.069080151935546,-0.42137529190239775,2.169988184270034,0.0004390098679725714,True
443,34194,120.817026383167,496,4.10538162416757,448,3.7080866282803857,9.0,3.0,59.0,59.0,56,0.0,1.0,0.0508474576271186,1254.3892601882644,35.417358151403405,60.41138493892876,60.4085270686436,0.0,0.00024207765644928024,1.7056999229854481,0.5862695952169041,0.00021707699996371295,0.013489188650512247,15.083333227534869,15.088991249853242,15.04791695201132,-1.0282795759183538,2.500311025575433,0.0008943773854022741,True
47746,443,97.92538645832302,615,6.288861742726343,733,7.4852996558271485,96.22029152497778,9.808994537133023,62.5406050061637,62.0,56,0.16505186007025918,0.6667256384848063,0.1568405138522549,1221.78720717905,34.954067048041104,63.758981669567945,75.52427703708503,0.0,-1.0098200108353064,1.8240660710141887,0.5483100993178943,2.046845799471579e-05,0.0034340162431878113,0.013287743738455753,0.014978906273957074,0.006429564376207869,-0.6990667633757011,1.7105673254952118,0.28565161384055704,True
47761,443,107.20243122381439,14189,132.364857401218,26796,249.96729446027828,33028.62304471913,181.7219177107349,130.25108770203042,87.0,62,0.7140073394575478,0.37559823131893066,1.3951103886099216,420.7509605702858,20.51207956326891,30.611496487176158,29.47969571208969,0.0,0.16564800135570118,1.492412048968549,0.6701097695744731,0.0001009162115344812,0.010044066510693693,0.012123444931517267,0.01498512702365918,0.01497569863012549,-0.855023883197575,-0.28407315373954917,0.8284862313247371,True
443,34695,120.81697036821868,496,4.105383527565053,448,3.708088347478113,9.0,3.0,59.0,59.0,56,0.0,1.0,0.0508474576271186,1254.5968712709225,35.42028897779083,60.40859872139615,60.4084921967107,0.0,9.02234646128892e-06,1.705480120710589,0.5863451516424488,1.8109049943453576e-07,0.0004195175976429329,15.088960867738033,15.088944206407271,15.088175395469522,0.07693570102789987,1.8720021520512962,2.7802950208963548e-05,True
47757,443,107.59583257723679,15904,147.81494337627262,25486,236.88155529858804,33224.645794779135,182.26150822660122,124.37438727993927,87.0,56,0.615130201375724,0.37515705315530046,1.4653671334159843,390.36006249436844,19.75587142434781,31.10373995244705,30.935330017926788,0.0,0.02664139076606683,1.5743412186057342,0.6351924502531057,0.00017458508496967482,0.013108186853611793,0.009061088102575202,0.005882936211260471,8e-06,0.7455639957976201,0.7015048242778478,1.4412817098777952,True
47752,443,105.744315337768,448,4.2366343625187515,496,4.6905594727886175,9.0,3.0,59.0,59.0,56,0.0,1.0,0.0508474576271186,1197.6951666666241,34.607732758248865,52.871589980584126,52.871526741205955,0.0,5.481957826701841e-06,1.5277392006556454,0.6545619825497224,1.9000639290161533e-07,0.00043310209128626234,0.01518872971812693,0.015030925777477265,0.014941341799120674,1.0769111182937654,0.5845118550302262,0.02850967780118724,True
47757,443,107.68087118944214,15923,147.87155416020093,25464,236.48601420506515,33368.01703518774,182.6602815969468,124.49377637858015,87.0,56,0.6157669154985319,0.3749866143116138,1.467188626203882,388.5972371518643,19.711869671907316,31.017342910928804,30.753559972639234,0.0,0.04078896957182729,1.5734979880081617,0.6355303986471883,0.00018104796451975548,0.01339361139869403,0.00912096004885708,0.005950261721534316,8e-06,0.7209004861479276,0.6867846457165161,1.465240260816658,True
44968,443,103.26334013995991,25283,237.7885939779315,43249,405.1873265887044,23166.351066631778,150.02290952755226,123.8869571351905,99.45085914904041,72,0.5425002118726195,0.3422101651092137,1.2118903968806585,608.5738371109685,24.144959693183953,32.339227292960956,23.653915852035716,0.0,1.2739009607015284,1.2289025280726578,0.9415229382046173,0.13471378420648278,0.220657540060604,0.071974234010254,0.01792106908729385,0.01719595248326445,0.21384120826689457,0.0730486839126619,1.8418166259619346,True
443,41438,120.81700700791605,496,4.105382282541812,448,3.7080872229409914,9.0,3.0,59.0,59.0,56,0.0,1.0,0.0508474576271186,1254.4854779670113,35.418716445060745,60.41010411040886,60.40852862219098,0.0,0.000133452949800034,1.7055983509441717,0.5863045106137953,0.00012189271603093538,0.007562947129233858,15.085817907629279,15.089008713674714,15.065952034893051,-1.2263580198866966,2.2196749745463733,0.0005014485301585371,True
47756,443,106.70019175456257,15708,147.2187091742453,25717,241.0474599531563,31714.63601948673,178.0615606943625,123.1169614147706,87.0,56,0.6084242222214212,0.376952143435073,1.44618286809533,408.92643251201054,20.2193052073421,32.013687978823135,32.849762399604664,0.0,-0.12236326478782472,1.583222263657248,0.6316331214982264,0.00010651696147889372,0.01010204802162393,0.008430506795656448,0.005173852727360062,8e-06,1.0053241859021051,0.8565401957952651,1.1889462622913838,True
443,47751,118.84039555072187,516,4.398020725056689,459,3.903273948216289,16.696349753980755,3.59749983280509,59.32252720590019,59.26050274322707,56,0.018831578278297872,0.9721713641963095,0.060113291364217475,1239.014662358941,35.19183352054451,61.02885155912427,61.72072101486071,0.0,-0.06330384541652778,1.7362811732853343,0.5775799076975477,4.393344284206421,0.6177006968776411,14.652247140239318,15.089007792757437,13.778659848085567,-1.2725357151875976,1.8234561382938395,0.06140404597066473,True
50872,443,112.37527602404063,25721,223.11452643268615,44413,384.47772138617574,23361.824598768762,149.4740519435574,123.47363831585554,87.0,68,0.7749818112509365,0.3611849831450388,1.2128091974886432,661.1801154822973,25.101742256414756,45.51543219052532,46.76256925939001,0.0,-0.15610510950464257,1.7659808147082554,0.5742603702938194,0.18075142855537024,0.2789957109262469,0.07884710195277257,0.003816100643867392,9.244551403023584e-06,0.9822754482920732,0.6502435157561655,2.1693880627702153,True
47746,443,97.93263721017452,640,6.535106175956293,733,7.484738792149941,95.15082644628096,9.754528509686205,62.40909090909091,62.0,56,0.1258156892005639,0.6570374880473933,0.1562998013205364,1220.9360789785524,34.94189100536256,64.44674831730076,75.52751523879157,0.0,-0.9513606320339685,1.8443980582801602,0.5421823378898312,3.6039354767477485e-05,0.006003277485529831,0.012017093079732599,0.014995707114771257,0.010895360419389578,-1.4884940142329155,0.18755256047906022,0.49956150785466147,True
47748,443,103.86641951143335,494,4.793636169148971,553,5.367781720223634,29.927655203379572,4.640801946342934,59.82813226576435,59.72875639387263,56,0.030562995984800945,0.916687958851973,0.07646381419892945,1203.8378612397312,34.69601562694627,55.69088104525905,58.37505785349383,0.0,-0.23025939006813056,1.6044992623992507,0.6273102086136786,8.752736364353625e-06,0.0015668415370649067,0.014296602825276897,0.01498035021579285,0.011322606889332672,0.4471492094787628,0.8885888848712216,0.12865038528468858,True
443,39316,120.81701608466814,496,4.105381974112254,448,3.7080869443594557,9.0,3.0,59.0,59.0,56,0.0,1.0,0.0508474576271186,1254.444793031467,35.41814210069678,60.41064710167231,60.40853034364396,0.0,0.00017930152368819463,1.7056413395968937,0.5862897332999327,0.00016285711584576525,0.010086389459233028,15.084750704589467,15.089006600982415,15.058242429459522,-1.2379636061462527,2.3397568102055164,0.0006687616893832644,True
443,55268,120.6860555924773,77995,646.2666577823114,46330,383.89424028660363,10536.099608637485,102.37910833971627,124.41413219636071,87.0,87,1.0973183850457247,0.3657727950152415,0.8221128471815354,1236.9928958941507,35.17086374079106,57.013296194424974,55.78927353480725,0.0,0.10444057071074032,1.6210536504345092,0.6169053577070418,1.5601784552389163e-07,0.0002433739774415071,5.653985002539166e-05,3.344650899397779e-05,1.975891516767037e-05,0.35620514321865027,0.25836610960273715,3.072641872823505,True
47757,443,107.49233018032933,15881,147.74604112498423,25513,237.36297721027393,33050.1454514051,181.77615223850063,124.22907613770057,87.0,56,0.6143552423759664,0.3753644980840242,1.4631501538039255,392.50563664646995,19.80942694139602,31.208895724054162,31.15656640555512,0.0,0.0094220561737135,1.575367533425921,0.6347811257040397,0.00016671896971908476,0.012760790255923988,0.008988216617646394,0.00580099282688899,8e-06,0.7755825050217476,0.719421082839599,1.4121212216678805,True
42233,443,98.15453426440418,17960,184.02176646964514,29723,304.55137291103955,28738.558007837782,169.4776180180379,123.29484177279097,100.47403608878763,63,0.40117284934675085,0.3525611441930372,1.3746913065726543,427.56162041323734,20.67697311175872,21.774685069965333,12.27077592135246,0.0,1.3721033827701499,1.0554155092991964,1.0120843117752216,0.00048219167878882927,0.020837017241310533,0.020382754489056853,0.0198526598644011,0.018607409705450342,0.24347130342817508,0.22000702807727748,1.0330435737578176,True
47750,443,105.7430168677014,448,4.23668638620877,496,4.690617070445423,9.0,3.0,59.0,59.0,56,0.0,1.0,0.0508474576271186,1197.6861733901644,34.60760282640441,52.87152038114585,52.87147707687742,0.0,3.753880502518717e-06,1.5277429253437607,0.6545603867057606,1.5374980209614374e-08,0.00010938208452393294,0.015019608240101026,0.014982247317970258,0.014957296781564312,0.7392614884084207,0.8190861337057486,0.007277727588255888,True
47744,443,97.84782128270312,595,6.08685079624845,733,7.491230438936156,97.11834996656412,9.854731117693362,62.65104091231573,62.0,56,0.19799952256709474,0.6748610376268515,0.15729456463264416,1220.7605600160425,34.93938020886217,63.15545351212777,75.52155173503851,0.0,-1.061817714468042,1.8075635297410835,0.5532879208034447,7.455000163869944e-06,0.001281691061034462,0.01436321852369193,0.014975468662665577,0.011824442980938887,-0.035982923283381596,1.4664425293402759,0.10610220261883682,True
46106,443,111.07590974090557,14599,134.34024800269867,23978,219.40832310611145,37699.65144720088,192.5311393137732,129.6000787614678,84.68619268210466,56,0.6782363233885307,0.3803274022830654,1.4821127785062755,434.53432164428324,20.66747155678908,29.049086418755515,27.56890869702387,0.0,0.1741782282850295,1.4491019466577217,0.7760415555541722,0.0018419255509627818,0.026370273081744597,0.01355548546690731,0.007129665061042947,8.852455327645653e-06,0.698545994529137,0.6331742930667604,1.631499106565581,True
47755,443,120.83198205599307,504,4.171081127895832,496,4.104873490945105,8.96885813148789,2.994805190907731,58.8235294117647,56.0,56,2.828427124746187,0.9428090415820624,0.0509116882454314,1382.9976287619213,37.18867607946221,56.870801489104544,60.41599837401562,0.0,-0.28599003277851576,1.5292504999416108,0.6539151041962271,0.00011025629890378635,0.009143864470515366,0.018444212794657976,0.01499139249783043,0.014978673009546105,0.9574770587555971,0.3385781215717094,0.46779961833934225,True
47745,443,97.89597689918696,637,6.5107000343045165,733,7.487539891826975,95.26721534819205,9.760455997410928,62.423403467442775,62.0,56,0.13008572562689066,0.6580918405582148,0.15635864656856727,1220.1547861740532,34.93071408046002,64.3588549056283,75.52715976821752,0.0,-0.9591820209502878,1.8424717947201712,0.5427649924907512,3.4375823814891496e-05,0.005726252842502956,0.01215963030343168,0.014999233795369637,0.014998826214366582,-1.4024907081203308,-0.4110527197765087,0.4763202579499678,True
38643,443,32.81034917070483,5872,3043.2441437758116,15250,7107.274628425112,283484.95464953996,502.81282091363573,247.0073543469518,94.31327517974692,63,0.941258083387563,0.3899197991186133,1.955250754363254,122.35650362253304,5.864201419178477,7.505036969388673,7.15157028345091,0.0,0.7621711602796964,1.1420921898664806,0.8802241713636162,0.005237325925732916,0.04404211562992098,0.03312443994062972,0.02223847180304009,0.004110383877500625,-0.6776218854996494,1.7354958050890859,0.8837502334003904,True
443,47750,120.81700542319672,496,4.105382336390612,448,3.708087271578617,9.0,3.0,59.0,59.0,56,0.0,1.0,0.0508474576271186,1254.606300052763,35.4204220761521,60.408509766095314,60.40849123209649,0.0,1.5697722828770448e-06,1.705471200659895,0.586348218376878,2.7146345778391026e-09,5.210097081592234e-05,15.088969051845458,15.08897099831339,15.088885155293193,-0.1109808440428058,1.6100121957545164,3.452917860111401e-06,True
47757,443,107.06618549568972,15788,147.46235370301565,25623,239.34510897595095,32331.684855143543,179.77782291795359,123.6307946221595,87.0,56,0.6111645466198511,0.3762185995963796,1.4540223064703226,401.33949023573206,20.029928104703618,31.64184775674586,32.06745072759626,0.0,-0.06147415617316737,1.5795931225760975,0.6330876019260057,0.00013433224918933087,0.011330473490420417,0.008688186889910025,0.005463611870170577,8e-06,0.8991760499915763,0.7931867016353221,1.2920603590845554,True
47746,443,97.9563553227204,640,6.533524307769154,733,7.482927058741859,95.15082644628096,9.754528509686205,62.40909090909091,62.0,56,0.1258156892005639,0.6570374880473933,0.1562998013205364,1221.5139166185133,34.950157371165275,64.45537329702769,75.52751726210697,0.0,-0.9503957347357535,1.8442086584035091,0.5422380269764325,3.6018834082061996e-05,0.0060015678178747985,0.012014280671314633,0.014992166312806192,0.007860791969558367,-1.4885539612385115,0.6929444883202791,0.4995361393122258,True
443,47751,120.81698438434125,496,4.105383051294636,448,3.70808791729838,9.0,3.0,59.0,59.0,56,0.0,1.0,0.0508474576271186,1254.6064954529375,35.420424834450195,60.40849211570937,60.40851793525917,0.0,-2.186835633412689e-06,1.7054705695386227,0.5863484353591378,2.920155368296343e-09,5.4031081369037517e-05,15.088989180365814,15.089007411717052,15.08889081960043,-1.005429159146577,1.8188505735317257,3.5808283889483205e-06,True
443,55268,120.6632459125403,78779,652.8906343874156,46746,387.4087945890727,11716.809353390814,107.59436873844498,126.16409042731271,87.0,87,1.0956902502771988,0.36523008342573293,0.8509267056494509,1223.1162822257347,34.97277621016534,57.199640241659964,55.79687970899572,0.0,0.12019557135538123,1.6355288173835227,0.6114277012961914,2.7260826400899754e-06,0.0013897579649036194,0.00014589496334430996,3.599944794148818e-05,2.1154440678397346e-05,0.24687709236140046,0.09944960345440343,8.753916506510537,True
46402,443,105.51650045095575,16460,156.85360357796543,26464,252.38015673215614,32523.030812874556,180.23490894935796,124.4416603954443,90.30505676616488,57,0.5644194295905169,0.3691404167621998,1.4481915937659364,394.5820382210958,19.859420179833467,28.575099167288723,25.851501457490425,0.0,0.3960216919024475,1.4447081189223636,0.7285805363817,0.0002680143680200606,0.015797893817870397,0.012004719691850402,0.009496843591380267,0.004570263637161041,0.5538047927221018,0.5424543093192237,1.4077843452484102,True
34868,443,120.69390180035644,16733,138.63234237833245,43910,363.8066208387662,44688.24979182282,210.6264792722775,163.05133943532124,87.0,56,1.0821517658413804,0.5010004822993545,1.2887129694815949,472.9712343905517,21.67090268870337,28.574965172052735,27.49636655712125,0.0,0.15348758853672406,1.3076749260924703,0.7696500812636167,0.03259463917254113,0.1554769070358306,0.0703493491830798,0.014637533811055186,0.01451415092758487,1.1079360841682537,0.3697826361569328,2.1303711240247853,True
54603,443,119.60597017977625,37805,314.2818808793875,66685,554.1959135829832,14094.173287217203,117.28494206289461,124.51193776754788,87.0,84,0.9776772827570918,0.34143284441830246,0.9426930967746752,954.203463086633,30.722696908007794,61.24008831746125,62.491167003376674,0.0,-0.12407870550304397,1.9804986839911853,0.507292460792633,0.3970884534145699,0.6024298045422408,0.16347033991337334,0.0025350048080600026,1.073477532990306e-05,0.8284115525936218,0.3278639162480273,3.466023881149399,True
47757,443,105.74298253184044,448,4.236687761905429,496,4.690618593538153,9.0,3.0,59.0,59.0,56,0.0,1.0,0.0508474576271186,1197.6867724885617,34.607611481982374,52.87152116063277,52.87147834955589,0.0,3.7111269026475392e-06,1.5277425657700716,0.6545605407651287,1.038164577504436e-08,5.7593009551217445e-05,0.015008314009239524,0.01499491273617379,0.014958089077899845,0.08577250883552456,1.394544593490303,0.0038233360495208164,True
47752,443,111.93093262819852,470,4.209754289842452,496,4.450401985785877,8.987230460464493,2.9978698991662194,58.92763927596546,57.769867691412905,56,1.1597798628781257,0.976549184763678,0.05087379501338097,1273.652248614745,35.66569595433789,54.5107867547971,55.96509887836151,0.0,-0.11732132741139334,1.5283551234737829,0.6542983487966156,1.1409371214081705e-07,0.0002724611534611877,0.015110516289684683,0.01501427814767978,0.014959862028731669,0.8129975971231916,0.42371989297346196,0.017946833922371695,True
47745,443,97.85390465517753,613,6.265500633843766,733,7.4907606687240476,96.34221730362373,9.815204008520622,62.555598444479664,62.0,56,0.16952503154604248,0.6678301488697176,0.15690215849850528,1220.1628892939589,34.93083006852344,63.65487850481169,75.52390183425908,0.0,-1.0193591344020827,1.8223123095182372,0.5488428076120172,1.8754407527556118e-05,0.0031461972439420067,0.013440983980783227,0.0149875387588905,0.014960275908935356,-0.6088884877284424,0.37866121578025275,0.2613401056080671,True
46405,443,120.80642439391006,29866,247.14743150452455,59033,488.56428942803717,26452.924478696557,154.59714930777238,141.3598735918789,87.0,73,1.0434684125668974,0.40876879075837946,1.0658328445862275,774.6264867156967,27.35592394596009,48.631499208048695,48.87084735240697,0.0,-0.0002665449255284946,1.7097829122649877,0.6145329844425416,0.26050959715826816,0.44080645079073266,0.1315316864096871,0.007663995016525059,0.00631188757173882,0.9343637504842504,0.3136264885533004,3.0162625156004244,True
38731,443,120.73157914635583,21131,174.96780559545047,48974,405.5807898928715,38582.287961972994,191.86547861883332,155.7881148863075,87.0,62,1.0691989353056637,0.47011739256109264,1.2140832323162445,573.9782317894524,23.574489392128257,35.290745075069985,34.653451041647926,0.0,0.10200417083063222,1.4423177675492012,0.7177102855054994,0.10891025241311963,0.25101736344007186,0.09083579564629445,0.012302496680254587,0.01176768459867759,1.049816690848213,0.35097917156875935,2.427005208115388,True
443,39084,120.81698298299115,496,4.105383098912824,448,3.708087960308357,9.0,3.0,59.0,59.0,56,0.0,1.0,0.0508474576271186,1254.6000334876862,35.420333616205255,60.408569510805776,60.40849081968068,0.0,6.664918143422453e-06,1.7054771467048988,0.5863461741125564,1.2111311890973494e-07,0.0002959174523738796,15.088962825667956,15.088951778201327,15.08841379067991,0.049021109335911445,1.7756890120848068,1.9611520521421998e-05,True
47749,443,105.74302213294806,448,4.236686175252001,496,4.690616836886144,9.0,3.0,59.0,59.0,56,0.0,1.0,0.0508474576271186,1197.686212501182,34.60760339146839,52.87152081493038,52.87147763531267,0.0,3.7430749481739424e-06,1.5277429129335394,0.6545603920229109,1.704305248344387e-08,0.00011981924988256336,0.015022988767786133,0.014981449553324805,0.014956339463989768,0.8348055111455908,0.7355962417355603,0.00797187452770443,True
41820,443,97.87451568761796,20798,209.44715758514934,34873,350.4067721988605,26443.62779265835,161.78109524694972,123.63943331810893,103.25671905617926,68,0.39845236984211596,0.3435223274053122,1.3088709506721288,486.98397581377094,21.828547822067456,22.64963295409372,10.926846089213406,0.0,1.6994797510561883,0.9874915535882705,1.0778975667812793,0.04274440317900474,0.08636553243665634,0.03940289279797213,0.022693828847507484,0.0224488849017621,0.03435572815061505,0.012697328579469924,1.274804695028351,True
38011,443,105.08217386321958,17680,171.90079069187544,35625,337.25336483396904,34761.42425365856,185.05503527536922,139.13950575961664,98.11074681775125,62,0.6202671853280707,0.406231076979019,1.3335663957352608,440.48830831710114,20.985979454595217,21.728765980656057,13.191574265847773,0.0,1.2315427499832199,1.0327775724490529,1.0019516639400037,0.007753202744502181,0.06845863808780533,0.040668119824169346,0.02111597997662082,0.021080837464991398,0.39839282055762837,0.1335605509037949,1.4221089087282297,True
34605,443,120.69133476963361,16433,136.15673673434918,43565,360.96046560840347,45104.260824284385,211.9047026659608,163.54619702333693,87.0,56,1.0830342673300273,0.5031046071539859,1.293797638347148,466.08943158131376,21.541207631325104,28.117406050477356,27.0087404977399,0.0,0.15699525372550038,1.2985014479331167,0.773188840375006,0.027395108297332327,0.1489675502762986,0.06895356781691293,0.014796624423589255,0.014701273010059098,1.1118958712574738,0.3710637527009209,2.1101608680447113,True
443,47750,106.9752512624012,640,6.1546816936685325,530,5.074946726918208,62.896439399192,7.184206092394715,61.25861201258415,60.82426354862566,56,0.13187485625149245,0.8051200333794573,0.1157347694642967,1145.4187734852014,33.819627686598174,64.75281142850143,69.59764257105215,0.0,-0.44328815277300576,1.9212339274412045,0.5249433105003847,30.765963268936662,4.325342171572411,12.030512048483207,15.088946892661717,5.913520408804439,-1.3238205918617365,1.4887097658111748,0.42998205713471926,True
47746,443,97.93986889356134,619,6.32657983498123,733,7.48419230086273,96.05261223956964,9.800454917894186,62.519985174569825,62.0,56,0.15890009950824183,0.6652066528024955,0.15675573661853703,1221.9788956646628,34.956809273473645,63.87166828936575,75.5247858867083,0.0,-1.0001113578298297,1.827147311833221,0.5473806747827694,2.28982411900172e-05,0.0038358835736389324,0.013086938495598374,0.014979548121055411,0.005422269808933389,-0.8228732099538987,1.7561486256357213,0.3191758429719348,True
36902,443,67.19356363721909,9821,1904.2862633028367,26118,4465.933492678662,190469.47862083532,389.77292720367996,214.6547874490926,91.45184391457775,60,0.9972703560882181,0.43549298960356286,1.6995592919147893,252.63506935545055,11.918687017272916,15.289879639785505,14.62252638429512,0.0,0.527533766101375,1.1976748002900934,0.8405109621307482,0.010724362941390264,0.0811115481657306,0.04628880494591642,0.01942411108218294,0.008368765886325402,0.02497814024088929,1.2024249508459035,1.351231914864293,True
47747,443,98.0070883708786,640,6.530140691355207,733,7.47905176056776,95.15082644628096,9.754528509686205,62.40909090909091,62.0,56,0.1258156892005639,0.6570374880473933,0.1562998013205364,1222.7499114624982,34.96783912950721,64.47382213063548,75.52752158997909,0.0,-0.9483318191942709,1.8438035320240507,0.542357145945405,3.597494033126671e-05,0.005997910838369809,0.012008264929065614,0.014984592536593398,0.0013698493615878517,-1.488682187897187,1.7739779375184317,0.49948187599415594,True
35858,443,87.81094129499269,12189,1221.3272927017006,32634,2882.092989001113,134694.14676031168,321.99025431594004,195.255057078299,89.73602967349771,58,1.0308572733575239,0.46282026815725746,1.5462377503729852,330.75465276567917,15.549168286586278,19.957943514332076,19.10237289619597,0.0,0.3868369800832536,1.2310040770342612,0.8166975332393444,0.014014582198934259,0.10333967610573086,0.054182618515997386,0.01773652198536868,0.010922240639900696,0.4462816831996721,0.8827770269734185,1.6315502773088213,True
47754,443,112.57159404751465,473,4.206996078124623,496,4.425536204404701,8.985906632394782,2.9976490699603398,58.92013758357043,57.642338920697334,56,1.2800151409706142,0.974118020555983,0.05087652543064621,1281.56079225821,35.77583044120551,54.68165281487755,56.28578999089326,0.0,-0.1294042503663923,1.5284253301705035,0.6542683001274925,6.594077645616509e-05,0.0055829143632814245,0.017104938731314422,0.015004864988212128,0.014949722577268842,1.0078469096189158,0.5527940401229032,0.28738353443526327,True
47753,443,105.74362018358164,448,4.236662214126876,496,4.690590308497613,9.0,3.0,59.0,59.0,56,0.0,1.0,0.0508474576271186,1197.692609721631,34.6076958163989,52.87156251597946,52.87151377276118,0.0,4.225349610800895e-06,1.5277400378373236,0.6545616238583915,1.1380538952415009e-07,0.0003195382952731327,0.015131511966380209,0.015022714567158656,0.014933861835816409,0.9895078054540172,0.6397056660939962,0.02109201512914488,True
47757,443,105.74309120670497,448,4.236683407810932,496,4.690613772933531,9.0,3.0,59.0,59.0,56,0.0,1.0,0.0508474576271186,1197.6866664139561,34.60760994943782,52.8715231129853,52.87147696884404,0.0,4.000056794480768e-06,1.5277426898382964,0.654560487608272,1.7437865275669877e-08,5.2491985752467225e-05,0.015007015757213537,0.014993260206307061,0.014963761781960083,-0.019861296742989865,1.4879250579333339,0.003467096283456768,True
47755,443,105.74301463263565,448,4.236686475758639,496,4.690617169589922,9.0,3.0,59.0,59.0,56,0.0,1.0,0.0508474576271186,1197.6890371885097,34.60764420164411,52.87153236504494,52.871493412236724,0.0,3.3766653791623335e-06,1.5277414451274498,0.6545610209043178,3.4510987868892574e-08,0.00015983154604126332,0.015054428036212271,0.01500775305425991,0.014939322459158594,0.5961036459304503,0.9590734788697444,0.010599111642198056,True
443,51332,82.424064556959,14458,355.12291847603257,8630,210.6582879377649,3937.4400149946787,44.85524369717599,88.53301298612044,72.33913627157969,70,0.5346997605138729,0.7018355295196355,0.38436909012493914,737.383381818257,24.737744349122394,40.62628169933571,40.516774019272205,0.0,0.025280385475501932,1.5851916371763335,0.6348863626370868,2.0153084155085447e-09,4.336722847169409e-05,7.9006494598907135,7.9006590325461215,7.900604395619513,-0.45577501111913654,0.7182598297642768,0.3894256190738216,True
45529,443,103.62110360817383,15636,152.40968137345993,28184,273.7654249504231,31329.154829224775,176.88478216523848,128.10197058299352,92.44244631311766,63,0.5984591043290468,0.3663344613591144,1.380392800284367,423.378383207006,20.575773374085347,26.89154877475221,22.09731077643154,0.0,0.6941646230651735,1.308695868654211,0.811189309775159,0.00025779992818622186,0.014554592568156055,0.015860129385419267,0.017976833681572178,0.017962298309644582,-0.6080972389680133,-0.201703603253954,0.8876565492194696,True
44997,443,113.28140982296549,13695,125.20789740130746,22999,208.28637246020094,40483.42740857552,198.81244043971506,132.92462020869,83.13296373780366,56,0.7196205689433601,0.3840600077856384,1.4905558559350323,466.895867404208,21.347009546415425,27.802541524467,25.58829679161137,0.0,0.2514852182731263,1.3663257577363483,0.8700726051899113,0.002951261802420198,0.034834489689123324,0.01648054496897246,0.007863156992766136,9.424697570282858e-06,0.7048698827594705,0.6099170628466529,1.7223860327906957,True
47756,443,113.90089312469809,478,4.2012175385687325,496,4.373933874110772,8.983163049382407,2.9971914098821544,58.90459061316697,57.37804042383852,56,1.5291981534856556,0.9690795257747243,0.05088218411593701,1297.8858959044892,36.00320922999528,55.03402071132861,56.95044190182033,0.0,-0.15459593195895305,1.5285596373402468,0.6542108126308239,7.874559890474582e-05,0.006531534332521375,0.01745580793369261,0.014990851632980135,0.014971406531920538,0.5533942604374671,0.9298892415051472,0.3341675929498749,True
47746,443,97.91904267596584,640,6.5360128569218245,733,7.485777225193276,95.15082644628096,9.754528509686205,62.40909090909091,62.0,56,0.1258156892005639,0.6570374880473933,0.1562998013205364,1220.604879202503,34.937152964236,64.44180472907382,75.52751407908585,0.0,-0.9519136831801367,1.8445066167962425,0.5421504185205563,3.605111662919084e-05,0.006004257417443757,0.01201870507066876,0.014997736599762827,0.012634687042450608,-1.4884596543479665,-0.1021234345452946,0.49957604836741515,True
47753,443,105.7440185727169,448,4.236646252527167,496,4.690572636726506,9.0,3.0,59.0,59.0,56,0.0,1.0,0.0508474576271186,1197.6931059576089,34.60770298581339,52.871573769929086,52.871514674934645,0.0,5.1227018214778035e-06,1.527740046535224,0.6545616201323398,1.4817075171215535e-07,0.00034083110753707765,0.015144676957334033,0.015021794545135246,0.014946777056467115,0.8110215157502914,0.8035255484448114,0.022438626090619956,True
443,55268,120.67414067136654,78507,650.5724052505994,46712,387.0947654274409,13010.9124250767,113.910920592494,127.88553575118254,87.0,87,1.0776239693672078,0.3592079897890692,0.8902587937103263,1227.0921068510818,35.02954718254531,57.43326406145049,55.80629378052443,0.0,0.13929704438380622,1.6395832561710946,0.609914556732344,5.970662196139535e-07,0.0007632332065379913,0.00010390564768143763,3.766882011074067e-05,1.913247195570373e-05,0.2653753988853892,0.11332513215755902,7.281395479222273,True
443,54923,42.87896608212469,28471,707.2847639848903,16842,418.29510652718614,7881.0217505095325,87.14407335428348,118.31964124741368,85.85346833988417,85,1.0808530449953182,0.38813271625048773,0.723724868757034,210.46702270538736,13.904211455371748,21.115938671251694,21.26196978431372,0.0,0.01720284998221614,1.4808462936194662,0.6789300082601316,2.320332562558359,0.3262404259980373,0.46137045913395414,0.6920304479997001,5.2706936679768355e-05,0.2397240948492777,-0.4496300447578333,0.8123741440465595,True
47753,443,105.74352695261024,448,4.236665949460093,496,4.690594444045102,9.0,3.0,59.0,59.0,56,0.0,1.0,0.0508474576271186,1197.6922588356754,34.60769074692068,52.87155879570512,52.871511979857885,0.0,4.058274328463415e-06,1.5277401541285012,0.6545615740333242,1.0350922549711282e-07,0.0003039479607311394,0.015123676978976886,0.015021567109049247,0.014932929526102513,0.9759082657658986,0.6487133374732796,0.02007333619708053,True
47745,443,97.86678738824565,620,6.340581925535555,733,7.489774450612466,96.01304628920303,9.79843989170815,62.51511967653633,62.0,56,0.1574485173854317,0.6648482298048807,0.1567357324074424,1220.1604080778218,34.9307945523941,63.870439625248885,75.52489943005004,0.0,-1.0009325991016127,1.8284852454469487,0.5469817500029405,2.3537763892638386e-05,0.003936223266079836,0.013048627029547625,0.014991119837977913,0.014972080206667938,-0.8518934856384288,0.1368468302752654,0.327168111286699,True
47747,443,97.99324085214661,640,6.531064245002681,733,7.480109518104633,95.15082644628096,9.754528509686205,62.40909090909091,62.0,56,0.1258156892005639,0.6570374880473933,0.1562998013205364,1222.4125482963555,34.96301291683631,64.4687865457802,75.5275204086921,0.0,-0.9488951622252829,1.8439141107361927,0.5423246325795801,3.598692107278374e-05,0.005998909006113247,0.01200990691799599,0.014986659788843873,0.0031415436045955556,-1.488647188599443,1.4789112801594073,0.4994966870954146,True
47754,443,112.08567175845214,471,4.2091089015687695,496,4.444399364385312,8.986909513530263,2.997816361657658,58.925820576671484,57.73894980341522,56,1.1889295272289724,0.9759597768813958,0.05087445697173531,1275.558498702041,35.69224555847572,54.551955888501276,56.04283756270359,0.0,-0.12027154584732708,1.5283715452163626,0.6542913193941274,2.8900252365283956e-08,0.00014226798518051314,0.015045154106717131,0.015004570898296264,0.014952800653866168,0.6960251028094464,0.49282978788054144,0.009438220470033207,True
52702,443,115.92098112684945,31646,267.82013102734805,55334,467.7021874126311,18817.259742522518,133.6895243863787,123.98278772596976,87.0,76,0.8743772983447337,0.35149915526097286,1.0803527533320862,804.8695533793029,27.858081711735387,53.22630921952592,54.47537913347977,0.0,-0.14040036779557602,1.871173634011339,0.5414214127430503,0.2868363045643051,0.4375976226454551,0.12034367754988848,0.0031878915197674296,9.975310368630365e-06,0.9068254308572616,0.492158694797343,2.805217505793315,True
41483,443,113.4311171970552,15064,132.83843051190763,34387,300.05026942702517,38792.59537145878,196.27786866638323,145.92703482002509,87.0,59,0.8852639422883612,0.43631801795737674,1.3503129581516833,436.3185819362265,20.88398421738747,29.148773369004942,27.975501791520188,0.0,0.16865703627353243,1.3978786773256948,0.7195183690669286,0.008967551417434095,0.069642390942561,0.037410056020617505,0.015012995563288799,0.014983791995082433,0.0602211723673971,0.020777836794315552,1.4090525929475008,True
47745,443,97.85584016596876,614,6.276780899414826,733,7.49061249862789,96.29276242109182,9.812685355931569,62.5495168861833,62.0,56,0.16771064764514265,0.667382143271987,0.15687715452663903,1220.162516514318,34.93082473255542,63.687264557722294,75.5240517137457,0.0,-1.0165907189012273,1.823239735712699,0.5485632010202766,1.9473062320292523e-05,0.0032648913038996453,0.013382035999084177,0.014988076782707443,0.014962049394850463,-0.6453977279100295,0.342330854035863,0.2712301510419733,True
44666,443,57.73805475533984,3319,2268.870722629427,4671,3231.7502171321785,3559.4012240572156,43.9130182806781,89.7742760366749,79.8550574441864,60,0.43719009077886595,0.6771480983141848,0.39033627110439817,713.585098814105,20.596337022624425,36.96254507979553,44.348739467134905,0.0,-0.29897724596248465,1.622154497920818,0.627340879034777,7.347012552090396e-05,0.00555199352485655,0.018203796126317878,0.019228194095391997,0.008726184510854287,-0.030765006226858294,1.4854240476442795,0.24475122095295843,True
36669,443,110.567256690579,17077,157.97580404307888,38226,344.0212293841849,38625.596343971745,195.1953226015364,147.9903641646872,94.20540880038506,60,0.783411340753729,0.44143831927888594,1.3223838601211675,445.70286035802985,21.10982340240237,23.722727485882633,17.780070242069932,0.0,0.8557766888664415,1.121133234442283,0.9234892004302444,0.011798153879388616,0.09317762933752624,0.049842740909682964,0.01898225515818816,0.018941363121144285,0.6513607295417607,0.2177454497423657,1.6528407943629708,True
47754,443,120.8319784186594,504,4.171081253455422,496,4.1048736145116855,8.96885813148789,2.994805190907731,58.8235294117647,56.0,56,2.828427124746187,0.9428090415820624,0.0509116882454314,1382.960751416489,37.18818026155155,56.86983925388433,60.41600655801633,0.0,-0.2860721304217367,1.529245014172047,0.6539174499480339,4.403512201944848e-05,0.003671715655628568,0.01637195561598281,0.014990255831065757,0.014983674343310667,0.6281915537613344,0.26266982003190587,0.1881525486106383,True
35307,443,116.13500875670472,16465,143.84094489420906,40867,350.8910968080217,42548.00787664574,205.4884407710127,156.97461959397882,90.24121090228738,57,0.949014347497172,0.47717619274907414,1.311032785264224,450.9960042928823,21.235533882623574,25.746741277456497,22.437722415450036,0.0,0.4743472138679642,1.2108205618902699,0.8438441782729244,0.015904069094799057,0.11826917652742228,0.059155638656640135,0.016816371589919176,0.016769643372636433,0.9081412818580428,0.30319915376066675,1.8870501898083922,True
43644,443,111.28047118984968,14797,133.00275987906252,31827,283.31690255231644,36729.01129374128,191.05361576058752,140.4754945957968,87.0,60,0.8262381526367633,0.41554772829653536,1.3647058358429813,430.68568000954264,20.749325637270715,29.66660826219068,28.48812904165299,0.0,0.17048708510035,1.431586177395621,0.7019703511204987,0.005916659296114934,0.04914953391832895,0.028708124480762938,0.015003361661293261,0.014980766472141686,-0.2533178294193046,-0.08363645678531101,1.2106236465400255,True
47746,443,97.9295143603964,616,6.299612461694551,733,7.484984028463494,96.17249820441346,9.806560505053355,62.534727773213014,62.0,56,0.1632984349893982,0.6662926847692021,0.15681634995211796,1221.8418437981118,34.95484865954928,63.79110053106117,75.52442207356407,0.0,-1.007052771195603,1.8249443114589845,0.5480451871396281,2.116101466247708e-05,0.003548559754640828,0.013230508586722369,0.014979089218463604,0.0061424570448563864,-0.7343550887931161,1.723559280250098,0.29520696365999344,True
443,47751,120.81698326774227,496,4.105383089236867,448,3.708087951568782,9.0,3.0,59.0,59.0,56,0.0,1.0,0.0508474576271186,1254.6065058234462,35.42042498084185,60.408491178947244,60.40851935248096,0.0,-2.3862107655358103e-06,1.7054705360430091,0.5863484468750766,2.9310630104204464e-09,5.413351847589418e-05,15.08899024865042,15.089009344292219,15.088891120223234,-1.0529003765253788,1.829934290568353,3.5876170076051184e-06,True
44132,443,55.64904095024904,7604,2054.6437854682677,15103,4765.324914742419,198546.088151439,393.57866477899177,202.83660144811392,91.84763945135789,63,0.8007185644752391,0.3590432616102455,1.8056115400304593,222.88905027712119,10.802944945057755,15.547265343851349,15.365675087570533,0.0,0.4983576499104,1.271317870290769,0.8020827993120152,8.636772583162063e-05,0.009293257724429743,0.016317310479978708,0.019783254473173497,0.007775621080050273,-1.1201171435315784,0.9267199917173103,0.6125362667604585,True
443,47750,120.81700530086908,496,4.105382340547326,448,3.7080872753330683,9.0,3.0,59.0,59.0,56,0.0,1.0,0.0508474576271186,1254.6063011888912,35.42042209218985,60.408509663469495,60.408491387358474,0.0,1.5479299858926993e-06,1.7054711969903245,0.5863482196384925,2.715829551134601e-09,5.211219318696909e-05,15.088969168880062,15.088971210034282,15.088885188227554,-0.11618149478171458,1.6112264587201452,3.4536615788652707e-06,True
44820,443,102.86068847061303,17060,167.25891070169993,27665,271.53872528779516,31320.40661399388,176.80218417926952,124.20114666842574,94.16516288026271,59,0.5034906090436623,0.362568872371182,1.423263400595119,404.22445609106404,20.097959908177625,25.85270849308395,20.39970439123205,0.0,0.7896240574655942,1.2955581662818387,0.8367489484102408,0.0003598611302814409,0.018176470215113066,0.015282686646381964,0.013537731341821686,0.009898711226993762,0.3957584587713551,0.39603474998869376,1.3046287562299763,True
47761,443,107.31778047026872,14660,136.59054405941444,26609,247.96612910076016,32965.345650696625,181.56154810718257,128.8679755948709,87.0,60,0.6919912020918819,0.37569354073751876,1.4094631886285038,412.42308730375163,20.305201952368765,30.71008513576299,29.70115114761817,0.0,0.14824155111247467,1.5129732884433484,0.6612365286215864,0.00012143057377394397,0.010912858102546111,0.011468065037166197,0.012981998558270244,0.0116246510305801,-0.5061706796207526,-0.06988357484933244,0.9809931225916029,True
43031,443,99.94812500161149,22524,220.35288795283412,38096,371.4862244640279,25182.53799399744,157.25656793323995,123.73468000819409,101.79223146320008,69,0.453881703184995,0.3430174098703796,1.2715530195729174,533.771521242807,22.719898667409026,26.378170271942686,15.82419812460293,0.0,1.5357178487485343,1.080386033565907,1.0254208712589237,0.0781340446095985,0.13804083941068213,0.051936282427633595,0.02085728004548975,0.020427566581763496,0.10342139666278338,0.035920414363355885,1.492989798575072,True
443,55268,120.67642526196975,78550,650.9182331212893,46587,386.05228655029305,11632.79496396282,107.25725093835415,126.06217969054032,87.0,87,1.0958631790930606,0.3652877263643535,0.8490977264037357,1215.2864729735538,34.85975732904754,57.30687082156917,55.806867507506745,0.0,0.1289423741805306,1.6439886357226432,0.6082893688932557,4.475511539982996e-07,0.000628025518908726,9.462087362149636e-05,3.627458686088807e-05,1.9690165255644773e-05,0.3010138145736374,0.12932107026431217,6.380275583270233,True
47751,443,105.74303434761921,448,4.2366856858603725,496,4.690616295059697,9.0,3.0,59.0,59.0,56,0.0,1.0,0.0508474576271186,1197.6889798853329,34.60764337374822,52.87153312856855,52.87149433094846,0.0,3.363212752859027e-06,1.5277415037367972,0.6545609957931182,3.935315426481623e-08,0.0001950300522232121,0.015064521420061382,0.015002985708278623,0.01493703809957655,0.9611124904622294,0.6390619680874701,0.012942462554143663,True
47748,443,105.74303496819532,448,4.236685660996457,496,4.690616267531791,9.0,3.0,59.0,59.0,56,0.0,1.0,0.0508474576271186,1197.6864383346272,34.607606654238886,52.87152242363076,52.871479747410014,0.0,3.6994370771757503e-06,1.527742815383585,0.6545604338181614,2.2008362445169624e-08,0.0001477484744538854,0.015032872038755743,0.014980644968533467,0.014953173078281387,1.0630678897788908,0.5368067521820197,0.009827835432579984,True
34194,443,127.04234205695431,10963,88.9373156848086,29686,240.716609096944,55615.82324442059,234.71135753180317,164.76935397890122,78.42559087494077,56,1.10174801857788,0.4675993731112895,1.4240789686971504,602.8341237047375,24.330049216524095,22.101709239044858,17.240739842615056,0.0,0.5425533308274133,0.9572827319312319,1.233386646492829,0.016778304369719166,0.1290891523881888,0.056936143615577806,0.015029253751131467,0.008234206616617773,0.9594153425572598,0.37769633652002277,2.317429585057763,True
37027,443,72.26901977558946,3617,1934.1222540209114,9546,4517.0463890881765,208775.65353237515,422.46902883120197,217.49214738072854,81.50171839175684,60,1.0138050595620298,0.386300920963988,1.8626442496082307,418.036432102676,15.030101193040815,8.458795760261017,3.4259331878127717,0.0,0.994345403035531,0.8066277097718089,1.381764025768556,0.007393073055472716,0.06698823001906824,0.033705054349738285,0.0196054383829044,6.016092013794527e-05,-0.21300023757413933,1.2458955965856382,1.600810596203294,True
443,42926,120.81697644008516,496,4.105383321241897,448,3.708088161121713,9.0,3.0,59.0,59.0,56,0.0,1.0,0.0508474576271186,1254.6029640166237,35.42037498406848,60.408529198524946,60.40851193027676,0.0,1.4625804754075128e-06,1.7054740167494615,0.5863472501996306,6.879907049967936e-08,0.00018936877859561613,15.088981360287406,15.088988834625907,15.088627142335701,-0.7228902743326371,1.865930644942977,1.2550149572393808e-05,True
443,55268,120.68266074566448,78565,651.0105602082772,46284,383.51869906421075,8528.27403369571,92.32645280023503,121.92719419928852,87.0,87,1.1351308095307757,0.3783769365102585,0.7571774939996431,1193.0267192747367,34.539465031868566,56.99524098188095,55.805643950574684,0.0,0.10334948320392232,1.6502272572144918,0.6060094916030919,8.668345158148254e-08,0.00028482195136499285,6.942672571709556e-05,3.289421726289593e-05,2.0894217262895924e-05,0.3850372212106128,0.18156839012979004,3.989213900298693,True
443,54300,47.67210669921256,26062,646.491522318947,15430,382.47472307155556,7204.86976548386,80.43213446011148,113.48913990011388,83.7812900425089,83,1.005797676617418,0.413445869469398,0.6745410040244384,285.5741256337123,15.544660727339876,25.149954554024507,25.975431250172313,0.0,-0.04761961851521395,1.5311834821056391,0.6621150446132017,6.5139740851336025,0.9158130408511859,1.295157071896779,1.9427058852325012,4.856258008501781e-05,0.03461925587492021,-0.28771519504463056,0.8032291130433881,True
47746,443,100.48933842343344,576,5.777833100993702,654,6.564043163993202,66.71248056509594,7.524861935999219,61.28375165916992,61.009701460069536,56,0.08428399142867599,0.7702492463265771,0.12149003398992395,1212.737364777797,34.82404744259243,60.617950675550595,68.04876686811143,0.0,-0.6381906806784583,1.7400420844069777,0.579227784968919,2.4168360722657947e-05,0.004071120619881245,0.013014615069893225,0.014993567910220487,0.014986825123847802,-0.644445463184567,-0.157171974134507,0.33787097254752835,True
48490,443,120.82676359221661,32240,266.76224704766094,61766,511.1150579587118,23156.76958202492,144.46947968035994,137.43899857988328,87.0,77,1.0364761422275477,0.392097306346623,1.0255457971971782,829.1526561140853,28.38352890134306,52.256849550738885,52.73442523365708,0.0,-0.028058615052750285,1.782466573502402,0.5864945497305359,0.30170672371836305,0.4923816410691213,0.1425907959663525,0.006403482047876549,0.0048292745632008745,0.9029894104176422,0.30347589580414397,3.176393206888908,True
53893,443,118.54067977763913,37998,318.1366835142392,66994,560.4904251318928,13875.25797704152,116.68840432204743,124.58868818162057,88.66123055211743,85,0.9508764405356944,0.3384901795660695,0.9369501252823482,953.2815973959232,30.711996940132874,59.809267368561315,59.73521133282898,0.0,0.06738332771105075,1.9133036404262542,0.5549003014581989,0.3954473602674522,0.601375937781879,0.16431412122601088,0.004390275402941485,0.0023038673242669677,0.7226832876515064,0.24414502619910203,3.449297798172698,True
47757,443,106.9019465454168,14230,133.19861530442583,25212,235.88150573389444,33679.587144451885,183.37520398735197,127.46174705729342,87.0,58,0.6597205529530507,0.37410687797032033,1.4386577356769457,424.21098488740864,20.59545732276326,31.232187629525626,31.734580240595026,0.0,-0.07424927326886623,1.5171460166034345,0.6606406143063221,8.296695424866295e-05,0.009105650550195216,0.010079493104399572,0.009746049625362617,0.00721459571217516,0.13571833483038398,0.33025566952210517,0.9343875181635501,True
443,55268,120.65046436104046,79129,655.8543384330262,46750,387.4907817986178,9714.825767990946,97.8440304919692,123.50389432532727,87.0,87,1.1233456056415771,0.374448535213859,0.7902922603007485,1214.7450272145925,34.852885862826405,56.87412001211816,55.7854245735955,0.0,0.09357446825388849,1.631814883558219,0.6128193189392468,5.31089411818624e-06,0.0021236638744990275,0.0001950154289663299,3.352939933887546e-05,2.381449301967258e-05,0.23448961448604938,0.08700902446892766,10.307732424552556,True
47757,443,113.11158364773017,475,4.204649466953696,496,4.404574355711306,8.984792086927078,2.9974631514138297,58.9138218259201,57.534971040641786,56,1.3812425490624862,0.9720711965680899,0.05087882419908718,1288.191165968959,35.86817862681397,54.82479038615937,56.555786404838386,0.0,-0.139637828298911,1.5284806283355674,0.6542446305446893,7.11266898914177e-05,0.00590098657185738,0.01721712300431054,0.014990720857466132,0.014970883429864527,0.4873358665361336,0.9926074010918307,0.3019292031443924,True
41536,443,97.1219918690229,18255,188.69669921279598,30216,312.3518786617726,28440.346309720066,168.60952119117042,123.38170643510493,102.17440171110852,64,0.37536215605692824,0.34939114355454515,1.366652172425713,428.96216096551126,20.710987497577744,20.43595086283574,9.575721159740135,0.0,1.5683320599203778,0.9883535895397508,1.0602779634430743,0.000533087294092166,0.02234572645342773,0.02192338111324601,0.021741388211772423,0.020954575517550734,0.13402142678673062,0.13173693133819936,1.0262962660051775,True
37982,443,45.8614426317123,7371,2610.9213962711997,19375,6104.681050136987,248178.37584920728,459.9054243679239,234.72704894680743,93.22714034757928,62,0.9625190799907639,0.40721835533460143,1.8581960366652754,171.80731163241848,8.162347727633998,10.459987832680898,9.987376877687781,0.0,0.6731080924897181,1.1631900963508153,0.8651499319890669,0.007320081538507114,0.05811283694198827,0.03812133626648481,0.021170203888861594,0.005726769734732524,-0.41093074728229706,1.5331541204033092,1.061195746007602,True
443,55268,120.68997040267473,77837,644.9393871575995,46201,382.81065561709534,9655.51672689275,98.2585572604159,123.18713456298921,87.0,87,1.1048688533378723,0.3682896177792908,0.7976254202222542,1239.2229877504085,35.202598510919934,56.87188617695933,55.783967732804975,0.0,0.0927139587805141,1.6155595472180981,0.6189809101410431,6.2573126835629044e-09,6.991504403324486e-05,4.0962034428081295e-05,3.201557014630188e-05,1.9997404975616354e-05,0.38740873255732494,0.30513940256948274,1.6827723039312537,True
39563,443,98.73565631165178,18378,188.01270275473837,32615,329.42260411321325,30290.382199174717,173.32221126540946,128.89861606255735,102.62941992664057,64,0.43150116694087015,0.365494521446279,1.3465051535953751,434.4548085336075,20.842685759102945,19.421651924520074,7.882452933506595,0.0,1.6663230399481763,0.9305456140138182,1.092736692621815,0.003072990215214025,0.039857518148304225,0.030052620372135144,0.02358480723714148,0.02355631721647792,0.10569618772955303,0.03615437585189357,1.1551404767142013,True
47756,443,106.43591255433772,15383,144.55644339573027,25706,241.53410572846482,31554.48259987566,177.58946550071232,123.45937000202511,87.0,56,0.615190727656931,0.3770530625616215,1.43844115805495,417.82437254399946,20.440463717401713,32.18091806100263,33.29452127072385,0.0,-0.16377487529546,1.5745874169890868,0.6355374169928845,7.960176320865171e-05,0.00892104260392843,0.008509145344174109,0.005739706294582568,0.001273895741041254,0.9394976833949996,0.8159754870870216,1.0597889609479794,True
47754,443,111.81968165897658,470,4.21026538497219,496,4.454724921744617,8.987458486990654,2.9979079365200443,58.92893142628037,57.79183424676629,56,1.139069595878543,0.9769679475482782,0.05087332470490345,1272.2929579027043,35.64676164737456,54.48148454217719,55.90984183428212,0.0,-0.11522760574738355,1.5283450924640296,0.6543026419679319,2.9746063015297105e-08,0.00014559135749643966,0.015046709790759042,0.01500502923013864,0.01495176059314693,0.7047469769664291,0.5013643941295949,0.009658343437144064,True
47859,443,106.5366527001147,15963,149.49893288266702,26428,247.43408849115258,30845.245130767824,175.46603607091424,122.63523480088158,87.0,56,0.6113097650959709,0.3771343920653238,1.4309218892757083,424.5703357116479,20.562947470648826,32.81812512068944,34.06207942220834,0.0,-0.18196571228465108,1.592762447561487,0.6283354549187212,0.006064134090049134,0.017829935958260767,0.010515735660509423,0.004850556792340516,8.041229012399554e-06,1.1065170924255736,0.910557810387622,1.122383726980234,True
41474,443,113.44020354093875,15065,132.83773623068464,34398,300.12096684782057,38801.313884175404,196.29994080576725,145.95006723400974,87.0,59,0.8855133225308449,0.4364057711226058,1.3502521491502302,436.3423805919777,20.884553141404588,29.146585549206318,27.973335973685366,0.0,0.16864930443253745,1.3977362652615688,0.7195925083371767,0.008980441244431694,0.06972897197237947,0.037446821133126695,0.015013036265917766,0.014983804777726241,0.06154585489608744,0.021218980606288795,1.4098909427444783,True
46727,443,109.83970434271092,15106,139.45902410408138,24526,225.6422904220807,36139.31649241745,189.0104056612389,127.73663921004444,85.55679342304123,56,0.6550400296448865,0.378235238646734,1.4773803470818994,416.39534360127305,20.286583549625725,29.747787606729247,28.679061967529613,0.0,0.130846868146423,1.495498848847364,0.7233361885931153,0.0012201312134246835,0.02162599293111432,0.01191595963967805,0.006718535316408555,8.531707686247968e-06,0.6950013903681541,0.6462102089477064,1.5805560529974914,True
443,44549,120.81699749980481,496,4.105382605628892,448,3.7080875147615795,9.0,3.0,59.0,59.0,56,0.0,1.0,0.0508474576271186,1254.6039824277905,35.420389360146,60.40853213505116,60.408490618058266,0.0,3.516369402442314e-06,1.7054734074508031,0.5863474596769276,4.6435712224357674e-08,0.00014210916973546209,15.088966404465769,15.088963270678805,15.088710982115092,-0.03642583842295089,1.6675856532186215,9.418087786117829e-06,True
45963,443,81.83038313751793,10188,1077.1560015141627,19879,2475.0307225187235,116721.29833147064,291.2842370146301,167.42886620566946,89.40044591062414,62,0.7589467207981524,0.3647020737191442,1.6205083258340411,328.7383786698395,15.848773679675734,22.83882309474656,22.598885414610695,0.0,0.26841498603805247,1.3574835764624984,0.7472575940543944,8.687327802154434e-05,0.00932046262727157,0.01420536549811556,0.017362001183971527,0.011415576752537647,-1.01695126730307,0.3048477962812899,0.692200014784705,True
41401,443,120.43639247417818,10760,95.58114261256267,19825,172.2050480628748,49514.42626027147,219.18995071447364,143.7099457553095,78.09404932549715,56,0.8538774485449121,0.3961691561062257,1.5179465021730396,571.8817163561722,23.551535660998603,23.758557502366312,19.16288609347352,0.0,0.5022810249391982,1.097787025644004,1.175123842454274,0.006550119811133475,0.06229371468508764,0.025969889431609577,0.010242718022472466,1.128113972218526e-05,0.7253855521735397,0.5344670186169073,2.0172372484639105,True
47756,443,105.7433504955762,448,4.236673019300394,496,4.690602271368293,9.0,3.0,59.0,59.0,56,0.0,1.0,0.0508474576271186,1197.688466891851,34.607635962140996,52.871537276521174,52.87148751135859,0.0,4.313945116989653e-06,1.5277419507783556,0.654560804258746,5.3990404532053454e-08,0.00013311077537357457,0.015045505433060555,0.015001238325421558,0.014959012901534787,0.21245114926018382,1.2965689223845116,0.008771481483938741,True
47748,443,98.49936041863948,628,6.38649646155675,718,7.304452833677703,89.78006654415032,9.333441999271342,62.19656353689349,61.81297591246628,56,0.11797216771050986,0.6784182383327967,0.149725758534685,1221.4311026493317,34.94886778761946,63.75415632076474,74.11511387909604,0.0,-0.8888043654645378,1.824020005252629,0.5493755356469128,3.372487599955195e-05,0.005632331665657922,0.012195535865574623,0.01498278180523121,0.0009369410281805484,-1.3293021440306614,1.9096622721740073,0.4689355260527554,True
41427,443,15.569920393563166,6199,4650.536217699082,8817,6625.227515827944,7202.857125816458,79.73125203184406,118.2544818677917,98.64721904803226,64,0.6690754531292156,0.6746516624047143,0.635335255111139,180.409861213517,5.509366445895857,9.758699602717448,11.541497147650945,0.0,0.5352412095267335,1.436961207465881,0.7022800977269843,0.00015079371799281609,0.0113437108949382,0.021597710770079055,0.023706191394782847,0.00221360794758659,-0.424940396137649,1.6525455746089823,0.4988987039905152,True
41360,443,96.9736479672485,18150,188.0590644284805,30492,315.4783820407617,28590.56029960198,169.02121056936625,124.39918435424396,102.6038952854254,65,0.38322414393040505,0.34836146113577016,1.3584639625290047,429.7799990727063,20.730925751809057,19.867574322233583,8.340979387247241,0.0,1.6653969462640885,0.9593012748325017,1.077554402081631,0.0005489980352471448,0.022887831459307707,0.022838101705436934,0.023562807991626904,0.023539804745555712,-0.15475708841102584,-0.05058176779499457,0.9907694802172994,True
47760,443,107.40831863546431,13212,123.02549512399966,25310,235.66249542311618,35313.46017373863,187.86328629278765,131.88028027371655,87.0,62,0.7166481524142055,0.3720384369552501,1.4242993914972006,428.6189886254364,20.702630756585098,30.198339542479417,29.622360232354048,0.0,0.08388061836188136,1.4588423748126278,0.6856729524900436,9.189457012764214e-05,0.00957995398906155,0.012130316938257913,0.014986374331010808,0.014982558820559436,-0.8954684774007158,-0.29810597319823834,0.7897651072615866,True
443,34195,120.81698057803426,496,4.105383180633786,448,3.708088034120839,9.0,3.0,59.0,59.0,56,0.0,1.0,0.0508474576271186,1254.5576212329065,35.41973488886573,60.40912486821069,60.40849776683074,0.0,5.3118245069863656e-05,1.705521658488184,0.5863308731293823,4.087841922257397e-05,0.002882854408684259,15.08790405773924,15.088950833559643,15.080600261436183,-0.09100919257416384,1.9901781689592588,0.00019113224631769215,True
443,49632,100.63855960917323,7834,188.59218566171205,4748,112.47638802524273,2073.6983890997817,24.99816056935647,74.52187741316152,66.01074550375955,63,0.28102598740750484,0.8432915611444223,0.2261388136666005,982.7656729720973,29.80584956489263,50.01142853705925,49.95384934649125,0.0,0.013288864645850058,1.6422552308127212,0.6118586823025418,2.2745167151115743e-09,4.682920628145609e-05,11.310945269994454,11.31094547453061,11.310886890018134,0.023626844957082893,1.0675880957268202,0.2046748081244001,True
47761,443,107.20002050496157,14339,133.7617248501368,26901,250.95334774882977,32819.00011073752,181.15979850567967,129.9194786376296,87.0,61,0.7107779978847675,0.37592437938453366,1.3944962986911154,418.9251111517626,20.467153915314565,30.661264757194644,29.497291078605436,0.0,0.1704719993641504,1.4981643120993329,0.6675326971601571,0.0001045024742134385,0.01020316388943585,0.012033624731484222,0.014712335177339799,0.014518923290036297,-0.8039770290875556,-0.2536813881241288,0.8526532081670134,True
47756,443,106.492626936602,15243,143.17424334939753,25646,240.84620801495942,31813.098910702203,178.2935656103473,123.94644250451073,87.0,56,0.6206098206466029,0.37669452425254824,1.4384675146432653,418.60159648206275,20.45932578916313,32.06546154627084,33.10468298942681,0.0,-0.15287998498065913,1.567597039459491,0.6385923708283188,8.001129284530674e-05,0.0089435086167816,0.008700250080880234,0.0062272614761642205,0.0019968540134627944,0.8416811075588237,0.7568654222977013,1.0445281312687968,True
443,42949,120.81699325071986,496,4.10538275001356,448,3.7080876451735385,9.0,3.0,59.0,59.0,56,0.0,1.0,0.0508474576271186,1254.6028265693228,35.420373043842325,60.40854307496955,60.40849067707333,0.0,4.437952568277419e-06,1.7054745019339796,0.5863470833910319,6.829385911397566e-08,0.00018712899814105565,15.088965356948297,15.088959906819882,15.088623993903624,-0.011415436772936868,1.699227607622762,1.2401715096268487e-05,True
43277,443,39.72170395987415,4578,3291.468287985063,6451,4688.459278196116,5122.439238839498,59.23848624421204,101.87874126596932,87.92195520232445,62,0.5005686300371227,0.6671471965508058,0.4950084521183422,485.8361745675168,14.136083957899247,25.947190770477807,30.26858928317194,0.0,0.11619879824238699,1.5607695803975625,0.6540464221317897,0.00012094609113546558,0.010400550850382889,0.018480278880017863,0.021154233846655705,9.219853172471423e-06,-0.9277605349800764,1.825110893221447,0.5509189289004146,True
47754,443,119.24961122860306,498,4.177961211798827,496,4.166300036389728,8.972123953283019,2.9953499662075327,58.842035735270436,56.31460749959744,56,2.531812329576193,0.9488066097245452,0.05090495243402307,1363.5096542897247,36.91726854480807,56.4499681094117,59.62482557683862,0.0,-0.2561205178139795,1.5290839999915837,0.6539863673168083,6.1199447077804246e-09,5.275924724246618e-05,0.015003254703946492,0.014992226598329843,0.014980812719174584,0.4611179440464243,0.26296633548009163,0.003509625325020713,True
47760,443,107.34137530126587,14724,137.15733695027805,26550,247.3675987006455,32994.667995294105,181.64204417327696,128.65729247754672,87.0,60,0.6882270087978775,0.3756472890351705,1.4124620111715027,411.12031727122655,20.272752645973352,30.719866971028765,29.741997320278628,0.0,0.1437873746177602,1.5159404708229176,0.6599750045356226,0.00012482235167733853,0.01105505511300146,0.011354747362764407,0.012635301784127494,0.01104474371960619,-0.4465010757173872,-0.03305715145020882,1.006707792115668,True
443,47751,116.66770147318283,539,4.719692696719905,472,4.117825489985168,25.156303759613998,4.254281458573867,59.67705440576785,59.54685163542788,56,0.03953155829226234,0.9415816708397972,0.0702984479313494,1221.8758186805646,34.94056156352547,61.71076488732481,63.16311006640895,0.0,-0.13288520727309944,1.7701488393317808,0.5679413484294079,9.222580446584216,1.2966276101065843,14.172168508638958,15.088999870438087,12.338431155754536,-1.361253657593417,1.780680348489929,0.12889641600676927,True
44497,443,60.862325371631044,8119,1860.0043433904234,16054,4309.276674461313,182252.96234451505,373.2095812215623,195.7861380602738,91.36034907981164,63,0.7924008663092508,0.36017005628715076,1.7687533951723562,243.96599319228764,11.80768107153247,16.99917579819137,16.80596727904093,0.0,0.452570978669393,1.2884753685744472,0.791165888084767,8.646839245661919e-05,0.009298674822420978,0.015896775512977784,0.019301129379565633,0.008500416778688171,-1.09957453530648,0.8028914803534544,0.6283990813386071,True
47754,443,108.14655305858719,456,4.226235535915459,496,4.5973133179643355,8.99503941132492,2.999172518786331,58.97188999750787,58.522129957633794,56,0.450540196644063,0.9908900514259521,0.050857688923216716,1227.2111335876198,35.018835613132474,53.508663602423866,54.073264657578825,0.0,-0.04554569790740909,1.527981721097482,0.6544581766582068,2.3241656206554796e-05,0.002108622367135519,0.01579419671811859,0.01501175668466813,0.01493564592067786,0.9405531079860558,0.6458151626822953,0.11067091553452646,True
40945,443,10.06996345040387,3106,3756.351480257906,6788,8752.496226974465,340994.79876133316,571.6629515785189,264.47789917707973,96.10795671287944,65,0.8734391334457317,0.3491918401734189,2.12785757634832,38.61603984054131,2.0186657701752635,2.853398335602386,2.7733850624564824,0.0,0.8986646480082638,1.1213120619048313,0.8975279549311623,8.548761043188554e-05,0.009245896731011827,0.01999399379572398,0.023998412371722917,0.0014388251852631238,-1.2997185342595579,2.009336795242385,0.47384971206996196,True
443,55268,120.68619252900733,78215,648.0872290328391,46243,383.17291426901363,9065.161953241168,95.15450467542851,122.52601507532017,87.0,87,1.1206334177660655,0.37354447258868845,0.7764793657794995,1215.2295574187292,34.85817861581956,56.93524621657882,55.7952036691166,0.0,0.09817922996265897,1.6335453021025803,0.6122513870063343,4.7266570811758086e-08,0.00018068102327216956,5.567179193785626e-05,3.2464664435984476e-05,2.0464664435984476e-05,0.38633951636584324,0.24117235668827447,2.874009808430805,True
37357,443,117.61452392914941,15208,129.03219092479455,38720,326.6514313910089,43587.194196669545,208.54956320161853,156.94537240713748,87.0,57,0.998954533523089,0.47464534016261684,1.3337466697253806,450.01623286393885,21.21235647272431,28.00552555838407,27.050047819538598,0.0,0.1345857058376018,1.3209645869363154,0.7588442003730992,0.014789510431143411,0.10859762275817555,0.05402797769041469,0.015031856839924336,0.014992134268707602,0.6437640265589445,0.2148974965080605,1.773450339410378,True
47757,443,106.73954129333146,14632,137.15663332375405,25384,237.85134472553165,32939.02283825072,181.358968400658,126.06698387039275,87.0,58,0.6442026344300087,0.3751335752936902,1.438582261904711,421.98535455258866,20.541444576842995,31.56280472577715,32.27819427108615,0.0,-0.10544748679736209,1.5371634086571073,0.6518925590874368,8.179424000543155e-05,0.009041317689021298,0.009532252498042565,0.008349904256074707,0.005144358573159783,0.4158223405969709,0.49952111136644944,0.9780878776161224,True
40624,443,114.28594969668042,15170,132.77311335454368,35405,306.70139926649125,39612.82274938704,198.3543894676556,148.09389712143178,87.0,58,0.9087253409291309,0.4445737320866338,1.3445921191235817,438.55753135793424,20.93750791689521,28.94294586663959,27.77174420792026,0.0,0.16792963380570491,1.384480718552213,0.7264933040373314,0.010180211115690486,0.07778783195693272,0.04086887437791986,0.015016824818543452,0.01498499457111282,0.1848457399295802,0.062280125538361986,1.4879235515744413,True
443,55268,120.67224002962087,78397,649.6706944250907,46397,384.48890504064366,9086.31019428974,95.2377348743967,122.51488240812641,87.0,87,1.1195515919802963,0.37318386399343206,0.777159163419168,1228.104054029606,35.04365815292039,56.776715048775706,55.781105741317,0.0,0.08517040838082213,1.6202097762538905,0.6172134781363917,2.6430368302605515e-06,0.0010121134461173959,0.00010988887548941464,3.182244784836035e-05,2.213062581967583e-05,0.3297113504739668,0.2243789839566176,5.189113018464092,True
443,55268,120.68467837860712,78365,649.3405230884288,46260,383.3211595420689,8834.986718995458,93.9420588759723,122.2692878695218,87.0,87,1.1268487569903474,0.37561625233011575,0.768204244107791,1205.7107299602164,34.72153934499127,56.9609672444772,55.79967963913329,0.0,0.10039582714727242,1.6406972099510777,0.6095753541058456,6.416542331730115e-08,0.00022532844714906632,6.15688236821188e-05,3.264882284029158e-05,2.0648822840291576e-05,0.3857811948214397,0.21561887249703435,3.3521214472525314,True
47755,443,120.83198016334319,504,4.171081193229498,496,4.104873555241729,8.96885813148789,2.994805190907731,58.8235294117647,56.0,56,2.828427124746187,0.9428090415820624,0.0509116882454314,1382.9784400072276,37.18841808561399,56.8703007997143,60.416002632477834,0.0,-0.2860327514590018,1.5292476454767563,0.6539163247845169,7.579877752136807e-05,0.006296487035256697,0.017365934675729566,0.014990801044745615,0.014981275403119297,0.786136667915401,0.29908000259416134,0.3222880865594465,True
443,50877,87.30759651469016,12682,310.47391666249877,7589,184.3344752463052,3437.7472426206077,39.53130781382191,84.77644980092086,70.64241442800326,68,0.4666866039685029,0.7397616860370035,0.3419455457782177,803.1735354031464,26.096568333949076,43.14255423778345,43.046980260797014,0.0,0.022064373575928234,1.6004909537551308,0.6287124033149694,2.1358516402244713e-09,4.477481952004267e-05,8.814998027263227,8.815009132962148,8.81494580033609,-0.5493997403419056,0.86378936586381,0.3398916147738801,True
45790,443,79.35550226359052,9944,1169.556375937368,19428,2691.52861065059,124456.06631586538,300.95396750333185,170.7759034245338,89.63177524605086,63,0.7628953471231763,0.3641671551593053,1.6380058399507913,318.7326090464401,15.371799468838988,22.14956367138503,21.91514148095588,0.0,0.29015110242380127,1.3493384685200736,0.7524401340071096,8.68254889725084e-05,0.00931789099082762,0.014405004317432534,0.017590878428442733,0.011071497499023933,-1.0267033744369838,0.36363239149047866,0.6846695266637999,True
47758,443,106.99194702732684,14008,131.0051916030736,25116,234.78987565262506,34089.98732294142,184.49254577351064,128.23468609319016,87.0,59,0.6683201525804091,0.3735379108175188,1.4386995611461681,425.4443674296314,20.6253896870168,31.048968813580615,31.43332443704787,0.0,-0.05696008947559347,1.5060529336625847,0.6654885436396752,8.361683992463914e-05,0.009141302035808874,0.010382758655608346,0.01051975462836537,0.00836186365940565,-0.019507528743732294,0.23645346090450547,0.9101699921915098,True
443,47750,111.40541339800137,593,5.4987873597448,504,4.6374726351607745,45.64646137282293,5.8450181245771144,60.5357255284029,60.24039369601772,56,0.08966727449048045,0.8674928947309308,0.09496707653580502,1180.3650957771752,34.331974458442254,63.36238377308562,66.65658239947818,0.0,-0.30140976831821276,1.8521773804985409,0.5445964308321115,20.91907549270146,2.940999153367949,13.00939501684609,15.088954288346518,8.850167789344034,-0.9277931723808743,1.5257010578622094,0.29236403231296804,True
47744,443,97.84570557730623,608,6.21771594762828,733,7.491388336708177,96.55171468014589,9.825873351622125,62.581360724016655,62.0,56,0.1772110000042113,0.6697279594110991,0.15700807860670155,1220.1644684374696,34.930852672384646,63.51768693194113,75.52326692507242,0.0,-1.0310865059953425,1.818383610374479,0.5500272578508829,1.571009145610922e-05,0.0026433936197729573,0.01369069537195404,0.014985259619351888,0.014952763189715486,-0.4542305521458887,0.5325613988136,0.21944457444888904,True
47755,443,105.74348602463442,448,4.236667589275407,496,4.690596259554915,9.0,3.0,59.0,59.0,56,0.0,1.0,0.0508474576271186,1197.6894079930726,34.60764955885707,52.87154467973392,52.87149302188074,0.0,4.478013048391552e-06,1.527741564475244,0.6545609697704406,7.309624273382927e-08,0.0001752498327922704,0.015065623803333381,0.015005408450289954,0.014956530684351217,0.3338797584865664,1.1965479815938007,0.011544058368117964,True
38773,443,125.57133337892019,7528,63.93950331216542,17211,143.30866356904244,57095.40147594405,236.7042369416539,154.30853981153922,74.41148984356644,58,0.9862078468541418,0.40349549516131633,1.5276403012646853,664.2112988519356,25.548369366815855,20.494373246101738,14.188494702454587,0.0,0.6801184849109583,0.8575266060089008,1.4174704843766786,0.009145830213293344,0.08087202101153879,0.03389556193833597,0.015001907446237882,0.005066916549896486,0.1988166893138913,0.15100233184522233,1.9878144572940433,True
443,46391,120.81697899647398,496,4.105383234375328,448,3.7080880826615856,9.0,3.0,59.0,59.0,56,0.0,1.0,0.0508474576271186,1254.605529196047,35.42041119459564,60.408499927873024,60.408520238540405,0.0,-1.7202466280503072e-06,1.705471446848098,0.5863481337381804,2.152191877734357e-08,9.2471083553115e-05,15.088989988099653,15.08900762408369,15.088817337663475,-1.0596345329752273,1.8633744074325451,6.128386337873171e-06,True
44864,443,102.56030547707051,16037,158.09859469044866,28552,280.4219608213513,30892.131084231536,175.62991676962116,127.5110815385973,94.06400599871569,63,0.5641120013061536,0.36346633766230263,1.3768934057242979,424.3999503318121,20.600532524234808,25.770665932559673,19.902081290634893,0.0,0.8491534622495327,1.2529396286483614,0.8536957374029386,0.0003042691976987974,0.015884407270092236,0.016973671226961362,0.018868241075405096,0.018852354403739502,-0.5357534114283075,-0.17758764531708368,0.9041112666938771,True
47750,443,105.74301887269175,448,4.236686305877057,496,4.690616981506741,9.0,3.0,59.0,59.0,56,0.0,1.0,0.0508474576271186,1197.6861882835242,34.6076030415791,52.87152054632972,52.87147728952791,0.0,3.749765779408566e-06,1.5277429206179851,0.6545603887305157,1.60101771940104e-08,0.0001133565261985881,0.015020895535037186,0.014981943531554647,0.014956932237865575,0.7756443694573263,0.7872934299727959,0.007542056688129481,True
443,40996,120.81698806308287,496,4.105382926290396,448,3.7080878043913255,9.0,3.0,59.0,59.0,56,0.0,1.0,0.0508474576271186,1254.6014154009924,35.42035312353923,60.408556431333494,60.40849074912385,0.0,5.56309808898374e-06,1.7054758381702404,0.586346623989856,9.498010618914727e-08,0.000242092955981605,15.088964078051681,15.088955799940612,15.088517791446685,0.019119345578560917,1.737858742157377,1.6044375930281287e-05,True
443,55268,120.67347905851189,78357,649.339848174774,46383,384.37108520956195,9125.324007984414,95.44520346434706,122.560817189472,87.0,87,1.1185337237300468,0.37284457457668224,0.7785673773761891,1228.8808935692737,35.05476263001227,56.78324256165946,55.781301238043326,0.0,0.08568740576339508,1.6198814214947488,0.6173382677346083,2.4591021813308477e-06,0.0009462972329127124,0.0001050718772549666,3.183482575935954e-05,2.1982090887685484e-05,0.33375734882788566,0.23004461471248505,4.943616879062633,True
443,46852,120.81698384587422,496,4.105383069591875,448,3.708087933824919,9.0,3.0,59.0,59.0,56,0.0,1.0,0.0508474576271186,1254.5892977220346,35.42018205611233,60.408718506150244,60.40852422938994,0.0,1.6456630509542667e-05,1.7054886525672492,0.5863422193402462,1.7359824517884843e-05,0.0011236309299581006,15.088541194680651,15.08901410483962,15.085625394005707,-1.196742902982766,1.913250333726884,7.449907157980871e-05,True
443,34296,120.81703756300693,496,4.105381244274702,448,3.708086285151344,9.0,3.0,59.0,59.0,56,0.0,1.0,0.0508474576271186,1254.3485201774224,35.41678302834273,60.411931983114414,60.408534417122006,0.0,0.00028779310670448813,1.7057430637420532,0.5862547657090632,0.0002597912668198894,0.016057616693034286,15.082225379647598,15.089001601713903,15.039999172865437,-1.265425930889499,2.623906726709833,0.0010646751925606271,True
37250,443,117.7183962491919,15234,129.14211424237243,38866,327.6606999953264,43660.47619470966,208.73057425124864,157.19467455075898,87.0,57,1.0018434207044191,0.47571864243502404,1.3326651234845832,450.19564873046676,21.216614437478455,27.985111126868503,27.02286506384238,0.0,0.1355287256319311,1.3197201387333746,0.7595162394819802,0.014940669123122561,0.10961805724471141,0.054458709134556124,0.015032318031333817,0.0149921973376183,0.6597980872882278,0.2202442654350269,1.7837637042808538,True
443,39148,120.8169736535682,496,4.105383415928263,448,3.708088246644883,9.0,3.0,59.0,59.0,56,0.0,1.0,0.0508474576271186,1254.6001679177164,35.420335513840975,60.40856110414415,60.40850287409664,0.0,4.931928196336983e-06,1.7054768179953819,0.5863462871242405,1.203321488757339e-07,0.00029498928091376074,15.088971955792664,15.088968353726246,15.088419825473837,-0.3558320307389048,1.8687169969792958,1.955000502097554e-05,True
443,34195,120.81700317106645,496,4.1053824129187015,448,3.708087340700763,9.0,3.0,59.0,59.0,56,0.0,1.0,0.0508474576271186,1254.4745784323795,35.418562581249034,60.41023963084605,60.40851221972633,0.0,0.00014632103280629388,1.7056095860911447,0.5863006482666568,0.00012778702462303254,0.008114347837809155,15.085649530620387,15.088970768588048,15.06447946846476,-0.5533106569614882,2.2417973077229143,0.0005380025447923646,True
47758,443,107.74883270258584,15466,143.52812519441449,25306,234.85912895078437,33986.378152300094,184.33316435844046,125.8484971897663,87.0,56,0.6317121771755675,0.37409358487035765,1.464971201537113,393.22425362484944,19.825700997854014,30.769540890158783,30.396234574185435,0.0,0.05660643108879365,1.5529569817179398,0.6445458578187045,0.00017415697579253409,0.013102816293485284,0.009636045895417118,0.007372183215366492,0.0022424552178502005,0.44970523545086705,0.5226706768514826,1.387835630021966,True
47756,443,119.5058463149994,499,4.176847125553953,496,4.156353229115855,8.97159511633516,2.99526175033879,58.839038992565904,56.26366287362043,56,2.5798433835673356,0.9478354190625891,0.050906043168965145,1366.7289911248822,36.96207293577105,56.519782903200486,59.75292388312914,0.0,-0.26081468807002245,1.529120686948496,0.653970668771236,0.0001328481146187499,0.011009107180559898,0.019150729755176392,0.01499178028093865,0.014975121123754598,1.022480488903607,0.48452229872422337,0.5630951189242807,True
47761,443,107.2996856833808,14610,136.15587272945257,26654,248.42513980684728,32942.8584552338,181.49981597773993,129.02954768281342,87.0,60,0.6948779477298618,0.3757290109935802,1.4071634029323585,413.42217672741987,20.33008720303898,30.702583483196456,29.669826371883733,0.0,0.1516574422643423,1.510697767469185,0.6622039866844237,0.00011882943209420721,0.010803807751619775,0.011554967934210942,0.013247879006559753,0.012069379759854695,-0.5519310737701136,-0.09812562003844238,0.9612726395338058,True
47756,443,106.40199823780607,15467,145.38297747773726,25742,241.94545783820857,31399.834077306023,177.16842461064564,123.16810823801279,87.0,56,0.6119501945217942,0.3772674628815611,1.4384253972259835,417.3596047443851,20.429184492509894,32.249959257078956,33.40804160374506,0.0,-0.17028984987443116,1.5787675537859538,0.6337106022198393,7.935687086966983e-05,0.008907608278441885,0.008394867690559736,0.0054481558959948075,0.0008415779635887766,0.9979904709826767,0.8513223844248126,1.0689146992106964,True
39402,443,99.39263973412488,18305,186.3448181166457,32927,330.233234500207,30753.21878429538,174.53677827963503,129.95873993485034,102.16165263536726,64,0.451041985003527,0.3697115178472507,1.3451657498432514,435.0793887549717,20.857519340152457,19.660481436346064,8.432046419210394,0.0,1.621315137487643,0.9411285362846811,1.083338741955475,0.0035574798617657236,0.04281826969617876,0.031151523369659505,0.023329237380139964,0.02330005870207537,0.1359957707716325,0.04623773916659896,1.182776709141153,True
443,55268,120.64212280876853,79376,657.9506567133699,46731,387.35396108945054,8086.826760972922,89.92590643969156,121.34209682813443,87.0,87,1.1456869632474875,0.3818956544158291,0.7410918285403408,1206.8185561404414,34.73923344760596,56.627498466544544,55.777675765658515,0.0,0.07340234204753793,1.630083921262995,0.6134726384895811,7.055671896515753e-06,0.0026018828085972684,0.00022697914427168348,3.157745321681177e-05,2.5741822610627436e-05,0.23259458797440644,0.08144028604281232,11.206354445811929,True
40467,443,3.0788812619897254,7053,5356.26389528119,10045,7630.757295739833,8282.41373967974,90.34234021373587,126.68795817450193,104.21557329858048,65,0.7361249856739143,0.6735017993627228,0.7079086503835839,22.475078040726334,1.0396474009652255,1.728283679612349,1.820435294663154,0.0,0.7850520582026457,1.3829180605433427,0.7242345807465077,0.00017436173251179584,0.013168376943298941,0.022549151504723003,0.025033251717617867,1.1872302630001473e-05,-0.5751682079370438,1.7143730846192813,0.5832576008364878,True
47758,443,107.70593224935894,14970,138.97340681973242,25172,233.70683343458103,34433.613427642835,185.52860365113304,127.0870259024681,87.0,57,0.6473109664007575,0.3733990412953243,1.4602640867223133,400.33849607806803,20.001563679423377,30.628771760094658,30.269233323917675,0.0,0.054121490254440345,1.5328928719254606,0.6533947193198522,0.00015846285955778246,0.012423666745329161,0.010087716264333198,0.008749194911820527,0.004546911216675737,0.20278448691888462,0.3729741077614397,1.2761722769244055,True
47751,443,105.74433043493966,448,4.2366337576445465,496,4.690558803106462,9.0,3.0,59.0,59.0,56,0.0,1.0,0.0508474576271186,1197.6952715876973,34.60773427411352,52.87159081028884,52.87152736689344,0.0,5.499643058668737e-06,1.5277391577130193,0.6545620009485043,1.9216652532699268e-07,0.0004380988841525342,0.015191060199446636,0.015031357287807957,0.01494103567804801,1.0935621899606658,0.5706315508506618,0.028838701657949745,True
443,48529,112.48479613036895,3526,80.28461084245328,2223,48.62124709195717,861.5657441752,12.083592177584904,65.40937244762327,61.89491263672742,59,0.11604267788047884,0.935291155600847,0.12322965456119017,1142.356701171242,33.102027293707295,56.11527491132286,56.091536570264154,0.0,0.0054841250462179456,1.6793670522063842,0.5968823656255574,2.757315952787405e-09,5.2031698579758985e-05,13.528950264762837,13.528969274114871,13.528861110542135,-1.0320849192263832,1.614071377340059,0.08451752798221313,True
47746,443,97.92686914084874,616,6.292723244978492,733,7.48518628705812,96.20312485774905,9.80812026812969,62.538493989371,62.0,56,0.16442205522476533,0.6665701277926539,0.15683183452996255,1221.8068318597975,34.954347791553054,63.77051829854683,75.52432913208371,0.0,-1.008826058511508,1.8243815222380126,0.5482149467075413,2.0717214300243802e-05,0.003475158610386966,0.013267185702479353,0.014978971984969154,0.006326439588935416,-0.7117418178047952,1.7152338471198747,0.2890837568401968,True
443,46632,120.81697917395613,496,4.105383228344451,448,3.708088077214342,9.0,3.0,59.0,59.0,56,0.0,1.0,0.0508474576271186,1254.6057072885112,35.42041370858041,60.4084978957023,60.40852081535743,0.0,-1.941220458088944e-06,1.7054712684278042,0.5863481950795261,1.823961252889778e-08,8.574377663399409e-05,15.088990587101941,15.089008928577561,15.088830542336135,-1.0830136441103984,1.86319693577769,5.682543201753185e-06,True
47756,443,106.34108375280508,15621,146.90426583206576,25818,242.78464362901624,31110.62669926498,176.3817117983354,122.64614584610212,87.0,56,0.6062745212843389,0.37767174448628477,1.4381498444843916,416.4819350105285,20.40788810013175,32.37391533413362,33.604869645374706,0.0,-0.18096058061798567,1.5863452438691936,0.6303913949384854,7.900631582651537e-05,0.008888115772321488,0.008195447666190516,0.004939524764609416,8.732519575296029e-05,1.1003770289100496,0.9131056189403687,1.0851639539404219,True
443,55268,120.67275938402565,78519,650.6847117395008,46742,387.34777046534396,13206.911220454112,114.8516696132023,128.1441082492527,87.0,87,1.0751060172378815,0.3583686724126271,0.8960576951747236,1229.3471138932555,35.06201212184588,57.44192909225023,55.8054059120934,0.0,0.14000999726981533,1.6382931456065883,0.6103919025697293,8.021745533268286e-07,0.0008435024540631171,0.00010933397549796315,3.783793655914343e-05,1.9174529859384002e-05,0.25609724983166215,0.10870928475688685,7.597391539256808,True
43998,443,100.77026048499796,17215,172.17882015531328,28472,284.79045314895006,29494.01382402853,171.6767564187551,123.07478865354472,96.16652197334187,61,0.4665587429545024,0.3605916655803366,1.3950567405471692,424.01364924810656,20.59080491056698,25.166083024817976,19.098123096072953,0.0,0.8749998271677188,1.2253025983938424,0.8899959608293833,0.00035325847850795034,0.017015023817080137,0.01647990509995414,0.015067968907499864,0.012661365081756982,0.5207392523786548,0.4436205160730883,1.0501364407296179,True
43999,443,115.26640512508497,12881,116.9885945826295,22119,198.2763888006595,42988.882860801474,204.46574026391963,135.91677568767506,81.73502583581374,56,0.7568672386108448,0.38741942928262274,1.4981547987633905,496.0219222274652,21.958607672387913,26.680625556668588,23.80570546026409,0.0,0.3210630945994991,1.2918254902129769,0.9547024781600248,0.003949687177928294,0.04245245821174343,0.019113158505126276,0.008523314773061117,9.93972732364757e-06,0.7105615118509626,0.5889850787117412,1.8041861302146012,True
47760,443,107.0301173824854,14529,135.7631208272934,26744,249.86817031312333,32492.426112929876,180.24739231777443,128.7454565377246,87.0,60,0.6943849083496306,0.3762688920377108,1.400424272857393,419.3251747874901,20.47740477729201,30.963393572159546,30.210698555489305,0.0,0.11005362212007722,1.512131760187447,0.6616572739050157,9.772368062879103e-05,0.009874640285938216,0.011415466239132107,0.013175880017375708,0.012293833668686228,-0.49949278566610356,-0.06729790047087114,0.8779452316077114,True
443,47750,104.46293916597888,666,6.526634506828547,545,5.323035040382311,72.67877402537047,7.943649658555662,61.66855557739292,61.155371812509664,56,0.1558104628891848,0.7697488462162247,0.12751197412679957,1125.6009732484827,33.52907963145517,65.54131264154519,71.26549598571057,0.0,-0.5237463325362947,1.960395383142127,0.5137981716926936,36.35006030989009,5.110392831972608,11.475394775768152,15.088942698623708,4.248169455219742,-1.5484048048144528,1.4677322783880162,0.5080242185416617,True
47747,443,102.0965591761724,537,5.306362372803889,606,5.990920878547588,49.05696980149454,6.140607649359518,60.585102049846896,60.39488980386527,56,0.058499674010716055,0.8405350296564296,0.0998789239643334,1208.1329171619925,34.7578328932148,58.248148585458,63.40570237505999,0.0,-0.4429530485180636,1.6750951126982037,0.6022736819929695,1.678119118416425e-05,0.0028701339152663184,0.013631547826311395,0.014989264228627057,0.0149767832001298,-0.1204812466942875,0.05352808910161283,0.23746656521818188,True
47758,443,107.65753180614361,14410,133.83475742389382,25020,232.40680955361404,34938.185848676025,186.8773024934814,128.4843383810246,87.0,58,0.6649095756305613,0.37261545477500996,1.4549535031231897,408.36480960104905,20.199972579394068,30.469955529177362,30.125950063730432,0.0,0.05131797120743985,1.510256472222623,0.6633780361939509,0.00014075670205829563,0.011657447820638754,0.010597292373637834,0.010302744382931387,0.007146806633245399,-0.07579237577297382,0.2040859085284063,1.150193286626867,True
47754,443,105.74302350786631,448,4.236686120164663,496,4.690616775896591,9.0,3.0,59.0,59.0,56,0.0,1.0,0.0508474576271186,1197.6896633329493,34.60765324797905,52.8715354628418,52.871497576768036,0.0,3.284193427925939e-06,1.5277411352920796,0.6545611536532427,4.118227047927427e-08,0.00018809846554301008,0.015067177646418857,0.015011303146526267,0.014934133862769301,0.7372000433040731,0.8386743870506461,0.012472478670087347,True
39030,443,25.168726377052902,4995,3296.3759883538714,12835,7694.309114348114,304157.5180736366,527.9357840155077,254.1976684719037,94.94922439850541,63,0.9288094317290502,0.3797912193277856,2.0120778351904782,93.4022690381402,4.518600204513274,5.774866241662369,5.4911604201967315,0.0,0.8143190029819068,1.129739030066445,0.8890503782669441,0.0040178393890888675,0.035803484512715186,0.030198677668276625,0.022863959657149994,0.003163964250144251,-0.8337737885379238,1.8539700796332361,0.7798530635715379,True
47748,443,105.7430328876084,448,4.236685744357015,496,4.690616359823838,9.0,3.0,59.0,59.0,56,0.0,1.0,0.0508474576271186,1197.686292388362,34.60760454565384,52.87152170096773,52.871478775958465,0.0,3.7210037947803228e-06,1.527742887584734,0.6545604028835883,2.0450214934590108e-08,0.00014113794120322785,0.015029893748568116,0.014979820059334957,0.01495438407120195,1.0299613277183346,0.565061889337255,0.009389721598705452,True
45597,443,76.58779623217588,9671,1272.8894600830486,18923,2933.642288558739,133106.00346133704,311.76780976850057,174.51895837138443,89.89047521163252,63,0.7673111705313665,0.36356894562931197,1.65757364051278,307.5429678692138,14.838390198894134,21.3787518382402,21.150497724136777,0.0,0.3144590119697265,1.3402296404482812,0.7582358663335771,8.677204557624405e-05,0.009315015081214554,0.014628264180219893,0.017846836174389213,0.010686707170217793,-1.0376093400605744,0.42937231474446214,0.6762480395484824,True
47755,443,120.83198240394458,504,4.171081115884657,496,4.104873479124583,8.96885813148789,2.994805190907731,58.8235294117647,56.0,56,2.828427124746187,0.9428090415820624,0.0509116882454314,1383.001156491238,37.188723509974324,56.87089353763342,60.41599759112469,0.0,-0.2859821792234556,1.5292510247166424,0.6539148797989088,0.00011659109291744274,0.00966733652560928,0.018642447301923774,0.014991501232681654,0.014978194576200721,0.9889768892322559,0.34583959708159123,0.49455097895541933,True
443,49732,99.56114701655277,8226,198.442716334206,4978,118.283987612408,2183.9413682317427,26.172735398005642,75.35065609424245,66.38507885644233,64,0.2960311534060177,0.8349242348338274,0.2354983605175569,968.2509524947129,29.506063797090114,49.45628437248577,49.395631839952244,0.0,0.013998324015367443,1.6388798619021907,0.613220794179446,2.2513178149903686e-09,4.655054989155123e-05,11.109220631517276,11.109220766883139,11.10916359280526,0.029504770448889828,1.0389314894047357,0.21560307757366493,True
443,34195,120.81700197087842,496,4.105382453701296,448,3.7080873775366543,9.0,3.0,59.0,59.0,56,0.0,1.0,0.0508474576271186,1254.4789898356132,35.418624856624845,60.41018041237722,60.408511451958994,0.0,0.00014136991029360581,1.7056049151972252,0.586302253873119,0.00012317026193604756,0.007836440218080352,15.085769295707298,15.08896970959861,15.065335837924748,-0.5287522586177649,2.2284307849738423,0.0005195760858261645,True
443,38164,120.81698053971655,496,4.105383181935733,448,3.7080880352967913,9.0,3.0,59.0,59.0,56,0.0,1.0,0.0508474576271186,1254.5993688552642,35.42032423413579,60.40857580138949,60.40849085361505,0.0,7.194839469251646e-06,1.7054777760457955,0.5863459577436728,1.33681814399544e-07,0.0003218043913303617,15.088962223332901,15.088949843942274,15.08836377141951,0.06340238895692774,1.7938835137329294,2.1327141855002348e-05,True
47747,443,97.99053418427714,640,6.531244764923379,733,7.480316269826306,95.15082644628096,9.754528509686205,62.40909090909091,62.0,56,0.1258156892005639,0.6570374880473933,0.1562998013205364,1222.3466065157509,34.96206957420429,64.46780227877935,75.52752017779501,0.0,-0.9490052745501727,1.8439357247056694,0.5423182774422944,3.598926285608401e-05,0.005999104110276802,0.012010227864929945,0.01498706385872475,0.0034878430373603032,-1.4886403475561854,1.4212368724705542,0.49949958210734163,True
47755,443,120.83198330167856,504,4.171081084895167,496,4.10487344862699,8.96885813148789,2.994805190907731,58.8235294117647,56.0,56,2.828427124746187,0.9428090415820624,0.0509116882454314,1383.0102582260176,37.18884588329239,56.87113102787757,60.41599557122323,0.0,-0.2859619166214195,1.5292523786649552,0.6539143008415421,0.00013293520830157327,0.011017923087757741,0.019153903183975158,0.014991781774551027,0.014976960191975487,1.0702481764724077,0.364574601461638,0.5635709539773512,True
47759,443,106.76419197636184,14950,140.06293056437397,26386,247.1343564191163,31959.134914312184,178.75547288482505,126.39149063116076,87.0,59,0.6603796153497643,0.37681030843750474,1.4149840672186742,418.22785578907497,20.450575534407623,31.507769864174616,31.520643798581926,0.0,-0.002260300912597102,1.540773686993063,0.6495905311455342,9.04999071840652e-05,0.00949390134862963,0.01017273335955969,0.009997143855273045,0.007582857914830348,0.1179604297645499,0.31107870240314006,0.9579191552582808,True
46835,443,109.62461234082386,15194,140.34965910734698,24622,226.72696171671225,35867.82797640801,188.39782004193918,127.41241239134868,85.70827250288175,56,0.6510040197188927,0.37787121526884626,1.476556933634305,413.23927495349466,20.22031142035402,29.869357240272034,28.872221688157975,0.0,0.1233074826929107,1.5035716194305555,0.7141657846243237,0.0011119428904983915,0.020800517879312738,0.011630692407518017,0.006647001314099657,8.475899604201461e-06,0.6943846514297897,0.6484783767193072,1.5716922805287716,True
38327,443,39.05507610529141,6589,2836.3850392998165,17224,6627.55060058905,266591.3553307346,482.282359178569,241.13143643046857,93.79357807840486,62,0.9514311097735002,0.3981968649640296,1.9088117175462977,146.01787679705043,6.963825461785332,8.918930855101172,8.50845565655912,0.0,0.7195559924421002,1.1521871803957986,0.8730114034126474,0.006233889172491584,0.05077471720304198,0.03551537010817717,0.021727323719015097,0.004883797103717892,-0.5500146977174777,1.6386787397510714,0.9686549025233588,True
47757,443,107.20000750042402,15817,147.55143992394986,25588,238.72266111706296,32557.30268115404,180.40535728699325,123.81867267083888,87.0,56,0.6121665192314341,0.3759503865205163,1.4568887198578893,398.5653995584213,19.96068423335269,31.50588804386668,31.78140617406705,0.0,-0.039210653643853094,1.578266162903379,0.6336194183611522,0.00014450263503311132,0.011779635157488099,0.008782405077048791,0.0055695594452891415,8e-06,0.8603640301395206,0.77002212081682,1.329763012432483,True
47755,443,105.74347299960726,448,4.23666811112824,496,4.690596837320551,9.0,3.0,59.0,59.0,56,0.0,1.0,0.0508474576271186,1197.6893175484909,34.60764825214397,52.87154396824778,52.87149249229172,0.0,4.462245291343531e-06,1.5277416016009244,0.6545609538639307,7.126007516354123e-08,0.00017120005649574953,0.015063690326315942,0.015005007680223415,0.014956769237962252,0.32220985570543964,1.206160499290749,0.011277599723011938,True
34195,443,128.37235616218462,9917,79.86548594660466,26894,216.4831421291882,57679.53928407347,239.06597086570284,164.86332728975594,76.6310914721629,56,1.1053756053831103,0.4594797552901201,1.4496802470116572,633.7058961281152,24.956175272654598,20.992515416705892,15.35608715102505,0.0,0.6220966366252507,0.8888739903167374,1.3285407843358317,0.01625868059295991,0.1270600465783085,0.05487804801005845,0.015025853646999888,0.006819479955869894,0.9262069517951306,0.37866500427962985,2.367424729626053,True
47757,443,106.86699237105697,14317,134.0504920152497,25249,236.3054704437199,33520.19689351329,182.94125342637642,127.16155482213104,87.0,58,0.6563806607833618,0.3743278520878137,1.4386414916001045,423.731966691969,20.583832261908956,31.303345720045055,31.85158125726323,0.0,-0.08096400559056148,1.5214543219266248,0.6587577869746684,8.271455318646924e-05,0.009091804310509823,0.009961711546686557,0.009445559905706714,0.006769022499522341,0.19600458869678894,0.3666863495115258,0.943793063638706,True
443,41636,120.81700616252516,496,4.105382311268336,448,3.7080872488875287,9.0,3.0,59.0,59.0,56,0.0,1.0,0.0508474576271186,1254.489267282086,35.418769938367966,60.4100535372679,60.408528461858225,0.0,0.00012918270358081574,1.7055943470653987,0.586305886943816,0.0001180773722023895,0.00732791866149177,15.085917304826605,15.08900891044673,15.066670092417251,-1.2252770983520906,2.2084907879679405,0.0004858653107688201,True
51016,443,120.8513985138508,35116,290.5197932641579,65077,538.4286426522216,19164.453053623463,132.20280407948445,132.69001844791416,87.0,80,1.0280070752929127,0.3719047350456654,0.9767499577376293,895.1949794100618,29.62816829986929,56.647888973365205,57.41400684241474,0.0,-0.061720486052635325,1.870501326479537,0.5525342809202693,0.3516048548573434,0.5548497261739135,0.15598563548589714,0.004876743494393709,0.0030335275170939235,0.8649886791588994,0.2911814556228134,3.3703441665907423,True
443,50122,95.39658590307006,9740,236.51815984602797,5865,140.73221291528444,2610.0656449226462,30.71284174508061,78.55415003819431,67.83199665936466,65,0.35403090593528774,0.8025818498582625,0.2716759943534895,912.1470936421911,28.347298520435995,47.310460179210274,47.237965722805825,0.0,0.016737432674605437,1.6258324505501784,0.6184859746004332,2.3355171433905925e-09,4.710632654238229e-05,10.329507591810602,10.32952123681362,10.3294435007965,-0.7044779599026447,1.1048417196507774,0.2578444328133176,True
40935,443,9.927007994610772,3092,3761.6887624601645,6762,8765.001699299288,341441.5787636806,572.2214999692602,264.6712326163656,96.12131888757344,65,0.8736672162120568,0.3491609419078339,2.128868277563137,38.03808096900828,1.9911145185453156,2.8135849465765257,2.7338902622375625,0.0,0.8999201817423647,1.1208415796159017,0.8978273117078506,8.548485001405743e-05,0.009245748186706584,0.020005525445069255,0.024011632907365153,0.0014189502866232774,-1.3002818409362382,2.012732343969709,0.47341473179555377,True
443,55268,120.68773419134395,77927,645.697548463084,46275,383.42961903897896,10158.521807228739,100.61229155350752,123.88801809813498,87.0,87,1.1005558874733292,0.36685196249110974,0.8116130872780459,1237.9491184116234,35.18447102862493,56.952662170531546,55.78699850414715,0.0,0.09941241442655775,1.6186978796647493,0.617795316552467,9.180327367618979e-08,0.00016899796574658144,4.98603681890773e-05,3.283294864065212e-05,1.986117522655798e-05,0.3695846704645291,0.27842164042118706,2.4766912735710163,True
47744,443,97.80366431237101,584,5.972697094951586,733,7.494606742049158,97.62592507890758,9.880581050104347,62.71345836186706,62.0,56,0.21662126556162067,0.6794590971096933,0.15755119033225742,1220.1725655908015,34.93096857504252,62.81422889038215,75.52001139002995,0.0,-1.091219309206312,1.7982389692152878,0.5561005976918262,1.0017769320578367e-07,6.523779470324205e-05,0.014971105549580045,0.014973573194284188,0.014914241270047876,0.3387873147686072,1.3216938439554782,0.0046227185385801246,True
47756,443,106.47372259170977,15289,143.63496575071298,25666,241.07550180442678,31726.895522083112,178.05887115049816,123.78408886145067,87.0,56,0.618803499237645,0.37681403418250237,1.4384587293225795,418.3425279919014,20.453038581302906,32.10394613672928,33.16796091294651,0.0,-0.1565115287946109,1.5699271099366856,0.6375740770793759,7.987478621002616e-05,0.008936020123768481,0.008636550015588232,0.006064746943895123,0.0017558736487141029,0.8742858580992887,0.7765683090570408,1.0496149536245867,True
43869,443,101.26597535453192,17420,173.50689808555464,28386,283.0427100529643,30598.27696104154,174.74096476491547,124.05672741061947,96.48300838106594,61,0.46690519185577756,0.3586229122991468,1.4082949777911162,410.01435777152443,20.241193855577684,24.218017427833544,17.126109591553202,0.0,1.025967164406131,1.2059993467949164,0.9016999263726638,0.0004150115842789053,0.019604714008860213,0.017250979934899068,0.015964129273579195,0.013098239402463633,0.30085770391171895,0.3081154268425276,1.2426877860022798,True
443,39535,120.81697393898119,496,4.105383406229876,448,3.7080882378850495,9.0,3.0,59.0,59.0,56,0.0,1.0,0.0508474576271186,1254.6004543121537,35.42033955663559,60.40855783616538,60.408503801688866,0.0,4.576575284521485e-06,1.7054765310737543,0.5863463857686174,1.1505379947729389e-07,0.0002841709496119583,15.088972919061513,15.088970451511743,15.088441060200495,-0.3934284973254164,1.8684316008791944,1.883303479601501e-05,True
443,44961,120.8170125827376,496,4.105382093108255,448,3.708087051839714,9.0,3.0,59.0,59.0,56,0.0,1.0,0.0508474576271186,1254.5528648233983,35.419667737384444,60.409219514262695,60.4084995512642,0.0,6.0984810742876626e-05,1.7055275652573707,0.5863288431009585,5.38496581968099e-05,0.003369553980359208,15.087570799667796,15.088976479882326,15.078752315436997,-0.32909952752668026,1.815222529949877,0.00022341178165548748,True
47748,443,105.74303489330076,448,4.236685663997172,496,4.690616270854012,9.0,3.0,59.0,59.0,56,0.0,1.0,0.0508474576271186,1197.6867450630727,34.60761108575308,52.87152371556206,52.87148150743238,0.0,3.6588596595658575e-06,1.5277426570867707,0.6545605016404183,2.4101628191045482e-08,0.00015345467768679993,0.015036691661755785,0.014983341173004084,0.01495122581949705,1.0507633463046406,0.5491474791862819,0.010203725920775997,True
443,34195,120.81698015053271,496,4.105383195160361,448,3.708088047241617,9.0,3.0,59.0,59.0,56,0.0,1.0,0.0508474576271186,1254.5591925547626,35.419757071072596,60.40910377486025,60.40849749335549,0.0,5.1354677650637e-05,1.7055199947369208,0.5863314450391336,3.9233949259206486e-05,0.0027838649729648723,15.087946717520873,15.0889504563524,15.08090529636,-0.08226160229006352,1.9854170740826513,0.0001845688250730692,True
44312,443,114.64377311420215,13136,119.56673722940755,22395,201.41621298472162,42202.99849889336,202.6924738819239,134.97822848770673,82.17351598542564,56,0.7451841032356669,0.38636568202194316,1.495771243976761,486.88597411498125,21.766768139760394,27.032536109971158,24.364849567070767,0.0,0.2992386535019361,1.3151939341230738,0.928156688388192,0.0036365118275356392,0.04006293564964142,0.018287388560914025,0.008316243569514126,9.778178321158973e-06,0.7087762227559955,0.5955507987211395,1.7785279540491086,True
443,55268,120.66470349684307,78964,654.409881079316,46482,385.2192526213913,8262.853687528868,90.89594880322466,121.59121311634813,87.0,87,1.1417102639502013,0.3805700879834004,0.7475426397225419,1195.8552588712846,34.580839457571464,56.845242109624714,55.795059893930876,0.0,0.09117420536426744,1.6438888108275256,0.6083493201111967,3.094176276154335e-06,0.0012975197282121562,0.00013922233441990262,3.2387222560596126e-05,2.3042591464679582e-05,0.3191883466578835,0.1300817069803757,7.254407190609895,True
47747,443,105.2171015900456,460,4.390965777962302,511,4.878159985545704,14.77744094242395,3.45297173768802,59.22862022579561,59.20118579870014,56,0.008437443306941184,0.9770002710362033,0.057919295624039094,1199.1930288155484,34.629272264940006,53.64699599206542,54.39083639835818,0.0,-0.06388420504872405,1.548995583729039,0.6470190593823214,2.43843470590376e-06,0.0005383260762610604,0.014829370110294348,0.0149809083005909,0.014957286034712103,0.8968354835204935,0.46261842894048527,0.04252370433421038,True
443,55268,120.68186557784458,78644,651.6687372967222,46293,383.5965512185077,8407.395725183602,91.68972749014182,121.79237191709277,87.0,87,1.138394843103815,0.3794649477012716,0.7528317497075345,1188.0278332478613,34.46770785960727,57.00874857906332,55.80799454092529,0.0,0.1045135463978051,1.6539831370605313,0.6046041521816123,9.555801496950148e-08,0.0003082688921071115,7.252359764958042e-05,3.299092947645739e-05,2.099092947645739e-05,0.38474401432363153,0.16814877982397106,4.240297933601028,True
47752,443,105.7430342050018,448,4.236685691574461,496,4.69061630138601,9.0,3.0,59.0,59.0,56,0.0,1.0,0.0508474576271186,1197.6895639706086,34.60765181242492,52.87153558871878,52.87149768245746,0.0,3.2859435184677344e-06,1.52774120230131,0.6545611249431277,4.3339239409917044e-08,0.00020589604570084852,0.015071794907687284,0.015008119934838082,0.014933330047061384,0.9376816584923334,0.6625617022652018,0.013658249115947783,True
43142,443,37.90602258616702,4674,3388.9882575717584,6621,4827.7314473119,5272.949516963183,60.75863819598483,103.16875902189688,88.69317084655658,62,0.546247748540955,0.6759740032773938,0.5055613766438225,462.8282506883794,13.500806467583802,24.168345222671757,28.91921442626372,0.0,0.09336278747224991,1.5350565186194989,0.6625854308350979,0.00010983606858546121,0.00827588745416286,0.01979998304360085,0.02133423430416842,0.005663264373130554,-0.21614904399194929,1.5640227229020014,0.3642789433812923,True
47747,443,105.15907034281328,458,4.364257430776301,513,4.896852864468702,15.518982721426212,3.506095903983156,59.27318785523822,59.220651729230866,56,0.01595077372229775,0.9764285145862441,0.05869582886317283,1199.3401890108232,34.631388419824546,53.602489651282774,54.53729011243534,0.0,-0.08028406672177724,1.5476287458394824,0.647321427186407,1.974333724451292e-08,0.00013824714468543874,0.015027416176204613,0.014979058696541538,0.014951057976943589,1.0150028689771613,0.5900440168571318,0.009198151123803441,True
43984,443,110.9415406170531,14755,133.02865732864302,31424,280.6798113710349,36403.8012261005,190.23030080133202,139.61636034281852,87.0,60,0.8169359966197531,0.4122744391786081,1.3669740781588986,429.7979640999409,20.72810414868634,29.74821633547353,28.5689164176026,0.0,0.17077549123275898,1.4368983032722014,0.6992048751871739,0.00543585463986059,0.04591996673424084,0.027336745540966288,0.015001843408679548,0.014980289665535726,-0.30272993774098556,-0.10009160384927396,1.1793522814525226,True
47760,443,107.49571746709348,12798,119.06095283047456,24679,229.59013425970517,36283.36937770114,190.47028608152763,132.57186955604928,87.0,62,0.7177691727092954,0.3705273107249838,1.4366900701128835,431.9589522188154,20.78351939143616,30.02295517120287,29.682921061625354,0.0,0.0491705130583727,1.444592109214124,0.6922794953201846,8.806489976549364e-05,0.009382939068090602,0.012133234092615564,0.014986903810712071,0.014985470958916395,-0.9126371340502113,-0.3040628795254598,0.7733280605506289,True
443,55268,120.65089820018834,79070,655.3694027391807,46633,386.5183094854793,8414.311209101317,91.66416262646901,121.72367223086276,87.0,87,1.137084008487339,0.379028002829113,0.7529031817442581,1214.7232708435147,34.85238750721558,56.66428097432148,55.777738380137606,0.0,0.07626531340207848,1.625865569523726,0.6150640219458254,5.811245362476456e-06,0.0021457741753305834,0.00019285994698057125,3.1609242759124294e-05,2.4689086890508488e-05,0.2600204761291549,0.126790520849896,9.417696202783125,True
443,49043,88.10453379595583,5735,133.67153475798364,3515,80.31270481491055,1501.2052947597522,23.813728764080594,72.74155722558724,66.3014778205627,61,0.3726698482078239,0.626974389468067,0.2596516477541086,919.1383596498863,29.382632715538058,59.178802467610765,65.73572670493478,0.0,-0.5944280560581239,1.9558016742918638,0.5202728066940598,41.889340400678186,5.889139231888158,8.32854480823562,12.49274968268024,1.3602955641125406e-05,-1.6955378814840945,1.0781137843035031,0.7260864149938085,True
443,55268,120.68796162682541,78039,646.6229096502661,46223,382.9997079685916,9334.093298914599,96.57109791349941,122.82596912186472,87.0,87,1.1133715611771906,0.3711238537257302,0.78614782387438,1226.3511321877957,35.017824735421044,56.90519437078626,55.78997405071858,0.0,0.09558940979530905,1.6251891806973744,0.6153780010895268,2.752234785247499e-08,0.00012851602027602442,4.878183834375877e-05,3.2249498075234684e-05,2.0249498075234687e-05,0.38699184616468957,0.2710284483425963,2.315395382201098,True
443,47750,116.25391882452386,543,4.7809564678007614,475,4.1586875607265705,26.76755592686824,4.379369705770961,59.74457637087037,59.601388607241454,56,0.04347400143526417,0.9357556687500099,0.0722382759235214,1218.6114235826662,34.892702492205466,61.84065706735248,63.43779587087323,0.0,-0.14613370936600067,1.7765997758104788,0.5661054089823138,10.142339256846611,1.4259316613689066,14.080714584565463,15.088962382410974,12.06412482398886,-0.49436860830574125,1.5661854633430539,0.14175064171633356,True
47749,443,105.74302345875667,448,4.236686122132306,496,4.690616778075053,9.0,3.0,59.0,59.0,56,0.0,1.0,0.0508474576271186,1197.6862223494809,34.60760353375359,52.87152092415893,52.87147777592874,0.0,3.740354069578493e-06,1.5277429098085997,0.6545603933617891,1.7463079258629236e-08,0.00012244736676720987,0.015023839997174857,0.014981248673233073,0.014956098407879686,0.8588638498567784,0.7145731777862355,0.008146663297385264,True
443,55268,120.68026378394325,78623,651.4992859711199,46377,384.3007350595281,9317.310452595726,96.07789252904874,122.99861447476258,87.0,87,1.1265083227846975,0.3755027742615658,0.7799397507528681,1195.45089062182,34.57447992196528,57.09450750890194,55.80783147173968,0.0,0.11154467104380364,1.651390463510283,0.6055587618327882,1.963390270078604e-07,0.0004008523530812785,7.90207879002398e-05,3.393202493394072e-05,2.0627190026423712e-05,0.3608927449727216,0.1561971152866551,4.866232534809606,True
47759,443,107.23465979098283,13407,125.08997962725374,24858,231.84597415018897,35196.75208033113,187.50578644857725,130.31914348229216,87.0,60,0.6915115016442707,0.37200352358808164,1.438812355822494,428.7705461246212,20.706111108686496,30.554865401820578,30.62089958004063,0.0,-0.01033472158015717,1.4761371736477622,0.6785624105961139,8.536944774549848e-05,0.00923744674990477,0.01120060338814125,0.012606277672997438,0.011455809027438433,-0.438119713249868,-0.01651177669692533,0.8448603123671207,True
36422,443,76.67941986428959,10910,1590.0634406119107,29116,3737.223782167468,164807.7874092671,358.58677441682335,205.7291589721899,90.66241436279823,59,1.0127233721611433,0.44806600639261684,1.629017532253613,288.57713478435204,13.589036366613875,17.437610719253552,16.683660474023178,0.0,0.4628005344590089,1.2130092784470776,0.8295546336156979,0.012238161027192575,0.09133849503238371,0.04992067228869915,0.018647667646530197,0.009543594945283678,0.21881582914579312,1.055358029947128,1.4802036846060216,True
47748,443,105.74302891916462,448,4.236685903356228,496,4.69061653585868,9.0,3.0,59.0,59.0,56,0.0,1.0,0.0508474576271186,1197.686262910185,34.607604119762186,52.87152137402208,52.87147835506291,0.0,3.729147997262111e-06,1.5277428969383822,0.6545603988760245,1.9192980190414805e-08,0.0001332713954153477,0.01502734582727835,0.014980421338695375,0.01495510560643445,0.9579493011005218,0.6279886549331998,0.008866539441955052,True
47758,443,107.70226332597535,14927,138.58387916924053,25160,233.60828706394392,34471.8617871879,185.63083975459372,127.19294709008909,87.0,57,0.6486450027159733,0.3733396426882774,1.4598615258560705,400.94691879926984,20.01660377005592,30.616732932666718,30.25837195016045,0.0,0.05390897367598459,1.531176953419913,0.6541514897602003,0.00015712067070644737,0.01236558466295577,0.010126343921002085,0.008866959411553627,0.004743992409636896,0.1816673834843444,0.3601717898028872,1.2666226275278774,True
47754,443,105.74377203861246,448,4.23665613001296,496,4.690583572514349,9.0,3.0,59.0,59.0,56,0.0,1.0,0.0508474576271186,1197.6913940476327,34.60767825270992,52.87156030311652,52.87150465102051,0.0,4.824254085877059e-06,1.5277407492398167,0.6545613190583267,1.1341628080884165e-07,0.00026417806413304594,0.015108080640182974,0.015014208880383392,0.014951292333105123,0.5901368300527061,0.9854686194433779,0.017395170701185604,True
47754,443,105.74298992318381,448,4.236687465764718,496,4.690618265668081,9.0,3.0,59.0,59.0,56,0.0,1.0,0.0508474576271186,1197.6859732423716,34.60759993473054,52.87151816128503,52.87147421912555,0.0,3.809177142510273e-06,1.5277429888521665,0.6545603594956297,6.8387414325216194e-09,5.597064842786283e-05,0.0150023086350627,0.014986329820634171,0.014962195784761005,0.25032188752645623,1.2463395953888219,0.003725481013281285,True
443,34194,120.81700726749511,496,4.105382273721358,448,3.70808721497413,9.0,3.0,59.0,59.0,56,0.0,1.0,0.0508474576271186,1254.4595216261534,35.41835002569322,60.410441752702276,60.408514840235846,0.0,0.00016321998498258376,1.705625528579492,0.5862951680817595,0.00014354475464419523,0.009062889822619343,15.085240753727689,15.088974383083922,15.06155654613503,-0.6371322949987863,2.2874193314399607,0.0006008949188045606,True
47747,443,97.98420443448796,640,6.531666924562122,733,7.480799774537555,95.15082644628096,9.754528509686205,62.40909090909091,62.0,56,0.1258156892005639,0.6570374880473933,0.1562998013205364,1222.1923966192996,34.95986349532277,64.46550049513182,75.52751963782455,0.0,-0.9492627806421157,1.8439862706260914,0.5423034154677806,3.59947392954057e-05,0.005999560376282711,0.012010978423877511,0.014988008807040031,0.004297690742079821,-1.4886243492533988,1.2863608597812544,0.4995063523141118,True
47759,443,107.53957122789195,13046,121.31094536975834,24652,229.2384177259281,36167.919516405374,190.1643239495239,131.88984000495546,87.0,61,0.7078005490031994,0.37070571360517696,1.4420106565170254,427.9263780806546,20.68353072506421,30.082891833264362,29.77674300894635,0.0,0.04448529146414842,1.4550874981162738,0.6877091735370325,9.760361422473541e-05,0.009790034602504924,0.011839220928907043,0.014089023635364947,0.013483218995586169,-0.7547342537319727,-0.20752498422266785,0.843159847347313,True
47756,443,106.88309619663139,15748,147.34046990835134,25670,240.19671437829447,32023.004607068156,178.9192583792545,123.37374825441562,87.0,56,0.6097936923758528,0.37658555676575994,1.4501006075017335,405.134877389299,20.124664481541636,31.827861772756513,32.45880412952073,0.0,-0.09193408748841761,1.5814086096242785,0.6323599943958985,0.00012041758082826559,0.010715950527992983,0.008559281767945704,0.005318659122646704,8e-06,0.9522769247233546,0.8248794480820723,1.2404772701313038,True
41517,443,120.05614846944862,9114,80.55285537610939,19457,169.32089991250388,50793.514834975125,222.72968476690616,147.70884112940163,78.25584017637803,59,0.9042927210853614,0.39334364952141004,1.5005528243119424,593.4700621792589,24.097740162594366,23.394535321697255,18.9236299722618,0.0,0.4855103592315827,1.0360173994459734,1.1963740863727785,0.006379506217622703,0.05902935126453855,0.027249821184710338,0.014997354926106921,0.008096062277923971,-0.1415578510593194,0.011701466117751969,1.6160158364675221,True
47746,443,97.95196340582773,640,6.533817224568484,733,7.483262540013591,95.15082644628096,9.754528509686205,62.40909090909091,62.0,56,0.1258156892005639,0.6570374880473933,0.1562998013205364,1221.4069175945708,34.948626676362316,64.45377619717041,75.52751688744675,0.0,-0.9505744061513448,1.8442437298501144,0.5422277149484536,3.6022633926790417e-05,0.0060018843994847585,0.012014801449012102,0.014992821968180704,0.008422707358525692,-1.48854286076557,0.5993603407194428,0.49954083684158657,True
47747,443,97.9682272506207,640,6.532732515208545,733,7.482020208824786,95.15082644628096,9.754528509686205,62.40909090909091,62.0,56,0.1258156892005639,0.6570374880473933,0.1562998013205364,1221.8031490262956,34.95429504015634,64.45969046759771,75.52751827486271,0.0,-0.9499127624447058,1.844113855679406,0.542265901741749,3.6008562602944664e-05,0.006000712056224508,0.012012872940834404,0.014990393990259143,0.006341860908949927,-1.4885839672740635,0.9459147243423085,0.4995234412737057,True
47755,443,105.74345406974673,448,4.236668869560543,496,4.690597677013457,9.0,3.0,59.0,59.0,56,0.0,1.0,0.0508474576271186,1197.6891861012934,34.607646353038774,52.87154293421281,52.87149172261607,0.0,4.439329297538013e-06,1.5277416555573538,0.654560930746281,6.859148986390325e-08,0.00016531433360934505,0.015060880316799703,0.015004425222976372,0.01495711593870454,0.3052494586731392,1.2201308056144593,0.010890343333781704,True
47749,443,105.74354353526115,448,4.236665285069776,496,4.690593708470109,9.0,3.0,59.0,59.0,56,0.0,1.0,0.0508474576271186,1197.68982678959,34.60765560949734,52.87154893620087,52.871497986882346,0.0,4.416592154752987e-06,1.5277414203638495,0.6545610315149157,8.826559267464555e-08,0.0002602563336731021,0.01509398500815979,0.014999857069730478,0.014948910732567381,1.0782127387245788,0.546901641246035,0.017193768165966523,True
443,47751,120.81699217170554,496,4.105382786678622,448,3.7080876782903682,9.0,3.0,59.0,59.0,56,0.0,1.0,0.0508474576271186,1254.606423127124,35.42042381348819,60.408498648858725,60.40850805129683,0.0,-7.963572238884758e-07,1.7054708031431198,0.5863483550448878,2.844083489567676e-09,5.331666636701831e-05,15.088981729954806,15.088993933586586,15.088888723002357,-0.6743562608560701,1.7415507163600266,3.5334833285476002e-06,True
443,46848,120.81697933380887,496,4.105383222912625,448,3.7080880723081764,9.0,3.0,59.0,59.0,56,0.0,1.0,0.0508474576271186,1254.6058676909392,35.420415972849504,60.40849606538836,60.40852133487885,0.0,-2.140244819047161e-06,1.70547110773011,0.5863482503277974,1.5283339817998614e-08,7.968469732893015e-05,15.088991126604956,15.089010103495239,15.08884243538038,-1.1040704934786467,1.86303709249358,5.2809859438716844e-06,True
47747,443,97.99090872757424,640,6.531219784937082,733,7.480287659935751,95.15082644628096,9.754528509686205,62.40909090909091,62.0,56,0.1258156892005639,0.6570374880473933,0.1562998013205364,1222.355731407727,34.96220011207474,64.46793847968226,75.5275202097461,0.0,-0.9489900374264456,1.843932733807716,0.5423191568535067,3.598893880478527e-05,0.00599907711215209,0.012010183452933854,0.014987007944341183,0.0034399228130900955,-1.4886412942060963,1.4292177418847376,0.4994991815013698,True
443,55268,120.67734343559815,78567,651.0572208376818,46537,385.63331581137277,11078.931568110143,104.58315081734911,125.32937555149428,87.0,87,1.1031934908563736,0.3677311636187912,0.8325551535399376,1210.5418059519807,34.79151903478517,57.256073562969085,55.80709808754341,0.0,0.12478084734152999,1.6457591513334595,0.6076362082731672,3.874612673887148e-07,0.0005736857466260318,9.088933648067281e-05,3.571424655306705e-05,1.991430137877318e-05,0.31533684181396293,0.13574981443862563,6.018116812537435,True
443,41901,120.81699046498684,496,4.105382844673268,448,3.708087730672629,9.0,3.0,59.0,59.0,56,0.0,1.0,0.0508474576271186,1254.6020687795599,35.420362346747275,60.40855024726476,60.40849071576407,0.0,5.042149628989695e-06,1.7054752194856264,0.5863468366950846,8.26242294949895e-08,0.00021664434629933304,15.08896467018773,15.08895770144792,15.088566963758508,0.0049815762415952175,1.7199723179808875,1.4357804267472433e-05,True
47746,443,100.51064079946602,576,5.771584148120775,654,6.556446904166163,66.47847143555192,7.5065147952667095,61.27449163893471,61.001552642262546,56,0.08394224171915737,0.7711808260014199,0.12120359667789814,1212.676336649354,34.823169823741836,60.586540917332925,67.98722690503793,0.0,-0.6356029680391684,1.7391812662454649,0.5795332391907972,2.407044992661002e-05,0.0040552025387164525,0.013022792001121646,0.014993510868495838,0.014986692026490289,-0.6375007527281646,-0.15437931981524466,0.3365401955297395,True
443,55268,120.65344901570269,78990,654.6882824244809,46605,386.2757512568537,8494.629789214945,92.09128268946513,121.81823915642359,87.0,87,1.1349885011564587,0.37832950038548624,0.755802302204752,1216.3225671668772,34.87524853382282,56.677719305949346,55.77814085346662,0.0,0.0773296670696203,1.6251895784956711,0.6153209289844489,5.43257513168718e-06,0.0020102769169895586,0.00018294308877161522,3.163472543159535e-05,2.438329482085581e-05,0.26835006024702823,0.13845447714293296,8.912288003153726,True
443,47750,105.02608206349161,660,6.443260078452697,542,5.267425240993861,70.48603201944283,7.773417922238221,61.57666539892669,61.081152822210015,56,0.15044521909846695,0.7776774124385241,0.12487207553789134,1130.043197390749,33.59420691953093,65.36456753951822,70.89164123816755,0.0,-0.5057113708191487,1.951617215944811,0.5162963906720484,35.09836686299989,4.9344211825021365,11.599826111294218,15.08894363873092,4.6214632680039145,-1.498063525720221,1.4724344501710673,0.49053081516815245,True
47746,443,99.20811848544038,607,6.15367300730867,693,7.020916121718332,80.78683367883448,8.628340837869251,61.840690590931644,61.49980772001985,56,0.1048383437210626,0.7142198883144911,0.1387176519134494,1216.4078687074903,34.8768313558808,62.507073673589275,71.75005481610945,0.0,-0.7938272642306341,1.791815529295457,0.5608564052403848,3.0057152839063722e-05,0.00502850504177535,0.01252281794334608,0.014996998654040139,0.014994830192760326,-1.0621313347851051,-0.32513466469488406,0.41790983983661073,True
443,55268,120.68393838722443,78027,646.5469918415133,46267,383.3765027982297,9454.661204816888,97.1965606728417,122.94857810523034,87.0,87,1.1099413344059619,0.3699804448019873,0.7904548908803871,1235.438626129978,35.14850166783998,56.838344911105466,55.7829515341241,0.0,0.09005166684483712,1.6171095972176195,0.6183916858083229,9.064079958059178e-07,0.00039070614580200046,6.440892879021172e-05,3.1939314557686715e-05,2.072822530775937e-05,0.3679118605271692,0.2778713400366989,2.871248076145333,True
47755,443,113.35656167237188,476,4.203583148950994,496,4.395064289416086,8.984286548919155,2.997378822066699,58.91095711054187,57.486270879211894,56,1.4271575015850895,0.9711427935989955,0.0508798668795807,1291.2019961668761,35.910115396691474,54.88973191705692,56.6782746616961,0.0,-0.14428010098843333,1.5285040229467481,0.6542346175176129,7.351526606873564e-05,0.006199226560863161,0.017337454101787476,0.015003642455220493,0.01495221966593261,1.0197843031408147,0.5362928213048833,0.31873096942804824,True
443,55268,120.66490203774616,78734,652.5066227145985,46745,387.39817138074875,11976.209433071715,108.85773500003518,126.5087761109788,87.0,87,1.0921069035217905,0.36403563450726345,0.8587832036095574,1224.2009585601243,34.98831058611103,57.24181839641442,55.79836396843583,0.0,0.1236449084608807,1.6360100374780528,0.6112473872665827,2.391164657610936e-06,0.0012946646520434605,0.00013953034937382635,3.63194959224038e-05,2.0809773622026683e-05,0.2484821568441193,0.10106154832929828,8.55258619796605,True
47757,443,107.16986646027078,15811,147.5313748280218,25596,238.86285649035221,32506.486255510354,180.26401626723856,123.77635646267565,87.0,56,0.6119408426188461,0.37601079677296523,1.4562431109299556,399.1902144284389,19.976280190915112,31.536510564977846,31.845832651541052,0.0,-0.044225113896636,1.5785650371046478,0.6334996361133991,0.00014221193546766996,0.011678469434636584,0.008761184096483198,0.005545696627495254,8e-06,0.8691057512870398,0.7752395330202149,1.3212711564727704,True
47752,443,105.74433100040069,448,4.236633734989143,496,4.690558778023694,9.0,3.0,59.0,59.0,56,0.0,1.0,0.0508474576271186,1197.6952849660815,34.607734467400064,52.87159088030445,52.8715274423154,0.0,5.499174381309161e-06,1.5277391512035818,0.6545620037374729,1.923059827618968e-07,0.00043840300130419733,0.01519124791828968,0.015031463081854782,0.01494097000400701,1.0931941813192612,0.5710288710169558,0.028858684373715603,True
443,47750,120.81699956248113,496,4.105382535538762,448,3.708087451454366,9.0,3.0,59.0,59.0,56,0.0,1.0,0.0508474576271186,1254.6063544846616,35.42042284452092,60.40850484929305,60.408498670697035,0.0,5.233080101511824e-07,1.7054710248507934,0.5863482788208179,2.7718857388088898e-09,5.263863452245072e-05,15.088974658972388,15.088981141859598,15.088886733178159,-0.36014397908735996,1.6681875246649986,3.4885494196236085e-06,True
443,47751,120.81698761850801,496,4.105382941397078,448,3.70808781803607,9.0,3.0,59.0,59.0,56,0.0,1.0,0.0508474576271186,1254.6064654153363,35.420424410434926,60.40849482898869,60.40851383035522,0.0,-1.6093566710923078e-06,1.7054706665568014,0.5863484020038628,2.8885619905861317e-09,5.3734377996150674e-05,15.088986086138974,15.089001814120756,15.088889948863228,-0.8679314227936461,1.7867472046471267,3.561165533226196e-06,True
443,49414,85.24965988393633,7170,169.88099605366438,4357,101.64791828255665,1903.9326121533286,27.81147069965572,75.61868380710611,67.53570152373122,62,0.4173740683125253,0.6118974562986152,0.2889463719307369,874.4033255903782,28.405553968080287,56.776075816249254,62.928311014642674,0.0,-0.5558187205493205,1.9258200113919144,0.5302880774491127,39.391538075313555,5.537980020872147,7.831927696590373,11.74782668471303,1.6071403047462446e-05,-1.573374043450774,0.9816746189748582,0.7315333468744396,True
443,55268,120.67580424262049,78761,652.6692233084501,46359,384.16982242092234,8349.389144518687,91.3728250452304,121.71367956091979,87.0,87,1.1397553045713453,0.379918434857115,0.7507138812168332,1190.4656633255133,34.50297241427159,56.95228565136707,55.80360599260936,0.0,0.09991091595601323,1.6506753431526295,0.6058306787541489,1.1466910784156333e-06,0.0006562902444609889,9.608077765313762e-05,3.2785308021677296e-05,2.1715639927742345e-05,0.36175814337451934,0.153994000808493,5.311616002808987,True
443,36968,120.81697204544594,496,4.105383470572558,448,3.70808829600102,9.0,3.0,59.0,59.0,56,0.0,1.0,0.0508474576271186,1254.5985542656297,35.42031273524226,60.408579517144084,60.40849764769928,0.0,6.934117809470641e-06,1.7054784346178529,0.5863457313253706,1.5007231981187067e-07,0.00035594375699570647,15.088966528380018,15.088956534027599,15.088300181177319,-0.14399964556029746,1.8703250240651932,2.3589680199119e-05,True
38609,443,102.63494783079533,17949,178.11356648773346,34465,334.23381256237957,33037.38419249249,180.53084194923042,135.19060438840123,99.85315348002506,63,0.5474787449778011,0.3905230042665453,1.3385555988384152,438.16178237325585,20.930725205466995,20.839139578133445,11.14436966454723,0.0,1.3991946370759076,0.9933567864832729,1.03695849780429,0.005948506256091349,0.057430006290333235,0.036574768408197,0.022067963216628135,0.022035385914807058,0.2855285901131951,0.09600059375107262,1.319165508453725,True
443,51555,80.0369237589876,15326,376.947994003398,9139,223.52574693625886,4181.697043250055,47.45766028069373,90.3692752072268,73.16851836033584,71,0.5679455715771626,0.6832966776565835,0.4051063299712525,705.2242066379522,24.07353160320052,39.39629142030532,39.27997274537783,0.0,0.026852418438259598,1.5777131107527458,0.6379042829272387,1.9563851501077976e-09,4.267917768233604e-05,7.453702703396942,7.453711526678587,7.453661140335184,-0.4100098942403826,0.6471228952791701,0.4136385542147674,True
47759,443,107.58001126839419,13514,125.60444302989225,24778,230.3246271675705,35746.33393190753,189.03744509911283,130.72234298482084,87.0,60,0.6930963764221777,0.37136042394486396,1.4464478104266203,421.22014932756485,20.517754062335715,30.21558761834495,29.896460525157607,0.0,0.04682771678668263,1.4740008976637688,0.6793678090387988,0.00011239764665192785,0.010430233788495837,0.011413454610868033,0.012790985862148042,0.011310927401480826,-0.5219748229944831,-0.06641376367150964,0.9484191204369578,True
34830,443,118.08548194852823,16251,138.889276157412,41792,353.29772197423523,43922.09178895319,209.09428578914498,160.121948921005,88.85248855339461,57,1.0070277470347726,0.48969574521989506,1.3070563209849415,452.85027783501886,21.279572287834625,26.455785896085306,24.06937296186847,0.0,0.3407263276072134,1.242239476697538,0.8159432446941527,0.017342437301652587,0.12705914949209876,0.06241809667881877,0.016057627704353292,0.016008854979168013,0.9980956436051618,0.3331349621174668,1.9690975118988963,True
47747,443,97.96342048994643,640,6.533053099815736,733,7.482387378382709,95.15082644628096,9.754528509686205,62.40909090909091,62.0,56,0.1258156892005639,0.6570374880473933,0.1562998013205364,1221.6860432811186,34.95261976173851,64.45794251175647,75.52751786481352,0.0,-0.9501083104833112,1.844152239841596,0.5422546156787901,3.601272136656776e-05,0.006001058540930421,0.012013442909214364,0.01499111157634902,0.006956852690434048,-1.4885718182926264,0.843490973753307,0.4995285825138405,True
47753,443,105.74352646803521,448,4.23666596887477,496,4.690594465539923,9.0,3.0,59.0,59.0,56,0.0,1.0,0.0508474576271186,1197.692257011919,34.60769072057168,52.871558776368715,52.87151197053914,0.0,4.057405942043199e-06,1.5277401547329335,0.6545615737743546,1.034557104056145e-07,0.00030386692878785323,0.015123636256037094,0.01502156114504891,0.01493292468035224,0.9758375811294813,0.6487601555267589,0.020068041536261832,True
47757,443,107.12603211320304,15801,147.5021940043214,25607,239.0667437025655,32432.58353592661,180.05846293253822,123.71481567490629,87.0,56,0.6116126393813015,0.3760986518688356,1.4553041968887284,400.09888751092683,19.99896151223545,31.581045133514685,31.93952857442856,0.0,-0.05151768210132825,1.578999692159729,0.6333254358670283,0.00013888055342945973,0.011531343343954696,0.008730322260843132,0.005510992747606788,8e-06,0.8818189037463309,0.7828272558113436,1.3089213848824466,True
34194,443,126.26441236446595,11576,94.24345919922325,31319,254.89084486784117,54408.748839873224,232.16432964809536,164.71438867550495,79.47519956937774,56,1.09962623093911,0.472348564694977,1.409104695500954,584.7771209004475,23.963825994989,22.750480410515053,18.343079496796474,0.0,0.49602818558611195,0.9972952333914811,1.1777306734470505,0.017082234052325028,0.13027598315374161,0.05813993060942783,0.015031242483394611,0.009061684965774164,0.9788390412323525,0.3771297595120113,2.288187258012527,True
443,55268,120.6817679367764,78168,647.7203373155932,46472,385.0810252777836,11500.54897466522,106.89209963048741,125.75798876472597,87.0,87,1.0890488121201798,0.3630162707067266,0.8489324503059297,1234.5504106703975,35.13610655942139,57.16817406511954,55.79508466001017,0.0,0.11728402210665159,1.6270710106101463,0.6146321301998664,3.2004153250228614e-07,0.000433353094484962,7.360129272247803e-05,3.501373008477518e-05,1.949771165253747e-05,0.32202973215927605,0.2071381403973534,4.59488225742361,True
443,55268,120.65543978747071,78993,654.700668517435,46749,387.45886694623715,10494.130380880277,101.63950795148702,124.53941884640041,87.0,87,1.1125803095803466,0.3708601031934488,0.8138952025550387,1218.003674135293,34.899555126952,57.00083404629944,55.78988367102455,0.0,0.10393716483066986,1.6332605925955619,0.6122776091787271,4.304714285833934e-06,0.0018379790842013063,0.00017589449025050817,3.449090585876656e-05,2.2779024459789856e-05,0.23931164136015956,0.09185172181225223,9.702884352199778,True
48026,443,108.49721187276269,29639,265.315087764298,51383,458.392695897713,19983.31065241521,138.6028240506438,124.1273635393842,95.75443467592095,76,0.6824060364624407,0.34093573332708077,1.117698466226814,726.6674480027173,26.394764399384112,41.75020261068224,36.01502563806623,0.0,0.8605594572592282,1.4633718611371425,0.8090696879844009,0.22403863564674267,0.3510880539621753,0.10360900400101686,0.013285547441086855,0.01209406528269888,0.388165680911549,0.13166466881034283,2.3925244368622267,True
47746,443,97.94847136167867,640,6.534050124785008,733,7.483529283542828,95.15082644628096,9.754528509686205,62.40909090909091,62.0,56,0.1258156892005639,0.6570374880473933,0.1562998013205364,1221.3218419147154,34.94740961011055,64.45250633179083,75.52751658955177,0.0,-0.9507164690561459,1.8442716154050807,0.5422195157821558,3.6025655210178846e-05,0.0060021361157594,0.012015215523038511,0.014993343284401004,0.008869490254071773,-1.4885340347011122,0.5249509238156733,0.49954457188036805,True
43774,443,101.22013235003087,23582,227.04275430034747,40073,384.41692360827,24408.95182224937,154.48110200900607,123.79310687234991,100.89387565076841,70,0.4878835370185548,0.3427076799658861,1.2486612037107547,562.4722515098902,23.26667708783902,28.665354668325364,18.828364692901594,0.0,1.4352619230730754,1.1373699892039073,0.9932302643424025,0.09984299607594155,0.16973985318304863,0.05962459844837387,0.019730691948044186,0.0191876359259828,0.1457881227756126,0.05016607557384989,1.626830369773403,True
40422,443,2.493421928751785,7093,5389.17357830019,10103,7677.6529979920515,8332.778752721533,90.83808662257826,127.08337798970065,104.47526789032409,65,0.7398793827174884,0.6736030817159229,0.7113019439874968,15.05498178169713,0.8304122806178464,1.3417522804955622,1.3670164357833847,0.0,0.7956543298370016,1.3800948107667852,0.7253499106351876,0.00017521433129472593,0.01321259484271029,0.022614172544031166,0.025095290702445743,0.00019493625711980536,-0.5695448264327512,1.6821267695834687,0.5837745583315993,True
47758,443,107.03976959104644,13889,129.83969623576172,25065,234.20982821274674,34308.057140678255,185.08625535851655,128.6453941862033,87.0,59,0.6728896270144842,0.37323558501501475,1.4387217854845777,426.0997363117119,20.64129451737342,30.95161385153811,31.27324946238904,0.0,-0.04777332651536806,1.5001585244935782,0.6680645343958593,8.396216251058806e-05,0.0091602457726231,0.01054390152772248,0.010930869724873999,0.00897147477865189,-0.10198818433758206,0.1866108155824744,0.8973017924402408,True
46847,443,106.47991688021679,27960,254.70553122328457,48248,437.88571166825005,21210.152236710543,143.00447591051403,124.03470352398558,97.17915025181352,75,0.6284820326309759,0.34142693849673084,1.1540029306360855,681.150541577497,25.527620533480967,38.122923542219894,31.250674093609085,0.0,1.0198739738683358,1.373000175386397,0.8601212406506689,0.18961009312228774,0.3008161260278758,0.09141599157147208,0.015072219924121487,0.014060489380891961,0.3209756725014751,0.10907226707528606,2.180264724358696,True
443,49883,81.64164781570726,8984,215.6427975780174,5420,128.61152860013368,2412.902558336934,32.863848350554235,79.25481897379008,69.0955231316762,64,0.4738716127257687,0.5928431097657466,0.3259692743852798,817.8668382590799,27.17071417442228,53.73949100657701,59.3802770197037,0.0,-0.5070239391491405,1.8879289503845746,0.5429454552753897,36.23479588224373,5.094182252472869,7.204299091151326,10.806387150290355,1.9191046263352395e-05,-1.4189824256389705,0.8597940445331129,0.738417222157827,True
47760,443,107.42564148384902,14953,139.18157154785078,26341,245.23001729632483,33099.38932361869,181.92952646986774,127.90486233580266,87.0,59,0.674783632177424,0.37548210648330854,1.423171955564542,406.46762628828185,20.156863738875813,30.754801652976816,29.88787465432873,0.0,0.12787980359907958,1.5265374160684382,0.6554696186325135,0.00013693569023540104,0.01156289512453821,0.01095004652628941,0.011397114756027518,0.008973672502622246,-0.23339805591660168,0.09846411769588803,1.0985447303603413,True
47758,443,107.74213545115215,15388,142.81708156036262,25285,234.6792424410284,34056.196694149694,184.51978610517443,126.04184568781007,87.0,57,0.6341473265887873,0.373985158674274,1.4642363670756853,394.33486824277645,19.85315517392169,30.74756521887261,30.376408226409144,0.0,0.05621850340240057,1.5498247446909126,0.6459272663101652,0.00017170694474279456,0.012996793281070314,0.009706556806101043,0.00758715049110875,0.002602207157075624,0.41115808238539486,0.49930133022347933,1.3704037034250887,True
47759,443,107.52300637965774,12854,119.55226421487254,24600,228.7934900174509,36340.607306482045,190.62591045892364,132.36806432699507,87.0,61,0.7138235990345403,0.3704375344124857,1.4401931316038084,430.6733501444625,20.75143533704701,30.02853764583324,29.727704915453153,0.0,0.04352579885519245,1.4473402854724062,0.6911259217712962,9.15437562501857e-05,0.009527799396409492,0.012013621210261097,0.014620719411348047,0.014373022272980008,-0.8500760139618374,-0.2653262604713005,0.8000440674835914,True
47756,443,115.6636303455691,484,4.193553133059782,496,4.3055055592878535,8.979524976867152,2.9965845390332446,58.88397486891386,57.02757277153563,56,1.859622224858856,0.9623983321314954,0.05088968770060569,1319.5367968531252,36.30476834860451,55.50128747129145,57.83181220618282,0.0,-0.1880013411737153,1.5287360853842602,0.6541352882677675,9.576064166315057e-05,0.00793971457068223,0.017988854630026453,0.014991143689357054,0.014972574757428215,0.7009201588064449,0.7898229714881334,0.4061644602234993,True
37279,443,128.57230351152012,6665,54.89970244154689,15990,129.15466046122322,60524.43856155469,244.3081911845762,157.8996249617834,72.31966867756975,57,1.0307802138509594,0.40901940524886454,1.5423793735962528,702.7036326326765,26.337698280860007,18.916311964128315,11.611971929100559,0.0,0.7860103420855197,0.7604046511078382,1.537775369475935,0.010651066361195683,0.0927572434660788,0.03751169989889322,0.015004384602881825,0.0034186715669419355,0.384024229282901,0.2267999241934915,2.190120739813434,True
47755,443,120.8319806112251,504,4.171081177768758,496,4.1048735400263965,8.96885813148789,2.994805190907731,58.8235294117647,56.0,56,2.828427124746187,0.9428090415820624,0.0509116882454314,1382.9829808873567,37.18847913799375,56.87041928424023,60.41600162474352,0.0,-0.28602264239197506,1.529248320965236,0.6539160359411188,8.395290094623191e-05,0.006970298328489129,0.017621101400303044,0.014990941007843948,0.014980659565486625,0.8266831332014457,0.3084269470135942,0.35672233900337535,True
443,47750,104.60832231708092,664,6.505110241544996,544,5.308678599232199,72.11268725808003,7.899701974312978,61.644832853090165,61.13621115057282,56,0.15442535077613087,0.7717957155742688,0.12683044768450505,1126.7477950348475,33.545893144339736,65.49568344158898,71.16898019639258,0.0,-0.5190903569819125,1.9581291775064296,0.5144431215783544,36.0269182826597,5.064963309523449,11.507518451187861,15.088942941325426,4.344540431448254,-1.535408505264993,1.4689462092639314,0.5035080537863703,True
443,42530,120.81701832159158,496,4.1053818981010775,448,3.7080868757041987,9.0,3.0,59.0,59.0,56,0.0,1.0,0.0508474576271186,1254.5062844713445,35.4190101680998,60.40983785336143,60.40850744218842,0.0,0.00011269326353625651,1.7055766890285624,0.5863119568529122,0.00010079361940728711,0.006261767407708355,15.086352279562991,15.08898212906671,15.069918605112111,-0.5406347809232446,1.9991171669067485,0.0004151757561677821,True
443,48412,92.95691212708053,3295,72.12695843427105,2086,44.049622552516496,816.6968476282973,17.018838012533877,67.85135642852671,64.20368977892588,58,0.29668688166327495,0.6526003841935266,0.209859926931527,995.173700124496,31.043356056770573,63.26267415441149,70.50744114201703,0.0,-0.6600516558301764,2.0067609726252487,0.5032500294051714,46.134810516890276,6.485998287251336,9.172636066090329,13.758882032159589,9.407379557851762e-06,-1.9031775807451328,1.2420297156314268,0.7168283619087286,True
47749,443,105.74302581833119,448,4.236686027593864,496,4.690616673407492,9.0,3.0,59.0,59.0,56,0.0,1.0,0.0508474576271186,1197.6862398767435,34.6076037869821,52.87152111855569,52.871478026186644,0.0,3.73551165432141e-06,1.5277429042470672,0.6545603957446238,1.8210611349161518e-08,0.00012712469170221184,0.015025354951273188,0.01498089116194143,0.014955669394329718,0.9016810731720563,0.6771579083989521,0.008457739214732233,True
47757,443,105.74310658463313,448,4.236682791688197,496,4.690613090797647,9.0,3.0,59.0,59.0,56,0.0,1.0,0.0508474576271186,1197.6867731968641,34.607611492201606,52.871523952997585,52.87147759410046,0.0,4.0186729118787135e-06,1.5277426460060617,0.6545605063882074,1.9605726623779036e-08,5.72733323157001e-05,0.015009298506436095,0.014993733373326667,0.014963480134924602,-0.00608328890494278,1.4765760907091925,0.0037816892470522888,True
47752,443,105.74303425601553,448,4.236685689530552,496,4.6906162991231115,9.0,3.0,59.0,59.0,56,0.0,1.0,0.0508474576271186,1197.6893550454504,34.60764879394126,52.87153470873207,52.871496483635,0.0,3.313582439837386e-06,1.5277413101236768,0.6545610787466436,4.191343139245607e-08,0.00020200931973937865,0.015069193207875463,0.015006283440853268,0.014934656403828196,0.9460627810379768,0.6541559336528596,0.013402214891524478,True
443,44037,120.8169961394411,496,4.105382651854295,448,3.708087556513556,9.0,3.0,59.0,59.0,56,0.0,1.0,0.0508474576271186,1254.6036123744898,35.4203841364078,60.408535637515364,60.40849063695221,0.0,3.811418408757574e-06,1.7054737578545276,0.5863473392073012,5.343369651786497e-08,0.0001565224708112443,15.088966069098326,15.088962193724203,15.088683132446928,-0.028418645553173,1.6777159676068565,1.0373309523786305e-05,True
443,39712,111.55169898983017,592,5.477127051260251,503,4.623025626094279,45.076777601243634,5.800791189841678,60.511852066181525,60.22111128422353,56,0.08827336115736789,0.8695527702185739,0.09428121956738349,1181.5133978172878,34.34881283675533,63.31651959827081,66.55945363014735,0.0,-0.29671957808968746,1.8499022735293884,0.5452435884357455,20.59388028005469,2.8955071363893934,13.041717548602378,15.0889376331476,8.946714108240553,-0.7890663796910193,1.6858863837343612,0.2878341603622689,True
47756,443,119.289695576316,498,4.177786951917584,496,4.164744060500539,8.972041224837463,2.995336166185193,58.84156694074562,56.3066379926756,56,2.5393260527590584,0.9486546818115523,0.05090512306280882,1364.0741097405223,36.92509508934429,56.462485619106005,59.644848306074365,0.0,-0.2567184428711923,1.529099050498887,0.6539799297357576,0.0001307616924241011,0.010836433003675249,0.01908536638972344,0.014991744468339436,0.014974977873357748,1.0043905367939954,0.5016975346983332,0.5542667037414465,True
47757,443,107.67230755927521,15921,147.86585329321298,25466,236.52584631841825,33353.57914341607,182.62012398412247,124.4817535567089,87.0,56,0.6157027965750408,0.37500377798803747,1.4670051966983577,388.7747586787402,19.716300773554266,31.026043338792004,30.77186473329914,0.0,0.039364268139053166,1.5735829037281597,0.6354963662825085,0.00018039713416346175,0.013364868335028465,0.009114930773542775,0.005943481851122119,8e-06,0.7233841717324071,0.6882670095736081,1.4628275665798256,True
47756,443,106.64178599251771,15695,147.17982806024847,25733,241.31912335861585,31616.166555625307,177.78767731392838,123.03496323647094,87.0,56,0.6079869176537325,0.37706920332456795,1.44493184022014,410.137166728043,20.24952625418127,32.073026729979006,32.97460472401032,0.0,-0.13208002873553262,1.5838014067588762,0.631401013600692,0.00010207816132285339,0.009906014271430804,0.008389385867680137,0.005127612582670176,8e-06,1.0222634448861585,0.8666502296259536,1.1724911792557426,True
47756,443,120.48459557102026,502,4.172591510422606,496,4.1183588182469455,8.969575098418993,2.9949247889444095,58.827592224374285,56.06906781436291,56,2.763309364882522,0.9441257264151447,0.05091020948929072,1378.7505238552048,37.12951182540841,56.779229965565754,60.242299451682364,0.0,-0.27936284092508346,1.5292186586653007,0.6539287343221997,0.00014229561492893394,0.011790990801172496,0.01944670073217961,0.01499194244348803,0.014975769773952123,1.1043933580271736,0.4067513434453476,0.6030709471110102,True
443,47750,112.88116323875876,578,5.280299654506335,495,4.491743810461889,39.90024903424586,5.398915618673389,60.29492178775794,60.045898367035264,56,0.07560733037195,0.8882701794870225,0.08804906347126332,1192.0062113794713,34.502644434803976,62.89921260050582,65.67687354300533,0.0,-0.2541480661824033,1.8291736652767083,0.5511431639565872,17.638937515140434,2.4798548597422094,13.335474817193159,15.088956751954017,9.828406682536327,-0.7958708220592043,1.5380233818952393,0.24652151639598963,True
443,49469,84.82605912817814,7383,175.2536869826298,4481,104.81359663742455,1963.6885247679456,28.404648036877568,76.04558637159843,67.71883328700655,63,0.42400719538066134,0.6096603696594446,0.29329306733073424,867.7656264062937,28.260576883762894,56.419563810198134,62.51175201947014,0.0,-0.550089940853659,1.9213713893319924,0.5317741242559793,39.02091892176552,5.485875685702889,7.758240595058605,11.637296428510803,1.64376665740131e-05,-1.5552476057473905,0.9673651592309758,0.7323415522566403,True
47757,443,106.77656344063243,14540,136.25435753987432,25345,237.40229724479332,33107.84299940916,181.81859251949393,126.3849361994731,87.0,58,0.6477401226453695,0.3748995278164612,1.4385994670201685,422.4927126154297,20.55375740422951,31.48743675164776,32.154271193148105,0.0,-0.0983354947777178,1.532600213639233,0.6538867790079875,8.206157372092033e-05,0.009055983105515478,0.009657002295709073,0.008668171669545983,0.005616292967672481,0.35196940709926205,0.4609351048151769,0.9681258774715178,True
47757,443,105.74297347990006,448,4.2366881245794366,496,4.69061899507009,9.0,3.0,59.0,59.0,56,0.0,1.0,0.0508474576271186,1197.6861338773135,34.60760225553096,52.871518001157426,52.87147410210695,0.0,3.805440010725281e-06,1.527742881774399,0.6545604053731149,3.577535021053364e-09,2.876328336562132e-05,0.014995310548738415,0.014991291960023547,0.014963380981504047,-0.05813317928886566,1.5173408836882694,0.0019126694678356499,True
40948,443,96.36372033830615,18527,192.71363012089796,30603,318.40673036040585,28378.40200180723,168.40463811677793,123.61277293135858,103.60822082120183,65,0.3544391670131629,0.3464927665306727,1.3622810427228231,427.81290364806534,20.681504611195777,19.19286751604484,7.062859740537327,0.0,1.7525017177788684,0.9306895323525951,1.1013635864468463,0.0005845477767325004,0.023995231169398945,0.02330164544315578,0.02342303916299478,0.0229338034858001,0.009126422051111333,0.03784553405100918,1.0522770914725852,True
41057,443,11.679302593531,3265,3696.266350114697,7081,8611.714288964631,335965.1163182589,565.3750223521467,262.30142350644525,95.9575303394819,65,0.870871462826354,0.3495396813102603,2.1164794794580164,45.12248501197923,2.3288274736529813,3.3016026033191808,3.218002776342732,0.0,0.8845303180339725,1.1266085758400406,0.8941579081161456,8.551868618508102e-05,0.00924756898733525,0.019864174793201798,0.023849580517883398,0.0016625693730546144,-1.2933770380267833,1.9711109755353935,0.4787465575818005,True
34194,443,122.93425943123782,14196,116.95794041684553,38309,315.56775858447116,49241.51790918319,221.26104049504585,164.47909380490373,83.96835300762804,56,1.0905433055833031,0.49267885216901625,1.345002990309878,507.47890046400954,22.396101627109058,25.527732957277372,23.06196305174047,0.0,0.2968638518548802,1.1685803127376957,0.9394791917518216,0.018383292918952833,0.13535655533566832,0.06329308882830062,0.015039755826751294,0.012603945247434755,1.0619877984292865,0.37470436284268765,2.1630070237003287,True
443,55268,120.68854691394436,77895,645.422004367924,46248,383.20466464631045,9975.711000716426,99.75685672539734,123.63329088097524,87.0,87,1.1021233801269432,0.36737446004231444,0.8065294473792463,1238.4120900401786,35.191059231782184,56.92330516180729,55.785897008804305,0.0,0.09697794581597782,1.6175572926048873,0.6182262054810215,6.071268088836567e-08,0.0001329875365518856,4.662638182381666e-05,3.253588281046572e-05,1.9910686198255716e-05,0.3760625994038015,0.2881318716643219,2.188151509622065,True
47756,443,118.978890270568,497,4.179138337631451,496,4.176809320743837,8.972682688708,2.9954431694738917,58.84520190267865,56.3684323455372,56,2.481065778162427,0.9498327078998762,0.050903800032977974,1360.2566292849071,36.871924274687,56.38009728210568,59.48944535452766,0.0,-0.25082841099253195,1.5290679392319217,0.6539932461691279,0.00012776160511430442,0.01058814308031752,0.018991379753785648,0.014991692973045386,0.014974771892181542,0.9783788139997931,0.5263939780264599,0.5415722373848444,True
42081,443,24.09994098860997,5631,4170.186498735063,7981,5940.617010073207,6467.231576372,72.47537295795715,112.43681532318247,94.85604051241151,63,0.600814496588643,0.6698515288697078,0.5856125235151582,287.9695781625048,8.55298713801956,15.630279042250699,18.16188812305522,0.0,0.3997180906900242,1.4853020256510638,0.6838515109540899,0.00014370214510840386,0.011580449709604484,0.020215150658157505,0.022809158279455566,0.003548467364614862,-0.7776377019102835,1.188728474479919,0.5647108960214491,True
443,47750,120.81700169646673,496,4.105382463025554,448,3.708087385958565,9.0,3.0,59.0,59.0,56,0.0,1.0,0.0508474576271186,1254.6063346650872,35.42042256474485,60.40850663958387,60.40849596217684,0.0,9.043433403843108e-07,1.705471088865859,0.5863482568121576,2.751039623375317e-09,5.244286207869804e-05,15.088972617322696,15.088977448422966,15.088886158643572,-0.269419469977918,1.6470049040628776,3.4755753665199224e-06,True
443,55268,120.67665645723689,78373,649.4533246890426,46641,386.4958373856978,12650.306218535938,112.2722104075423,127.36005195085778,87.0,87,1.0791903356570527,0.3597301118856842,0.880905132393963,1231.6386299404005,35.094671184518404,57.35280994131879,55.80201232623345,0.0,0.13259519529925837,1.6342445374894403,0.611922128114318,5.155804886286453e-07,0.0006598345187037568,9.394089583990707e-05,3.688207472303528e-05,1.918632087949412e-05,0.28128790805542264,0.14606730479167973,6.409603662980723,True
39373,443,99.51457701473859,18292,186.03525578951601,32985,330.38368892811445,30839.122069869474,174.76220405716882,130.15550079316012,102.07483420204485,64,0.454668795260867,0.37049419980832166,1.34491715414724,435.1953119443752,20.860272478927456,19.70480861448511,8.534051938371693,0.0,1.6129615915008877,0.943092745302007,1.0815944657555039,0.003647401993687455,0.04336779039939781,0.031355481701929096,0.02328180316444501,0.023252496670353576,0.14161942676278794,0.04810922916159294,1.1879060425661363,True
47746,443,97.93946753107706,640,6.534650630966245,733,7.484217050778526,95.15082644628096,9.754528509686205,62.40909090909091,62.0,56,0.1258156892005639,0.6570374880473933,0.1562998013205364,1221.1024841468754,34.94427154601566,64.449232131272,75.52751582146412,0.0,-0.9510827617703859,1.8443435150725618,0.5421983751833351,3.6033445238788945e-05,0.006002785136962971,0.012016283164864095,0.014994687437778539,0.010021468103001226,-1.4885112777181349,0.3330948772225509,0.4995542022444309,True
50630,443,112.95517398399384,33349,288.76084123692823,58312,503.71048979913246,17272.148765095473,128.87574036152625,124.33213023904861,92.60599675282154,80,0.801571139659951,0.3398502331680895,1.0374702758019616,827.2539487444865,28.311040657178253,49.76602216796943,46.543628915354304,0.0,0.5084948948442949,1.6630816470105865,0.6962523318978117,0.30012128031996016,0.4621825398047317,0.13055399104234286,0.009337231372302258,0.007748521295949909,0.5366469456012479,0.1815909668028286,2.8615910630017,True
47756,443,117.40080806565093,491,4.185999860609314,496,4.238069447696369,8.975939656013475,2.9959864677466057,58.86365805074302,56.68218686263134,56,2.1852551826088615,0.9558140150800665,0.05089708248410084,1340.8737620583438,36.60195489231215,55.96177891331204,58.70040273558896,0.0,-0.22092237553493826,1.5289099749505455,0.6540608589998812,0.00011252896812506927,0.009327476346305145,0.018514172206390345,0.014991431510947808,0.014973726043791229,0.8463069474594984,0.6517876473753929,0.4771173806375971,True
443,55268,120.66539000670363,78951,654.3022325710533,46474,385.1543521007392,8268.205349993892,90.92544053729043,121.59878687972142,87.0,87,1.1415893622632811,0.3805297874210937,0.7477387606498805,1195.521946987494,34.57602388084273,56.851862065471636,55.79558841526896,0.0,0.09171451482547617,1.6443085142829104,0.6081935583127127,2.973736819352789e-06,0.0012578638012773586,0.0001365543060987655,3.241184159069139e-05,2.2960528031028705e-05,0.3218210152905679,0.131560528838884,7.134258028187883,True
443,52416,62.16116361905891,18777,462.72125367721645,11160,274.1942413913246,5160.947965531282,60.14279341021884,98.88714622546465,77.51735754036127,75,0.7789148055640445,0.4899643251354064,0.5258644112476614,512.6133836796041,20.503531074462632,37.344273563294664,40.22362818911799,0.0,-0.2435697294708243,1.6833464264935118,0.6112855395248373,19.190821183130993,2.698016372115004,3.81558838331244,5.723339304105462,3.6034715080722555e-05,-0.5853866909234696,0.2017328852598228,0.7755848427571527,True
44289,443,114.69030841290598,13117,119.37404774979217,22374,201.1815436234794,42261.73522120901,202.82500719104593,135.0483751771393,82.14074338502249,56,0.7460572966869805,0.3864444387236176,1.4959493900277734,487.56879168125823,21.781106159325702,27.00623443831161,24.323059332110248,0.0,0.3008698045956282,1.3134473847992474,0.9301407114303252,0.003659918443678833,0.04024152773010527,0.01834910631769957,0.00833171999883609,9.790252437096979e-06,0.7089096546384797,0.5950600791042507,1.7804456371607809,True
47754,443,117.72999419504889,492,4.184568269288283,496,4.225290550980599,8.975260270849068,2.9958731387654676,58.85980820147805,56.616739425126916,56,2.246959618436411,0.954566347854441,0.05089848372722681,1344.853428241377,36.65741629392259,56.047361176060726,58.86501318270182,0.0,-0.22730419229203896,1.528932873866555,0.6540510538448062,1.0952110541981345e-08,7.174586813580638e-05,0.015012142418089151,0.014994845075017766,0.014974870791305838,0.5109465224769705,0.31172504137294466,0.0047672007421421135,True
38666,443,120.73093751511406,21056,174.3490261202616,48888,404.86939127248536,38686.27022949003,192.18497150843783,155.91180490913072,87.0,62,1.0694195172102676,0.47064332013620747,1.2153541490875739,572.258120049926,23.54207201590593,35.17637783172313,34.531568544794794,0.0,0.10288091435798861,1.4400248498484773,0.7185948009819798,0.10761062579689767,0.24939034486816414,0.0904869190538799,0.012342261497389562,0.01181445590260924,1.0508064425814434,0.35129938760343815,2.421953639575311,True
36604,443,73.07014318718593,10496,1709.622189785815,27975,4014.4907889160268,174571.81306681733,370.45280434683366,209.12527440120544,90.96278468269861,59,1.0068436487953443,0.4432820949384181,1.6558579904908304,274.90152602810053,12.953484571933824,16.6204197869587,15.899418859944213,0.0,0.48743090388560684,1.2071746576134188,0.8337234107961075,0.011662175476269061,0.08744724052459861,0.04853878184245439,0.01894309687466822,0.009096583835207929,0.14506246066107975,1.111315572931872,1.4311311718680373,True
47761,443,107.21918717803469,14110,131.60478214693282,26675,248.80311178453056,33214.57237512212,182.22172724248946,130.38367801402896,87.0,62,0.7142222595473753,0.37530852078775473,1.39748590827961,421.39129266654993,20.527587393719756,30.57787209607977,29.49130633049154,0.0,0.15899343945131258,1.489680012469379,0.6713763646439131,0.00010018199369574294,0.01000629514767922,0.012124004203351446,0.014985228534600112,0.014976256940300614,-0.8583154286276522,-0.2852152016119632,0.8253349488982807,True
39817,443,123.5864874029537,9469,82.53749253462955,18428,156.3196710398771,53490.46716369466,228.16147376445733,148.45835689280412,75.87558709986892,56,0.9129861754562756,0.4015004012784285,1.5300056698910225,618.1034064004831,24.52211335104019,21.97812920769959,16.333996822571738,0.0,0.612697868312404,0.9795585771095376,1.3094275022067257,0.008134574297645664,0.07438307529216505,0.03014772428129866,0.01129035761823295,1.2098467910574607e-05,0.7344179019823461,0.5012489364369698,2.14705018645588,True
443,55268,120.64455356734048,79290,657.2248953017807,46753,387.52869656050444,8789.01390827855,93.33501311009512,122.27369387896003,87.0,87,1.1361347494525582,0.3787115831508527,0.7622520260948824,1210.8737631210638,34.797442898038426,56.723584068025545,55.78012717741029,0.0,0.08126361158666678,1.6300973849699543,0.6134628687303249,6.5062331504312345e-06,0.0024630566647155013,0.000217731054588394,3.238713208601578e-05,2.5044626984290698e-05,0.22876105906103864,0.0812559125800798,11.026290366397955,True
47753,443,105.74303407703977,448,4.236685696701371,496,4.690616307062231,9.0,3.0,59.0,59.0,56,0.0,1.0,0.0508474576271186,1197.6900880352891,34.60765938394332,52.871537796064,52.871500689565444,0.0,3.2166144695722996e-06,1.527740931841329,0.6545612408216839,4.691571449865175e-08,0.0002156454498335938,0.015078320971821723,0.015012726568344745,0.01493000303397324,0.9166585785032726,0.68364660407214,0.014300481460204132,True
43785,443,46.34936721749338,4130,2918.004428669437,5801,4156.27973993783,4550.888104067293,53.612667736074314,97.39144680422251,84.97489474029103,61,0.45796306396967046,0.6659978263748085,0.45650075217349434,569.645256083447,16.504863571025076,30.327714672504882,35.41406583368942,0.0,-0.004778076610471804,1.592937953264689,0.6413513444679836,0.00011128469341370903,0.009899928410601288,0.017744333458535693,0.02045262784782231,8.740099143768308e-06,-0.9915346396697922,1.8451402700888633,0.5450697663083829,True
43875,443,51.96884980481977,7241,2192.0447583268115,14431,5087.261060962926,210047.82342605334,407.9577231401868,207.81370433256086,92.19163021910927,64,0.8065902408823953,0.3582478283559893,1.8316306495552341,208.01029584527467,10.093675951219714,14.52232452610063,14.348935899480132,0.0,0.5306796351427281,1.2592059523216799,0.809789326864814,8.629666267986922e-05,0.009289433656059427,0.01661417689600477,0.020123598938786708,0.00726396921209688,-1.1346186974049788,1.014133712941472,0.6013382992157272,True
47149,443,98.78745972184382,11862,444.0587716550772,22973,991.6578022007197,63725.190738932055,225.03039741607972,144.4960587930829,87.815452750607,62,0.7318920210339331,0.36836716123148594,1.500621065788991,397.294648822696,19.11684541076962,27.561403866831217,27.28367585006054,0.0,0.11948620563414603,1.41329119961816,0.7117485205449036,8.720071299949894e-05,0.009338082641465585,0.012837505418858412,0.015793808951450557,0.013773095578747164,-0.9501330097980529,-0.09792507793748184,0.7437964633769575,True
47760,443,107.43292541182045,14973,139.35654540514486,26323,245.0452457960044,33108.44138447166,181.95437630021772,127.83982263911773,87.0,59,0.6736215932195097,0.37546782818360375,1.4240977179658476,406.0654499352745,20.146846357927597,30.757821389948568,29.900484220364767,0.0,0.12650476087198884,1.5274534108782127,0.6550801752591958,0.00013798276134798586,0.011606792568941836,0.010915064382177717,0.011290086469574004,0.008794650110652003,-0.21497753419433274,0.10983275244123736,1.1064830707809703,True
47748,443,105.74303283211977,448,4.236685746580216,496,4.690616362285239,9.0,3.0,59.0,59.0,56,0.0,1.0,0.0508474576271186,1197.6862919761845,34.607604539698826,52.87152169639623,52.87147877007331,0.0,3.7211176708046413e-06,1.527742887715521,0.6545604028275527,2.0432635694066276e-08,0.00014102794750385104,0.015029858122348434,0.014979828466702434,0.014954394160042921,1.0289544220928037,0.5659417606205795,0.009382406222627992,True
47745,443,97.89205726807891,635,6.487856204117862,733,7.487839953247874,95.36736715147566,9.76555655747142,62.435719319770655,62.0,56,0.1337600609042351,0.6589991032226228,0.1564092824763574,1220.1555410955366,34.93072488640661,64.2932694379418,75.52685624508504,0.0,-0.9647883795230769,1.840593650419092,0.5433312278741786,3.292046552171305e-05,0.005485883772044771,0.012279006720174387,0.014998144235497737,0.014995234702196244,-1.328555313807299,-0.33747957479330415,0.4562917828216785,True
443,55268,120.66524890359786,78725,652.4261936893753,46745,387.3959464111691,12030.539280387302,109.12233976106799,126.58096853508478,87.0,87,1.0913563922561824,0.36378546408539414,0.8604287016954982,1224.428137748761,34.991564171361695,57.25065236713132,55.7986748379963,0.0,0.12436735217991238,1.6361108262453237,0.6112096215353248,2.3210180220597267e-06,0.0012747479073193211,0.00013819731776618612,3.638652812207851e-05,2.0737585099300063e-05,0.24881832832249764,0.10139916086604814,8.510418728562504,True
47754,443,120.83197937894437,504,4.171081220306694,496,4.104873581889127,8.96885813148789,2.994805190907731,58.8235294117647,56.0,56,2.828427124746187,0.9428090415820624,0.0509116882454314,1382.9704873284247,37.18831116141589,56.870093291620925,60.416004397375175,0.0,-0.2860504559922151,1.5292464624587594,0.6539168306509358,6.151803839687226e-05,0.005116406382019319,0.01691904796123925,0.01499055592011477,0.014982353951495006,0.7151255410289938,0.28271021421714615,0.2619815949261055,True
47760,443,107.45695392300419,12982,120.81932542109466,24959,232.28337666691226,35853.19065002728,189.31401717760914,132.2651325992998,87.0,62,0.7172719724741928,0.3711975325936235,1.4311944975993598,430.4775957338919,20.74764328068131,30.1007424789028,29.65606083555845,0.0,0.06456530349430945,1.450912454561023,0.6893493301280387,8.9763453317794e-05,0.009470320059723428,0.012131940262487057,0.014986668973365144,0.014984179353508292,-0.9050224100707132,-0.3014208441944748,0.7806182974222329,True
40531,443,4.150990786197528,2522,3977.3379916229874,5708,9270.276737224794,359493.4185316492,594.7892648632637,272.48273771829844,96.66120839753405,65,0.8828827440555195,0.34791251866480893,2.1697049674044626,14.686048902729297,0.8779250803036195,1.204952251428094,1.1381299294700487,0.0,0.9506491617150147,1.1018320652043374,0.9099226170882139,8.537331722372668e-05,0.009239746355866756,0.020471453832972736,0.02454579958852019,0.0006159186295078539,-1.323041861112234,2.1499271629587375,0.4558396519473367,True
443,47751,120.81698809830245,496,4.105382925093578,448,3.7080878033103284,9.0,3.0,59.0,59.0,56,0.0,1.0,0.0508474576271186,1254.6064609592042,35.4204243475315,60.408495231508546,60.408513221385356,0.0,-1.5236866306011896e-06,1.7054706809496223,0.586348397055548,2.8838750563005787e-09,5.369036151827426e-05,15.088985627104867,15.0890009837073,15.088889819687802,-0.847533386831502,1.781984612255546,3.558248513289891e-06,True
47748,443,105.7433201360759,448,4.236674235640353,496,4.69060361803039,9.0,3.0,59.0,59.0,56,0.0,1.0,0.0508474576271186,1197.6882810227098,34.607633276776106,52.87153704823422,52.871489645958185,0.0,4.109116251368557e-06,1.5277420627257234,0.6545607562947323,5.876833357605528e-08,0.00020976720276415619,0.01506642556286574,0.014990914223207603,0.014951146444198099,1.073855061381614,0.5401647691687083,0.013887795720577502,True
