SourcePort,DestinationPort,Duration,FlowBytesSent,FlowSentRate,FlowBytesReceived,FlowReceivedRate,PacketLengthVariance,PacketLengthStandardDeviation,PacketLengthMean,PacketLengthMedian,PacketLengthMode,PacketLengthSkewFromMedian,PacketLengthSkewFromMode,PacketLengthCoefficientofVariation,PacketTimeVariance,PacketTimeStandardDeviation,PacketTimeMean,PacketTimeMedian,PacketTimeMode,PacketTimeSkewFromMedian,PacketTimeSkewFromMode,PacketTimeCoefficientofVariation,ResponseTimeTimeVariance,ResponseTimeTimeStandardDeviation,ResponseTimeTimeMean,ResponseTimeTimeMedian,ResponseTimeTimeMode,ResponseTimeTimeSkewFromMedian,ResponseTimeTimeSkewFromMode,ResponseTimeTimeCoefficientofVariation,Label
53435,443,107.06132265479631,61478,574.4304261322362,65434,610.8948526970848,8174.574227538675,90.40544295921865,136.3810823509133,96.7381904071582,54,1.3199531269382074,0.911132231506916,0.6628905222506226,809.2516649175943,28.233038130498684,53.214829476123406,49.92615170307588,22.2506453094406,0.2450422427466069,1.0920486026799494,0.5320198404946301,0.000921837826717,0.0296988295635491,0.0259822368660337,0.0245135186990727,0.0268993572456397,0.1419894457241367,-0.0699921570008333,1.1311677402475049,Benign
50232,443,116.04222457183872,168519,1450.903756828794,370159,3187.649633297711,10523.692923933528,102.57063088226178,178.1627674761727,165.0,68,0.385352745632868,1.074408226461997,0.5757462312505884,1166.4165848236387,34.11019520703488,57.90793379585135,58.4635076515118,0.0,-0.0519805041964454,1.6998463326233115,0.5886700790104282,0.0001074587092713,0.0103510208787576,0.017057783409443,0.0154690601163024,0.0153246986225726,0.4563988125861937,0.1662089949709687,0.6063882383472607,Malicious
50200,443,33.465125767837854,1875,56.03381500701244,4964,148.36683144587298,123394.3680023767,351.2753450120959,213.73865367823757,76.0,68,1.176330668094655,0.4148843796942978,1.6434806754874898,173.02121157739754,13.153100444774614,7.674268179612031,0.0661590493997301,0.0,1.735219245902144,0.5834371314550666,1.7140006756886974,7.8569183429287e-05,0.0087548776949901,0.0101861929743826,0.0152875607334584,7.454767081440546e-05,-1.829585048428376,1.1675520918563562,0.8543310309642946,Malicious
52732,443,3.385189797453592,350,1965.304774777746,350,2357.599482986141,255.6139093761185,8.183764140197496,62.8779379316027,61.54815762594258,55,0.0508370706835834,0.99375947033685,0.110624955840586,5.167724099333867,0.4489504420439036,2.916271609869554,3.0273495287816417,0.0,-0.0281123775444102,1.2081489726467138,0.9687449389115508,5.870440320965959e-05,0.0014693531479847,0.0272885826768327,0.0269979842482341,0.0269972486990229,-9.610404625379058,-9.624933394166597,0.0421978902915192,Benign
52219,443,111.80977144182005,40015,363.6924120015128,40761,372.1079346217431,7526.794517968193,86.74108299596129,133.7438070040784,89.0,54,1.5480375306261898,0.91965985935503,0.6485581292734905,1029.9275753148836,31.28390433459945,46.16485135666396,38.34038257377918,0.8061797061851516,0.7055073074216749,1.48992536036492,0.6681041302493544,0.0011309940421938,0.03301432008072,0.0308673318985793,0.0269250901763478,0.0268916575900778,0.3362682722879303,0.1133733281157514,1.0606673703280414,Benign
52731,443,119.56115577046478,54455,457.2831726614668,60066,503.8449152975829,8277.633586475125,90.98018952440928,136.13576085473062,89.0,54,1.5542472357738395,0.9027927869927728,0.668300013030001,978.816840447992,31.228726733867504,56.87465728334565,55.6293526385789,72.68922186998465,0.1103380677985866,-0.4732540543553856,0.5486299814773568,0.0008563692119978,0.0292159708014138,0.0264699113348484,0.026827705633891,0.0269105351441523,-0.0408655351001247,-0.0164998528462191,1.1029015777908615,Benign
52742,443,44.890412,163,3.631064914,357,7.952700456,168.25,12.97112177,65.0,60.0,54,1.156415017,0.848037679,0.19955572,377.230735,19.42242866,33.65413675,44.863056,44.863056,-1.731336402,-0.577112134,0.577118611,9e-12,3e-06,0.027021,0.027021,0.027018,0.0,1.0,0.000111025,Benign
443,33926,120.64712920235844,78482,650.5154187594119,46096,382.0734564184031,9238.412171713138,95.949199831141,123.07795431103008,87.0,87,1.1297043280525094,0.3765681096841698,0.7792213278517283,1236.169565135301,35.15770529110875,55.41339268870384,55.75199173750399,0.0,-0.0278247802818411,1.5766603421461698,0.6350310209842066,1.226734522357328e-06,0.0009894212455128,0.0001097661752152,3.468055375773663e-05,2.3296286707928715e-05,0.3744940783098736,0.23927168325171,7.854773413017544,Malicious
52517,443,98.8348060557948,78479,794.7369331241478,81230,822.5046037902489,7732.308935519999,87.92669428144619,135.49821065756217,89.3038618672454,54,1.5771419574669276,0.926934904815321,0.648891084596613,712.1371966282845,26.67708818026591,54.33130994979844,56.83703739088066,29.55698085590435,-0.2826754429030989,0.9285358480337954,0.491044080515598,0.0007887505225446,0.0280499359063535,0.0223866566286134,0.0202253742080483,0.0003615907349153,0.2315729763771247,0.7892914003570125,1.2524290835570342,Benign
50207,443,33.88983893001236,1874,55.326218474214336,4963,146.47498189724635,123395.49333026074,351.2769468843153,213.71791497365632,76.0,68,1.176148189249702,0.4148234496133006,1.6436476434610852,177.5046313592459,13.323051488487703,7.807719218106956,0.0656988221481263,0.0,1.7432958246829042,0.5860299491943609,1.7063982068856622,0.0001117003940144,0.010566857093339,0.0113127247029864,0.0153733042422758,7.193319789250588e-05,-1.153861612193009,1.06407037512023,0.9339773698657582,Malicious
51178,443,107.55431776683558,66092,619.387325714732,72609,679.0976055431812,8304.554884999878,91.10971197430702,138.21162985550887,107.83445463147352,54,1.0071157141148208,0.9243241129986955,0.6591333077015499,1016.8920871491988,31.752254932687254,52.34802489742213,40.30937498605381,17.321026967685295,1.0656207827053734,1.094299183355281,0.6080427678988182,0.000501576415486,0.0221536934818479,0.0205120963787455,0.0194840407097131,0.0202880657543161,0.1305687925765468,-0.0629608978227408,1.0750047645802483,Benign
52742,443,0.0345216207782651,55,1707.1969683823509,66,2048.636361872236,30.25,5.5,60.5,60.5,55,0.0,1.0,0.090909091,0.0003203725810063,0.0172608103891325,0.0172608103891325,0.0172608103891325,0.0,0.0,1.0,1.0,0.0,0.0,0.0345216207782651,0.0345216207782651,0.0345216207782651,-10.0,-10.0,0.0,Benign
52834,443,121.3432074249672,38894,320.53715018422054,40053,330.04946600042086,7780.21985742252,88.16906105193979,134.668006389535,89.0,54,1.5542995896747156,0.9153948361640278,0.6546185159189143,1265.7914500256834,35.55720795271941,59.344554549059104,56.3121156442666,48.35229778510352,0.2360738154745264,0.2748509128635323,0.6146926162152753,0.0009096660615652,0.0300986653956559,0.029410098251685,0.0269279331563961,0.0269354144549516,0.2474400934686938,0.0823792781011487,1.023085683425399,Benign
443,33926,120.65111812688448,77560,642.8481118010658,46033,381.5450959082253,10910.848412757834,104.31762607437126,124.78416189383786,87.0,87,1.0879799781545756,0.3626599930515252,0.835668406713331,1202.7148333069986,34.6788251272923,57.55637732185309,55.91603814647439,0.0,0.1428680196794629,1.6601703117744284,0.6030075675915907,2.859391517485579e-07,0.0002549101798651,5.900455826551648e-05,3.377439189357608e-05,1.846342343240576e-05,0.8051419718319422,0.6847265944976201,2.397293439317256,Malicious
50204,443,33.47254216438875,1874,56.01169396986037,4964,148.32566231293035,123395.42961615244,351.276856037028,213.7171134658234,76.0,68,1.176141651961432,0.4148212763883608,1.6436534562917169,173.11063731622875,13.156416628669978,7.67710270258848,0.0672777169703142,0.0,1.7351682662741037,0.5835027821922962,1.7138107925918904,6.552446800840103e-05,0.0080789940082516,0.0097824197876667,0.0152134447211481,5.67065666163835e-05,-2.0325007659651666,1.205683207043772,0.825086066905638,Malicious
53484,443,109.29282622333132,73469,685.0874089040287,77816,723.5991252397291,8569.979707858462,92.43929290573443,138.1772814001752,100.5633679033287,54,1.2408326454128245,0.911543159613615,0.6685240132420657,879.713875953336,29.495411273626203,53.758400403833846,54.97231186354415,25.640776931835383,-0.1401572999032478,0.9506933286266492,0.5494286484143298,0.0011822535944368,0.0337913336824465,0.0253781047112921,0.0232406699245114,0.0124633078224976,0.1969677303893161,0.452353896140623,1.3215323508062895,Benign
54285,443,120.26954928577936,71280,592.4200096559015,79583,661.465806483338,10283.576058589364,101.36630699674534,139.83933606605115,91.28015257621726,54,1.431562249359484,0.8475118911131041,0.7248449730199059,1075.9511099596502,32.80107205390203,51.05841044486067,44.55078248175503,15.302170691888747,0.593406108937567,1.089978988541806,0.6424169604409562,0.0010921596707419,0.0328084193094092,0.0275998923780754,0.0261902831130781,0.0269797979849926,0.1277242239800862,0.0054659241519566,1.1840678427595506,Benign
54640,443,118.6692047467126,39359,334.2151389864537,42024,356.8517650357815,8159.823685292523,90.33014536447864,135.28715482262317,89.0,54,1.537210160341602,0.8998848297417658,0.6676868504278393,1101.1491780262663,32.939764885851936,63.80040553252573,66.44712143131414,79.16946486510874,-0.2110194824983056,-0.3723725274566625,0.518572399053692,0.001099788979206,0.0330233220433422,0.0300399547288707,0.0269331984103222,0.0269986062988316,0.2751970658766429,0.089699735195865,1.0971998839198152,Benign
54323,443,106.52539849996911,60599,569.4762787610267,63017,592.1004329743155,8056.930565359429,89.75963159794776,135.24982822861878,89.0,54,1.5457832875869826,0.9051980717041342,0.6636552257464685,737.9728895704764,27.029110715162748,51.02479118615058,52.07037741066196,33.03316865245533,-0.1560792312544453,0.7438655343364798,0.5535599971947774,0.0011804400697939,0.0343427189639784,0.0290810900370118,0.0268619114569004,0.0268999714823366,0.1917553091454603,0.0628327820379557,1.1810132512259153,Benign
52491,443,113.37599673408806,56755,501.7591068769361,60346,533.1151085735072,8459.998751779238,91.76687025009616,135.97994097284715,89.0,54,1.5395654359424409,0.8958785351285194,0.6745905979338425,1139.6609522013982,33.74599091362302,34.94033451641309,26.074110350035056,71.67958342877446,0.7900168233676022,-1.09397108367997,0.9696328521584604,0.0013304578801179,0.0364222671648804,0.031113526673139,0.0268430483786041,0.0269504958242453,0.3464364399919672,0.1125230571045046,1.1696515401066303,Benign
50749,443,120.958413,38784,320.6391274,38236,316.1086447,7300.293933,85.44175755,133.7152778,89.0,54,1.570026614,0.932977973,0.638982762,1358.911235,36.86341322,50.31611371,39.770747,0.417528,0.8581978,1.353607313,0.732636337,0.000785155,0.028020624,0.029238467,0.0269215,0.026855,0.248063714,0.085061157,0.958347923,Benign
36119,443,121.0014749659822,60889,504.4134157722209,114615,950.0301089251508,13022.34981821131,114.04715833778006,132.32647828456206,97.49044418026952,57,0.908958695852121,0.6604835064584084,0.877431658764331,1019.8615061061644,31.902768171703663,63.461162746222826,64.66046084042456,0.0,-0.1148362043649075,1.9951168045153589,0.5037478827994288,0.3160197787299003,0.5243061767098508,0.1378557259286737,0.0037522795967495,0.0020583027089766,0.7177953447889134,0.2441986430857369,3.4173176504728,Malicious
443,33926,120.66414676276658,78785,652.9324792826711,46100,382.0528546057834,8520.623796185131,92.29937452067276,122.25621927251046,87.0,87,1.1459652097742044,0.3819884035914014,0.7549433508547981,1239.145586674494,35.20083560069709,55.13437896575505,55.7157870838001,0.0,-0.0491399656153819,1.566483990084964,0.6386514379254637,1.3855616353493617e-06,0.0011691565729721,0.0001232063873486,3.424241281440127e-05,2.474747093813376e-05,0.2296816152054996,0.0847094811058069,9.45474006230008,Malicious
50196,443,33.907375837563244,1807,53.29243591890033,4881,143.95266610899816,142501.24847082762,377.48707686346137,224.69444800025585,76.0,68,1.1816550982849776,0.4150785129769304,1.680071475687777,186.3284348885623,13.650172896212288,8.40490905600557,0.0657644289663775,0.0,1.8327122591435636,0.6157221608548716,1.624241862283054,5.035086224731833e-05,0.007094411315742,0.0106440133294044,0.015290389651018,2.0850872797454863e-05,-1.9602693850056687,1.4999748249909657,0.6697350209222769,Malicious
44380,4378,120.11558659996264,165882,1381.452546302446,348000,2898.695128393832,10566.6367249517,102.73275472592408,171.2277791426716,155.83295275138582,70,0.4582180305552077,0.9755858684249,0.6057984595310911,1262.3733767100773,35.529816672943475,58.60522242066949,58.717942313364446,0.0,-0.0095773890786794,1.6493880864439214,0.606613010560455,8.624199214201171e-05,0.0088613397000447,0.01477399316476,0.0136215659046196,0.0134800773153894,0.372958867875841,0.1394696947251068,1.6703190227451654,Malicious
48521,443,45.02145959871815,19910,464.2501144897957,33047,768.3223036098256,19236.84419148964,138.4760122706385,154.23083403024674,156.82613333960154,66,-0.0363199473800085,0.6311764796251316,0.8983860805318649,127.85110376902573,8.010377961657593,9.439732896715206,8.700199817025727,0.0,0.4888707077940236,0.7294306991916282,1.6074654279512988,0.0514596419060797,0.1720190908039482,0.0469521630780132,0.0139265575737258,0.0003057894974628,0.495830730650005,0.2761207286394187,3.5910731893543533,Malicious
50896,443,120.98556444770888,38791,320.6319317940814,38364,317.09232184290425,7334.157946602081,85.63419858764102,133.78250320349102,89.0,54,1.5689169007326609,0.931737290730758,0.640086035143717,1352.3406175265063,36.77124617778088,50.9531687800035,40.93792114972008,3.7998493404622735,0.8143001607976554,1.2774892715511867,0.7243141198375496,0.000793940614754,0.0281672525076657,0.0292505774586058,0.0269219539294183,0.0268606741177288,0.2480197107630835,0.084871921164034,0.9629158787782836,Benign
51812,443,122.01966781392588,87918,720.2297830136495,95582,783.0583625947111,10459.356661041613,102.27099574905488,140.88066666976803,107.16482320173236,54,0.988984979945678,0.8495148036285727,0.7259538895609486,807.7814433353474,28.290293989979062,51.93431850625085,47.92554793557596,27.28646012222485,0.4202953520815683,0.8578682429302328,0.5453897245659118,0.0011671461604686,0.0341634664032879,0.0254760890453313,0.0226406074106832,0.0269823670353596,0.2488661224967332,-0.0439997830175451,1.347262693992492,Benign
443,33926,120.66631533163346,77584,642.963563815973,46021,381.3967947699131,10726.568081579777,103.34694428157472,124.52147931820735,87.0,87,1.0912026874518506,0.3637342294839502,0.8294055998016882,1196.8983488546,34.59600946697959,57.85517295968031,55.926516587068825,0.0,0.1674263795615848,1.6723955939572794,0.5980842100943438,1.851008589701102e-07,0.0002227125351152,5.762997331407919e-05,3.318375685791101e-05,1.8475801329748632e-05,0.7910985213110293,0.6662174297183547,2.3788999869248397,Malicious
443,33926,120.65143276185042,77487,642.2433365419954,46028,381.50342034128096,11042.765403488918,104.9777036187758,124.9187426714859,87.0,87,1.084688880686305,0.3615629605621017,0.8401207909634661,1200.076019676801,34.64105242864998,57.72540982488676,55.92897765835563,0.0,0.1563317798861255,1.6667573395002344,0.6004816491136867,2.117319017867181e-07,0.0001969740463008,5.5000627001466137e-05,3.370291643561742e-05,1.808222098995957e-05,0.8391102468452993,0.71986280474934,1.966823016925556,Malicious
50180,443,34.06863804961972,1807,53.040264873194594,4897,143.73999837898393,141596.8489,376.2935674,223.4666667,76.0,68,1.175677817,0.413152602,1.683891262,187.21517632882765,13.682621968455996,8.395846905654958,0.0699420844585263,0.0,1.82550331759328,0.613612493542928,1.6296945563537597,5.332030258436237e-05,0.0073016275180818,0.0104292177010489,0.0152703602717824,2.3559958187320567e-05,-1.9897180621620283,1.425145450224849,0.7000997537598886,Malicious
20740,31490,119.03926900410592,66664,571.4460455504499,65204,564.4884329441576,7998.685074063801,89.40253569462416,136.24043124327267,94.24527726076116,54,1.403944327874687,0.9204298861840774,0.6561582492650448,809.6680997440426,28.38114846754154,48.31571883761126,46.00470125492185,12.835173429071707,0.2063536212034062,1.2743249667515628,0.5868538183568578,0.159182871640647,0.320832334929707,0.0583060214077111,0.0108601826088867,0.0108347442973584,0.3028228886163469,0.1013630475260197,4.366555257771321,Benign
28041,25025,15.636991325378805,6435,818.57974038417,5397,911.9430989093802,4460.282240530668,48.71771452351254,98.04510845247,73.96051839104045,54,0.7448457613518933,0.9463913544950856,0.3752385208891376,48.63953588362365,4.805196192543424,5.7761228333574985,3.722080424136944,15.599408460044618,0.6072194632713868,-0.4414987795892597,0.9204409675016548,0.0002025534084494,0.0097808816557286,0.0304878293963609,0.0245337192771315,0.0245238010004223,-4.414475441586584,-4.9890202743399925,0.7733354340497902,Benign
52700,443,115.89223853576978,67118,578.3481925009595,75180,647.9388683740311,9484.023225090195,97.25504387323969,139.51858706182227,101.46105497322642,54,1.1564168866191509,0.8814880090863877,0.6969793235260334,1094.8541641082818,33.08672184327615,51.34309927921934,40.21836381001092,14.39644218511047,1.0033536079929433,1.1163183664238867,0.6444072938734476,0.0007869480267264,0.0271917828310147,0.0241606715584394,0.0230883657707573,0.0269521059304728,0.1140456367278081,-0.1515469433566069,1.109443271026961,Benign
52175,443,112.08366796876244,39979,362.4034616091704,40686,370.431400359988,7520.013432144829,86.70218315222455,133.74295288274644,89.0,54,1.5486958506104664,0.9200585835863364,0.6482714572223748,1039.776849793015,31.450946413583196,46.28913388907871,38.38320552690424,0.7945440604078645,0.7100786304261195,1.4858442036712864,0.6700361271685175,0.0011206401429908,0.0328648163533724,0.0308185661407624,0.0269249826918839,0.0268905601171312,0.3336275608749937,0.1125257044232624,1.0576040804304545,Benign
50180,443,33.21610669855191,1874,56.4291945473516,4963,149.43702888733867,123396.8231810898,351.2788396136278,213.6898277548156,76.0,68,1.1759019844626049,0.4147412586760687,1.643872614831484,170.5247857240326,13.058513516366425,7.605122183233288,0.0691385288149309,0.0,1.7312804484232267,0.5823879630798436,1.7170690409882885,7.095304891761117e-05,0.0084071704071476,0.0101948637231806,0.0152681663522524,7.022346446229556e-05,-1.8284347820197413,1.205317125647166,0.8240751602581572,Malicious
51030,443,120.99519612976152,38203,315.7524705524969,38106,314.94276807864696,7362.725321495231,85.80239457359446,134.1685263804312,93.04178238222156,54,1.4407749203272535,0.9343100015557552,0.6395029760919759,1327.8144358438312,36.42554381877213,51.244355715046986,43.36500173457971,12.776294061075887,0.6350312030392501,1.0362946381577565,0.7126937746677695,0.0007775532156955,0.027882883451511,0.0290320719276102,0.0269198832870471,0.0268650236203079,0.2267094531144089,0.0775266546301216,0.9604957673840928,Benign
50186,443,34.00653458964316,1807,53.13717007050296,4897,144.002613053541,141596.8489,376.2935674,223.4666667,76.0,68,1.175677817,0.413152602,1.683891262,186.51932682176084,13.65716445211501,8.37379064892728,0.0681645743607267,0.0,1.8244511365619407,0.6131410889000652,1.6309477516672324,5.2391472180210425e-05,0.0072376784216822,0.0103546679350017,0.0152657355081936,2.427146027790385e-05,-2.0363797723446027,1.4273435487747,0.6989623781797253,Malicious
50193,443,33.73375286777371,1807,53.57521473520686,4896,145.17635265764258,141555.02836054604,376.237989161194,223.45184772721552,76.0,68,1.1757333382451507,0.4131742502530957,1.6837541975937227,183.59591465372063,13.548663660843571,8.286301731803087,0.0696918739119329,0.0,1.819254551277504,0.6115611017142534,1.635191674285693,5.3157584357772965e-05,0.007290599351417,0.0104336023210028,0.0152575509731072,3.144679759355008e-05,-1.985341016023955,1.426826002995257,0.6987468775190966,Malicious
51374,443,121.07374542996588,38817,320.6085622999521,38780,320.2870545000765,7444.139632095024,86.25919803178455,134.00083418075684,89.0,54,1.5653128348652785,0.9277078709243572,0.6436691851309244,1331.0009265803694,36.47191111462892,53.0221612855612,44.72860531841884,14.784767025468476,0.6717318165557233,1.030277272603498,0.6972856795197621,0.0008224740523463,0.0286434645303718,0.029289909141649,0.0269234281764791,0.0268791022059889,0.2478767994643793,0.0842573313980435,0.9777514349428958,Benign
33545,823,121.14437941459128,43182,356.46579870078085,71806,592.7289567657385,13310.72210269687,115.34724321616646,125.24088152103126,87.0,56,0.9949176848967362,0.596751734563008,0.9209621511903162,984.899916423178,31.3802657123242,64.02646008515235,65.40973010929937,0.0,-0.132306657326909,2.0410547415805005,0.4903760645329383,0.3609662376612128,0.5973984205543412,0.154901114954514,0.0019158996908299,5.227072895348382e-06,0.7620757140745522,0.2572780831730564,3.923825679571091,Malicious
52543,443,35.288793350513444,25854,2896.6470833418034,30137,10672.495714370612,55866.51179179875,174.04533336062775,184.2182478874443,117.2609187866844,54,0.9557542266888476,0.8692033395295828,0.8069054351449675,153.15728715083148,11.003947269537717,18.376964722511023,18.20189713768313,0.5271992558914679,0.1785470534811875,1.1549296710135413,0.5736842917940499,0.0005570497332518,0.022968357661099,0.0196080556136851,0.0186924641843055,0.000165131265703,0.1689301056913243,0.8696969614147789,1.153033961270019,Benign
50193,443,33.83753154446712,1807,53.40443953522674,4896,144.71540159742375,141560.68402741416,376.2454973758505,223.45384742566975,76.0,68,1.1757258356060658,0.4131713259509175,1.6837727133201472,184.6462318983697,13.588174750204535,8.315682637946336,0.0661019274027728,0.0,1.8213168230217225,0.6119702397510484,1.6340750990276591,5.207520373779307e-05,0.0072157637692573,0.0103495012810402,0.0152975349135736,3.230698271472949e-05,-2.057843906409419,1.4298078436069364,0.6972253445119547,Malicious
30602,13642,34.07632470208079,19709,588.6095308098922,22723,654.5486414411181,15265.866808866618,121.00417379232422,143.19537396919856,134.2504359098372,75,0.3519534576523176,0.5336035431055732,0.8357799921213842,58.0462402234864,7.226591805573802,7.466654865685907,7.339554933727312,0.0,0.2017349732535714,0.8991456540878646,1.3353216898764968,0.008931231167992,0.0736299817170173,0.0206911260383551,0.0093011143124248,0.0002148479421942,0.5175339163261307,0.2803585474435027,3.1572908128876005,Malicious
54640,443,121.249908,72213,595.5715859,80570,664.4953496,10462.64687,102.2870807,139.9111722,89.0,54,1.493184823,0.839902474,0.731085867,1071.717512,32.73709687,50.99465048,45.521087,15.505021,0.50159275,1.084079924,0.641971198,0.001160516,0.034066342,0.028370153,0.026885,0.026986,0.130787731,0.040631107,1.200781038,Benign
52742,443,6.201834503010474,69,1757.1015210845846,106,2109.016686100511,49.24380819294916,6.528297491924253,61.11936331063965,60.43118185437337,54,0.1591646740894496,0.9790844697273234,0.1058628100727283,51.9207964899984,2.6848733891432595,4.643672908849801,6.186426983377018,6.174784642127079,-0.2382947212830342,0.7829321349857337,0.941796173978015,1.238726621279293e-12,4.129088737597646e-07,0.027003752725825,0.027003752725825,0.0270033398169513,-8.623637087467452,-8.486000796214197,1.528106923639261e-05,Benign
50199,443,33.65577814468302,1875,55.71528573165902,4964,147.50436181771926,123395.4521,351.2768882,213.71875,76.0,68,1.176155517,0.414825896,1.643640945,175.12647305621894,13.233060343484691,7.73876782699249,0.066743733150937,0.0,1.7392428646121374,0.584792553316651,1.710019951557542,8.943877131249085e-05,0.0093368692524525,0.0105732285233389,0.0153482547319586,4.616481427184189e-05,-1.626817857787579,1.1430726289213238,0.8771291727989126,Malicious
29804,22112,120.80273386358655,65164,541.7326715185495,67818,568.8605998726503,8438.429949277896,91.86008887834106,138.08276501180578,103.5914027962718,54,1.1280018065372248,0.9152944498292476,0.6652815391181891,1028.8744760901163,32.03286664979258,51.20268361837163,38.72278211937407,16.288879949362695,1.1465391125408992,1.086081239682651,0.6253195626448634,0.1110461954954598,0.2266203426029681,0.0445450744744431,0.0112633724064448,0.0157195984404529,0.2480412046291096,-0.1375311993639439,3.3106805197487077,Benign
52491,443,133.21886475531232,53837,407.2932836632794,61707,465.5842378151792,12134.718810377197,108.70764853678044,138.6250588578335,89.0,54,1.3960080859081296,0.7961418442356938,0.7821950672294667,1265.0309144303662,35.39054194485924,55.13811622729407,51.554286292525504,66.35963550622247,0.2909811679814495,-0.3493859468280917,0.6453289487127623,0.0007324302501268,0.0270142199751326,0.025640121424337,0.026818073748957,0.026908073748957,-0.1350163493110115,-0.0483492483830844,1.052705654654175,Benign
50227,443,119.113995124024,560068,4485.559625245327,846900,6847.735158093748,15994.184650588582,124.2853311448146,178.77389646694238,165.0,117,0.3447784067562329,0.5901896798518006,0.6952126404049284,1033.3185798498766,32.14523922414816,54.70001896501898,54.17405263947887,0.0,0.0488373391108933,1.7017228567315614,0.5881202013343017,0.0007189930919697,0.0237141861389052,0.0149265416910462,0.0116938035191762,0.0075970031951403,0.4553731610606157,0.2692980282693836,1.783686104208249,Malicious
53696,443,115.3011091606998,66235,578.7515218742595,71709,625.4082017777074,9061.659276770575,95.06798238708218,139.99214144591122,111.09035395638324,54,0.9192610110219316,0.9056644878895588,0.6786858762387393,980.4965768910756,31.17035762785345,51.132661544068746,51.79272583731817,16.245886461483526,-0.082562096108486,1.1481723415823466,0.6083181364598022,0.00150675207533,0.0386580351877108,0.0286269916075243,0.0268426370575545,0.0268848749481983,0.1351862350052069,0.0440709821898059,1.348459554913734,Benign
50783,443,119.42680279881836,38653,328.7165080636624,38194,326.0337106456612,7321.803358968542,85.56332085637955,133.83642238346005,89.50177994444316,54,1.5554606296714102,0.9330624411505788,0.6392987096487824,1335.5293376908398,36.40305346538211,49.772965883480815,39.43484638283036,0.4220782408921995,0.841922891009552,1.3590246928805414,0.7299517629952476,0.0007827273083439,0.0279754934100168,0.0290793847336759,0.0267983632016336,0.026320062436828,0.2443138779727872,0.0997939173466596,0.9633837106934464,Benign
52895,443,111.07303280085164,57669,519.9024805166105,60849,548.4505029482104,8183.125415812384,90.45969298824043,135.69348355891876,89.0,54,1.5485326227260257,0.9030982627028646,0.6666439120886478,1041.681578842822,32.13520986519742,38.04304430684707,31.27913460507024,63.59688703073518,0.5904565218134352,-0.7150871808344832,0.8836292672303301,0.00131433851722,0.0362367115388531,0.0308143120670302,0.0268479505443542,0.0269405246092568,0.3259471750649815,0.1061204182728591,1.1760663215301017,Benign
34253,11187,34.4545629781227,19249,567.8992349168406,23793,679.4816966805707,16132.352733816724,124.75201792178636,145.87854183397286,139.9699808932702,74,0.2573165434550117,0.552448232235706,0.8468929988030347,52.43489320853206,6.864517270603988,6.642758295053376,6.355435248386625,0.0,0.2686798007859517,0.83889559597525,1.410303694173857,0.0100123295588896,0.0825196137651905,0.0231866383160095,0.0104225117666766,0.0002383127421262,0.5075650226382712,0.2799368007354268,3.232194868072844,Malicious
443,33926,120.65333698854852,78280,648.8060705169063,46053,381.7033353102818,9118.952221908565,95.13641533503711,122.80402305833942,87.0,87,1.132521252084884,0.3775070843616279,0.7739066244038525,1197.4901781259916,34.60473502500469,56.9788978752319,55.83885048756213,0.0,0.0989316288660405,1.6466030842313988,0.6074765523344046,6.181807064621142e-09,7.31921358520565e-05,5.040568539571663e-05,3.584025126973551e-05,2.435507541916874e-05,0.6701400407185085,0.4560891891027635,1.407907372633198,Malicious
50224,443,104.8381417333389,895791,8705.786959377081,1289640,12576.816352115296,11115.942372402294,98.31790541753568,168.33368768273937,165.0,104,0.0248788784418414,0.8883646295373183,0.5747369375219544,771.9572320976818,27.54920657447538,50.2412409339542,49.343400944561125,0.0,0.0841578850182409,1.842915685382851,0.5462364189462988,0.0006180230474111,0.0225377700163508,0.0118856690302349,0.0073732192787939,1.925755751318549e-05,0.7319926704487757,0.6301116815432276,1.8687742080555425,Malicious
53089,443,116.9273856298398,55729,480.38385848676376,60710,522.2099099446909,8231.00073474711,90.7222052343521,135.95118047465334,89.0,54,1.5525456023943969,0.9033310682457047,0.6673047930800412,921.0403203466384,30.22914409226705,56.31609624113084,55.82453909743138,63.98285176774067,0.0293898064321502,-0.1844245907521375,0.5358585073464085,0.0009115978350133,0.0300989842156013,0.0268877602430928,0.0268347007942393,0.0269068710125412,-0.002802013619689,-0.0034159510372609,1.1177579551332786,Benign
54578,443,105.7162243364552,61121,578.2970928530589,63403,599.8671954885002,8034.476338436385,89.63506758236969,135.17088730966356,89.0,54,1.545294090168245,0.9055716969958186,0.6631234398527635,683.933094737772,26.120567231851734,53.33467220933914,55.76982538570356,27.594874889955488,-0.2889125691076477,1.003461351589361,0.4948297854381198,0.0011566151188362,0.0340057152042041,0.0287726926608086,0.0268643955637974,0.0268927557432551,0.1678781493582872,0.0551304835408941,1.1818934732124975,Benign
54349,443,101.69128809111092,27971,311.2078150123326,30350,339.76957651961493,7882.293591970886,88.77575095914959,135.71064919778945,92.38194059362368,54,1.4671960290408037,0.9203354641227908,0.6541519755458641,1299.842684119055,35.070068214835985,50.94953776035981,39.02386915193098,19.89495146884901,0.9363144558827644,0.9491076910234284,0.6813194755492544,0.0007821940976847,0.0279544049140115,0.0262380786737689,0.0260345001014919,0.0232988699473962,0.0223228027246112,0.1137569826401325,1.0695170277734911,Benign
7183,45783,28.80204304097999,11823,510.0588730809767,9899,482.3105143695293,8201.115931635248,85.2118693657647,129.7491681543811,85.3269279255465,54,1.3738127682393717,0.9011228290418164,0.6153336382498261,89.7115611942077,8.843214117381574,10.634016301384296,6.845487407602752,28.7719520354039,1.1199712679462763,-1.6587375958304005,0.8532592647414415,0.0003735947403033,0.0180401108531382,0.0170047379643779,0.0060228234127608,0.0060045298869209,0.3020858193991866,-0.7576195157429235,1.4263598567054367,Benign
52547,443,70.92563547743002,6293,333.4920974179616,6074,384.014377757877,4787.878026127424,62.15659388083209,110.70033677576652,82.6275186021956,58,1.0732147526194231,0.8682569941856533,0.5071281359419506,109.09156221105346,9.208402211259116,61.2956968007123,63.64064822422573,0.0,-0.5934767268486787,5.39420574756223,0.3401784917364029,0.0012393009809802,0.0310193221997388,0.0374219537338043,0.031287168301316,0.0312716402180864,-1.7753029831731206,-2.082017921514713,0.8908341448733144,Benign
52696,443,111.7042777576192,57262,513.0212741444251,60548,542.3915728827719,8200.642185554183,90.5568666378376,135.75506616896735,89.0,54,1.548914250584855,0.9028067938303632,0.6670587636479508,1083.8385698727425,32.84397383432069,36.24108273618967,28.39315778775816,67.83935505034046,0.6940811534332959,-0.917600505935257,0.9294452999868488,0.0013329246026579,0.0364996115835671,0.0310548959823189,0.0268460126674156,0.0269461536803641,0.3445739891393876,0.1121290593059276,1.1753796514472938,Benign
443,33926,120.6526440973681,77595,643.131514830807,46027,381.48523282609455,10694.129732986628,103.16556367393156,124.51522318270132,87.0,87,1.0933353192926925,0.3644451067642308,0.8279502379006529,1194.128033197415,34.5561306425604,57.81941631766986,55.92579664504149,0.0,0.1644680313202658,1.673232480170988,0.5977678092316471,2.671525026193716e-09,4.530014966243804e-05,4.576436848796248e-05,3.423633650021906e-05,1.9314200429259905e-05,0.8520380318324524,0.7052341197369287,0.9533933711773364,Malicious
443,34523,30.365683764990912,22664,732.6809532627302,13383,432.67445973129634,7839.775673585138,87.78061117209008,119.59741284496263,86.30301914507864,86,1.1464580515773029,0.3821526835379953,0.7293799073130326,101.57910312153018,10.03506201620816,14.220043857916028,15.451024859138924,0.0,-0.3832973388841103,1.435497687540246,0.7045937810857505,3.5084136829111367e-08,0.0001845963927151,7.425726110093259e-05,3.751356484046837e-05,2.1256782420234184e-05,0.5778833129017008,0.3101136348676316,2.461915116491921,Malicious
49232,1115,120.0570415512818,175498,1461.8743142158785,381338,3176.594992686727,10778.42725270161,103.807679830097,176.61157797573432,163.43444657333734,68,0.3824387896131636,1.0411963009576388,0.5888442259018699,1263.9647435944,35.55226715674024,59.041137078238165,59.05187038202498,0.0,-0.0009170319209125,1.66067081649098,0.6022279956822354,9.559393554662096e-05,0.0097020714462408,0.016391445257318,0.0151219838390141,0.014965974447483,0.3895548427114134,0.1457901332544621,0.7748807304244449,Malicious
50749,443,106.58521139717958,62073,584.9716006860667,68639,645.5283147468967,8239.078641815275,90.73503434388276,138.24745446254175,110.95253855118509,54,0.9066626996545502,0.9287554090982862,0.6562031667973314,1004.4779177610668,31.52298416611753,50.010397533605605,38.41978432382241,10.287850945367492,1.0150129083890151,1.2843121024848043,0.6285147280629138,0.0005741880551559,0.0233681115414628,0.0218801521215205,0.0211945035458924,0.0268936203084094,0.0905929588149217,-0.251053999010884,1.057510435435185,Benign
443,33926,120.70010802771807,78741,652.3744911901817,46065,381.6490795985858,8270.371307777492,90.93357114419162,121.826311633983,87.0,87,1.1489944247239237,0.3829981419079745,0.7463962429007279,1221.9344248135685,34.95550625121082,56.06435103945931,55.7579989456902,0.0,0.0267079376863124,1.6040836340410338,0.6236829247876072,1.0482186782629863e-06,0.0010145675449089,0.0001145114476753,3.2763681577447006e-05,2.4254560525815672e-05,0.2433495960503047,0.0895356275807941,8.822441574848085,Malicious
443,33926,120.647425932367,78414,649.9450594948189,46091,382.0341524863103,9362.822151606077,96.5717142894533,123.2048764895029,87.0,87,1.12660051733348,0.37553350611116,0.783420339912003,1233.6809186853272,35.122082126476585,55.57280604544529,55.764194899538296,0.0,-0.0151272033638773,1.5828725213535646,0.6326488451529838,1.1567501903581038e-06,0.0009347820881771,0.0001059900959907,3.461314575943259e-05,2.293677738364048e-05,0.4065293179555714,0.2724083943509006,7.448799805694824,Malicious
54216,443,121.83138012526145,70357,577.4118883493031,76734,629.7467895888698,9666.340622255464,98.3078218293436,141.36034273647,114.0,54,0.8351152291586887,0.8888162733619376,0.6954441464615064,1039.2823740181404,32.17923463922184,52.989063902937566,52.320664035995485,22.13780364029441,0.069083209256106,0.9548861905957712,0.6071221527526047,0.0015993528828545,0.0399415313418087,0.0284514923689757,0.0262081199154371,0.0269132731233589,0.1706528073398599,0.0365383829157714,1.403821483249918,Benign
50216,443,33.254292,1807,54.33885046,4896,147.2291156,141502.7789,376.1685512,223.4333333,76.0,68,1.175802705,0.413201297,1.683582953,178.3899001,13.3562682,8.127751733,0.0676315,0.0,1.810412935,0.608534631,1.643291852,5.2041e-05,0.007213942,0.010365778,0.015237,4.2e-05,-2.025753386,1.431086959,0.695938286,Malicious
50232,443,110.474569,156057,1412.605647,345058,3123.41567,10108.6971,100.5420166,178.7780949,165.0,68,0.411114538,1.101808962,0.562384428,1030.275669,32.09790755,56.20682254,57.549461,0.0,-0.12548841,1.751105503,0.571067819,0.000121283,0.011012834,0.017521275,0.015522,0.015398,0.544621444,0.192800072,0.628540661,Malicious
52742,443,0.15541,1718,11054.62969,7411,47686.76404,234126.0251,483.8657098,351.1153846,129.5,54,1.374030315,0.614045134,1.378081768,0.001067941,0.032679372,0.068209346,0.0609,0.087941,0.671005508,-0.603795385,0.479104017,0.000154883,0.012445183,0.013210571,0.010833,2.3e-05,0.573130521,1.059652662,0.942062438,Benign
50195,443,33.22012861599455,1875,56.44169411354103,4964,149.45681437813488,123393.7948792273,351.2745291845425,213.74917603204696,76.0,68,1.1764232641347472,0.4149152979053007,1.6433959468008936,170.4425428438233,13.055362591930235,7.597695239361016,0.0665091621964655,0.0,1.730595763918532,0.5819596377235522,1.7183323598795968,5.934706853772294e-05,0.0077036558976826,0.0095370556733068,0.015239911605651,7.423341270868411e-05,-2.220894661491674,1.2283732936742446,0.8077586468519341,Malicious
45573,443,120.36073071221598,138991,1156.9029061677377,297890,2479.925667005873,11548.38725000256,107.3361318705247,162.73543024102156,142.71445727001486,64,0.5457930132006893,0.9245714315226934,0.6817705546235131,1183.603511606776,34.35063044159512,60.560370847374855,60.949389922180856,0.0,-0.0373279911181315,1.7726312352944045,0.5691137952490418,0.1043864448905551,0.179693745153234,0.0567111066092652,0.0115757439637557,0.0109100335787348,0.5001998202731911,0.1791477199458592,1.523633899519059,Malicious
50203,443,33.63952357518865,1875,55.74342291042267,4964,147.59032052975297,123394.80378567292,351.27596533954346,213.7306528392697,76.0,68,1.1762602612237918,0.4148608705411284,1.6435451002910737,174.8610982038745,13.22284385534733,7.728989661705611,0.0659471871838621,0.0,1.7385289628149971,0.5844978291758096,1.7108906430747364,9.20739595398552e-05,0.0094928863465633,0.0106431240881706,0.0153225083980698,7.352356342652409e-05,-1.555471511800096,1.1252533718693765,0.8868969533463013,Malicious
50205,443,33.65061511627164,1874,55.69838425642256,4913,146.0041533418772,125843.80161981445,354.7389944486982,217.20863359866985,76.0,68,1.194131156589234,0.4205962410336635,1.6332281990028124,177.82604536930916,13.335142324216768,7.924307507397465,0.0687351342440279,0.0,1.7672588628582848,0.5942406735681588,1.6829281185161635,7.421772746293014e-05,0.0085314559736075,0.0100894957144732,0.0153277773090215,2.116571221539341e-05,-1.9036052095581688,1.190597585702434,0.8417128970081613,Malicious
50200,443,33.394746,1807,54.11030825,4895,146.579944,141408.7733,376.043579,223.4,76.0,68,1.175927538,0.413249976,1.683274749,179.7711989,13.40787824,8.1664656,0.065083,0.0,1.812676649,0.609079636,1.641821431,5.47417e-05,0.007398762,0.010648444,0.015451,6.3e-05,-1.94730788,1.430704906,0.694820881,Malicious
51991,443,121.12071287108128,36223,299.077509845703,37663,310.9643944263278,7575.762778905501,87.0330126393842,135.71516706033938,106.83373964711382,54,0.999723506131706,0.9388553429866549,0.6412781262229396,1221.7014182495786,34.93138220930437,54.41183799251912,55.629840117890446,54.94867179989693,-0.1264902934601078,-0.0464857881915261,0.6446428650867857,0.0007516133024717,0.0274128651331676,0.0283277806647738,0.0269143665041411,0.0268992276743248,0.1538413405577028,0.0518163306021179,0.9678249541526208,Benign
50183,443,33.21638381609035,1874,56.43187671626911,4963,149.44208806283766,123396.32171983288,351.2781258422144,213.6996462617045,76.0,68,1.1759882265615411,0.4147700522984578,1.6437937526888828,170.50638079410106,13.057808754938662,7.603742257494396,0.0687013827055506,0.0,1.7311572771132755,0.5823137108702315,1.717288036107861,6.907075474414221e-05,0.0082931296278535,0.0100877137029345,0.0152632440074654,7.116604112363307e-05,-1.8920531423157991,1.2089429250267203,0.8214762631710627,Malicious
50185,443,33.455381705002296,1807,54.01326218248544,4827,144.28924327182526,145437.99942029407,381.36334012087207,228.7641955627741,76.0,68,1.2017216678819829,0.4215512600145384,1.667058683379621,184.4893367381358,13.582562812881116,8.473827513192639,0.0623877512853062,0.0,1.857835403995242,0.6238715780511044,1.6028974067597377,6.033721211451976e-05,0.0077571361455482,0.0111346822258865,0.0153671226180298,2.9634875027200723e-05,-1.6348355564547732,1.438391042391434,0.6982089763897863,Malicious
51145,2032,1.054232761446002,467,1160.3243394187489,410,1387.8415903766422,316.6088449634135,8.293608294694735,62.92692903950231,61.37009265165199,54,0.0481470924624856,0.9965347182653908,0.1092882455323845,3.1445813802388045,0.3323356412274112,0.3950966813986269,0.2623226563184371,1.008351259356921,0.0392508800615114,0.9068210109708136,0.9948572761064368,1.3093123692492384e-05,0.00063223963655,0.045422876466099,0.0450380006900429,0.0450373595691417,-9.638949724467368,-9.67608850489919,0.0499886749441016,Benign
443,33926,120.64665129543356,78806,653.2039453297505,46117,382.24929464919785,8642.373802527936,92.96384971054074,122.46537306774576,87.0,87,1.144491470425242,0.3814971571417473,0.759101593013516,1247.5189662123687,35.320190457250504,54.68193948516258,55.69525064683773,0.0,-0.0860406284892217,1.548191437154653,0.6459337494064503,1.5496819101418547e-06,0.0012443654760563,0.0001274365509211,3.496182838794483e-05,2.4987276129314943e-05,0.22303202396612,0.0823615189829134,9.762358761109695,Malicious
44952,443,63.63559415975773,25500,437.06262003813,42596,725.9791473692734,17800.944707448816,132.88357389652785,147.15029382215457,139.753019560469,64,0.2154070961159684,0.6233638186009651,0.9043600081337144,336.6685314587646,13.71344353421717,22.81298198294605,22.593467715073142,0.0,0.3368628744309627,1.0515211621278229,1.3338892100290831,0.1281503413341603,0.2777020978345472,0.0737812425933236,0.0109951258264561,0.0002322437765681,0.5624446064691375,0.2720050398357201,3.655994018601021,Malicious
443,33926,120.65246759216974,77421,641.6859940834587,46020,381.42967399763626,11095.386130663268,105.21088689383402,124.9511296077082,87.0,87,1.083353202279714,0.3611177344265713,0.8417171597343154,1193.2715696223456,34.54374929552254,58.03352767973636,55.94794507066122,0.0,0.1811625946825061,1.6800159794349607,0.5952946306495619,1.7773254101743216e-09,3.819502162208591e-05,4.4582052152322006e-05,3.3827759652168426e-05,1.8030101763957905e-05,0.8983742270521548,0.7687006158382093,0.8376117214044465,Malicious
19301,32979,120.18841474649244,66873,567.4218942144267,65197,558.5934425448685,8023.819433070923,89.54385775225283,136.2676123719935,93.87331753380816,54,1.4152391207774695,0.9192665513225992,0.657065860726976,816.3392613954055,28.5003657857786,48.47162814400057,45.870081519012295,13.379108478270862,0.2370672968301769,1.2547452289849994,0.5874403413641788,0.1667676399149833,0.3346644257308013,0.0597776941160335,0.0100930299781895,0.0100679064018147,0.3139334522125773,0.105039523990813,4.519642548573444,Benign
50749,443,106.82368603108652,62068,583.5127848942743,68707,644.660531679941,8254.924940659323,90.82373569827342,138.30080816431385,111.13812758060966,54,0.9012354062412584,0.9284252161804486,0.6565963601228098,1011.3996094218338,31.639640179081557,50.1129114862179,38.20436499746557,10.470128355082531,1.0450508745270866,1.2760569382561051,0.6296318626357006,0.000564252716589,0.0231796969499968,0.0217610768083239,0.0210771803477912,0.0268951050206448,0.0909952572309781,-0.256770776017231,1.0550759239082452,Benign
52026,443,117.56133494658938,35011,296.3801722158694,35345,299.6885268513633,7466.280023149937,86.396844603284,134.16301996051678,89.0,54,1.568257673731929,0.9279600456088932,0.6439353426382606,1396.3307984761882,37.360741975416616,51.94706914771683,40.34693356660972,7.803523659142401,0.9295283108866406,1.1861082209926914,0.7200179893439824,0.0007902449586147,0.0281110011448903,0.0285061281028874,0.0268998238309091,0.0268737203278512,0.1719249653987822,0.058246344290217,0.9876797606412504,Benign
50817,443,95.76079832174136,62095,649.4667880699245,65156,681.4413417543418,7503.931223283728,86.6213860353782,135.6794623396657,101.48894218206571,54,1.1834390230720648,0.9430252635730176,0.6384254366089255,688.5529070172196,26.19776272874832,44.64480615327248,47.8907788843918,4.2764134318912514,-0.3853966864368341,1.5720437975212964,0.590445171060149,0.0010651994452688,0.0326266106770972,0.0277688601439627,0.0268536068786015,0.0268271105781793,0.0826946428286651,0.0283965849260837,1.1749365946842651,Benign
50229,443,121.93873927120842,374255,2999.7960451451,628430,5069.88808297551,13586.695612315762,115.0275298786563,177.98689787472557,165.0,92,0.3448750231406163,0.810594255578444,0.6460028617625885,1206.385760427592,34.702154853441115,57.63414057775304,57.03217244929516,0.0,0.0560317337184672,1.660653730879468,0.6021760191108726,0.0004027209785027,0.0165214141508171,0.015628175985233,0.0135380185300444,0.0113994383639184,0.3868141710656492,0.1969884929868918,1.1783065503279315,Malicious
52697,443,16.19001541939163,1477,1692.0762191171902,1435,2026.8035047789504,1114.9299678501443,18.416998153632807,71.94505190001722,65.54479880188728,55,0.2446796044109982,0.9699642345878178,0.1858018522261718,24.87164073013621,2.1093277797276064,13.98458257275036,14.519202307773453,0.0,-0.1353053062288297,2.001824212153122,0.8495689094565999,0.0002825451970654,0.0070720193385385,0.0283851398541794,0.0269864851402893,0.0269829449306037,-8.124871459728109,-8.194798647737027,0.2030990960862306,Benign
52742,443,33.56109690805029,135,517.10611588808,283,623.2148129895143,133.4009894624584,11.084446398333432,63.8636192216019,60.12626453093312,54,0.8643866176289541,0.886412581361147,0.1721192887037002,281.96905741029343,14.521110239925886,25.158898437203955,33.53723982446698,33.533830555867254,-1.2941236446280626,-0.1788454863431108,0.6839084514448639,6.7272384432038076e-12,2.2424128144012696e-06,0.0270159494187626,0.0270159494187626,0.0270137070059482,-2.525290618662435,-1.777819680528678,8.298796090630033e-05,Benign
50204,443,33.356929711240234,1807,54.17184169302872,4895,146.75472905902458,141434.08367147134,376.0772269189069,223.4089747653902,76.0,68,1.1758939275597509,0.4132368695087606,1.6833577308407517,179.3992935481815,13.393982586080972,8.156042153366375,0.0657691663740745,0.0,1.8120671593286943,0.6089328970929164,1.642217331900896,5.4014554806175e-05,0.0073490004660559,0.0105723380928804,0.0153933819485768,5.7345892150063e-05,-1.968428801488899,1.430807771184114,0.695121734732479,Malicious
51487,443,121.05493114309984,37261,307.816644703586,37895,313.04940946618336,7464.112556585617,86.38806136036247,134.9045923479865,99.6055502311744,54,1.2308729436439942,0.9364731873439388,0.6403477926131483,1277.3139013755667,35.714453308193995,52.75180081045215,49.20199428805155,32.84666491558788,0.272613438902711,0.5209856639892954,0.6803074814230341,0.0007652080811252,0.0276591957567837,0.0286968907594469,0.0269172577799075,0.0268813017645733,0.1920305917151584,0.0652907844776854,0.9639838205694584,Benign
50224,443,127.502031,952325,7469.096708,1334141,10463.6843,21708.41613,147.3377621,178.7698202,165.0,165,0.280372526,0.093457509,0.824175814,1036.272948,32.19119364,53.2370604,50.896862,0.0,0.218090553,1.653777148,0.604676393,0.001299311,0.036045954,0.01240731,0.007977,2.3e-05,0.368721827,0.343570045,2.905219095,Malicious
52625,443,42.2942919449337,3774,1135.0648249582675,3648,1352.4335489817129,2866.755777552169,39.27875592561151,90.42952465336612,73.69246355817138,57,0.6398524284877926,0.9214545998358228,0.3390595809545647,65.04059761819123,5.494219572816986,36.54875162716653,37.94681558347988,0.0,-0.3538318160445318,3.6198328079168296,0.6066133144363749,0.0007388733153099,0.0184937717182,0.0306206120604143,0.0269630427364291,0.0269537848672654,-5.096421897902134,-5.2792858565575225,0.5311168054537236,Benign
52663,443,121.22526583451186,35498,292.8231226003313,37770,311.5622649267288,7727.300265223227,87.90163849530911,136.4364482928027,111.99415635845897,54,0.8323453816534472,0.9379244903239444,0.6442824112419824,1168.0614546484878,34.17683426378319,56.94821007759968,62.69449751018383,77.90200107971106,-0.504531059305721,-0.6130701531133854,0.601529046812938,0.0007605422793196,0.027548008202081,0.0280899489613325,0.0269132651424045,0.0269240605696182,0.1264835796950371,0.0417951444267977,0.9802560942561288,Benign
52695,443,53.46097898662416,1625,19.30446400651948,1731,22.25291034518829,1273.4889170796196,25.05760770800689,76.10031958686719,65.35110956133494,55,1.1980934719648897,0.8447677417904035,0.2784271837548209,333.55052054803554,18.025826448450104,42.01060578218321,51.70854741696459,36.58487917543776,-1.5529147395156082,0.7582297061977348,0.4983352510498542,0.000294533565562,0.0073745307662234,0.0284601783332267,0.0270021788560256,0.0269960419986965,0.1094798412606669,0.8520646311175017,0.2118071066052314,Benign
52491,443,91.338058,8090,88.57206051,7805,85.45178397,6158.022444,78.47306827,125.1574803,89.0,60,1.382288769,0.830316461,0.626994632,140.508574,11.85363126,78.94149242,81.961764,0.0,-0.764391481,6.659688556,0.150157172,0.001596206,0.039952545,0.034820536,0.026919,0.026899,0.593319079,0.19827362,1.147384557,Benign
39066,443,120.80169548287508,85241,707.8549797938056,171759,1427.0406197564466,12562.77881423408,111.95470820519466,141.8077723702788,111.59096854079742,59,0.7957262291762388,0.7428242357806938,0.8164259236060998,1070.9150942258486,32.66599414856082,62.55671654518892,63.50337542691872,0.0,-0.0906696969198844,1.925747392684516,0.5241285075576703,0.2500340164009468,0.4168584812463392,0.1125554130358639,0.0061915799231442,0.0048182091886199,0.6499506139799285,0.2239162297450981,2.8268805787235487,Malicious
52478,443,98.7197075375816,78722,797.481070792547,81463,825.1913554122655,7729.038263930083,87.906641416558,135.4668520199403,89.17588009701748,54,1.5806815840707236,0.9268281417840972,0.6488935424161093,707.6207689359926,26.60114221141264,54.33228658181634,56.830678031678616,29.677139329960152,-0.281764213325097,0.9268460875127684,0.4896061900949705,0.0007808853526713,0.027939349108207,0.0223205674271195,0.0201503281658906,0.0002245706037693,0.2329345468991994,0.7922339963847534,1.2516322515716929,Benign
53663,443,108.6286458805972,59244,546.5487620772162,62014,571.9126617249457,8115.294754540697,90.08340483651406,135.45501555231675,89.0,54,1.5470548348458593,0.9042269255016168,0.6650374711744897,878.4359221986903,29.39064397663312,45.02082883707314,42.45458069579047,47.1686633664644,0.1891880579118185,0.0691106456137744,0.7062146043370834,0.0012423671158548,0.0352186765846826,0.0298826924644488,0.0268554546376398,0.0269187270049508,0.2538180590992231,0.082852995076408,1.178725332665082,Benign
52491,443,141.3846841792854,54001,383.6256237138178,63131,447.7860862742712,14763.034866021111,120.767414574342,140.2499345541907,89.0,54,1.2865093243912515,0.7231200321019565,0.8599825024278597,1434.96212500695,37.78780323691387,53.686949577498986,48.844868814748686,57.98745611713715,0.377674870745974,-0.1308036661166329,0.7058600228625365,0.0006728066279315,0.0259096755535045,0.025263154954912,0.0268146893506307,0.0269046893506307,-0.1821080240730285,-0.0641834368580664,1.0250863180499468,Benign
50232,443,113.21793242300669,162197,1431.4763605919163,357426,3155.065814868336,10313.178923523394,101.54158026724532,178.4749032377429,165.0,68,0.3984208722408333,1.088307736094675,0.5689682192978102,1097.356687936281,33.089426562562444,57.04501490616793,57.99984125760116,0.0,-0.0892686946312393,1.725848456961386,0.5797410200721193,0.0001144713262093,0.0106867373357477,0.01729289774857,0.0154959148123154,0.0153618820478214,0.5011513088633704,0.1796977909485687,0.617625448079162,Malicious
50198,443,33.29935220115621,1874,56.30671855825332,4964,149.10233452060854,123394.28768360254,351.2752306296832,213.7394722671336,76.0,68,1.1763380433248551,0.4148868455109658,1.6434738706380871,171.2758901790499,13.086918090427302,7.622415206003518,0.0667214299937162,0.0,1.7320118231362038,0.5824354634069276,1.716938464782005,6.13724803415242e-05,0.0078269520057317,0.0096163803479636,0.015230139292793,6.982373005170649e-05,-2.158832851726694,1.220541550385304,0.8135702257950377,Malicious
52438,443,99.26815500288626,79073,796.7755846448167,81922,825.2490296536994,7792.488111705861,88.24046525106998,135.6012022987421,89.75302933230903,54,1.5625139287212255,0.9251147359710914,0.6506402625988762,707.6404173191407,26.601511416779637,54.28475561145076,56.6446732910883,29.724626892008303,-0.2661528841982241,0.9232633752733655,0.4900581897591041,0.0007899237405556,0.0280849066301529,0.0223686131617361,0.0201710939953764,0.0008466451355359,0.2343379556308455,0.7720515581186651,1.2551371073950377,Benign
50224,443,112.42937729896538,914727,8291.559422811804,1304545,11869.025954794572,14663.875499437338,114.7370325625501,171.82925454685912,165.0,124,0.1104560907779509,0.6221116870792378,0.6582861134065846,860.4893829347964,29.10403314869558,51.24468615075981,49.86373038471641,0.0,0.1290184303827108,1.779564017232789,0.5658108002129482,0.0008462194207376,0.0270623158909437,0.0120603918871804,0.0075754547217371,2.051108298597401e-05,0.6103156487206448,0.5341349920718612,2.2159298614834064,Malicious
50754,443,95.13965985569664,62292,654.8400172611978,65340,686.8800651320371,7477.179496360195,86.47034361994817,135.67423988080355,101.95627888196076,54,1.1697480942387328,0.9445415679805595,0.6373378535168479,672.1229032696059,25.92151568688975,45.02930565549994,48.73254188372776,1.7330054485131683,-0.4298180803768938,1.6730769079185988,0.5759791683363267,0.00105445882564,0.0324714654257822,0.0276365464473762,0.0268539663683707,0.0268224372111803,0.0721711907896602,0.025029791294037,1.1749467023862064,Benign
52599,443,109.44763826822472,40334,374.8085532496684,41414,386.5666692416014,7585.275828246848,87.07656228211361,133.75117310088538,89.0,54,1.5423600600461136,0.9162211894879866,0.651030440877594,944.9856512957724,29.843303241337644,45.093016324681,37.971069682895845,0.9065276192951066,0.6660833912568334,1.525121993634753,0.6514422394799301,0.0012202879410853,0.0343036672582334,0.0312878966116868,0.026926017141799,0.0269011223952116,0.3590422449995349,0.1206833881048465,1.087085736300791,Benign
52652,443,61.4302666662622,2985,33.87827534023898,3009,35.54987035541915,2301.1883561815407,36.296150458585885,86.42188177309419,70.32680505103754,56,1.2368479205534622,0.841727211291278,0.3517653170845376,292.93474852043715,16.72720468687587,49.78081582865826,58.07378445384023,28.887468644628274,-1.3870104815083484,1.9998888976842744,0.425079040487467,0.0005684037362536,0.0142289021756086,0.0297983892331223,0.0269846781339584,0.0269756244896181,0.2112789814446256,0.7145078610160676,0.4086513734544579,Benign
50206,443,33.838301270261674,1875,55.41243554020058,4964,146.70525750946564,123395.30048916073,351.2766723854753,213.72153352548457,76.0,68,1.1761800118461183,0.4148340749331382,1.6436185313402158,176.95819121417324,13.302337024503355,7.791360916521117,0.0657057077548313,0.0,1.7423013605834956,0.5857068068074746,1.7073458444101426,0.000107466631664,0.0103340646900996,0.0111639317461661,0.0153623415606834,7.235629126202463e-05,-1.2430383578116049,1.0770415153599713,0.9240154188095828,Malicious
33960,19134,40.64050110511016,4975,149.69766085598798,4306,128.44691170787374,3487.1857282535902,43.14981316417053,91.9323765740752,70.41463240070678,54,1.307480829708742,0.8618484005648652,0.3767355554805398,278.7418231851268,16.091785020708816,25.950797682513727,31.572464161242397,40.613032339780034,-0.6478540077233581,-1.1068139803501411,0.6684911323112939,0.0001540169765883,0.0074390809327533,0.021859169527094,0.0173318006147907,0.0173223363601971,0.655852345034021,0.8598563631552533,0.5880976982763502,Benign
443,33926,120.65252863102542,77481,642.1858826595551,46022,381.4488872975481,10956.62403426854,104.50357521122456,124.8003848726308,87.0,87,1.086805208256936,0.3622684030856453,0.8369562962425366,1193.567751021198,34.54803100088876,57.95948389717162,55.940285723698445,0.0,0.175389297050487,1.677670116330444,0.5961499028565492,2.086556649931908e-09,4.0652110076602553e-05,4.499091963527094e-05,3.396905329957724e-05,1.8474167512957047e-05,0.8823502891788385,0.7467526940085903,0.8776512186923461,Malicious
47611,443,120.22255652057936,155834,1297.6099158004683,337413,2809.842136461111,11230.532528453688,105.88892317264786,169.29301125779034,152.46685288575466,66,0.4674776411383176,0.9815210418426752,0.6395769418981886,1218.9138856195304,34.878503127759664,59.93482551727868,60.14911083856751,0.0,-0.0206136239620888,1.7246530232429884,0.5832097189506248,0.0587484783309879,0.1053793148975022,0.0392125615747707,0.0132628458899221,0.0128188774744463,0.4532761287582309,0.1651197225549548,1.11526781591321,Malicious
50199,443,33.45616550209072,1807,54.01239605402945,4895,146.3213102947577,141429.8450837486,376.0715874258908,223.4074692638792,76.0,68,1.1758995595333115,0.4132390663239403,1.6833438224396924,180.4474226457324,13.432887461786551,8.187163737707152,0.065224337075085,0.0,1.8138751415728096,0.609480596341523,1.64074692470973,5.4371825972272605e-05,0.0073733780181691,0.0106069771698796,0.015429712608588,5.874252171761401e-05,-1.9626405117672,1.4305804730183576,0.6951544080393194,Malicious
50193,443,33.61407589547368,1874,55.77329056314706,4963,147.6785925162732,123396.73782399092,351.27871821103616,213.69271054781856,76.0,68,1.1759270085164866,0.4147496079044707,1.6438498297357182,174.6774739801159,13.215911563417473,7.726840257353742,0.0677157811213665,0.0,1.7385569288639715,0.5846451438370052,1.7104536034389353,9.767673213250072e-05,0.0098435308021477,0.0110055936514979,0.0153372115044761,6.99168438254858e-05,-1.3406553838684994,1.1167342554838529,0.8926895930006875,Malicious
443,33926,120.65075537603116,78788,653.0266313245808,46090,382.0124843141604,8234.057383613259,90.72423809564566,121.9122916362992,87.0,87,1.1546096799725671,0.3848698936575223,0.74413324262587,1218.170844457214,34.90071315754831,55.72034929576267,55.74490086928472,0.0,-0.0014636813283619,1.5969103482328173,0.6265853824200949,5.973891171648925e-07,0.0005321053920828,8.18336351152849e-05,3.624026519560307e-05,2.686039779340461e-05,0.4186008990888374,0.2023579133102263,4.791496132382487,Malicious
50182,443,33.6619333141247,1806,53.66469231327169,4827,143.4204228895741,145484.40494837626,381.4241743784383,228.7586207,76.0,68,1.2014861822816734,0.4214694195639519,1.6673652482919394,186.59283262446056,13.659661592049687,8.536929157552352,0.0646168742467474,0.0,1.8607108964760009,0.6249667665793198,1.6000907491497502,6.035679438712568e-05,0.007767851981025,0.0108615903344503,0.0153061239381749,2.7817819366837388e-05,-1.7173817936385822,1.3948750971709636,0.7151171069589686,Malicious
52742,443,42.82987824219597,158,57.865114578614566,343,72.86835404361227,161.9090417617037,12.627831399443505,64.79322962266426,60.02297448637064,54,1.1032789349062628,0.8550201915453304,0.1945635190056472,359.8973950305648,18.5310552946966,32.108831017607365,42.80271194252994,42.80164466276559,-1.6517832728585202,-0.5046454515448959,0.5965495764159545,8.586459245328502e-12,2.862153081776167e-06,0.0279139723362539,0.0279139723362539,0.0279111101831722,-0.4594897274127767,0.4945612998459463,0.0001059235153013,Benign
50224,443,126.93631459671728,893542,7014.625359123141,1262379,9915.20344645363,20882.53987836402,144.0522201488396,178.69020690206492,165.0,157,0.2869316141197722,0.1663812456497687,0.8060578783216731,1053.5712694057966,32.44652663630845,53.684187838999954,51.52074547216012,0.0,0.2016112208287733,1.654476409502559,0.6044221366006638,0.0012081391350489,0.0340605552473034,0.0127348313325937,0.0085424852477219,0.001179839890329,0.3705615895561864,0.3286645551506536,2.7296139315138297,Malicious
457,33916,120.64285141151493,78829,653.4327444203702,46202,383.0336191522447,8649.24591841948,93.00123579509776,122.49236605257413,87.02202148368181,86,1.144206245177298,0.3816744626237127,0.759266625198654,1247.9017919803237,35.32561180551649,54.65837070277822,55.69468480075224,0.0,-0.0880091323895418,1.547278411084372,0.646298897258654,1.5921914557106003e-06,0.0012511127729863,0.0001325716818829,3.937239381769653e-05,2.9340208572314896e-05,0.2227700948952396,0.0822681529262973,9.77609743301384,Malicious
52742,443,11.123880548574894,81,1534.0211474140865,137,1841.7146979924164,64.38403804056128,7.347967787701779,61.61306645784439,60.3763259491284,54,0.2860370592822777,0.9624124083641596,0.1177826284439474,93.30744340278682,4.814262037246095,8.334448017870903,11.10695291695119,11.096791739998777,-0.4282427725135977,0.6099043074189364,0.8954010911683232,2.226132915688779e-12,7.42044305229593e-07,0.0270059469620348,0.0270059469620348,0.0270052049177296,-7.526518982568024,-7.279170880824825,2.746182299603852e-05,Benign
52742,443,0.046455,55,1183.941449,66,1420.729738,30.25,5.5,60.5,60.5,55,0.0,1.0,0.090909091,0.000539517,0.0232275,0.0232275,0.0232275,0.0,0.0,1.0,1.0,0.0,0.0,0.046455,0.046455,0.046455,-10.0,-10.0,0.0,Benign
50184,443,33.44334839436823,1807,54.03253484318714,4827,144.3398300351039,145435.02514232142,381.3594410360565,228.7631517568424,76.0,68,1.2017257423112533,0.4215528325933085,1.6670492466961837,184.3600553101805,13.577822210292853,8.469842785630094,0.0623357466977705,0.0,1.857616906539088,0.623796537126434,1.603089690513486,6.082913071238128e-05,0.0077904421173634,0.0111083208946257,0.0153663507222311,3.0452176461115427e-05,-1.6380181793349118,1.4276838305470043,0.7026197474189386,Malicious
50209,443,33.791847753754844,1806,53.47210256661474,4828,142.87471173653236,145520.56896142836,381.4715833673114,228.7903748667258,76.0,68,1.2015865528686012,0.4215002687396084,1.6673410503545851,188.08940491693912,13.714568855135566,8.58456748804964,0.0640129211999571,0.0,1.8638328638877228,0.6259451255669839,1.5975841328924278,4.7665818666120855e-05,0.0069004052539914,0.0117789075533133,0.0153792025070624,8.345169190959178e-06,-1.5634030973196056,1.7086842853473687,0.5867330162296462,Malicious
52491,443,132.41083939170971,53821,409.6352494285451,61566,467.3454031218815,11874.641293809857,107.5143087956572,138.46427391915313,89.0,54,1.4068432234485164,0.8033675093204571,0.7744978335109045,1248.215856310116,35.15332779321193,55.28171228287255,51.82238896893353,67.18808063141732,0.2824026399659135,-0.3710151327895698,0.6393392689684935,0.0007383301355519,0.0271235170170535,0.0256774230658145,0.0268184086424376,0.0269084086424376,-0.1303565269898707,-0.0467824214382847,1.0554386473084798,Benign
52830,443,119.51696950494326,33947,283.52359758155706,36171,302.1423208088861,7705.281369252109,87.77938460534209,136.29141263134449,110.05297307839272,54,0.8959256471183602,0.9375040743578076,0.6440732714919049,1214.9214767790047,34.82169973107,55.93520375487044,58.76960685354925,68.34287765255377,-0.2699499875408593,-0.3797417364580043,0.6226929600946598,0.0007480054091634,0.0273466023924794,0.0278113399681275,0.0269026586596956,0.0269162105946156,0.1002315562935518,0.0329247898363286,0.9836360657125436,Benign
443,33926,120.6536841049014,78623,651.6488416901568,46067,381.8125976894282,8329.838594525469,91.11406844020011,121.9467664457882,87.0,87,1.1521521529519696,0.3840507179839898,0.7468325000061758,1199.1745053600446,34.6290842683551,56.55782497879329,55.795293239421504,0.0,0.0660999842402248,1.6332626073155443,0.6123403225655477,7.940346259727708e-09,8.716513016045365e-05,5.273083693905328e-05,3.664376134582859e-05,2.688039280117556e-05,0.5790149563568209,0.3312755356737743,1.6356043717731663,Malicious
51312,443,114.6197532426289,88903,777.0283151453709,94787,826.8633898965398,9568.513406827757,97.58453139135436,139.36180223590645,105.90801908989393,54,1.053982914308261,0.8771547774939552,0.699532723918197,708.1903953995095,26.611845847733505,52.95431576596411,51.43821282063311,31.05385169486731,0.170823978500944,0.8229796427605932,0.5027101166750637,0.0010429173421553,0.0321592086172072,0.0237134617782895,0.0207523505268543,0.0182591392958512,0.2736207828427645,0.2071247358435721,1.3532415602222938,Benign
50188,443,33.32541057322605,1874,56.26307309612974,4963,148.95609235261674,123395.5463142429,351.27702229806886,213.7168419020797,76.0,68,1.176138772540127,0.4148203058226258,1.6436562514867503,171.7701621627375,13.106042684784963,7.641532337896303,0.0683567077754593,0.0,1.733509503868458,0.5830522003693567,1.715114079708291,5.735934591165729e-05,0.0075706305022152,0.0095173796675495,0.0153061495367417,9.366354800695574e-06,-2.296927716746885,1.256360454595602,0.7953082313408579,Malicious
27799,15528,115.0571227840358,121252,1070.4681535021762,210372,1888.403931675826,9450.964233808794,97.1436025696268,153.41172826320275,129.8575574458127,76,0.7414979833856487,0.7772649592297354,0.6511135979097838,1128.3535323999351,33.55254145484862,55.50897962623294,56.71356646575919,0.0,-0.1085975725423152,1.6592464678605725,0.604972312246655,6.734177911221182e-05,0.0066135057027355,0.0096846842204524,0.0085444229764525,0.0084717850078779,0.3995722549583171,0.142986500394796,4.751082620771257,Malicious
4302,48650,30.620332220520343,12568,467.4475589138614,10520,422.9718732063493,8717.78062615634,90.25225418913011,134.12796969263647,86.89679790504113,54,1.4606824537990657,0.8948705733132738,0.6484943400372764,95.38421792335237,9.400924368593294,11.304963542541374,7.276876303295921,30.591275952051788,1.1907899079615891,-1.826856355733556,0.8439804737552099,0.0003972180886716,0.0191808330778141,0.0151425227762313,0.0034661937556288,0.0034467434834882,0.9535129835877324,-0.1732002229164273,1.5165522287022166,Benign
443,33926,120.6461893303438,78700,652.3219927346446,46110,382.1979489361036,8844.352066291302,93.97742784564376,122.67593698836502,87.0,87,1.1395354362980272,0.3798451457660091,0.7659212442365446,1244.0521826172594,35.27053922953145,54.90846178028926,55.71333905608842,0.0,-0.0680434870383293,1.556983689232376,0.6425764000606509,1.448405109148063e-06,0.0011624870407038,0.0001217266479888,3.489406398369137e-05,2.4435007913020688e-05,0.2730246469759807,0.1343134163962935,9.140667057866176,Malicious
52491,443,118.20799130137806,54727,464.07738848911856,59843,507.0257884744893,8277.601784513548,90.98101976563954,136.10638116360187,89.0,54,1.5532740708045594,0.9024562444687249,0.6684541231820162,1055.9700683295814,32.48584708392945,49.2820283249382,45.01477734541466,76.3518258526688,0.386600358108246,-0.8278792050510597,0.7034218424575978,0.0010048409947335,0.0314604910042566,0.0279704790739631,0.0268303133648074,0.0269265819632139,0.0834150341868698,0.0247328274515515,1.1213806518883231,Benign
53246,443,105.42061839225616,40876,393.75961081525895,42526,411.2162581582589,7684.976133673053,87.648495214775,133.7637309949879,89.0,54,1.5326809754260051,0.9103588646807864,0.6552452955185617,800.1746727482208,27.38733280717396,43.26572689586989,37.34145642964522,1.0776030883342564,0.5988725769983425,1.585126037153206,0.6230366584357581,0.001372518268172,0.0365017764795555,0.0320048851700571,0.0269275974541786,0.0269172582163508,0.3978678462778942,0.1331457493297228,1.1321243844397295,Benign
50178,443,33.24982226335715,1874,56.37276819525101,4963,149.27568378300086,123397.35964375004,351.2796032664834,213.6801169849714,76.0,68,1.1758164940583409,0.4147127123922745,1.6439508534834053,170.96308575837807,13.075272555733251,7.619725275694308,0.0697588227347688,0.0,1.7322687602909963,0.5827582213028787,1.7159776192381735,6.950687758318876e-05,0.0083144265239442,0.0101540337684483,0.0152947377298683,4.485143794655796e-05,-1.880171387886484,1.218240355112557,0.8178486311761829,Malicious
51247,443,96.41806493718585,62174,645.7521571765204,65119,676.4240744582113,7545.65718598335,86.85937117620284,135.60690215276364,100.33540409354896,54,1.2167031225490283,0.9396869708784632,0.6405343029090782,670.6111987241717,25.896161824168157,46.19610599193647,49.81756429806738,4.667595667779265,-0.4195379672625834,1.603665200268536,0.5625784537639129,0.0010659210550642,0.032644764026933,0.0277616232874335,0.0268554085042285,0.026830835162888,0.0828236984798874,0.0283694397942176,1.1758644564630294,Benign
50977,443,120.98830906355258,38312,316.667420679561,38130,315.16106025592416,7351.036019663921,85.73487092688487,134.0836626670176,92.28502179526348,54,1.464975280049577,0.9340606000253482,0.6394055741330483,1333.63682551168,36.507528021222456,51.07055690597,42.69203370577597,10.46230825629921,0.6768156607201764,1.0957064776271694,0.7164277078063694,0.0007789765310074,0.0279086732166357,0.029070716179417,0.0269201859912818,0.0268631468540522,0.2307077047454017,0.0789373724512854,0.9600936170892254,Benign
53746,443,121.47239284436324,37412,307.9635131856618,39884,328.30566447800754,7983.907899369193,89.34162405072819,135.9190801628146,99.3921422019225,54,1.220555939362464,0.9172382442636252,0.6573624006404147,1177.460598856264,34.31388414685168,62.54327222391948,67.04135965309345,84.44026779074609,-0.393682743697144,-0.6380427212406063,0.5528085627003753,0.0009013193794623,0.0299314145374926,0.0288948567442498,0.0269243549148623,0.0269684196594492,0.1924783961960885,0.0627655154982903,1.034430861660668,Benign
54144,443,121.56317721897616,38115,313.5254745896826,40660,334.4565059342736,8078.175068307344,89.8706159572744,135.72902023308913,94.7626766702016,54,1.3631686498101718,0.909638961964194,0.6621674547629662,1180.913460723984,34.364230678914794,64.5986696415449,68.63821934645482,86.84216005970812,-0.3529615978560995,-0.6472166232809843,0.5349106458208837,0.0009530351389171,0.0308069807240414,0.0291905470038339,0.0269284288445302,0.0269847153781208,0.2167221975812343,0.0704691737275994,1.0543324595539088,Benign
50953,443,111.9901192058867,38020,367.93596756385256,37995,374.2245460291802,7426.24167824209,86.15356754274781,134.42463597429068,91.93815616942764,54,1.4847359657929946,0.9334725735126193,0.6408327831970736,1221.9992946312586,34.167791626977255,47.13572925049449,37.80389184450599,0.4441717877756035,0.7629005989326606,1.385328604961578,0.7169169010964754,0.0007709397303473,0.0277563632959655,0.0283069659557218,0.0262004764760224,0.0237226904708966,0.2261066709182491,0.171328356764777,0.9878348143022152,Benign
52491,443,121.185931,35194,290.4132494,37434,308.8972432,7686.456414,87.67243816,136.518797,114.0,54,0.770554491,0.941217089,0.642200489,1166.565407,34.15502024,56.05765245,62.002614,76.861315,-0.522174619,-0.609095307,0.609283813,0.000738135,0.027168645,0.027961833,0.0269115,0.026917,0.115979284,0.038457322,0.971633178,Benign
54640,443,121.42380522255704,70643,581.8299466925416,78300,644.9058699983152,10165.767531677984,100.80351125771338,140.397602448369,97.31105653697432,54,1.2758706746704789,0.8576126070992973,0.7180764960680498,1074.3689022644453,32.777517008636515,51.68615139422719,47.92329417002685,17.32092668127956,0.3447881290950286,1.048526963472736,0.6343686410809206,0.0013238541914479,0.0362526618303069,0.0285622457848545,0.0268697076559719,0.0269590721768202,0.1390600646623572,0.0438343241582348,1.268338728995581,Benign
53522,443,109.07753943753166,58955,541.6553697874341,61800,567.6040100056208,8127.751353189284,90.15250736912095,135.4988084358458,89.0,54,1.5473262196468602,0.9040196549365056,0.6653324821524925,908.4147781882556,29.89466317823741,43.7394103794055,40.40229277671157,50.18558498949521,0.2628780398675691,-0.07490147813707,0.7387954934011547,0.0012555841307589,0.0354056311653485,0.030053777505711,0.0268540765664766,0.0269227299735678,0.2670640371218173,0.0871258850484535,1.1782370249604304,Benign
52648,443,62.10397286301122,3100,35.110313560024274,3117,36.67396634955743,2388.067825006277,37.24623234769117,87.29444412553111,70.74743949407738,56,1.240124137100698,0.8414701714752981,0.3579651629011817,289.50117974983635,16.617422035881717,50.43769243655474,58.61188770822223,28.236746348986017,-1.372985297429209,2.1048560572576718,0.4188861202428719,0.0005915561230812,0.0148083557828766,0.029911518663513,0.0269831986610897,0.026973898437938,0.2198848586977317,0.702879111729114,0.4252921583905675,Benign
443,33926,120.66368767445272,78767,652.784196633116,46069,381.7971663921131,8004.461360745066,89.46707549082049,121.57240903110753,87.0,87,1.159291472130534,0.3864304910435112,0.7359156697389958,1201.9149145341903,34.66857822929448,56.39749436461995,55.776561812581136,0.0,0.0537215208335839,1.6267637982647656,0.6147178358654202,1.4015836264231805e-07,0.0002211666059528,6.230763920511622e-05,3.624048653243853e-05,2.739238922595082e-05,0.4948350986046121,0.2480024499614708,2.763316548341691,Malicious
54050,443,107.395564416894,60038,559.9905930724412,62602,583.7482483280036,8081.077286597389,89.89358466481364,135.33471934381117,89.0,54,1.546309358412804,0.9047962842902688,0.6642270951667599,796.0859506905048,28.006135945167944,48.540802164798606,48.09208239770884,38.88137549312159,-0.0132335393835195,0.4647026018859932,0.6167170168683855,0.0012060608338155,0.0347051244866135,0.0294127329610466,0.0268592401096761,0.0269077311099883,0.2174322172532781,0.0711156436718706,1.1800666822342345,Benign
50203,443,33.60728414114083,1874,55.78256965848043,4963,147.7054167129703,123396.90961437736,351.27896272564846,213.68923131931788,76.0,68,1.1758964766441973,0.4147394147669815,1.6438777396057418,174.65685040173966,13.215204591623,7.725576605144623,0.0685550622020202,0.0,1.738180689208031,0.5845814467327425,1.710640565819904,6.623025064910346e-05,0.0081149203499302,0.0098441122597197,0.0152431974080447,1.46675866909644e-05,-2.0197283744281664,1.2148371894225518,0.823161919761776,Malicious
50182,443,33.42201461702878,1807,54.06670321668403,4827,144.4295149752611,145429.75206445082,381.35252837421206,228.7613012001661,76.0,68,1.20173296584013,0.421555620607875,1.6670325164621351,184.1308531162045,13.569417627119666,8.462778288322347,0.0622435481063058,0.0,1.857229533835052,0.6236634975642597,1.6034305891168057,6.170124996160942e-05,0.0078494900559055,0.0110615850636819,0.0153649822332426,3.190116480194541e-05,-1.6436606305227082,1.4087010850364974,0.7104395743886531,Malicious
51706,443,104.57649412096508,59304,573.2056054202524,62543,604.2506130281047,7883.613209755323,88.76510126153387,135.75358366875648,94.85612452979144,54,1.377751677015456,0.921504654036416,0.6538612890319587,921.7407112461112,30.11848253534492,39.18768051722105,35.943802577415184,40.37450154025881,0.2450674006558805,0.1381007790126203,0.7957582959355622,0.0012176389422873,0.0348285566441467,0.029646762355694,0.0268485047111767,0.026893438754702,0.2320519230569185,0.0761808232262619,1.1747931380632148,Benign
50749,443,95.08155,62311,655.3427032,65358,687.3888783,7474.676771,86.45621303,135.6737513,102.0,54,1.168467256,0.944683424,0.637236106,670.5858142,25.89567173,45.06527704,48.811292,1.49506,-0.43397387,1.682528938,0.574625819,0.001053454,0.032456951,0.027624168,0.026854,0.026822,0.071186682,0.024714815,1.174947648,Benign
50182,443,33.63501189349104,1806,53.70957486964225,4827,143.53364732380604,145478.21280530834,381.416056918631,228.7586207,76.0,68,1.201511754392588,0.4214783899907954,1.6673297634620552,186.3150920970686,13.64948054505714,8.528540834081936,0.0643676735311714,0.0,1.860309047324366,0.6248180563134843,1.6004718381917602,6.061601844097794e-05,0.0077844696434403,0.010874741740895,0.0153117778138427,2.8432371069860706e-05,-1.7108658504071177,1.3935161844054391,0.7157780990436309,Malicious
50224,443,109.89666981321793,908409,8429.760532972588,1299572,12105.170126864728,13480.15820966417,109.25902494835935,170.66300851389778,165.0,118,0.0819044743224579,0.7109431842230387,0.6304111223907353,830.9518933896437,28.58528743602165,50.90990096458422,49.69012988757161,0.0,0.1140513491905821,1.8007003978352802,0.5592800870590313,0.0007700849551492,0.0255527656856942,0.0120020980977319,0.007507981750335,2.0092862088853876e-05,0.6509114517503537,0.5661562457636939,2.1001063286006216,Malicious
50181,443,33.412083114778326,1807,54.082609601797145,4827,144.47126595872882,145427.29729125687,381.3493103263449,228.76043971148064,76.0,68,1.2017363286057643,0.4215569185108436,1.6670247280449948,184.02415273825164,13.565505045893635,8.459489556571103,0.0622006269440545,0.0,1.8570492004219536,0.623601563726191,1.6035892874660092,6.21072471813496e-05,0.0078769786119724,0.0110398281566509,0.0153643451612767,3.257571158936418e-05,-1.6462873578845827,1.3998640574085413,0.7140799343639239,Malicious
443,33926,120.71486074603786,78636,651.4209469295467,46045,381.43736099914224,8329.700711898833,91.18503454939636,121.81705586659116,87.0,87,1.1462296609239742,0.382076553974658,0.7483584334577483,1211.868099310525,34.81182814663242,56.6402147710476,55.790499950530354,0.0,0.073285538103795,1.6270678448878884,0.6146492905778719,8.237546560310705e-07,0.0008827994318652,0.0001061998235752,3.208633814002496e-05,2.359708867988349e-05,0.2898439591241306,0.1339069669475753,8.049747607406905,Malicious
50204,443,33.57281745733452,1807,53.82892688828585,4896,145.8611232473389,141546.28954074666,376.226375532579,223.44875115470677,76.0,68,1.1757449399643716,0.4131787738719979,1.6837255566157965,181.82048049658783,13.48338621362967,8.231107196726175,0.0670362178203366,0.0,1.8164077665122265,0.6104420154736748,1.6381758036084615,5.176320164949043e-05,0.0071946339508097,0.0103253316517477,0.0152481008331871,3.4136909825736485e-05,-2.052767937936657,1.4303965445300613,0.6967983605164899,Malicious
52821,443,116.50469815286516,64921,557.4054787490222,71879,617.5855695477809,9069.363597230524,95.19172754381913,140.3223770044328,114.0,54,0.8292354046811887,0.9072707044874134,0.6782618431236154,1097.6603324196597,33.12969414130778,52.4292639392156,44.39745213510376,17.374846552583488,0.720865230229175,1.0573488599973406,0.632075173378624,0.0010719159716001,0.0311229364994165,0.0247307357917157,0.0233004453243309,0.026911075975536,0.1283422804811395,-0.1344397531743048,1.2233713256766536,Benign
54640,443,121.772998,67491,554.2361698,73742,605.569389,9569.621606,97.82444278,141.3743744,114.0,54,0.839494924,0.893175283,0.691953144,1079.693003,32.85868231,53.07471368,52.747025,20.96734,0.029917999,0.977135156,0.619102394,0.001651844,0.040642882,0.028947976,0.026839,0.026905,0.155671251,0.050266516,1.403997352,Benign
50207,443,33.89785766983371,1874,55.313147857275126,4963,146.4331673145985,123406.4668207956,351.29246364516644,213.7344504108839,76.0,68,1.1762363864386138,0.414851855830868,1.6435940997726557,177.59932010910967,13.32663947578438,7.810911206717782,0.0656459604893062,0.0,1.743559924439086,0.5861125602939575,1.706158867387248,0.0001119942814777,0.0105815562563029,0.0113173511174882,0.0153742898023171,7.177130492102556e-05,-1.1510739208881842,1.0629026874551726,0.9349240035273692,Malicious
54444,443,121.3030904738594,73298,604.1841832185646,81607,672.6868324823349,10462.419550453364,102.28596939558052,139.97815428111477,90.2550021677019,54,1.4583498075990362,0.8405665869608887,0.7307313002233747,1053.4822484562696,32.42986859743211,51.05957186110942,45.68721048233671,16.318997082939802,0.4959759372469629,1.0684510270407952,0.6352984130698354,0.0011609740757912,0.0340730522957903,0.0281702029924364,0.0265917561934947,0.0269857489995664,0.1389457315289025,0.03478398428116,1.2109014115240102,Benign
54640,443,121.61384718172096,68927,566.8125243397914,75819,623.4976897653908,9841.32571334186,99.18220621774697,140.9291932123694,106.39371722461544,54,1.0383809327682632,0.8769669610202779,0.7038593262763518,1077.2664494072587,32.821689780479616,52.44185172440515,50.54852389018413,19.305422283065766,0.1734256603646042,1.009673241870236,0.6260602575983538,0.0015023568118614,0.0386419610830548,0.0287721725947151,0.0268529955603067,0.0269296443561922,0.1481004074173225,0.0473349301795805,1.3421685220457862,Benign
42588,443,75.96485450078475,29203,419.0547080390189,48921,697.9327294582708,16849.862157560077,129.17936576214177,142.46042638327847,128.44446992445816,62,0.3821410500347802,0.6181890235328799,0.9083168995175244,474.9808672425127,17.49092671268348,31.67088880901196,31.79581426204542,0.0,0.2361789481778821,1.264861038761898,1.1526832343864442,0.1789472019608867,0.3477023067096932,0.091551754833346,0.0090534623520936,0.0001835300242899,0.6065669810337846,0.2692789717192008,3.698994986640269,Malicious
54294,443,119.4053989327553,67031,563.2045754919724,72998,612.8269850116183,9383.794691054243,96.81605199684266,140.868714687036,112.93556959491534,54,0.8686756033843673,0.8977441856158157,0.6870996040897189,1043.404158775214,32.24104562897681,52.36425635606541,52.39791551070874,19.24009942597316,-0.0112303851695961,1.039705371759872,0.6151572091046643,0.0015987652908251,0.0399167691791395,0.0288305508761921,0.0268403305380063,0.0268976376896981,0.1481772556663272,0.0480000153794973,1.3836800628988963,Benign
54640,443,114.906691,57076,496.7160703,68354,594.865272,17033.21637,130.5113649,146.5303738,114.0,54,0.747759565,0.708983267,0.890677895,1178.686214,34.33199985,46.67888605,49.605084,0.054805,-0.255697131,1.358035688,0.735493127,0.001067014,0.032665175,0.024943528,0.025127,0.02696,-0.016850201,-0.061731541,1.309565139,Benign
1129,33464,120.63743925642794,80168,664.5975061426225,50835,421.5807407503021,8678.800742048943,93.1512011402065,123.23824311503913,88.07556193059098,86,1.1336910053257192,0.3907545414291155,0.7569233122231742,1248.188419062814,35.32969992742424,54.71961249856461,55.7414096496233,0.0,-0.0867731637949486,1.5488172819112136,0.6456996919178103,2.8816291604387016e-06,0.0013673140734034,0.0003565199501035,0.000247299377992,0.0002352447789194,0.22502742448788,0.0831312389395316,9.651982068167962,Malicious
50176,443,34.117514,1807,52.96399966,4897,143.5333184,141596.8489,376.2935674,223.4666667,76.0,68,1.175677817,0.413152602,1.683891262,187.7628158,13.70265725,8.413205367,0.071341,0.0,1.826331393,0.613983493,1.628708281,5.40513e-05,0.007351956,0.010487889,0.015274,2.3e-05,-1.9529949,1.423415528,0.700994878,Malicious
52229,443,102.12446244940875,80902,793.1014217310341,84316,825.5493963719383,8122.93411455501,89.97901554925316,136.30089684755507,92.75881523306472,54,1.4678970099762405,0.916191340218165,0.6597371591671862,707.7427458494898,26.603434233650432,54.03721492034697,55.675962960115264,29.971941513145254,-0.1848492800135828,0.9046046553493544,0.4924121982798169,0.0008369955500758,0.0288429683591837,0.0226188347385334,0.0202792421720856,0.0040864014108064,0.24164689051395,0.666941675485905,1.27339035209122,Benign
53045,443,61.66221018377395,30998,600.2362813011376,34450,670.1762888948023,8225.910506577702,90.6863452354802,138.54598259367668,107.55242932387652,54,1.0300859173655836,0.9321606197874812,0.6545534692051254,523.7911394758136,20.23295843831091,31.51491579398442,27.80387399180296,6.385745943453662,0.3124752330641276,1.42237383056037,0.623470167633986,0.0006993923565559,0.0264229701699331,0.0227815987191147,0.0223517122573357,0.0070913266075432,0.0496308651303677,0.6087222167755417,1.1675706327409308,Benign
53208,443,27.32378187976996,8009,8396.354304836816,12828,36023.28827589751,178460.78994723823,386.5855210501349,297.9794607778997,119.53871200042742,54,1.4209123660610437,0.6887312216540638,1.2000036264033314,362.2589108480457,9.463930834984971,13.648486797202825,10.25934794299164,5.700352758787922,0.770466078426466,-0.2477965700933178,0.5320124124111544,0.0003137151222588,0.0163437662265592,0.0166043097558399,0.0147738577030407,0.006636557358531,0.4361577750213883,0.7998628263436978,0.9680344933791456,Benign
50228,443,123.53403573104274,540018,4281.38613118869,830795,6616.5810175838415,15915.631900623575,124.29261997133968,178.21140402588992,165.0,113,0.3263786705574219,0.6049523858355832,0.697094678226492,1157.6052217343345,33.98212654468766,56.37326000863344,55.27284730208217,0.0,0.1025027572218339,1.6586818428573822,0.6028930114614524,0.0006598218024295,0.0221201551156489,0.0147045796048291,0.0119433739191676,0.0081371985368107,0.3816261180486445,0.2390213473477981,1.673505724353133,Malicious
50232,443,115.9850033193726,168391,1450.510150258989,369901,3186.9894725202826,10519.427828776816,102.54978191836597,178.1690914675572,165.0,68,0.3856175109377614,1.0746898359088723,0.5756089061040632,1165.017404573568,34.089514039068945,57.8904507250349,58.45411359084531,0.0,-0.0527359773721777,1.7003731457301,0.5884891728191176,0.0001076007876057,0.0103578226241614,0.0170625469169871,0.0154696042028414,0.0153254519731651,0.457305515488379,0.1664822832001688,0.6066159085673368,Malicious
52945,443,121.28959401977409,35996,296.7642290423234,38320,315.92064124869285,7794.096296296354,88.27647270561913,136.30177522353904,108.71379982508638,54,0.9333981993607224,0.9325397747084868,0.6476871867125239,1170.5080908549785,34.212508916559905,58.40462795162546,63.82600374823764,79.60393901249392,-0.4756767831715099,-0.6195706161341106,0.5888469028014727,0.0007971871421539,0.0281684187528812,0.0282994697944039,0.0269161518561539,0.0269356074246156,0.1436623040472598,0.0472538189606568,0.9943580108221598,Benign
54116,443,121.57964891526004,38963,320.47448907659964,41170,338.6155687043752,8075.116023889374,89.84488497931238,135.25342175144803,89.0,54,1.5446359333739277,0.90459066955513,0.6642260900378891,1208.5728956327607,34.754594661088305,64.89218691714791,66.47615545349083,77.80638461549789,-0.1461976326128012,-0.3880037294119658,0.5422207005543255,0.0009861733575245,0.031375542534718,0.0295155591063549,0.0269318860855107,0.0269848260688841,0.2470569024497183,0.08073136585896,1.0628645667980177,Benign
9629,27747,31.903411244649163,22355,707.5865976586649,16576,511.31255272044655,10288.055079440908,99.4734576773796,127.7810387968636,101.39263950979743,83,0.8956261567271814,0.4253440643439797,0.7719376913796941,90.2824580137824,9.306647367010513,12.199798122876595,12.993152264958855,0.0,-0.1828514788971108,1.2452718141738728,0.9045630477107396,0.0027205079514748,0.0225605835819893,0.0063548397480164,0.002858879949017,8.004672619404073e-05,0.5748034858597412,0.2827814093156418,2.726979974885096,Malicious
50181,443,33.40483669102142,1874,56.112512998734125,4963,148.59184954079345,123397.68210166931,351.2800622308919,213.67358632393632,76.0,68,1.1757591844252862,0.4146935794362721,1.6440032415058137,172.53232728973342,13.134617590408103,7.665472172130724,0.0692461780133198,0.0,1.7349612228883888,0.5835944026751991,1.713530694427453,8.703607516193229e-05,0.0092946964814729,0.0107725535089584,0.0153098256158768,6.838690591490566e-05,-1.4823878689617225,1.1566937389914491,0.8613618931177007,Malicious
53306,443,109.76259350151096,58513,534.1875899029264,61474,561.0285995881665,8146.761301975024,90.25796437571488,135.56564052191945,89.0,54,1.5477403785447903,0.9037033404321444,0.6657826968331831,954.1653504828378,30.66384419464713,41.7838445029911,37.27030712509773,54.78969299380335,0.3753359284549941,-0.2946776123982495,0.7885170144981031,0.0012757545467381,0.0356909415541615,0.0303148694750482,0.0268519734994215,0.0269288388826325,0.2872786535616867,0.0936467196540468,1.1774918211757552,Benign
52521,443,112.26412457713354,56901,506.9183794431085,60281,537.0179493940943,8216.177688409254,90.64304928069964,135.80968336313816,89.0,54,1.5492527137134915,0.9025482920878816,0.6674266926485019,1121.2273158664543,33.472571733830115,34.64293538720258,25.833604756811518,71.60197081812353,0.785985127974011,-1.0972081839870642,0.9700792249735086,0.0013494084742645,0.0367327758287707,0.0312682682055053,0.0268442939776597,0.0269511460648931,0.3610939826940933,0.1174580817969624,1.174770648463913,Benign
50225,443,125.71125383392692,766249,6030.466133598279,1106978,8727.466324244697,19094.10209411621,136.9373680683412,178.51780403919824,165.0,141,0.3011353413735521,0.3242978411864907,0.7668234280326566,1091.0308422472558,32.99945109352423,54.65244380313191,52.87176721708696,0.0,0.1659251719130786,1.655990662624342,0.6038715435177912,0.0010107061566629,0.0297611676101273,0.0134440798733982,0.0097670454423726,0.0036849805407486,0.374545601522883,0.2963866670451568,2.3493403628459326,Malicious
54008,443,114.58238971467487,74093,654.947221307532,80791,711.6958873995425,9653.948091601242,98.03283112080776,138.5935916242604,89.0,54,1.5205140371759511,0.8655909479056418,0.7067848671632326,964.75950474333,30.93457944412266,51.97936197938429,48.86001833576903,19.663939851424512,0.2700780337979944,1.0382119852010854,0.5971723298074904,0.0010481874340312,0.0322534599685622,0.0265887391824625,0.0249047788532619,0.0190689342640947,0.1606685196094721,0.2632270208413555,1.215405224094103,Benign
45776,5415,104.93912372720244,64132,658.0131723217868,70453,708.8686744601616,8455.145935560799,91.94894959059933,139.10277852054426,114.0,59,0.8190598037705359,0.8595105468361759,0.6610122288242833,1041.3906780322975,31.960499047693222,50.18558443536078,36.35920084683593,12.693969246869846,1.1444269432176322,1.1907774924495396,0.6330677515737866,0.0081867086753708,0.0460655905966354,0.0205184623000095,0.0173681086986525,0.0242594470081761,0.1148851413965294,-0.3017262183898804,1.9888839306563175,Benign
15284,37721,23.68893642983012,9731,629.8837032725847,8150,649.1733004665152,6748.232806646662,71.03809257982782,117.43579174204018,80.91238668473635,54,1.1295315127923888,0.9187044384249244,0.5220843325576243,73.75980888168196,7.2749091389085905,8.747284084586823,5.632403460690098,23.655935699439688,0.920826236160696,-1.1859804830501106,0.8793516201648904,0.0003071648786078,0.0148323513756549,0.0222413663824731,0.0132121748917419,0.0131971341857637,-1.5297551096311812,-2.4010314567357627,1.172735065489002,Benign
53465,443,102.36881186616958,61568,603.0508668963939,64058,627.6039894946866,7861.692925448807,88.6544069320043,135.3092606176383,92.92389771774332,54,1.431470220728931,0.9174405842189908,0.6552193128418561,670.7242216878929,25.898343936978797,51.23104928041997,54.297927084026405,18.793106993436485,-0.3552630373746551,1.2525294725213894,0.5089383337126235,0.0011214298171238,0.0334809894683024,0.0283736341275744,0.0268616797788542,0.0268701731582673,0.134636767046134,0.0446414219963545,1.1799464872687049,Benign
52716,443,4.6841339934483015,4829,10003.058561756612,10340,42915.59232010467,211148.2171580424,443.92959096845954,329.6021969878845,127.92237167438374,54,1.3201141595838797,0.6469352509573851,1.304456636674508,19.74303920979484,1.4468854469011818,2.428224006033285,2.399290475601659,0.1445617752589496,0.6075271803790645,-0.3770941794945292,0.4912954975498084,0.00020672264539,0.0138016294628844,0.0140352123896055,0.0118460918412271,4.132084507167268e-05,0.5210287322053431,1.035167205237977,0.9692568527774004,Benign
50201,443,33.50759953889234,1875,55.96309136883173,4964,148.1777158407309,123394.47413536216,351.2754960899471,213.73670511129325,76.0,68,1.176313520830253,0.4148786541498969,1.6434963658473585,173.4693073678567,13.1700861265227,7.687595340873467,0.0661074513470449,0.0,1.7360253119906297,0.583695459428527,1.7132432417781227,8.185820854591944e-05,0.0089346162535151,0.0102974764119987,0.0152960720738711,7.429825424553433e-05,-1.7628259774598585,1.1572504362569191,0.8622623091864418,Malicious
50198,443,33.36517407731112,1875,56.200245889433866,4964,148.81186902953107,123394.118244207,351.2749894871154,213.74323915664817,76.0,68,1.176371020011198,0.4148978533705889,1.6434437520414449,171.9667271117528,13.11312877370984,7.642905946757917,0.0662804728680433,0.0,1.7333223653987144,0.5828292193950665,1.7157831121887932,7.082926271043656e-05,0.008331906710041,0.0099243144681608,0.0152675313637608,7.513461205096457e-05,-1.986686286101344,1.1917945329399875,0.835666696560726,Malicious
49312,443,111.07640770039036,149670,1352.873115601671,329669,2980.8832112296327,10292.23103984927,101.39113718778084,175.76169763561032,160.60271126122768,67,0.4439299442293429,1.0734754865109746,0.5827040738162558,1027.547276496832,32.054895257102324,56.65372384225039,57.99887760834822,0.0,-0.1259014779431275,1.7677712522379163,0.5664178202760548,0.0206977915332629,0.0444565709031194,0.0253663348142086,0.0147561670657454,0.0145302119800522,0.5572297514398422,0.1965483766762957,0.8105234524547504,Malicious
34040,443,120.55183024288178,42593,353.931714991465,71795,596.5069406873594,13410.41052723716,115.78363611873696,125.50020330850144,87.54874590269458,56,0.9851101295361644,0.5994751302587419,0.9226264213593952,975.1673009656774,31.151644889263657,63.70421975144687,65.07476132871471,0.0,-0.1279298185521784,2.0363736551880933,0.4973781944388207,0.3626466559339602,0.6008478749537225,0.1558162262010188,0.0020317189679722,7.363828503915081e-06,0.7661291275034539,0.2594205431013796,3.854501729609487,Malicious
50224,443,127.18018550806867,918882,7210.540381898816,1293314,10151.64439961848,21238.5613636546,145.4685625162579,178.72452686770575,165.0,160,0.2841041005668309,0.1349450383686407,0.8138682183790601,1046.1142513988907,32.336456837825494,53.49143865335428,51.25179970702073,0.0,0.208715186228644,1.6541749695250147,0.6045317422961382,0.001247441806257,0.0349164275543577,0.0125936423456681,0.0082987139836795,0.0006811454973343,0.3697684985857923,0.3350900633604319,2.805314390275293,Malicious
443,33926,120.64653745626164,78619,651.652842878602,46105,382.1518372620511,8990.31080721758,94.707766574272,122.82484305989928,87.0,87,1.1358940217988618,0.3786313409329539,0.7708475573344116,1241.1324835484118,35.228745860044576,55.09548675092936,55.72765589921772,0.0,-0.0531465925821494,1.5642718654405874,0.6397816131368886,1.3662989550279204e-06,0.0010983839629856,0.000117296522932,3.481498040398752e-05,2.401322882126676e-05,0.3106086353986255,0.1731896595613343,8.664375713513282,Malicious
50188,443,33.33288270318322,1875,56.25152058659592,4964,148.9240257216753,123395.4521,351.2768882,213.71875,76.0,68,1.176155517,0.414825896,1.643640945,171.84460414285033,13.10886520251917,7.6436625737629535,0.0682197948628943,0.0,1.7336532486758467,0.5830887338124663,1.7150069722419354,5.926487931822915e-05,0.00767198216904,0.0095778805279022,0.0153134085683418,1.1863121961511846e-05,-2.2629842080728824,1.2502814302922296,0.7998349878195207,Malicious
52582,443,58.19169314084748,5172,486.2812934877178,4995,570.2675698496835,3933.1367532242034,51.977839067274026,101.68149387332647,78.6521545526389,58,0.8804041884654377,0.8919255500011674,0.4323514627076154,89.49259417745375,7.558221095496154,50.28766756505056,52.21133200403662,0.0,-0.4868544667309663,4.6047558381864455,0.4587200575681502,0.0010166518599947,0.0254464832144301,0.0390448039064872,0.0340121757424437,0.0339994373883717,-3.2529275386867944,-3.504538985251221,0.7307895371921094,Benign
443,33926,120.69236780022186,78148,647.5023181063574,46034,381.4185651147687,9440.260968430097,96.82011213563592,123.07011861014874,87.0,87,1.120733561077834,0.3735778540259447,0.7859106831085244,1204.932041806119,34.71183110412965,57.20315133345836,55.853521656561085,0.0,0.1169045878526132,1.6480699233805287,0.6069740557009012,5.278419436004704e-07,0.0005769559452124,8.369555569292491e-05,3.25948141734819e-05,2.122420052375111e-05,0.5220943548745846,0.3805467483417726,5.422227174772122,Malicious
50193,443,33.245089265332204,1875,56.3993917495863,4964,149.336293579688,123394.27697896218,351.2752154423697,213.74032483839463,76.0,68,1.1763453741970835,0.4148892901243493,1.6434672188780874,170.77072482459545,13.067911278970266,7.608758204687919,0.0670426413402766,0.0,1.7313494865350878,0.5822467296593322,1.7174860699220151,5.859048266623476e-05,0.0076540152880604,0.0095247631355625,0.0152604463749243,5.525645351816748e-05,-2.2485861337772475,1.237349780858545,0.8035767447715191,Malicious
34396,18700,40.73914461549053,4864,146.307349357845,4214,125.65015378226876,3410.150825861776,42.44934387635882,91.30725660477252,70.17290123863415,54,1.303974482768158,0.8615278437132659,0.3726230831551949,281.0278221708098,16.16909167219668,26.12959776234146,31.88094842513228,40.7116784675254,-0.673002418937175,-1.0945192167959763,0.6663703099041022,0.0001504421312052,0.0072664841078266,0.0219789793514478,0.0175566939510913,0.0175473797365294,0.6406295370257069,0.8631091984823326,0.5744501016694206,Benign
52634,443,100.13889674698206,61795,619.0522620054161,64456,645.898272024153,7743.265292405776,87.98175568013407,135.42079541607535,95.70120119251672,54,1.3509908447697885,0.9257769417470904,0.6497164194966483,670.681868749913,25.897526236880587,49.34431198555092,52.61900696944486,13.499873783010424,-0.3793486924448979,1.3841100753490072,0.5290388212858417,0.0011006290959301,0.0331676318718507,0.0281442961567577,0.0268593297528371,0.0268554320859781,0.1152209279344706,0.038543844740134,1.178416833543014,Benign
32638,12274,114.0685689274961,128760,1144.2744533523512,239426,2154.822106852583,9592.851136197443,97.87671241495968,158.88379051210924,137.4385262139679,74,0.6702272805276406,0.8472759707039588,0.6319728377058447,1107.196061113304,33.238746129303074,55.65951911494916,56.89388661134326,0.0,-0.1122412837339107,1.6790624062487791,0.5976583953495385,7.897804230694975e-05,0.0075625339431886,0.0113752027396748,0.0100496340445605,0.0099659161985554,0.4308624354935973,0.1537323422635569,3.8617630524388815,Malicious
52491,443,141.27759201949218,53999,383.9360176485402,63113,448.0195034477208,14728.565325561787,120.60925452640215,140.22862481922306,89.0,54,1.287945366294297,0.7240776902581558,0.8589623446203387,1432.7335304946218,37.75636390718767,53.70598117282061,48.88040197491444,58.09725462312927,0.3765379100335843,-0.1336703041499455,0.7050661768161405,0.0006735885730302,0.0259241613070533,0.0252680987518887,0.0268147337359529,0.0269047337359529,-0.1814904315331127,-0.0639757764440508,1.0254485369841937,Benign
50190,443,33.27503512079261,1875,56.34864064694129,4964,149.19170205238282,123394.85536491616,351.2760387614037,213.7297058612127,76.0,68,1.1762519278774968,0.4148580880014123,1.643552725600815,171.16445216830206,13.082966222583112,7.6220306943640175,0.0676826683329877,0.0,1.7322537446025477,0.5825911603468682,1.7164707567222464,5.768278948708418e-05,0.007594460326144,0.0095100155000522,0.0152850824019865,3.2489366440042e-05,-2.2818082192819795,1.2481190755241929,0.7985596222778065,Malicious
31597,12974,114.28133490133806,127144,1128.389158727877,233173,2097.481050403626,9562.312886043012,97.718925533503,157.7060411708769,135.80687793102263,75,0.6855668398239481,0.8322075341818312,0.6360924943719181,1111.7497735413658,33.30628414717137,55.627118572776894,56.85507639263367,0.0,-0.1114570495164728,1.6747974313049587,0.5992325661859774,7.647357494370884e-05,0.0073582750487968,0.0110113532471452,0.0097256681861249,0.0096443350568411,0.4241278648991505,0.1514195198565294,4.053170877881257,Malicious
50197,443,33.54746866667664,1807,53.86684467312664,4895,145.93683834442623,141461.16934516764,376.1132233531101,223.41857269855515,76.0,68,1.1758579681419463,0.4132228485443271,1.6834465035656876,181.45266309627056,13.470064921961503,8.217932555580449,0.0654344417126888,0.0,1.8156567607801524,0.610076643961714,1.6391496173182725,5.3821989713753794e-05,0.0073356434584275,0.0105453346510305,0.0153980678355839,5.241356711678557e-05,-1.9854332364576104,1.4303954971618933,0.6956502126799995,Malicious
52643,443,35.98761140170153,3219,1269.6363737412216,3113,1515.3584197401626,2443.5222227601244,34.23864528667364,85.96375581463252,71.72402291814993,56,0.5443803797458681,0.9331743182256568,0.3020331751499227,55.335951002149145,4.676444324706379,31.097345769951996,32.28680532900311,0.0,-0.3010367544274582,3.228928914460871,0.6653103376036021,0.0006286264114416,0.0157343256392426,0.0300805316236245,0.0269687063200249,0.0269608298127139,-5.828082241334359,-5.9836611636335535,0.4518691425859401,Benign
52647,443,62.37624919671977,3147,35.60823810204374,3160,37.12826636564358,2423.179901101604,37.630205086455874,87.64708757663794,70.91743763946344,56,1.2414482101672977,0.8413662896065401,0.3604708119462103,288.1135132552923,16.573053707578172,50.70316714253193,58.82936052050563,27.97375888980152,-1.3673170614547103,2.1472782191827924,0.4163832701469629,0.0006009130906027,0.0150425402159461,0.0299572395826465,0.0269826007365784,0.0269732008593415,0.2233628981133235,0.6981793876702493,0.4320174815867917,Benign
50209,443,33.31129796450593,1807,54.24609219671546,4895,146.9656367870943,141464.6249143751,376.1178288225852,223.41980433737405,76.0,68,1.1758533708804104,0.4132210543109074,1.6834578624629943,178.95052685584096,13.377215130015449,8.143464502505243,0.0665971421280749,0.0,1.8113317069818275,0.6087558317894796,1.6426950532805988,5.313713117704849e-05,0.0072889547611886,0.0104805034472142,0.0153238560269146,5.052325497760516e-05,-1.99391476459594,1.4309318954221923,0.695484765631988,Malicious
50177,443,34.09266816058744,1807,53.00357154555554,4896,143.63969333452735,141594.1413136392,376.2899690991815,223.46570727553737,76.0,68,1.1756814116108794,0.413154003572423,1.6838823880418483,187.4930382012947,13.692687246095364,8.40498924745011,0.0712342306622156,0.0,1.8258732171759784,0.613826660168778,1.6291280352035855,5.3993438185807296e-05,0.0073479835877112,0.0104843743186127,0.0152729350409764,2.354687084995344e-05,-1.9550890839515864,1.4236363323153332,0.7008493357492154,Malicious
54640,443,119.8463013451978,39215,328.8262802254787,41868,351.0821901126546,8173.796072827728,90.40802544121168,135.36751352561578,89.0,54,1.5385725268051385,0.9000001837566726,0.6678676440721267,1134.055789883996,33.521911582108295,65.11443583253148,68.08294881975868,83.34336316690509,-0.2467409719790053,-0.4844318032776988,0.5162468585714082,0.001067541328643,0.0325823669329519,0.0298515327426675,0.0269333164690629,0.0270011091441335,0.264120219268396,0.0859256469277418,1.0901167950700303,Benign
39388,13545,76.66620253137049,9468,169.5790303253316,8698,150.40640380993636,6976.669201623588,83.13830490561907,128.89252652770523,89.0,58,1.4313216436327747,0.8444586719755378,0.6435908885740577,131.06213795481324,11.424281699775582,62.14093809970485,63.30605922445942,8.314649877678761,-0.2483089296661935,4.466582694291237,0.3216910619434082,0.0013023397187127,0.0351081924354327,0.0292387285754543,0.0201527239581319,0.0201324722178223,0.90369738405021,0.301862312001757,1.2707375878920109,Benign
52574,443,61.08796638198285,5427,451.5301340733914,5240,527.9051873232744,4127.54349792036,54.29294733581813,103.73278581999249,79.55633176784629,58,0.924258013369538,0.8865422521148673,0.4493590532891706,93.95028411896612,7.933546763092495,52.79139026695806,54.81087438125551,0.0,-0.5111051811386444,4.784312379853294,0.4317583550563956,0.0010672923195026,0.0267139983329757,0.0386756945289451,0.0333923860555563,0.0333790131911578,-2.916849021330532,-3.180993489052817,0.7671909046840468,Benign
52742,443,27.964157526846275,122,770.7744718952912,247,927.1682929177508,116.18478549156208,10.152385845552825,63.3022212660292,60.18864208155231,54,0.720117945109537,0.905370656101921,0.1585650675035965,234.907621613504,12.099747442396655,20.96205745611172,27.94202898756817,27.93693546272418,-1.0781305965188617,0.0179072975983354,0.7366650619413854,5.604442532058395e-12,1.868147510686132e-06,0.0270134543167379,0.0270134543167379,0.0270115861692272,-3.7728416310462265,-3.150125794150849,6.913702579130927e-05,Benign
52699,443,7.758906921146172,6941,9289.09532589831,12329,39676.20973486536,195547.4559060907,416.8150003689458,314.99583834162684,126.85124239545398,54,1.2835078361959074,0.669265965162024,1.2544689224915888,33.14683217322057,2.407059341265862,4.030553756342295,3.986938506077423,0.1830043977643944,0.5644286290991107,-0.2231756076466707,0.4995728918881114,0.0002419191242343,0.01472258752259,0.0145951018912591,0.012533929601087,5.375976573021185e-05,0.485654271341266,1.0185428272270622,0.9877204753039894,Benign
52661,443,29.52344118350466,3770,7522.690998956814,7537,32355.37310791354,160702.28102489177,353.2971860824571,278.33905132613233,116.45579379388128,55,1.3766901909733271,0.6837016225397268,1.1361722499568607,45.25560825065609,3.839961692485936,25.47165054527974,26.439461937661363,0.0596170360994497,0.2086940435022735,1.7356214619440953,0.3731570916411809,0.0006191031091758,0.0213047312003544,0.0201706904954816,0.016013965457571,0.0086791996542135,0.5796328349149675,0.7822204189018025,1.00819241476329,Benign
50208,443,33.90146120496653,1874,55.30572844425842,4963,146.42275333660467,123395.62255295756,351.277130811008,213.71529785811765,76.0,68,1.1761252228255714,0.4148157822185016,1.6436686375850718,177.62628568731915,13.327650464125274,7.811258757969774,0.0658065402935715,0.0,1.7434698192592928,0.5860941840049881,1.7062104408416532,0.0001102131147923,0.0104899777493783,0.011262777496977,0.0153630941232207,6.918305222400384e-05,-1.177551303965647,1.068009844481333,0.9309866149835504,Malicious
50226,443,121.92558228068994,691549,5485.611922033291,1010218,8059.765759400392,17909.53886166723,132.01227935555843,178.77253014234006,165.0,133,0.3231901887484131,0.4236899399222529,0.7384398282620136,1034.3088550072275,32.16064269252997,54.209649637448216,53.075570557601445,0.0,0.1055693523534662,1.6856519265543322,0.5936696740045245,0.0009135099492085,0.027847673483248,0.0140821199966305,0.0104479675221823,0.0050582717897354,0.4263284858166093,0.2941932780545643,2.159612936104439,Malicious
443,33926,120.65286613030028,78779,652.9462181936009,46078,381.9087860391657,8060.085684803273,89.77007894764897,121.6756552743084,87.0,87,1.1588864083395127,0.3862954697798375,0.737762452505629,1205.6748686182875,34.72211349930036,56.16596362437744,55.76618294261242,0.0,0.0348320640858452,1.6177518596753362,0.6183079345731297,1.9431178281633904e-07,0.0002316848712264,6.261203770795039e-05,3.676047573636149e-05,2.7640713604542248e-05,0.5007773016438846,0.2527408457218525,2.699696715424793,Malicious
50207,443,33.821267273271594,1807,53.42810606025679,4842,143.1807473397868,144690.75007154813,380.3764976073616,227.66683897539176,76.0,68,1.1961257674046444,0.4197410374880551,1.6708239831913254,187.59124914960896,13.6963537924706,8.534920635761527,0.0643601089096068,0.0,1.855320251763958,0.6231393669995341,1.6049007059559317,4.771315129467057e-05,0.006906094032993,0.0115293052870845,0.0153615403791079,1.0806064125937803e-05,-1.6603398212042852,1.6703622447989823,0.601796656686256,Malicious
52719,443,8.178055111280372,770,1086.3738135479375,755,1301.7927711512464,576.0679443681283,11.99991664693195,66.25922381385492,63.038575241925486,55,0.1231243524973706,0.9848858094362212,0.1386597394890116,12.515985749637068,1.076994871477833,7.0526995512852295,7.321723644509063,0.0,-0.0680865013615915,1.5041243945708995,0.9243021065723248,0.0001421785625478,0.0035586856697864,0.0454186855346149,0.0447148734762717,0.0447130920199615,-9.056423244078374,-9.091611055364426,0.1022007729602751,Benign
52742,443,23.62687613465261,111,967.3517376761748,219,1162.713415491805,102.8432936437236,9.430096641287149,62.86717261881707,60.23698082013144,54,0.6083186587180626,0.9200619899193132,0.1480613855101282,198.43792346797545,10.223341233542149,17.709765613463354,23.606087110159272,23.599688391034903,-0.9107493610612604,0.1703785199091189,0.7775481677670818,4.734345237634149e-12,1.578115079211383e-06,0.0270115207671947,0.0270115207671947,0.0270099426521155,-4.739616402628723,-4.213578042891596,5.84034088898146e-05,Benign
51523,443,105.18915306698324,69382,666.2370845396439,74898,717.478414838663,8148.260319230618,90.24139178135437,137.47969546995475,102.88579264006567,54,1.1592720386908402,0.925119224814072,0.6563030010397813,935.6309687251282,30.398795381191547,52.87318581950085,44.66516074606273,20.563733543651445,0.7103519019657016,1.0505885546211229,0.5768879380127558,0.0005742397969171,0.0236621919392775,0.0209834164482382,0.0196574418258921,0.0149666705417154,0.1573525308869538,0.1633534139660976,1.121132154149807,Benign
50198,443,33.473133754117995,1807,53.98534603308792,4895,146.24985804027966,141435.6665463971,376.0793252618097,223.40953278356992,76.0,68,1.175891829974166,0.4132360523279518,1.6833629052308774,180.63424172686837,13.439796713145403,8.192881973856176,0.0652633840069096,0.0,1.814206246894996,0.6095913689120634,1.6404500728480644,5.426964156003897e-05,0.0073663652325473,0.0105955212055637,0.0154238315804099,5.756631608199224e-05,-1.966876429532912,1.4305460961491034,0.6952465509364195,Malicious
52742,443,0.027001,55,2036.961594,66,2444.353913,30.25,5.5,60.5,60.5,55,0.0,1.0,0.090909091,0.000182264,0.0135005,0.0135005,0.0135005,0.0,0.0,1.0,1.0,0.0,0.0,0.027001,0.027001,0.027001,-10.0,-10.0,0.0,Benign
50194,443,33.21758866560146,1874,56.44353822974552,4964,149.46408430732316,123394.14147042087,351.2750225123304,213.7423350907548,76.0,68,1.1763631892987565,0.4148952409893463,1.6434508764692983,170.42635998071086,13.054744598600925,7.597742626935898,0.0668007621993546,0.0,1.7306217538352582,0.5819908776819891,1.718240181411424,6.0886930553507486e-05,0.0077973040010939,0.0096218476655868,0.0152418426745015,7.526416871246016e-05,-2.168652561948428,1.2247071477986056,0.8101767983211364,Malicious
54640,443,96.750105,42044,434.5628359,44920,464.2889018,7899.639299,88.87991505,133.7907692,89.0,54,1.51184109,0.897736785,0.664320233,488.384424,22.09942135,39.33141866,35.985846,1.445943,0.454162026,1.714319803,0.561877047,0.001700283,0.041234491,0.033548622,0.026931,0.026952,0.48146264,0.159978264,1.229096392,Benign
54640,443,112.93741081276964,40061,360.4558298497032,42781,384.9463280379736,8091.786069501217,89.95091348837956,134.8958534400982,89.0,54,1.5305762070691562,0.8993231210054141,0.6668064877499108,940.9126108018947,30.105040100680363,57.40182200736484,58.48156829478266,58.84494349794218,-0.0370760551021391,0.1732926951084509,0.5298964644249174,0.0012568167780449,0.0351705237514512,0.0309574631125761,0.0269326235311029,0.0269864188593832,0.329135036879254,0.1080774080811938,1.131690516001347,Benign
443,33926,91.20364364209266,59629,679.6516353452089,35466,403.4422259333312,10330.720824502714,101.33317853046476,123.89842114712746,87.0,87,1.0945262995261067,0.3648420999565027,0.8170459370249402,835.3352127845,26.55087549073681,43.78236332902793,42.67086221413547,0.0,0.0153474736960647,1.5907194126535678,0.6335496379024506,1.266209781309702e-08,8.445020969955647e-05,5.397808162485054e-05,3.46490476045795e-05,1.831319726237657e-05,0.8253494499623467,0.6437201965725639,1.3336220064839608,Malicious
53831,443,126.40293766409916,55950,449.71960896755616,66656,536.1825923823944,16672.671025252646,129.11009232939705,144.47247128694437,104.59351036172713,54,0.9299040234590082,0.7005879068948565,0.8937379592752235,1307.0277908488808,36.08251609380566,49.04318900961596,48.81018163231541,20.28011526687132,-0.0011026303824407,0.838898227175716,0.735711916681352,0.000907491599782,0.0299159056575401,0.0249929914613734,0.0257613736612051,0.0269385532036247,-0.0878744748096474,-0.0656279584682778,1.1973399822905422,Benign
50230,443,36.109819,17234,477.2663081,28476,788.594371,19924.29061,141.1534293,157.6206897,165.0,68,-0.156835942,0.634916843,0.895526023,27.87837282,5.279997426,3.037201041,2.0487055,0.0,0.561645468,0.57522775,1.73844186,0.01474346,0.121422649,0.034107563,0.01533,0.000341,0.463938895,0.278091142,3.559991911,Malicious
50226,443,124.88524125839356,680419,5366.884439283704,1002197,7926.619681227773,17888.22549989493,132.1400898678988,178.40155924782846,165.0,130,0.3107123825191236,0.4307750852226492,0.7403691081187203,1116.2884287939642,33.37226733974855,55.30530252410383,53.78271056375556,0.0,0.1418634061045628,1.6570116667729724,0.6035002992299416,0.00087758449615,0.0268622516026379,0.0139222995925155,0.0105927205035631,0.0053741030264066,0.3772318715312956,0.2746228963844502,2.092936142415934,Malicious
50232,443,112.66277553543244,160954,1427.657615129271,354923,3148.6609777370154,10271.799246386654,101.3393049690524,178.53625819281214,165.0,68,0.4009896080910196,1.091039892720071,0.5676358996150884,1083.7819317170845,32.8887792096202,56.87539528476162,57.90870068907935,0.0,-0.0965982464814675,1.7309595636235686,0.5779858799138291,0.0001158497610128,0.0107527274293884,0.0173391129904273,0.0155011935046991,0.0153691910065065,0.5099480817307563,0.1823492156587021,0.619834289817564,Malicious
50184,443,33.829179,1806,53.3858655,4828,142.7170314,145522.8728,381.474603,228.7586207,76.0,68,1.201327319,0.421413692,1.667585693,188.3182581,13.72290997,8.589040483,0.066165,0.0,1.86320733,0.625890609,1.597723285,5.87464e-05,0.007664617,0.010779889,0.015271,2.4e-05,-1.75786121,1.403317159,0.711010783,Malicious
443,33926,30.951614,23514,759.7019012,13884,448.5711149,8107.633456,90.0423981,121.0291262,87.0,87,1.133770099,0.377923366,0.743972967,104.4028286,10.21777024,14.27304807,15.469587,0.0,-0.351311168,1.396884813,0.71587864,3.64e-08,0.00019075,7.51429e-05,3.7e-05,2.1e-05,0.599889169,0.283842691,2.538491718,Malicious
52519,443,120.85945806496808,35285,292.3391486345213,37534,310.97334125629743,7689.304627199936,87.68857056020049,136.4823493987315,113.66598946252938,54,0.7804583924140701,0.940636173811663,0.6424960181032862,1157.5046232146328,33.99395235740884,55.83418291647772,61.65501901348287,75.85373384258935,-0.5091303498980517,-0.5780535018136623,0.6086504386243439,0.0007509897028242,0.0273565706312975,0.0280364748558649,0.0269117605282192,0.0269174676147524,0.1208622956869649,0.0400808930060542,0.975072995059482,Benign
50173,443,33.221763843613694,1874,56.411018075867865,4963,149.3922808102237,123398.31355336236,351.28096099577084,213.66079768789777,76.0,68,1.1756469581078115,0.4146561124158063,1.6441058301025513,170.65924956593574,13.063657766512804,7.611724633309655,0.0704668363339228,0.0,1.731809729155896,0.5826640593580507,1.716254852387615,7.588808777291822e-05,0.0087051882089266,0.0104836982537125,0.0152868554566622,6.277974563087677e-05,-1.6621834730355984,1.197742561443595,0.8300830468206835,Malicious
17549,35384,52.21148039186674,11765,304.5996446186472,10187,258.67131844592507,8341.17139637977,90.91421749438682,135.11801844807138,89.0,55,1.513048547732221,0.8680305944624025,0.6712531596441529,115.31702860667616,10.708651408947272,34.13814809329307,32.21114572984928,22.173323232296102,0.6118859803027009,0.8111626565681975,0.607599931823115,0.0008125299417275,0.0270337334029278,0.0199350961960771,0.0088748456504526,0.0088541743149979,1.4210290347307906,0.4745216382276733,1.4763396742797603,Benign
50194,443,33.56171450390481,1807,53.84549653962332,4895,145.87613514516678,141452.2211304975,376.1013294664589,223.4154008466884,76.0,68,1.1758698493063062,0.4132274813805658,1.6834171712617048,181.6173629769561,13.47597590105063,8.22346559135243,0.0665286767558003,0.0,1.8158310667064883,0.6102124886811552,1.6387921283233744,5.4582208911440624e-05,0.0073879492249549,0.0106113537744443,0.0154101107724869,5.375949660722042e-05,-1.94862165319012,1.4290209679464938,0.6962471520056377,Malicious
52196,443,111.95051102211586,39997,363.0300949606013,40723,371.2464606520472,7523.310110249029,86.72109461661891,133.7433681205368,89.0,54,1.5483758031823327,0.9198647406713224,0.6484108250903854,1034.988547689178,31.369737595613596,46.22871296033385,38.36238681208453,0.8002008209417082,0.7078562458628603,1.4878282900347648,0.6690968717001908,0.0011256737723659,0.0329374987640189,0.0308422739967338,0.0269250349462998,0.0268910936622193,0.3349113634578404,0.1129377833351679,1.059093322860833,Benign
50208,443,33.90124717768792,1874,55.30621728028993,4963,146.42381673578873,123395.6078793554,351.27710992561265,213.7155950389786,76.0,68,1.1761278307278955,0.4148166528728361,1.6436662536429991,177.623876125879,13.327560124329324,7.811184723379773,0.0657915148292418,0.0,1.7434683562925957,0.5860926038111399,1.7062150387050614,0.000110381144655,0.0104986589348748,0.0112679531988513,0.0153640760087853,6.942555180653976e-05,-1.1749792114501818,1.0675205121007307,0.9313618312924667,Malicious
50190,443,33.56505222175777,1874,55.852768642041845,4963,147.8925639586998,123396.95906341364,351.27903310800326,213.68822984013224,76.0,68,1.175887688191645,0.4147364807213935,1.6438857733275565,174.17487709968245,13.196864801992843,7.712462029361434,0.0680743452732585,0.0,1.7377144733739176,0.584398960565514,1.7111745500942726,9.518368071408388e-05,0.0097149417323733,0.0109509935399152,0.0153307951310693,6.955838721057833e-05,-1.3738625790609338,1.1260965577658797,0.8853496734031436,Malicious
52720,443,3.897670342660776,4288,10185.675667541263,9831,43744.15973441201,215138.57089725687,450.8649453552528,333.3382030006109,128.19634450521755,54,1.3294773039235068,0.64122351372311,1.317242465454475,16.314624755687955,1.201292720508112,2.018381024185192,1.9932027756073512,0.1347289433873241,0.6185509030344685,-0.4164633832653266,0.4891783103872481,0.0001977201102768,0.0135660673401228,0.01389200417493,0.0116701570946656,3.8139225100699536e-05,0.5300767914571956,1.0394193790829982,0.9645342380281232,Benign
2942,32245,31.21055633825803,23198,745.5236099369331,14616,465.6403118389823,8700.830669730405,92.60817629797918,122.86602586048406,90.91560676322992,86,1.068981563835833,0.3908244608288099,0.7515809435520739,100.56129428455569,9.96989361659242,13.709007574905522,14.795857585001189,0.0,-0.3054806657120867,1.355637557193097,0.7672114023084895,0.0007401575430938,0.0062766018415847,0.0017835733399056,0.0008047099260266,3.706402774658434e-05,0.5930644534572134,0.2835539627414942,2.5897711162609163,Malicious
52491,443,101.70279062685364,34453,400.5519874828959,37118,436.6113685801416,7860.956086353803,88.64636735207792,137.3415934882577,114.0,54,0.7893299523476972,0.9401910344342,0.6453885077831947,918.9793424858846,29.005784194463704,47.70740643794356,52.08307214933173,57.45945452994396,-0.3771989535621379,-0.0407607351925116,0.6066363753855802,0.0007193143220843,0.0268131395159142,0.0262691928598727,0.025352316779379,0.0201166701133601,0.1020440581278066,0.2371746010676581,1.03211955069909,Benign
50224,443,102.13401025015952,889045,8853.34208569907,1284330,12828.943727210002,9852.106256912351,92.46912385156747,167.0885053501523,165.0,97,-0.0056052281466361,0.9832086055891432,0.5449752531492111,740.4205244981636,26.995350031112302,49.88379611763255,49.15805045601613,0.0,0.0681777705791696,1.8654826626391252,0.5392636804257633,0.0005367354899213,0.02092604728152,0.0118234296787864,0.0073011794608288,1.881102971588153e-05,0.7753361634006222,0.6643002646015683,1.745111264930879,Malicious
53530,443,118.5594286362868,65923,556.1693919851912,72605,612.8990457768814,9264.473103147022,96.21853323197512,140.73267466779143,114.0,54,0.833236799381811,0.9017732398314076,0.6836016935658228,1090.6527549211369,33.02399471505761,52.681000798617696,47.65393380601371,18.7759827847806,0.4513835417078845,1.026064091177447,0.627015559078489,0.0012980981997798,0.0348358842791826,0.0263755343535488,0.0246805444778188,0.026908706237193,0.139001064232063,-0.0624010285831208,1.2938186831078633,Benign
50180,443,33.39702021102225,1806,54.10634721124643,4827,144.53457791978437,145423.47280600146,381.3442966670751,228.7586207,76.0,68,1.2017378178601752,0.4215576906713205,1.6670160692301943,183.85980059134735,13.559477698029802,8.454386084116003,0.0621646806661444,0.0,1.856756606426183,0.6235034226302115,1.6038407548441378,6.290761997093367e-05,0.0079313736828193,0.0109910032632416,0.0153617594028889,3.38651524879298e-05,-1.6532633815913214,1.3815030763382097,0.7216214243446225,Malicious
5862,44804,17.279147829324494,2184,72.5383783946778,3302,99.40838196770004,2886.9029748890757,40.66071522519603,90.23183282074636,78.55911797128711,68,1.3015065069219338,0.5086414636657253,0.4059621312298125,27.47600045040206,5.241738418924299,11.762320217951377,13.557702519234253,0.0,-1.02896791409201,2.245462308854796,0.5530492055668146,0.0016049276203317,0.013238187788287,0.0037582914063254,0.0017142243658071,6.207220541250372e-05,0.0505029435440575,0.9214152495243386,0.7894177054351701,Malicious
40959,9712,32.1751370164409,14089,392.69812256795024,23216,644.5884739298174,16364.31648230252,120.15540602375884,143.53974066466458,146.938116911574,68,0.1478857382642915,0.6085315136864384,0.7932313035346111,27.794296830408907,5.272003179566339,4.860320828860704,4.45351852073483,0.0,0.2292856832318539,0.9242244356453796,1.4907532312428424,0.011998154419751,0.0988174297503716,0.0277660613577359,0.0124849741061024,0.0002827178411682,0.377551162199345,0.4125141666772692,2.9810784823737357,Malicious
52742,443,0.0442458506013484,55,1280.8083627639785,66,1536.9700346303316,30.25,5.5,60.5,60.5,55,0.0,1.0,0.090909091,0.0004989482095139,0.0221229253006742,0.0221229253006742,0.0221229253006742,0.0,0.0,1.0,1.0,0.0,0.0,0.0442458506013484,0.0442458506013484,0.0442458506013484,-10.0,-10.0,0.0,Benign
52742,443,44.3195757599455,161,29.502899626065755,353,38.95315442132232,166.49410584546234,12.876060182726215,64.94274258191724,60.006361935342525,54,1.1417009418654358,0.8499712279214049,0.1981733143422367,372.4309022285351,19.17547196795663,33.22609764459201,44.29239605553578,44.2922242769196,-1.7093071015086223,-0.5570451631511522,0.5824992991087526,8.8854851638345e-12,2.9618283879448334e-06,0.0270207455225863,0.0270207455225863,0.0270177836941983,-0.1272387068505551,0.860037422464389,0.0001096123322571,Benign
443,33926,120.652326,77281,640.5263998,46015,381.3851048,11417.27333,106.8516417,125.300813,87.0,87,1.075345565,0.358448522,0.852760961,1192.584516,34.533817,58.20528745,55.9657125,0.0,0.194554945,1.685457691,0.593310651,1.06e-09,3.24953e-05,4.36336e-05,3.35e-05,1.7e-05,0.935545044,0.819613331,0.744731879,Malicious
443,33926,120.64735078461284,78801,653.1563356012261,46108,382.1797469189573,8514.669182655856,92.26327184035112,122.29397989773108,87.0,87,1.1477114289968386,0.3825704766656129,0.7544091604285479,1238.326526587926,35.1887897340959,55.00158504107589,55.71057344175087,0.0,-0.0600077691767938,1.5632935354945583,0.6399366892573931,1.247542312877376e-06,0.0010166758331573,0.000112837568892,3.540117920218191e-05,2.5601768803272872e-05,0.2860525115203142,0.1210915613588679,8.165513870002355,Malicious
443,33926,120.70063422454112,78741,652.3663265285113,46064,381.6431714324993,8266.709532683111,90.91358626883776,121.8200210868094,87.0,87,1.1490387491737182,0.3830129167245727,0.7462711788614677,1221.6825855441623,34.951916513072405,56.0779586906744,55.75861660326292,0.0,0.0278177686615743,1.6046338041539143,0.6234639006773701,1.0432825673520271e-06,0.0010123055484092,0.0001143842205147,3.274204430522959e-05,2.42473481017432e-05,0.2435495903527248,0.0896062453120158,8.813189579520092,Malicious
53333,443,70.52407874203267,30328,536.2494894051138,33542,597.0289417934437,8149.838608576727,90.26336683502346,137.9182801037178,104.1938988725067,54,1.1268558795445422,0.9295426984997608,0.6544645842189765,695.5979145152535,23.51768353061489,35.81746469966128,30.287821350358747,9.376491919908268,0.4505843648033758,1.317599438021036,0.6362771816780787,0.0007177234844419,0.0267620080423265,0.0235468142232867,0.0231670291097102,0.0106794462005687,0.0435852484868681,0.4991439532949389,1.145862959111866,Benign
52716,443,115.93546918504435,67160,578.4871668225975,75223,648.0724614293474,9491.919668841974,97.29564701620076,139.52175480304487,101.36050761756454,54,1.159134242858053,0.8811524583970035,0.6972545267704171,1094.667476127741,33.08390074453196,51.34028767093895,40.26115110175356,14.40538722777495,0.9993049357453504,1.1160582367524146,0.6443876371911892,0.0007899623198142,0.0272472531541348,0.0241946375612029,0.0231190005390804,0.0269523794192802,0.1141807274814343,-0.149996272500798,1.1101802688943916,Benign
52531,443,76.4924969322511,6783,266.69767791832896,6546,302.59059802906705,5161.542844154756,66.6064112533268,114.6430787478614,84.3654172286706,59,1.1575052000944026,0.8579098787693895,0.5398180420955299,117.65958747900812,9.929807209334506,66.1080457203003,68.63716997997034,0.0,-0.6400884778984713,5.739327325377973,0.2883560116135669,0.001336635865716,0.0334555844130609,0.0367124969265983,0.0300958845270417,0.0300791368658286,-1.1293340471308229,-1.4601384226861451,0.960800392089066,Benign
54640,443,121.676184,38991,320.4489056,41627,342.1129644,8195.51717,90.52909571,135.492437,89.0,54,1.540690425,0.90017951,0.668148701,1185.211522,34.42690115,67.15719193,70.625962,89.831993,-0.302272637,-0.658636134,0.512631636,0.00101741,0.03189687,0.029558617,0.0269335,0.027005,0.246900452,0.080058551,1.079105616,Benign
53372,443,121.38697508426644,36751,302.73034077133497,39153,322.5184229824876,7895.213226352009,88.84390289596818,136.09790491708011,103.74794217136582,54,1.0863736162510875,0.9243883036777942,0.6528413917989464,1174.2118489703746,34.266513792472864,60.60937727480672,65.53889649489747,82.18036063730372,-0.4319967055561891,-0.6294111239312945,0.5696484646853045,0.0008526607380036,0.0291076064450717,0.0286166458763135,0.0269205218108892,0.0269530872435567,0.1696677394131331,0.0555172502180101,1.015705723974412,Benign
50195,443,33.66969898343149,1807,53.67199062318717,4896,145.42213407885674,141503.1040843711,376.1689626321973,223.43343720345663,76.0,68,1.1758022884843589,0.4132011373106785,1.6835839659046117,182.7984089884455,13.519835515937457,8.259123705655934,0.065715715166051,0.0,1.818041868470972,0.6108745909961607,1.637011253447774,5.30859072313245e-05,0.0072851270583581,0.0104628119406878,0.0153557040177965,4.394080355930418e-05,-2.015946548578279,1.4301478643703012,0.6963139613961988,Malicious
54519,443,98.12592204779142,41658,426.4467419918676,44498,455.5398424071863,7887.636404255196,88.81193014578288,133.9443661012911,90.40758189204594,54,1.4701042262572517,0.9001848685428421,0.6630748189555563,526.5682348480285,22.778191057813324,40.27316041219723,37.45067526105441,5.692075480364317,0.3991910747182848,1.5835039215383235,0.5645462032152824,0.0016461109159092,0.0404425377949637,0.0332340674787567,0.0269299020861242,0.0269500293853511,0.4608847298500089,0.1531362369014574,1.214600369684226,Benign
54460,443,105.10677107720498,27713,286.54644730879795,30000,311.57760799061015,7852.974462304934,88.61272941118283,135.46872424023798,91.08751791746673,54,1.5044924702162008,0.9193264821503816,0.6541177180801937,1366.059319266056,36.33604531582842,52.60779780874225,39.981215775357725,21.047625076131343,0.9895435673933406,0.9087262350422362,0.6862554705126983,0.000789259160205,0.0280850746567625,0.0265330029911421,0.0263487341503557,0.0246817793576952,0.0199927409943369,0.0715240503749682,1.0611505992420436,Benign
50180,443,33.391113,1807,54.11619553,4827,144.5594221,145422.1141,381.3425155,228.7586207,76.0,68,1.201743429,0.421559659,1.667008283,183.7988576,13.55724373,8.452545483,0.06211,0.0,1.856668431,0.623470792,1.603924375,6.29645e-05,0.00793502,0.010993889,0.015363,3.4e-05,-1.651833626,1.381204898,0.721766462,Malicious
52522,443,79.81062218225259,7284,1474.916154154498,7755,6103.27517370024,34978.0509994014,129.72336378921062,153.72338945555518,94.12006572367552,59,1.3812447238825691,0.8029751422744069,0.7219481011488201,122.74542176069588,10.359210257951451,68.97022345256929,71.60774408627628,0.0111176222174259,-0.5829266186976308,5.741428922400452,0.1917430847406346,0.0014139919632334,0.036475026448767,0.0320885744916956,0.0248853857473816,0.0235012991014937,0.5907668137203399,0.3071703436552261,1.121427452214708,Benign
443,52491,33.056349,13565,410.3598979,11354,343.4741084,9409.971879,97.00500955,139.994382,89.0,54,1.577064388,0.886494238,0.692920731,102.984047,10.14810559,12.20385177,7.854821,33.028679,1.285667773,-2.052090122,0.831549398,0.000428867,0.020709093,0.012647657,4.1e-05,2e-05,1.826249576,0.609763906,1.637385666,Benign
52597,443,52.49928354409621,4671,554.5821121186278,4512,653.5276812955386,3551.044758772824,47.42766599029855,97.64983215125687,76.87506149943212,57,0.7942127579771693,0.9025060215239898,0.3989243086432049,80.7313362125598,6.820546416951334,45.3667868506483,47.10212484599873,0.0,-0.4391914916146315,4.251850813057269,0.511711278128024,0.0009171218040618,0.0229552765415378,0.0397702609293709,0.0352303262648103,0.0352188349935826,-3.9134648630971,-4.1404435889285525,0.659245357346445,Benign
52571,443,76.43311611740228,5546,61.31469201368547,5414,60.58250780192988,4235.918357868158,57.45364554662828,105.85308438561896,79.6939672551902,58,1.3098064058170673,0.8360031587581349,0.4898304764317974,216.47216647200477,14.282440792525218,64.40888501341836,70.05687464006422,14.396450626490893,-1.0746818636639146,4.337415997765443,0.2871681075898314,0.0010839871993204,0.0271328286582671,0.0323176829858509,0.0269517315634472,0.0269371868240218,0.4029243625415726,0.4555457560226836,0.7792271412742898,Benign
33926,443,121.150106,42773,353.0578834,72102,595.1459919,13364.25937,115.6038899,125.2726281,87.0,56,0.993200873,0.599224024,0.922818429,981.8788891,31.33494677,64.13404853,65.521304,0.0,-0.132815493,2.046725945,0.488585198,0.365111567,0.604244626,0.156678538,0.0019375,5e-06,0.76827016,0.259288261,3.856588346,Malicious
50208,443,33.8122267766127,1807,53.44235000300202,4838,143.0997039602879,144920.6247892233,380.6798564985039,227.97890887111816,76.0,68,1.1976450359803603,0.4202305536890461,1.6698530934116032,187.723831410174,13.701202302508628,8.54857048885187,0.0642126700237573,0.0,1.85769385401166,0.6239180958974174,1.6028700872759791,4.743621929318258e-05,0.00688632269225,0.0116222516629926,0.0153690104597539,9.751464505317975e-06,-1.628850360872948,1.688251137874413,0.5946638405727941,Malicious
51607,443,103.5931704550703,59615,581.7119590191539,62834,612.8606504060798,7841.262578413854,88.52598616922278,135.74531599951035,95.59596477809268,54,1.3560775816794777,0.923905113982378,0.6521395373589751,895.7303892342625,29.68115612788104,39.796381283207445,37.27639671474567,36.34803498118825,0.1747439376582561,0.2980461920302015,0.7728571819217842,0.0012006354784146,0.0345829463565716,0.0294372966788958,0.02684907381906,0.026886040352219,0.2153922569719051,0.0708508556947758,1.1748091395557485,Benign
50224,443,91.16658,861688,9451.796919,1262796,13851.52322,4726.233299,68.74760577,162.0382885,165.0,68,-0.129242823,1.367877287,0.424267662,612.5137851,24.74901584,48.43406961,48.406305,0.0,0.003365541,1.957009924,0.510983612,0.000207049,0.014389214,0.011570999,0.007009,1.7e-05,0.951128923,0.802962494,1.24355847,Malicious
50211,443,33.910306334816454,1874,55.285526261611096,4963,146.37880611676246,123396.22897059548,351.2779939441359,213.70301623064896,76.0,68,1.1760174457476056,0.4147798005871271,1.643767159032071,177.72586590885933,13.331383947216704,7.814318393947905,0.0664274993783876,0.0,1.7435302794515015,0.5861594888570948,1.7060204244141088,0.0001032689254166,0.0101312094023419,0.0110488806729826,0.0153225156260642,5.9161244209566575e-05,-1.2838484658650595,1.0882325398046055,0.9154800076214968,Malicious
12790,38815,64.7444188892215,82448,1365.6914903902605,77876,1276.0437808171478,7971.366724149584,89.27872747060911,138.08608916272084,108.06933020660014,99,1.0115922100917532,0.4317586016066154,0.6465547874663324,428.5022063325527,20.41036832949902,40.68462399828512,51.49852083825645,12.637456338339366,-1.7251813296770322,1.4206398131121138,0.5030960076863887,0.060503677476872,0.2211163472079651,0.0250704739240931,0.0048141654469141,2.432117508430392e-05,0.2657840632060523,0.2596764012032878,8.568812475933965,Benign
54542,443,121.65390377569848,38818,319.0838937445295,41436,340.603430101029,8172.382201265913,90.3992709644774,135.53908134692725,90.13615950853644,54,1.505690534428812,0.9020445194235266,0.6669694486882672,1184.3641235658197,34.41454514675656,66.6527580371769,70.23406204697525,89.24252263432541,-0.3122663861118124,-0.6563846827337276,0.5170241275967719,0.0010047179621301,0.03168198928831,0.0294860489470128,0.0269325001796324,0.0270010007185299,0.2409505588043241,0.0781679257241939,1.0742213827064284,Benign
52642,443,36.23574159947609,3241,1264.341787344234,3134,1508.9482995308758,2460.1739343753698,34.4369435263058,86.13945713604471,71.8014692961562,56,0.5481366344307035,0.9327132173308202,0.3034899429903434,55.717770862480414,4.708618894618056,31.311826018987528,32.50949291468659,0.0,-0.3031139246584163,3.244308647068092,0.6630009604491034,0.0006329639683979,0.0158428933551157,0.0301017805619013,0.0269684834918496,0.0269605526362032,-5.799295778396345,-5.955948203851588,0.454987064625238,Benign
50195,443,33.671903777802655,1807,53.66847583958919,4896,145.41284982681788,141503.86050454088,376.1699680590999,223.43370532987248,76.0,68,1.1758012841329106,0.4132007456827501,1.683586445454687,182.82268359598035,13.520733279506768,8.259866712941193,0.0657207887856177,0.0,1.8180848911199423,0.6108889843903427,1.6369726815717425,5.307262975191464e-05,0.0072842158419146,0.0104613233933937,0.0153549398578934,4.37879715786981e-05,-2.016496948680278,1.4301433975620697,0.6963259341168151,Malicious
50188,443,33.979328046336775,1807,53.17962270435265,4897,144.11766038776244,141596.8489,376.2935674,223.4666667,76.0,68,1.175677817,0.413152602,1.683891262,186.21448616141947,13.6460119169573,8.364128151796448,0.0673858753080238,0.0,1.823990192698168,0.6129345739838961,1.6314967567078569,5.198456627473618e-05,0.0072096633342579,0.0103220088619129,0.0152637094724315,2.4583158087451697e-05,-2.0568215293628307,1.4283065009743163,0.6984641119319346,Malicious
50196,443,33.217805,1875,56.44563209,4965,149.4680338,123393.75,351.2744653,213.75,76.0,68,1.176430515,0.414917719,1.643389312,170.411992,13.05419442,7.596665375,0.0664595,0.0,1.730525599,0.581932912,1.718411142,5.94175e-05,0.007708277,0.0095382,0.015238,7.6e-05,-2.21831683,1.227537662,0.808147945,Malicious
52491,443,145.460721,54084,371.811714,63843,438.9019906,16074.98073,126.7871473,141.0610048,89.0,54,1.231852105,0.686670586,0.898810749,1519.784705,38.98441619,52.96258765,47.4924405,53.808413,0.420948755,-0.021696499,0.736074613,0.000643045,0.025358333,0.025074989,0.026813,0.026903,-0.205614226,-0.072087204,1.011299896,Benign
52742,443,0.0429894655934346,55,1335.8984070544316,66,1603.078087843458,30.25,5.5,60.5,60.5,55,0.0,1.0,0.090909091,0.0004758759717616,0.0214947327967173,0.0214947327967173,0.0214947327967173,0.0,0.0,1.0,1.0,0.0,0.0,0.0429894655934346,0.0429894655934346,0.0429894655934346,-10.0,-10.0,0.0,Benign
443,33926,120.68844535182566,78063,646.8189652245895,46032,381.4152873810686,9633.92681072333,97.80278915897496,123.28863485026284,87.0,87,1.1162874055244942,0.3720958021748313,0.7924592589429762,1203.7224924720012,34.694393048563335,57.30131942733329,55.86451174170902,0.0,0.1245111269484929,1.651732385815381,0.6056356043935497,4.762389942232398e-07,0.0005236212106906,7.977113289011375e-05,3.268348512917857e-05,2.081040273050001e-05,0.5625955057589462,0.4235572025029162,4.964025150400859,Malicious
50232,443,118.25946015451402,173482,1466.155406426358,380155,3213.2298487406915,10688.958805706312,103.37849618788606,177.9177225301443,165.0,68,0.3750934970186377,1.0634962932358056,0.5810673696065172,1220.632668941516,34.911558678281814,58.58537591810487,58.82751306345,0.0,-0.0227070798165389,1.679433134459174,0.595679915866722,0.0001019533921925,0.010087463698798,0.0168732048137319,0.0154479775991886,0.0152955074450304,0.4212654687498149,0.1556194961397834,0.5975663672536983,Malicious
50224,443,101.9189750861393,888509,8865.075812771162,1283908,12848.993141151124,9751.604780530904,92.00402305629189,166.9894872407192,165.0,96,-0.0080293539338025,0.990750690755304,0.542608575078851,737.912694855447,26.951306820422808,49.85537175839409,49.14331120500211,0.0,0.0669070163459369,1.867277210606164,0.5387092014809487,0.0005302714243364,0.0207978815230148,0.0118184803450611,0.0072954507844799,1.877552139140466e-05,0.7787828800910221,0.6670189739584544,1.735277467490389,Malicious
52491,443,98.552574,78615,797.6960602,81323,825.1737798,7709.702597,87.80491215,135.4259102,89.0,54,1.586217984,0.927350284,0.648361248,707.6147813,26.6010297,54.34677114,56.887361,29.662668,-0.2865216,0.927937881,0.489468448,0.000778131,0.027894992,0.022305926,0.020144,3.5e-05,0.232506873,0.79838438,1.250564184,Benign
52343,443,110.89403055540184,57304,518.555035471484,60670,548.9339083419395,8155.702315103631,90.30133837256122,135.80670076895646,90.1028902831075,54,1.5170007276766155,0.906082475465924,0.6649229865201693,1088.8486154698537,32.92816322210057,35.276975018956286,27.38231635787896,66.24324656412878,0.696872899793323,-0.8894967550507118,0.942890544643906,0.0013268806968119,0.0364065232834585,0.0309925115640511,0.0268448483771408,0.0269409710971689,0.3390848880185109,0.1104241402971353,1.1746903336503938,Benign
45090,3899,35.57731389713515,17882,506.42342662406224,26969,753.4922145393762,18704.40302637169,135.87700369716248,153.8431751798223,156.94770312086115,69,-0.0236007753827944,0.6083862305281263,0.8798805076172723,35.7783425181422,5.7897463057444725,4.197128938001256,3.434204502791566,0.0,0.4673967773480528,0.6600511680015037,1.6328779801906643,0.0132214289251012,0.1089073253850028,0.0305942405620413,0.0137512336388119,0.0003079649358804,0.4779736638083112,0.2786849007187553,3.45453777233162,Malicious
443,46015,42.26847074033646,20214,182.5462771909451,12052,109.78112895069422,3546.0898599935326,48.64864907751914,93.1821919660326,72.90664337768021,72,1.3752400417407786,0.4584133473330077,0.476986735862456,328.32227796400366,12.802786740045836,24.54652648352989,25.55214691763728,0.0,-0.8571232112642275,2.2521818296047256,0.4560397604987732,6.661277701867468e-10,2.54521079402151e-05,4.909766853803455e-05,4.648072320476823e-05,2.515931172871146e-05,0.241599257613902,0.9534161550068084,0.5268400650722245,Malicious
50749,443,110.50108,61993,561.0171412,69757,631.2788979,8499.282518,92.1915534,139.123548,114.0,54,0.817543922,0.923333482,0.662659591,1118.135436,33.43853221,51.69372612,34.882495,13.280934,1.508250812,1.148758321,0.646858617,0.000411045,0.020274253,0.019924878,0.019268,0.026918,0.097198893,-0.344926237,1.017534581,Benign
50214,443,33.92183586141591,1874,55.25919294529449,4963,146.32152141334484,123397.01942911957,351.2791190283943,213.68700726831747,76.0,68,1.1758769595469163,0.4147328989380769,1.643895580622604,177.85566760001677,13.336250500149406,7.818306594798888,0.0672369125138686,0.0,1.7436090886274105,0.5862446129923209,1.705772740152501,9.421725319973263e-05,0.0096635589245781,0.010770068585017,0.0152696220145209,4.609793094705645e-05,-1.4224056127199385,1.1145925941620267,0.8952673205177893,Malicious
9758,27661,120.5333253393238,97269,807.6160101249747,110122,915.7855298174932,9055.43962008293,95.06280025423456,132.81255209659977,101.59372128785397,83,0.9989285653341562,0.5074332237053857,0.7267726553459396,1251.0184353256727,35.36962487174715,55.49482378534656,56.33525251153294,0.0,-0.0713719688598916,1.5688819884456933,0.6379015760084661,1.9512710393253065e-05,0.002862434110069,0.0032329249899649,0.0029155760634333,0.0028776983137937,0.2545409698213678,0.0943712264010586,8.059574337041333,Malicious
50190,443,33.96235574448618,1807,53.20610599948999,4897,144.18943055207632,141596.8489,376.2935674,223.4666667,76.0,68,1.175677817,0.413152602,1.683891262,186.02431691994755,13.639054612938027,8.358100380605961,0.0669000982203426,0.0,1.8237026413431856,0.6128057434502114,1.631839243409017,5.173072550655313e-05,0.0071921866370243,0.0103016350996021,0.0152624455672699,2.47776050353877e-05,-2.069573743657855,1.4289072210002134,0.6981532776938533,Malicious
50227,443,119.5213760319312,579119,4630.460775349919,870564,7023.350602061403,16271.707165095451,125.40491627664372,178.77369849528935,165.0,119,0.3416504127222319,0.5660649376904194,0.7014759820885552,1033.462064355318,32.14747108771299,54.62896760123607,54.014889646158856,0.0,0.0570574431924507,1.6993942822425967,0.588924284255737,0.000747177334353,0.0243131018876733,0.0148041904149308,0.011513289890653,0.0072291573318476,0.4511647742984551,0.2729051899524276,1.8381554859314757,Malicious
50232,443,120.044984,177479,1478.43745,388205,3233.829412,10822.04623,104.0290643,177.7203896,165.0,68,0.366831798,1.054708992,0.585352444,1264.292491,35.55689091,59.13091518,59.120644,0.0,0.000866598,1.662994533,0.601324887,9.752e-05,0.009875223,0.016724565,0.015431,0.015272,0.39297284,0.147091849,0.590462178,Malicious
53267,443,30.739181282436064,8800,8062.176305404732,13509,34557.045531061245,171462.98338999006,374.3562016040574,291.2996198479672,118.28645525003824,54,1.4268060180582351,0.6981201839477924,1.1776170078334482,407.7991892920816,10.649555455982524,15.3556951533066,11.541418623073556,6.405902132644727,0.7829694987391247,-0.2030431286591814,0.538663650213808,0.000333682278844,0.0168338662179079,0.017030944571161,0.0152692721174385,0.0074679630810301,0.4189386116181801,0.767204040110727,0.9712995010439588,Benign
34274,16917,92.07330414789922,69082,882.3826882104285,72064,888.3479830810797,8353.049968124473,91.38776271894648,139.0547349253904,114.0,73,0.8225663148624432,0.7118764539801548,0.6572015795679781,863.8660515804775,28.54153869169944,46.696977574229344,39.77509087999094,11.336212687344728,0.3028359588923255,1.2879755019674506,0.6011669638448554,0.0261732373444186,0.1057256598154658,0.0218915310791333,0.0129733135034847,0.0181097289131041,0.1557966606073835,-0.2017966939564243,4.235792188866301,Benign
19185,21320,32.89348922134719,21149,653.3752468953751,19377,576.5774147082433,12556.171993438433,109.28382899016104,134.80450939454195,116.36414261648788,79,0.6479042034919897,0.4746719956171166,0.8010271407224177,75.59417432855078,8.358879661562659,10.04316326773593,10.417116764038672,0.0,-0.0076164389977819,1.0875610286438904,1.1008362326468597,0.0055503952877652,0.0458301188705596,0.0128871023538542,0.005794254269666,0.0001414682774009,0.5487088711219666,0.2816774434986959,2.9230491199233573,Malicious
54143,443,111.93455207584168,28762,256.1986187319103,30558,272.4909068986492,7741.212678259335,87.97881221986431,134.90464198971273,89.0,54,1.5653276725240477,0.919648553365556,0.652138597159711,1458.311051943512,38.18449723747161,54.64851785616916,41.30130572185046,20.037388529145723,1.047677287892239,0.9086694907208684,0.6991174679748206,0.0007986757604672,0.0282606981971161,0.0272931115348053,0.0268639202999845,0.0269047279227406,0.0458118176601322,0.0138313716385783,1.0362638317201116,Benign
19271,31920,75.29055368517305,75538,1175.0603193081974,74166,1122.4688201751303,8219.871422119455,90.65572546536508,138.9920647111977,114.0,91,0.8271403647539038,0.5192959405568709,0.6522307982527772,632.2949893278742,24.081693895733096,42.14628276213139,44.23093060953104,9.565094307580082,-0.7949729598906534,1.4147649326102465,0.5595541496188342,0.049635669759443,0.183548922306982,0.0236826234029573,0.0072405461006262,0.0100877615934523,0.2091634759691747,-0.0714441530950964,7.166759810302446,Benign
52491,443,114.2383773156976,56161,492.4486880581336,60109,526.7601510663015,8237.711699481628,90.76161626804851,135.9113280981626,89.0,54,1.550583726180247,0.9024887118531604,0.6677994357831263,1104.6067985995576,33.22860536207906,39.15966128412369,31.69768548243647,73.56454712918234,0.6683677222285549,-1.031549303664639,0.8891429901650646,0.0012406425078189,0.035066316773122,0.0302337464227687,0.0268396036642099,0.0269438353763898,0.2738177278918489,0.0882921772286725,1.1575503378704048,Benign
52712,443,10.733690588103476,995,1055.7098228033444,971,1264.41273182015,747.6100373663786,14.042739381936894,68.0692583084477,63.83640996818677,55,0.161820422028218,0.9801356543523928,0.1536670258348489,16.449395898031973,1.40817757131713,9.261953315827792,9.615527498499484,0.0,-0.0894850300633489,1.6625628531603849,0.900511435693641,0.0001868630740238,0.0046771252418396,0.0450929880117856,0.0441679787670702,0.0441656374267417,-8.759871741355836,-8.80611853459424,0.1343208867831002,Benign
39295,12293,116.1346372256654,63727,550.4712458558482,68696,597.1448589852728,8466.004713021863,92.01028887919874,138.5543859410595,108.30795979339098,54,0.9873207638410604,0.9189372609298104,0.6640934282228517,1069.322232573741,32.669830652130095,51.42519486571903,36.982592473324296,14.925857801734454,1.310445334833046,1.114482763986086,0.635079780620602,0.0609129274879527,0.1331165712785806,0.0333886662016366,0.0148905933995094,0.0207940477825134,0.1796884433058953,-0.2315102915301547,2.2715632101705623,Benign
52051,443,107.99819490924766,58221,543.6057922312898,61528,574.2900082901408,8030.981969067656,89.59715720428046,135.78235292486,92.28168027647229,54,1.4531716751998227,0.9131517017235432,0.6598525198555493,1012.2496071653808,31.64026032332712,37.06956624514301,31.30673487701033,54.3855177264992,0.4897740594290828,-0.418466061373986,0.8754479877342312,0.0012768064043905,0.0356832141122359,0.0303756463399582,0.0268465243694434,0.0269191831972352,0.290023061709157,0.0947276707562776,1.1747374571907674,Benign
443,33926,120.65184205303416,78783,652.9852323320722,46084,381.9590974598327,8144.491749643056,90.23300952465762,121.79046443148896,87.0,87,1.156811462734499,0.3856038212448329,0.7408533766481646,1211.7375567113022,34.80876491695942,55.94976436799335,55.75585749270585,0.0,0.0172224122758347,1.607640157724907,0.6223239142092312,3.898733129456207e-07,0.0003774402678574,7.193780395720528e-05,3.650808454323098e-05,2.726212681484648e-05,0.4609076745159843,0.2282964959279302,3.7145776324203528,Malicious
51511,443,87.57520085925526,35940,496.6949619906525,37342,532.4369126361007,7769.116698465711,88.09137012261657,136.3557638232903,99.93687305059322,54,1.252544173294833,0.9348190538361926,0.6458692056764237,849.2757954328038,26.82934101441302,38.47757992216956,32.44940534758084,0.5167057521973895,0.5034673738248019,1.471685360312294,0.6741229479934255,0.0007322406582815,0.0270369507009565,0.0257710853904819,0.0242375913533844,0.0151954183782235,0.1663317096735258,0.4061786735142201,1.0681087281554982,Benign
37290,443,103.60342736899422,37503,378.6862695256769,63100,635.0609152792764,14717.815008607362,120.8756213679573,131.94712393314765,103.0940300356518,58,0.7559095006574955,0.6065886560646548,0.9171870853857794,785.0364152149018,25.958932188977915,51.52770880472303,52.42476673461707,0.0,0.01047521937079,1.743106250798238,0.7464727705447118,0.2928188126718914,0.5046221721575539,0.1313880129596265,0.0047008243237495,7.432812938434628e-05,0.7054763584654115,0.2631679293534716,3.795390500700548,Malicious
50180,443,33.427691824961315,1806,54.05521244906844,4827,144.40558115611103,145430.52752366362,381.3535449009169,228.7586207,76.0,68,1.2017086835167743,0.4215474706508856,1.6670564971488289,184.1762307807983,13.571076979772773,8.463942913325784,0.0624485954062131,0.0,1.85721443375292,0.6236728484537796,1.603406579540687,6.261228562689334e-05,0.0079124411557025,0.0109760198466264,0.0153553179340637,3.3164992833013315e-05,-1.6606870052538285,1.383051287641328,0.7208683550949192,Malicious
50749,443,96.25132686367138,62286,648.1868521409598,65691,683.1321884467441,7552.406772966684,86.89131503830417,135.93546435896027,102.91035993730397,54,1.1418450439717718,0.943063746344953,0.6391648161842207,704.5384180035218,26.46789822947212,45.56813324740761,47.754607103030025,2.3891756263093717,-0.2866302416886885,1.6420353225477649,0.5801056394548808,0.001004718715253,0.0315327309843772,0.0270400742365262,0.0262785007929676,0.0268292828794984,0.0731600548979247,-0.0033273854103077,1.163005768849588,Benign
443,33926,73.46631059226752,48997,703.2172850773057,29112,416.7275233502861,9676.275799360446,98.0093347682342,123.05374188241726,87.0,87,1.106079111033766,0.3686930369938964,0.7955343030771476,620.1592060641242,21.742643647078303,35.09524430696595,34.66319706627114,0.0,-0.0925915697186016,1.5336572875922578,0.6577861148898383,1.965019563311009e-08,0.0001157433428086,6.020870048846508e-05,3.534113425907995e-05,1.910415343894851e-05,0.7589771780788697,0.5377774223390889,1.6883183624698943,Malicious
28120,6248,121.06380409173416,48755,402.8973336223172,67579,558.0854983700768,13026.703400256503,114.08648116265395,125.27751461744604,87.0,61,1.0074425935864202,0.5574799095593606,0.9106723138955928,1018.4096811844882,31.889546402656457,63.10615790591679,63.864616746477004,0.0,-0.0760581031707213,1.9840915689381613,0.5067418263054819,0.3018108621292842,0.4994901965798367,0.1295221814755218,0.0016073966745587,7.080483143537058e-06,0.7972712080415931,0.3564338329196851,3.3170746022749764,Malicious
50183,443,33.854755045070846,1806,53.348444931086455,4834,142.78943812517295,145174.62453247927,381.0150320147945,228.2892109716742,76.0,68,1.1990521431829932,0.4206809123854049,1.6690320382846504,188.26898896063415,13.721113502420527,8.573443462687335,0.0666241243147265,0.0,1.8599363409534344,0.6248344176410608,1.6004717326536522,5.8329932733757245e-05,0.0076368831770929,0.0107539878601429,0.0152712661076012,2.3911297466242944e-05,-1.7751700627243638,1.4050999352546842,0.7101223468486301,Malicious
6627,44771,59.4962198374703,83043,1453.8640945550223,77340,1346.0344533057175,8011.986078251693,89.50751476002885,138.49904126448132,111.0295520932982,106,0.9223903464628322,0.3548255720144881,0.6462743620947393,385.1742475463903,19.44936282571103,38.56378459018698,50.661985814850674,9.99455259497289,-1.948511251240143,1.497124253166117,0.5052114779209946,0.0697751551827143,0.2511110076636381,0.0254996277109888,0.0024344430721975,2.2663450827753004e-05,0.2709498380764081,0.1760502259734436,9.704858605051578,Benign
50172,443,33.215159,1874,56.42002195,4963,149.4197273,123398.5381,351.2812806,213.65625,76.0,68,1.17560705,0.414642789,1.644142311,170.5877277,13.06092369,7.609841313,0.0706335,0.0,1.731701675,0.582641894,1.716320112,7.73902e-05,0.008797172,0.0105613,0.015285,6.7e-05,-1.61086996,1.19291746,0.832962981,Malicious
53488,443,102.43058324226956,61562,602.607608681362,64047,627.0972154937917,7864.973515727057,88.67304019436746,135.3061709673089,92.8469630147101,54,1.4336995978733282,0.9172096569196776,0.655371749717834,670.7253949160747,25.898366588271603,51.28331421106255,54.34443522460416,18.93973602725604,-0.3545958352712404,1.2488845288933614,0.5083815256229369,0.0011220060225412,0.0334896698569762,0.0283799870698579,0.026861744877449,0.0268705815039988,0.1351746095360759,0.0448103323439958,1.17998886054775,Benign
48294,443,111.74301406138272,142596,1286.7123895425525,312625,2823.011935084409,10495.516225202353,102.3316370005997,172.4206868258735,155.7322025310904,66,0.4802768234128188,1.0420928669191218,0.6052104449509842,1024.5252644581976,32.00725413992614,57.14871901391791,58.49665877407622,0.0,-0.1263589987343832,1.7862305079246863,0.5612674058444509,0.0434886680029717,0.0814993993894142,0.034055651023228,0.0139079180164563,0.0135690358148855,0.5711949184111498,0.2007000600734177,1.0120905605456734,Malicious
52742,443,0.0294005808138845,55,1931.744632254394,66,2318.0935587819263,30.25,5.5,60.5,60.5,55,0.0,1.0,0.090909091,0.0002263298704894,0.0147002904069422,0.0147002904069422,0.0147002904069422,0.0,0.0,1.0,1.0,0.0,0.0,0.0294005808138845,0.0294005808138845,0.0294005808138845,-10.0,-10.0,0.0,Benign
50749,443,98.78448257311892,62234,632.6908327469091,66414,673.9143123372097,7720.731352117008,87.8335298920572,136.50220486318045,104.88174742533832,54,1.0841945548128635,0.9395563289675316,0.6433414445368232,778.0628950611073,27.707056627327177,46.65707004585634,45.46635242559916,4.3253860045718175,0.0324428780651692,1.5543462628949172,0.5919722089717903,0.0008991822931863,0.0295313294504021,0.0257752172387972,0.0250322553359486,0.0268450539794027,0.0774334005063839,-0.0640528641583622,1.137145589621512,Benign
52234,443,121.2325094747183,38863,320.5664870665307,39530,326.03896001953444,7642.154405696167,87.3844683245449,134.39392471069044,89.0,54,1.5588239518883102,0.9204531662239134,0.6501204104446276,1292.5802199647314,35.932978068683525,56.747245882457605,51.55348224309992,34.56238707806589,0.4150469123262154,0.585188367267041,0.6486227547215955,0.0008738466255124,0.029500852880438,0.0293607232438174,0.0269260824611145,0.0269122807639313,0.2476194970932515,0.0831508030444841,1.0044618757041552,Benign
443,33926,61.958215429256256,42099,718.5068293923027,24990,425.3471093113634,9251.667680025912,95.85280366994104,122.5057085713664,87.0,87,1.1135746490527572,0.3711915495813639,0.7815774173442327,480.5516362463353,18.623032064705228,29.45898590681824,29.467772686727223,0.0,-0.1626231116607331,1.4966350157792083,0.6735108962199009,2.4184118207334678e-08,0.0001360465277777,6.42511658695634e-05,3.579016450836648e-05,1.9617330866704547e-05,0.7159144234429442,0.4690410726134875,1.91844762751742,Malicious
50204,443,33.35348654577304,1807,54.17744430061033,4895,146.77064320340926,141436.3881756908,376.08029055513936,223.40979191596952,76.0,68,1.1758908673359427,0.4132356761653757,1.6833652863206214,179.3654316408806,13.392717389593235,8.155093100651921,0.0658316416840916,0.0,1.812011665417005,0.6089195365450115,1.6422533785981024,5.394834838288155e-05,0.007344469688423,0.0105654086653814,0.0153881358366114,5.6831086770286416e-05,-1.9703518571321417,1.4308171370383882,0.6951491274041641,Malicious
50186,443,33.29926721191116,1874,56.30536370859109,4963,149.07021483409733,123395.67865058874,351.2772106565152,213.7141617265726,76.0,68,1.1761152527350094,0.4148124536802804,1.6436777514687233,171.49851024206285,13.095740303408329,7.633824122127034,0.0685111510445675,0.0,1.7330776715221792,0.5829241548287272,1.7154890750173328,5.826181772492863e-05,0.0076258206941263,0.0095730942977652,0.0153086279844416,1.3257917740633324e-05,-2.2643128090264515,1.254361860268542,0.796288968954952,Malicious
50228,443,118.14494883833012,514752,4140.879944444975,790611,6429.994683800123,15334.035496174734,121.622148377879,178.77436738664258,165.0,111,0.3522190377271164,0.6475757559566047,0.6803138862494383,1032.9772699741466,32.13993023922595,54.86903046956154,54.552657293018,0.0,0.0292839894726618,1.7072618901415575,0.5862075108932855,0.0006519505898139,0.022289531545324,0.0152175814706927,0.0121231954171325,0.0084720065657274,0.4653837469311832,0.2607175902493302,1.6541185397534277,Malicious
18218,32973,74.11344100682511,75991,1195.5882149591023,74313,1138.8896450107795,8210.530512515,90.60438165648658,138.98766913230588,114.0,92,0.8274611805898178,0.5057886811564067,0.6518821563707202,616.0530012269704,23.76888820488668,41.82710501051615,44.54345539204372,9.440871171193333,-0.8719713517557353,1.423657720870527,0.5566354998232613,0.051281283612902,0.1890073094261028,0.0238082474767435,0.0068384598510027,0.0095251148772167,0.2129065307863774,-0.0623014545342425,7.372332737974954,Benign
50194,443,33.72514415298903,1807,53.58892580652883,4896,145.21320999445376,141554.0902220373,376.2367424033388,223.45151530087165,76.0,68,1.1757345837244966,0.4131747358771488,1.6837511228988624,183.5024407177434,13.545209202389104,8.283454968259809,0.0696548799202439,0.0,1.819095800151219,0.6115067614647474,1.6353371128904564,5.3137536097497344e-05,0.0072892229694871,0.0104323845360401,0.0152571819806035,3.163628023058769e-05,-1.9860666196973311,1.4269025084150324,0.6986964492882238,Malicious
51860,443,121.1634888498826,38843,320.5847787326657,39204,323.5383931338275,7556.07003173127,86.89527154931493,134.223033662687,89.0,54,1.5616449102372512,0.9236070557094316,0.6473158232800595,1309.2831276122097,36.167272273229365,55.12781330347221,48.58645485032537,25.96432133892641,0.5266373703763074,0.7786850396506271,0.669778334885473,0.0008515130605993,0.0291281143316017,0.0293299377244231,0.0269249285450353,0.0268978568129422,0.2477313559870876,0.0836318520028938,0.9928498554016144,Benign
443,49487,19.75731369884748,3824,51.01839523387851,2298,31.778844766251453,1285.5548734365525,31.93325911782765,83.9580051783768,68.8591547320176,68,1.4613671101201378,0.4871223700551188,0.3690676680111434,80.11372913712685,6.561825087488338,14.880024989974752,16.81763712926112,0.0,-1.1591559711270936,2.414940040987301,0.4166167624456481,5.530111138263866e-10,2.34293648382593e-05,5.0666901188529765e-05,5.020867327314168e-05,2.750259462883192e-05,0.0423041027141164,0.9918431547229346,0.4642634435838556,Malicious
50191,443,33.81762152695632,1806,53.412563847176,4828,142.76584804616883,145522.159548907,381.47366814443234,228.7684515511735,76.0,68,1.2014075758558438,0.4214404955073799,1.667509953477104,188.2474068758856,13.720327623577198,8.58765567740782,0.0654987325907624,0.0,1.8634009905865712,0.6259074869190819,1.5976802045541538,5.531593536365754e-05,0.0074280227915946,0.0110891776298043,0.0153044986823215,1.91533821322046e-05,-1.6976584409665405,1.4978565244422493,0.6725353211859345,Malicious
51477,443,121.05357081913075,37282,307.9973644107302,37900,313.0925262407293,7461.803701554958,86.37472418132101,134.88783018250706,99.45607590726549,54,1.235652965846773,0.9364239258921906,0.6403285539104343,1278.4639318794468,35.7306467165766,52.717472305597816,49.06907055648921,32.38960958043334,0.2808666482656137,0.5327206098756472,0.6810450028281285,0.0007654892124336,0.0276642897161841,0.0287045237196081,0.026917317569637,0.02688093106825,0.1928203209500842,0.0655694275468129,0.9639043883890952,Benign
50219,443,33.92528032743007,1874,55.23936760662068,4959,146.19396650044922,123560.7928001723,351.5107166066267,213.8908456718732,76.0,68,1.1768266357624777,0.4150346365106452,1.6434267345329092,178.09502777994433,13.345224804514558,7.832752808438535,0.0688411422192801,0.0,1.7453243829526104,0.5869332814904047,1.70379688473431,7.606189631891276e-05,0.0087190145826975,0.0102065610071605,0.0151751407462929,2.01569952293015e-05,-1.711928417455536,1.1686424466211855,0.8541357761995323,Malicious
41490,443,120.63743588856694,105263,875.1255535878189,218743,1819.240818551914,12184.917456826275,110.2342862452269,149.60333523696696,123.18448342515862,61,0.7026259830978279,0.810525155730832,0.7662667323232394,1112.891585215255,33.293521997638145,61.813076789270085,62.55201456820416,0.0,-0.070799885230384,1.8687115486252983,0.5408855493843338,0.1957802242612619,0.3285145002144241,0.0917533813807231,0.0081971836807356,0.0070874167750243,0.5941683695506865,0.2072399377900478,2.341420548686246,Malicious
50186,443,33.216805041408804,1874,56.435953677484974,4964,149.44977813118456,123395.55948667064,351.27704089251193,213.7145706281464,76.0,68,1.1761193166246031,0.4148138192964937,1.6436738803368152,170.47840485827476,13.056737500630756,7.601644737207173,0.0680369101132488,0.0,1.7309700537619428,0.5822008457270991,1.7176209139527774,6.62096223628145e-05,0.0081197849025553,0.0099248430969968,0.0152557619250892,7.259878030205086e-05,-1.98875457892205,1.2144542272234025,0.817525877138724,Malicious
54480,443,114.72663977462162,57276,499.34396609213576,68411,596.3534465037782,16684.446302159096,128.9452872284027,146.22766707862715,114.0,54,0.7506115551076359,0.7177434636834723,0.8813591024320907,1176.211587489281,34.295485063874324,46.8838356244586,49.00339215970992,0.5953385907919478,-0.1836070194034882,1.349482811594818,0.7318707572228427,0.0010402054546562,0.0321587751635941,0.0247384227189742,0.0248875507772947,0.0269582835181168,-0.0121891723417744,-0.0733053163595261,1.2976302541870124,Benign
443,33926,120.69005027922996,78744,652.4496444776547,46058,381.626210335931,8069.978508537668,89.83195368382133,121.58769163337168,87.0,87,1.1551051639178758,0.3850350549726252,0.7388238575455172,1207.25092902759,34.745390021666104,56.46802896067267,55.77811367807625,0.0,0.0595497141239509,1.625200008571817,0.615309731676411,4.919524877716443e-07,0.000563240084682,8.518080306408476e-05,3.4207652506866884e-05,2.5766122005493507e-05,0.377660093366261,0.1732303589353285,5.5114399827024325,Malicious
50208,443,33.41588753195284,1807,54.08147779528363,4896,146.5372607648315,141520.3888447081,376.1919542867398,223.4395733269048,76.0,68,1.1757793259123557,0.4131921812749276,1.6836406685782184,180.14451397509896,13.421112380057265,8.181188776812718,0.0683259200052582,0.0,1.8133928772261931,0.6095546603243542,1.640561801197869,5.2417329029942245e-05,0.0072397782805245,0.0103886372320426,0.0152439264160114,3.844319177789255e-05,-2.012132965935111,1.4296508637970458,0.6968848822106022,Malicious
50175,443,33.284308303895585,1874,56.307915830365225,4963,149.11791441704318,123398.2260354215,351.2808364287574,213.66257016725768,76.0,68,1.175662512450805,0.4146613052698568,1.644091611528363,171.29665507707625,13.087789695628436,7.630122217745768,0.0701277349353718,0.0,1.7328899827355204,0.582989142595709,1.7153031959758909,8.090672083763481e-05,0.0089785505869049,0.0106383150301351,0.0152940504795129,6.750561338061396e-05,-1.5640302546529854,1.179711662951542,0.8433161490175766,Malicious
50196,443,33.55284124480351,1875,55.88623380487478,4964,147.9569411432907,123395.4521,351.2768882,213.71875,76.0,68,1.176155517,0.414825896,1.643640945,174.0802352704393,13.193467765987442,7.708448910490505,0.0672142917192277,0.0,1.737460932562164,0.584249387092624,1.711609780285077,7.981953703417008e-05,0.0088061144229018,0.0102559182619254,0.0153371460088415,3.522966495339506e-05,-1.829623421105111,1.17725007534689,0.8524883053294449,Malicious
52491,443,44.649554,32285,723.0755317,36193,810.601602,8371.950254,91.49836203,139.7510204,114.0,54,0.844310865,0.937186399,0.654724107,193.9634542,13.9270763,23.25505674,23.0352925,0.644233,0.047338918,1.623515464,0.598883781,0.000664201,0.025772099,0.021312569,0.0207865,0.000203,0.061236995,0.819086127,1.209244145,Benign
50172,443,33.21525631316064,1874,56.420963825913766,4963,149.42150389039853,123398.3620058411,351.28102995057304,213.65969788692743,76.0,68,1.1756373349515594,0.4146529002272316,1.6441146176089765,170.58126458722435,13.06067620453798,7.609356735459873,0.0704799908796251,0.0,1.7316584219112952,0.5826158194424577,1.7163970147733536,7.672920973460428e-05,0.0087571252070841,0.0105236729801016,0.0152832714593537,6.73309971450345e-05,-1.633210313303349,1.1941907031136132,0.8320503469922301,Malicious
50749,443,100.49249456349716,62199,622.2424474267881,66901,667.6990438236371,7834.226309569437,88.46883006792899,136.88433675228262,106.21098015062496,54,1.0453229898445726,0.937191408835084,0.6461575885578926,827.6376953516251,28.542574710017774,47.39129933210901,43.92346802590964,5.630900122647217,0.247581928662987,1.4952208152355142,0.5999733922168418,0.0008280230377014,0.0281818593784118,0.0249223715530079,0.0241919587147799,0.0268556878412049,0.0803147573495723,-0.1049977794023435,1.1197090396178335,Benign
50734,457,110.48519314012412,61999,561.294195221889,69758,631.500520985036,8499.156448741951,92.19086044008873,139.12348867522402,114.0,54,0.8175482518796495,0.9231511817484186,0.6626548855670972,1117.9162265786665,33.43431043899177,51.68941834869766,34.886712979738775,13.279257426807458,1.5072116059114662,1.1488783422040834,0.6468192255456542,0.0004332549695132,0.0203479219298356,0.0199265734808948,0.0192625732570693,0.026910406258377,0.0972494110077341,-0.3448028428903318,1.020309088790361,Benign
52518,443,81.34198829169556,7210,301.86756091907773,6957,343.68721450336534,5487.198531548181,70.48450805372981,118.07925011105232,85.880027501087,59,1.2309658586548669,0.8488921794280081,0.5683078900707055,125.12673827779604,10.557459949307583,70.301030518778,72.99066475601138,0.0,-0.6807114669956711,6.040107059609382,0.2431917773248577,0.0014214649886807,0.0355788312574882,0.0339645101307277,0.0269279767629793,0.0269101662173645,-0.5663603665680803,-0.9181591249399954,1.0217772495081592,Benign
443,50224,14.978902,346,23.0991564,228,15.22140942,805.7142857,28.38510676,82.0,68.0,68,1.479649182,0.493216394,0.346159839,27.42684897,5.23706492,12.82813029,14.963575,0.0,-1.223268041,2.449488498,0.408248498,5.29e-10,2.3e-05,5.1e-05,5.1e-05,2.8e-05,0.0,1.0,0.450980392,Malicious
50224,443,123.60788763339212,942611,7681.586677496668,1326494,10826.765811151576,19888.40143906192,138.91509697460646,176.97666829491578,165.0,154,0.2364732251720256,0.2300396398994508,0.7813168529989871,990.8578261883472,31.39360047642577,52.72231421658928,50.62994399695364,0.0,0.1950780415790024,1.686275214508064,0.5946351492122128,0.0011822510845499,0.0337249576151374,0.0123176808680244,0.007873257493023,2.2356967931961345e-05,0.431139566896878,0.3928040577536354,2.7271355836546407,Malicious
51518,443,105.22467052839376,69333,665.5335460075237,74864,716.902053745018,8150.607380392461,90.2544312660664,137.49068686150375,102.96010624339512,54,1.1569871211175162,0.9251072846928527,0.6563455034953802,936.851259488805,30.419120159163235,52.86529952609159,44.59975031073307,20.51503811635847,0.7156869421693812,1.0512449531245305,0.5773557872362366,0.0005731486175814,0.0236395389562726,0.020976338677975,0.0196548378772314,0.0150465814456476,0.1569503219448327,0.1599548726991346,1.1204394633705526,Benign
53915,443,106.44696072955,61386,576.8261217374325,64662,607.2541362167108,8116.579319627678,90.08643259337668,135.8912610330101,93.65512450732628,54,1.4096865166605097,0.908953012744931,0.6629317679995211,754.0831139893904,27.303304709331613,53.4865079384631,52.61304178493985,23.852691196966823,0.0194253835584714,1.0819198964280785,0.5115089251170821,0.0010130685831136,0.0313821171972792,0.0270641186040096,0.0254504007647136,0.0268960275344679,0.1499893153204086,-0.0208872307653711,1.151463324930088,Benign
50188,443,33.750799661378096,1807,53.54560786130175,4895,145.0790997460648,141501.42406206456,376.1667295616215,223.43284169004025,76.0,68,1.175804519166331,0.4132020071230948,1.6835784587809215,183.7080700088151,13.553093780544009,8.288015803451078,0.0681658479026522,0.0,1.819403318687065,0.6114953990660524,1.6353615641136685,5.440159162799759e-05,0.0073757041893685,0.0105693505763805,0.0153638053565405,4.329499582836563e-05,-1.9501094488206043,1.4271139754025346,0.6978623469160165,Malicious
50215,443,33.26637618968469,1807,54.31960401139773,4896,147.17737837087358,141504.0957799262,376.1703012938049,223.43379993213915,76.0,68,1.1758009567008587,0.4132006153218028,1.6835872689980138,178.52111094867792,13.361117278203409,8.131747780203895,0.067683429053749,0.0,1.81063577647758,0.6086109092713761,1.6430876975203363,5.206914206139688e-05,0.0072158740491775,0.0103674874240955,0.0152375179606385,4.173402021263455e-05,-2.024734844598141,1.4309795671270438,0.6960090729086817,Malicious
52491,443,131.17242915241698,55273,429.6811929105872,62286,480.8579230967127,12683.800428210649,111.19156558562436,138.79825439401662,89.0,54,1.3688860979200737,0.7798371723545681,0.7989587780124802,1350.5041753257783,36.65158800203418,44.936736768766366,37.95421447273987,61.76698221281126,0.5853058561786018,-0.4992125929416547,0.8400851152204973,0.0009491706119738,0.030285435350018,0.0277641312812725,0.0268263814459331,0.0269241513177652,0.0402305244479936,0.0101252927276759,1.081818641518533,Benign
443,33926,120.65159113788528,78784,652.9947914138784,46085,381.9714245546958,8165.172572297446,90.34643484761968,121.81859449327136,87.0,87,1.1563030681996247,0.3854343563998748,0.7416107020151426,1213.223011311022,34.829995886614974,55.89679212615531,55.75332759395095,0.0,0.0129077686921105,1.6051626306044593,0.623307892822563,4.377889850042772e-07,0.0004131526484116,7.422276438372465e-05,3.644624470370559e-05,2.716936705555839e-05,0.4511389844402906,0.2223072430946231,3.963239530111583,Malicious
52695,443,17.210554285321162,2909,9003.49716408236,7484,38783.23615937497,191486.03533205032,408.0395504905924,308.85137116352587,121.9247281834203,55,1.3755750071934498,0.65449733370759,1.2375956145892255,26.28211857474429,2.2437145246496533,14.82096387319962,15.379944612659918,0.0714921857081028,0.4025234745092579,0.7547938789120128,0.4175765660350293,0.0004244734568021,0.0175902631014087,0.0172525798597968,0.0138417857392963,0.0050499877862319,0.5769066645662909,0.8985370970554316,0.980466656799534,Benign
443,51147,72.75323378261211,80432,1307.3781660756638,74128,1202.5069046564647,8121.424877187052,90.11625748103774,138.38989930340952,108.28392986241344,100,0.9998673601542478,0.4208481906294687,0.651243561855358,470.20448722739815,21.132099756861177,39.65461035124703,48.51558579293273,10.352162997552131,-1.529650257015874,1.4422532581978946,0.5274069345632633,0.1218491782114864,0.3348670680756488,0.0380778036060988,4.5471107375234415e-05,2.1e-05,0.3180591512486486,0.1060989711159634,9.857211700025635,Benign
52126,443,98.77738970718762,61934,628.8221460247701,64699,657.0681117357794,7670.957582257137,87.57105869581049,135.48889460601646,97.39692413731082,54,1.301852993744069,0.930866825825228,0.6463565480987323,670.6560095489418,25.897026978217976,48.19233714709031,51.59391792655424,10.26801342327862,-0.3940545387141247,1.464448522094671,0.5413114657012078,0.0010879289137149,0.0329763068434354,0.0280042705301891,0.0268578949103453,0.0268464317103481,0.1033663055739221,0.0348208804494306,1.1774828812602314,Benign
50224,443,126.832645032717,921022,7231.003084463602,1295258,10175.12263314621,21252.406353375183,145.49812120893552,178.77014549616354,165.0,161,0.2855122742588506,0.1330979623293113,0.8138842344243729,1036.037182129286,32.18752636418469,53.35380810454248,51.15838990219476,0.0,0.2045837287600842,1.6576033339022642,0.6033551680390521,0.0012530001985272,0.0350618484859009,0.0126083509072224,0.008273610095101,0.0006274241500568,0.3756368173414997,0.3376429547375852,2.815717994029378,Malicious
50191,443,33.66251138079032,1807,53.68563289621488,4895,145.45125420754997,141478.45006301574,376.13619272822143,223.4246981525352,76.0,68,1.1758350233360189,0.4132139016494628,1.6835031498675082,182.73187001764612,13.517085639693462,8.257875800322745,0.0674014144192684,0.0,1.817735350722758,0.6108963782145782,1.6369633747452812,5.448592606023283e-05,0.0073814216827567,0.0105889628515363,0.0153854264378059,4.818111588834472e-05,-1.949414762258017,1.4280043948042989,0.6971081746512177,Malicious
52798,443,119.07168231430664,54691,461.5763235162518,60186,507.25796082634446,8268.967096277767,90.93224439049612,136.10145748285248,89.0,54,1.553930995431335,0.9028928239630436,0.6681150562104857,968.079353321614,31.04295912918817,56.77085141221397,55.6656270989565,71.07118504938116,0.0952942245072279,-0.4195764939602951,0.5462564647126682,0.0008666331847604,0.0293800745783568,0.0265475665357012,0.0268290056506462,0.0269098541829948,-0.0337916135284581,-0.0140682729069975,1.1056625637446535,Benign
50206,443,33.72587800915737,1807,53.58003282029427,4827,143.15210546144604,145504.85809481866,381.4509874910988,228.7876592341908,76.0,68,1.201630078950827,0.4215159100798241,1.667270810205812,187.3954487401629,13.689126627162006,8.56340004327271,0.0635567603099471,0.0,1.8627469994949568,0.6255584199685941,1.5985750680185762,4.927939380390623e-05,0.0070084525491333,0.0117272575275208,0.0153844740325399,1.1262789075335866e-05,-1.5632935051626156,1.6790780253671893,0.5990594324162215,Malicious
443,33926,120.71868,78719,652.0863217,46047,381.4405525,8141.129962,90.22821046,121.6042885,87.0,87,1.150558844,0.383519615,0.741982142,1213.045827,34.82880743,56.54462935,55.779799,0.0,0.065879117,1.623501737,0.615952529,8.74e-07,0.000934731,0.000110021,3.2e-05,2.4e-05,0.25040834,0.092028061,8.495894942,Malicious
50749,443,97.22219975348276,62266,642.2477521189733,65968,679.5992883636542,7616.919889936347,87.25243411774912,136.15267682207624,103.66592607179292,54,1.1197495617240754,0.9417194719159112,0.6407655765414447,732.7178628148067,26.94282572412737,45.985485884826986,46.87759649408242,3.1312595646221943,-0.1643403087480403,1.6084270723985588,0.584653694118896,0.0009642701748454,0.0307656614814183,0.0265552973378921,0.0258008570682815,0.0268353274085743,0.0747978837074898,-0.0266014071443135,1.153094436970318,Benign
50185,443,33.904624623835595,1807,53.3030678592942,4896,144.44478261237893,141573.6491858873,376.262735677884,223.4584459564005,76.0,68,1.1757086171051994,0.4131646112492688,1.6838152262749189,185.45125032065104,13.617230153882568,8.34280627375849,0.070426156378218,0.0,1.822405554000161,0.6126396847652864,1.632304907745425,5.355551616582605e-05,0.0073179187368603,0.0104577737635801,0.0152648749928545,2.768581448008011e-05,-1.970938729855132,1.425307470234881,0.699747812104555,Malicious
23108,28083,79.58254519087585,73887,1100.2114493705346,73629,1062.5951632112487,8253.93027257218,90.8429354034028,139.00809188311885,114.0,86,0.8259706051650683,0.5685461471670663,0.6535020172480743,691.5165712945585,25.2222468714538,43.31006956346345,43.09140188255427,10.01803705128749,-0.5142212103627073,1.3823400234429215,0.5701961385814384,0.0436354279723735,0.1636465360859925,0.0232245725574266,0.0087066340968629,0.0121392856074355,0.1955155391349872,-0.1047802858920513,6.417199232455992,Benign
50181,443,33.99979514210104,1807,53.15149009230765,4896,144.0373197176335,141584.02043529158,376.2765187563337,223.46212097505563,76.0,68,1.1756948481608431,0.4131592426090036,1.6838492174467332,186.4846174554406,13.6554196641244,8.374277633719814,0.0708351300113108,0.0,1.824160569393474,0.6132404236487913,1.6306970640965943,5.377715242262792e-05,0.0073331348271683,0.0104712365427446,0.0152689542554032,2.5591058036148627e-05,-1.9629170820972792,1.4244616923653322,0.7003053030875198,Malicious
31224,19446,28.04319226206065,10787,303.8901650108487,17692,493.36293308935126,12625.86532306462,98.10466024782242,128.7528522334369,127.97071283843871,68,0.4678844455486519,0.5808233727222354,0.6858081035753905,27.70600574472223,5.263608146688253,6.774841564090213,6.978895307933913,0.0,-0.1197367472918662,1.2907178474570584,1.2306468911144262,0.0091152146958092,0.0750789122563531,0.0211066325766721,0.0094973146542113,0.0002215137434889,0.2868324355322429,0.5536764039315132,2.3731415983644037,Malicious
443,52266,124.78045403494744,71422,647.4282698271261,66612,602.1110228987492,8314.32656166194,91.18123295198428,136.91946701129564,92.22898537878736,61,1.4688901890727508,0.8231196388850935,0.6659911053292447,831.1494602511738,28.567004464626795,48.695914877804576,44.84463461741056,18.80546502728883,0.2762628008288542,1.0725681242494916,0.5837858333895343,0.2419803632456008,0.485577735319607,0.0721970619941548,4.258121736818173e-05,2.1e-05,0.4358174469557742,0.1453196438020448,7.083252768384215,Benign
50177,443,34.10577041133911,1807,52.98232415877545,4897,143.5829780923179,141596.8489,376.2935674,223.4666667,76.0,68,1.175677817,0.413152602,1.683891262,187.63123262598748,13.697843305650537,8.409034591225081,0.0710048778670783,0.0,1.826132428542408,0.613894351715107,1.628945256689901,5.3875660797189e-05,0.0073398634067107,0.0104737918500577,0.0152731254702836,2.313454303329197e-05,-1.961818497442149,1.423831182219834,0.7007798034941445,Malicious
50204,443,33.59493429439967,1874,55.78514229629267,4901,145.90753627393514,126392.7071493492,355.5151782608409,217.99104492893107,76.0,68,1.1981611890203072,0.4218899183745284,1.6308937227324751,177.87710554744257,13.337057227546095,7.949845179323752,0.0694308386488323,0.0,1.772596036211588,0.596071183813485,1.677696384855402,6.571017265599266e-05,0.0080697584744681,0.0098129737444691,0.0153173023571303,9.76896455779305e-06,-2.073080730797664,1.2193554058301888,0.8207210776639154,Malicious
50216,443,33.92919315148381,1874,55.24238897290933,4963,146.28496655778662,123397.52384121298,351.27983697385093,213.6767915340856,76.0,68,1.1757873116572053,0.4147029697789091,1.643977529771546,177.93849742697563,13.339355973843215,7.820851569239656,0.067753420036631,0.0,1.743659378807339,0.5862989329116373,1.7056146863987591,8.84411463036457e-05,0.00936513902107,0.0105921513576351,0.0152358692286188,3.776189181386572e-05,-1.5108225231281318,1.1314136287847758,0.8823690804390645,Malicious
23383,27285,24.715579902661784,8127,232.36973704125808,13244,371.57524988665295,9615.148330950591,80.34635549309826,116.84440823775104,112.6955404991744,68,0.7255915826593975,0.558508952319904,0.5992961124623597,27.634901573340397,5.256847307223238,8.316677972750199,9.012677342486576,0.0,-0.4008177932780105,1.585868939564465,1.0211733565876695,0.0067934736205878,0.0559613807058253,0.0157435411425689,0.007091238796772,0.0001722237543942,0.2137731924805641,0.6673597257788481,1.8835468895243732,Malicious
52497,443,90.1133741024606,7880,86.33242344534908,7608,83.40836761142596,6000.090266724709,76.74598011711413,123.57130955111096,88.2353577395797,59,1.3763331615414174,0.8307837159030662,0.6157243611081629,146.7502211820214,12.053197548020668,77.74740186800113,80.983583312283,1.1829030534207885,-0.7898868930722543,6.4688760167650745,0.161414853373423,0.0015541188773429,0.0388991963658081,0.0346148858331976,0.0269216894313987,0.0269021376699651,0.577675049975274,0.2194127190152341,1.1171344250403838,Benign
50195,443,33.22690062458862,1875,56.43021716963721,4964,149.42411619501448,123393.9256764475,351.2747153713616,213.74677463780955,76.0,68,1.1764021320191471,0.4149082418021628,1.64341528344205,170.53158104007156,13.058767143443696,7.600696703596032,0.066653899029942,0.0,1.7308002544334946,0.5820375278869888,1.7181027551610537,5.914180120054094e-05,0.0076901880335085,0.0095337206169899,0.0152454828402818,6.908482346370279e-05,-2.228407562528972,1.2308086809726426,0.8066240659183592,Malicious
52491,443,120.88793104826487,53758,444.92354288596647,59663,493.7028550910287,8304.532116976447,91.1291420152893,136.23806410927577,89.0,54,1.555090358614287,0.9024343253011836,0.6688961114429404,1023.1347581257908,31.98440098888775,56.11577434233742,54.00532502216082,78.23355517538603,0.196375424095648,-0.6903787844822498,0.5780389998502041,0.0008456482244608,0.0290261495712635,0.0264425168721533,0.0268240413588343,0.026914933952121,-0.0451283830358062,-0.0181769437172417,1.0969620108200833,Benign
49616,3317,88.11891034218027,8392,106.3457768409486,8001,99.70345873393045,6337.641497501476,79.4966665204625,125.97698573620566,89.0,59,1.3930470581521637,0.8334193995094228,0.6306360119599639,138.43593413964788,11.759427794450769,75.25528754932844,77.8685210927505,1.8243149775125789,-0.6511579544075359,6.178499819294843,0.1877933742668976,0.0015317288823552,0.0388896469742374,0.0335958332120297,0.0254344132877799,0.0254143580535097,0.6614190951074903,0.2210019856076809,1.174449410612416,Benign
54414,443,118.10854442510018,56762,483.62694781667824,67881,578.5213865374128,16932.799827043567,130.121092360555,145.9572213266344,111.38017094218,54,0.7984891531186359,0.7066450505983333,0.8915301624892884,1214.4310035320143,34.819541270664345,47.33737501169401,49.383693406795416,5.687815568042666,-0.1847892688401131,1.2134491889795136,0.7355540627567806,0.0010225849477674,0.0318994679203,0.0249573042139108,0.0253036812716593,0.0269540267897481,-0.0366313801106425,-0.0628167436736156,1.278308980978034,Benign
50195,443,33.91371162115296,1807,53.28245344314672,4883,144.0094631339026,142340.14709344888,377.2744761229477,224.4757423916164,76.0,68,1.1805903606634096,0.4147354490026647,1.6807518971033115,186.23551825549785,13.646774951221817,8.395342931657007,0.0658677574569124,0.0,1.831048785250822,0.6151764101114998,1.6256649655698348,5.054494242860649e-05,0.0071082675164523,0.010578874416641,0.0152851544503253,2.158995995407299e-05,-1.9823379077366448,1.4874378859861943,0.674733859037618,Malicious
47002,6154,43.59178670518349,1633,48.2639480283471,1563,44.77155018736681,1182.401589333991,22.19268263991256,73.22959971011917,63.18235026716343,54,1.202575487282206,0.8522577562692357,0.2536957294677564,347.1359411784315,18.404699539325023,31.300263641833286,40.80191232622425,43.56439624801163,-1.4002617798501922,-0.7389706372473095,0.6050388828270362,4.706224980642848e-05,0.0022752082962227,0.025443723726342,0.0240603168893769,0.0240553416374869,0.2004057181410583,0.9571769676552512,0.1797793488346983,Benign
50192,443,33.942944,1807,53.23639576,4897,144.2715163,141596.8489,376.2935674,223.4666667,76.0,68,1.175677817,0.413152602,1.683891262,185.8068145,13.63109733,8.351206233,0.0663445,0.0,1.82337376,0.612658396,1.632230956,5.14404e-05,0.007172198,0.010278333,0.015261,2.5e-05,-2.084158844,1.429594283,0.697797767,Malicious
52516,443,86.54305498808787,7271,79.80321289783825,7036,77.45119899159099,5539.67082915932,71.71100263692989,118.94714836568532,86.00619731416633,59,1.358970788124244,0.8321459034153326,0.5828681574215373,164.94648577235003,12.634992845677615,74.2662714876155,78.13189463271175,4.631418536120911,-0.8642136293290699,5.912600509704657,0.1942343548560554,0.0014314223523103,0.0358283706855574,0.034015354212929,0.0269295299266881,0.0269112849144694,0.5320680358183946,0.2810395024050933,1.028946261086639,Benign
53443,443,73.88785508977702,30074,511.96146755815255,33198,569.2637685162466,8120.963338136699,90.10281325315646,137.68001762270003,102.91907232534824,54,1.163587693812577,0.9285489913995032,0.6544308453734822,760.8121029745618,24.764495137184863,37.4506205232648,31.230674803761108,10.511715322464168,0.5030076463830877,1.277829312662469,0.6411384511319796,0.0007246815897224,0.0268906995895604,0.0238372737123819,0.0234765060022984,0.0120414198904909,0.0412904613165053,0.457550380957484,1.137623189063601,Benign
50205,443,33.34583212663471,1807,54.18989932407809,4895,146.80602155873626,141441.5112641308,376.087101251876,223.4116085039589,76.0,68,1.175884064225285,0.4132330232721208,1.6833820827279584,179.2901540413073,13.389904761416709,8.152983284167638,0.0659705290577088,0.0,1.8118882982237228,0.608889835029195,1.642333513152076,5.3801166460210174e-05,0.0073343974245847,0.0105500040201583,0.015376473330057,5.568663519251069e-05,-1.974626956327909,1.4308379580459427,0.6952100234001292,Malicious
50924,443,111.01078114150602,62241,560.7105146912638,69937,630.1163480984587,8547.681828122031,92.44626516661889,139.2253273764479,114.0,54,0.8185365171179383,0.921969768348422,0.6639842065093452,1116.3971203040935,33.41231216866079,51.7561725408964,35.69030528867212,13.628503057216236,1.441402568221798,1.140997749719285,0.6456035175087692,0.000467152280649,0.0211952953152663,0.0203328904917978,0.0196103505513739,0.0269174121572886,0.099842935266733,-0.3270561462737362,1.035009913550173,Benign
49863,3070,88.39603367751322,8366,104.81570985600324,7984,98.47658998963196,6322.178823375683,79.40854910822759,125.90643784466889,89.0,59,1.3921209207738168,0.8331522801472601,0.6303225403622046,138.61435927949805,11.767537387842518,75.57261794142761,78.22089173472133,1.6672671173319316,-0.6609057683932005,6.21992340150191,0.184553426613011,0.0015372794552998,0.0389811475443659,0.0337012628963654,0.0255622153226701,0.0255421648432937,0.6555566415620333,0.2190453930082185,1.1721195073893838,Benign
54640,443,99.32276524839835,41728,422.7849557018624,44580,451.6789290297224,7930.177324539534,89.05012960827085,133.96640103944975,89.0,54,1.5148186757385045,0.8979889025314123,0.664715375269904,560.3050568051594,23.37176014200952,42.203360964791486,39.56110745340021,10.568407762626748,0.37608920162956,1.4694032475192604,0.556794349825858,0.0016298025918377,0.0402707402888949,0.033136807239467,0.0269312580289752,0.0269574702142749,0.457253103600595,0.1517296233414148,1.2136156055096088,Benign
50188,443,33.305931,1875,56.29627948,4964,149.0425234,123395.4521,351.2768882,213.71875,76.0,68,1.176155517,0.414825896,1.643640945,171.5706704,13.09849878,7.63572425,0.068343,0.0,1.73318669,0.582946518,1.715423233,5.67463e-05,0.007533016,0.0094948,0.0153105,9e-06,-2.316084266,1.259230023,0.793383333,Malicious
52491,443,118.91696841171829,54470,459.0102454224133,59796,503.5012111691847,8284.726194423221,91.02020545429384,136.141217840215,89.0,54,1.553754569100979,0.9024504457607194,0.668571051019815,1047.283498651121,32.3531896971852,51.08989341214505,47.393223547289146,76.84963667815929,0.3362764192258223,-0.7915035175160382,0.6702518558781246,0.0009627266037715,0.0308164868408235,0.0275662572149431,0.0268286541078499,0.026923500486007,0.0494089187129466,0.013381062694918,1.1149207090470312,Benign
50188,443,33.29529984322339,1875,56.3142967622085,4964,149.09385521776636,123395.2467656838,351.2765959113479,213.7225198709719,76.0,68,1.1761886916232809,0.4148369731475921,1.6436105890338473,171.43089222189056,13.093154084937844,7.631012348590166,0.068115782336782,0.0,1.732865666969137,0.5828242407572372,1.7157836820049843,5.7068542538883925e-05,0.0075541587634049,0.0095000355968057,0.0153017538993452,1.7082603363740254e-05,-2.3042900061928675,1.2554067874235302,0.7951644748300823,Malicious
50192,443,33.44095621169153,1875,56.07204210932695,4964,148.4488624357197,123395.4521,351.2768882,213.71875,76.0,68,1.176155517,0.414825896,1.643640945,172.94304977678263,13.150433471682351,7.675494421082773,0.0677257551599953,0.0,1.735524100127459,0.5836590043335578,1.7133378101755323,6.936411874392013e-05,0.0082292219601588,0.009911024748068,0.0153250716229289,2.3343941320654728e-05,-2.050058534204854,1.2143985102568549,0.8257054482980356,Malicious
50195,443,33.69797903481151,1807,53.632191599637046,4896,145.32951468513374,141551.12989124528,376.2328082127746,223.45046631723795,76.0,68,1.1757385138806775,0.4131762682818253,1.683741420585413,183.20748025258095,13.534308530860052,8.274471900518472,0.0695381440100383,0.0,1.818594855095632,0.6113352887958823,1.6357960497915842,5.307427307005797e-05,0.0072848797453569,0.0104285417705107,0.0152560176110989,3.2234199705963595e-05,-1.9883562889488189,1.4271439240991852,0.6985373211389696,Malicious
50204,443,33.47859529606931,1874,56.00138261780963,4964,148.2985169803836,123395.4695276344,351.2769128463517,213.7163320073253,76.0,68,1.1761347879217294,0.4148189846935887,1.643659732958038,173.17476323793105,13.158845659750863,7.679014075579907,0.0672971596577465,0.0,1.7352785865582545,0.5835400858618184,1.713701477876031,6.566958339277187e-05,0.0080878030835687,0.009788223002668,0.0152128612321362,5.6248110964176806e-05,-2.028085355647379,1.2051638957215536,0.8254885550253523,Malicious
50207,443,33.645723520036896,1874,55.69916607890313,4910,145.9324947963454,125985.56427116196,354.9394609369638,217.39669722361035,76.0,68,1.195052405247986,0.4208904956246305,1.632732995609655,177.945260895808,13.33961211827906,7.934132524926142,0.0695755348205733,0.0,1.768695393707052,0.5947808474279564,1.6813806710658223,6.463249461382208e-05,0.0080305426392567,0.0097905287101212,0.0152818536974395,7.558938496724075e-06,-2.060419755591623,1.219535268451697,0.8197960768978969,Malicious
50190,443,33.27327138438431,1875,56.35162976066405,4964,149.20021813372762,123394.82129942196,351.2759902699603,213.73033129255828,76.0,68,1.17625743163331,0.4148599257288505,1.6435476894675098,171.14126260699675,13.082079523847456,7.621248977732096,0.0676449723349277,0.0,1.732200486051354,0.5825708742360057,1.716530556144528,5.7736250357813085e-05,0.0075979679652817,0.0095108840991049,0.0152836314012648,3.3830291244937414e-05,-2.279851521072376,1.2474847908526911,0.7988551183146044,Malicious
54232,443,121.5833072020758,38271,314.758750575128,40832,335.8203566529808,8099.077305346117,89.98791145205557,135.68687748341875,93.73616673045416,54,1.3947907374584778,0.9079539426543274,0.6632328986644331,1181.6790776193911,34.37539421717649,65.05442114565845,68.99229744389086,87.37474125539865,-0.3439323350443733,-0.6492507893345365,0.5309420690053347,0.000964502281454,0.0310011235224359,0.0292561115897391,0.0269293321732772,0.0269883286931088,0.2220978727922479,0.0721773367305677,1.058745320588144,Benign
50184,443,33.216546857136805,1874,56.43345476011849,4964,149.4450646094403,123396.0266870156,351.27770589752663,213.7054229427722,76.0,68,1.1760389667714124,0.4147869929163346,1.6437473544481649,170.4955523237959,13.057394111241504,7.602930383450729,0.0684441894599337,0.0,1.7310848097429998,0.5822700248659997,1.717416881050933,6.796331414867069e-05,0.0082260341704538,0.0100246723973306,0.0152603479646901,7.172060250613229e-05,-1.929482761873802,1.211076150258223,0.8199472119854041,Malicious
51056,443,111.39299981274225,62428,560.4805792110556,70072,629.244566177237,8583.975880650409,92.63727041470923,139.30165048985162,114.0,54,0.8192808520941814,0.9209471361088462,0.6649775195287841,1115.0935785589934,33.39265007936113,51.80300035051823,36.296072374527405,13.88914085531787,1.3912738852922582,1.1351781919404176,0.6446623337037063,0.0005092264462925,0.021885973717228,0.0206388540845062,0.0198670750555736,0.0269169713412069,0.1018256703237844,-0.3136555831278859,1.0481144523530537,Benign
443,33926,120.65371083050916,78650,651.8677158131654,46068,381.8210101524637,8269.082190783647,90.80437497724115,121.8807634937986,87.0,87,1.1536635993362525,0.3845545334454173,0.7447479758314806,1199.304187147197,34.630958995147886,56.52540521817453,55.7919396263776,0.0,0.0635721700102145,1.6322354809632902,0.6127147999254822,8.075741865159119e-09,8.824095606717189e-05,5.290985785698669e-05,3.670562617859751e-05,2.707482513273503e-05,0.5719989421551064,0.3216657298649817,1.653135498255453,Malicious
50840,443,120.97041489817076,38594,319.04466933567807,38193,315.7282330118188,7320.664553233729,85.55942912557974,133.86316742613167,90.31878556540352,54,1.5278533221698034,0.9334125980900994,0.6391525016768405,1348.7647189387203,36.72054163730143,50.61898804654069,40.94350961166285,4.450046514415291,0.7853811911576657,1.250071957622572,0.7261293158757083,0.0007826746281085,0.0279756808957109,0.0291711227403398,0.0269209724857738,0.0268582705882022,0.2410960724120578,0.082602738404382,0.9590487391010682,Benign
54259,443,88.45789654827017,22166,2414.718270988704,25018,9778.201969240545,53203.19689242824,167.68619795761123,178.41330958074963,97.12387884418376,54,1.5264060886199011,0.8567894279754007,0.7992932129673854,1177.409432412181,30.68607881489056,44.20674927262471,33.20783704446149,18.32936952677708,0.9942716838692274,0.5532699225425879,0.6510665804822391,0.0006711182533034,0.0251163358553868,0.0242408812505397,0.0236415531165201,0.0215183462162652,0.1279424871796092,0.2152852273249935,1.0264766635155025,Benign
19604,32666,119.94662436178352,66829,568.2686110961716,65198,559.8338004419785,8018.53094257787,89.51412234670634,136.2618932231268,93.95158113620327,54,1.412862596877638,0.9195113272229284,0.656874891282064,814.9355902311296,28.475281412076235,48.438823452845135,45.89840669704184,13.264659753490845,0.2306048689833844,1.2588649782495662,0.5873169317579383,0.1651717378711128,0.3317540320072171,0.0594680412172011,0.0102544456479909,0.010229255848568,0.3115956917813491,0.1042659609639427,4.487431634351006,Benign
50203,443,33.85767751785033,1807,53.37073914130447,4858,143.5071463619178,143764.93869095488,379.1547316094995,226.40998974931767,76.0,68,1.190006972994365,0.4177695302494791,1.6747342035777129,187.05727931187616,13.676826609065998,8.479946389518746,0.0649539132211112,0.0,1.845760662105087,0.6200030670038297,1.6130789427910133,4.8828484034264426e-05,0.0069857223298958,0.011154967415261,0.01533145492323,1.5053422602822182e-05,-1.7871623836780055,1.5983154318090902,0.6305237929294535,Malicious
5364,30616,119.64038590303748,86443,728.2777004323079,75665,653.2010254896836,8793.129556936869,93.74466249765896,128.04143515840087,94.70967518170286,85,1.071932568930475,0.4526707201894833,0.7398565022361563,1226.446577303714,35.007400522944614,54.81102869313808,55.87754254313607,0.0,-0.0917041205464982,1.5673732138317162,0.6388820535806633,1.339220864559044e-05,0.0022134964320369,0.0018468804125117,0.001565765891526,0.001544497904722,0.2545006137062715,0.0931652181309113,8.874262710130978,Malicious
50209,443,33.9047887235948,1874,55.29812842704768,4963,146.40622048800134,123395.85068595516,351.2774555198151,213.71067753655305,76.0,68,1.17608467732305,0.4148022460069698,1.6437057011393368,177.6637475502657,13.329054992351072,7.812409786375879,0.0660401437518787,0.0,1.7434925642522163,0.5861187515484373,1.706138957074534,0.0001076007258395,0.0103550098768595,0.0111823099766075,0.0153478285807712,6.541286982727376e-05,-1.2175400652787955,1.07561757851619,0.9251530629912154,Malicious
50182,443,33.899091732665525,1806,53.28357547730892,4844,142.9149569200005,144570.92780768502,380.2183546887185,227.47547794840816,76.0,68,1.19510807133208,0.4194106213471282,1.671539312527481,188.18357972577897,13.717999282781626,8.546405653866808,0.0674200273268133,0.0,1.854266002983608,0.6230034845866429,1.60523623258524,5.760797673838458e-05,0.007588805929863,0.0107090876129386,0.0152717274115109,2.375752949636527e-05,-1.805175374090403,1.4081904206536666,0.7085822214702924,Malicious
50187,443,33.87498039355381,1807,53.35028212598143,4896,144.57170136939806,141570.41869275508,376.25844244969727,223.457301241616,76.0,68,1.1757129059308218,0.4131662835025171,1.68380463851998,185.1293715091489,13.605334677672175,8.333003403510666,0.0702987670482076,0.0,1.82185889226693,0.6124525633528322,1.6328057276238048,5.348647969996274e-05,0.0073131791463516,0.0104535803039557,0.015263604361985,2.833830060225237e-05,-1.9734373562964616,1.4255709177224969,0.6995741617832134,Malicious
50186,443,34.00475622718074,1807,53.13994499746149,4897,144.0101331511248,141596.8489,376.2935674,223.4666667,76.0,68,1.175677817,0.413152602,1.683891262,186.49940083626296,13.656435463883687,8.373159057401772,0.0681136745036866,0.0,1.8244210068517688,0.6131275900012633,1.6309836375181077,5.236487467460732e-05,0.0072358472085327,0.0103525331665755,0.0152656030758626,2.42918344826632e-05,-2.0377159528706525,1.4274064923844638,0.6989298088826491,Malicious
443,33926,120.6830942439614,77947,645.8867171462608,46029,381.4108158100476,9898.130875903698,99.14338314938252,123.58674048552844,87.0,87,1.1102218425026058,0.3700739478342019,0.801392999328565,1202.0723932736807,34.67060359186356,57.43524293787934,55.87950470659319,0.0,0.1348881688020685,1.6567288139536651,0.6038096537134456,4.05840885608308e-07,0.0004508605549699,7.441733148811258e-05,3.280445239259003e-05,2.0245888834579875e-05,0.6178482471893634,0.4822332018431737,4.338933827742807,Malicious
1470,32898,120.66120627917684,77701,644.0041838956195,46915,388.79478642250695,8793.585369703764,93.6930157715478,122.56230554525963,87.0,86,1.1397714376756545,0.3881555548739067,0.7643411448680051,1239.79513577826,35.20399205072576,54.94882611636552,55.99582937220852,0.0,-0.0893743145727982,1.5625543888925384,0.641478080144239,0.0112095098744159,0.0197588125201411,0.0049333759705063,9.340192598466428e-05,2.438605071238198e-05,0.2394274609997466,0.0876719646813838,9.596887540999436,Malicious
50210,443,33.801020387890574,1807,53.46000646208403,4833,142.99924447799543,145205.57212573077,381.0558931018811,228.36574343252937,76.0,68,1.1995282858586769,0.4208373465502199,1.668649601093822,187.88817728691163,13.70721240242452,8.565490528259193,0.0640299082209575,0.0,1.8606361159761369,0.6248833900696404,1.6003529797394629,4.709294084561888e-05,0.0068618145995772,0.0117374658219086,0.0153782701974281,8.44420742190956e-06,-1.5898167605700624,1.7104257923403874,0.5858221681440742,Malicious
52415,443,106.515827622874,64530,612.0299472797523,68949,652.3384473298266,8372.124554574575,91.32621839809076,138.11582589815475,107.1406477263612,54,1.027539683455705,0.9226179900066048,0.6606761907489933,845.8421425285619,28.878537105558834,48.49641806107084,50.497310074834566,9.836737659089058,-0.2352484798623084,1.3803471928643642,0.5936790193458403,0.0013097966827481,0.0359636999652749,0.0281912705487782,0.026847574190342,0.0268575561467739,0.1073787992952046,0.0356608394708592,1.2730696346742756,Benign
50205,443,33.775083742909835,1875,55.51769988146604,4964,146.98673524605252,123395.14252190836,351.27644752274347,213.72443375263748,76.0,68,1.1762055336594497,0.4148425967749898,1.6435951779687223,176.29125001290214,13.277055709144712,7.771524905716086,0.0657825057698403,0.0,1.7411016200440732,0.5853223140882614,1.708473201312301,0.0001025712802481,0.0100665436539957,0.0109982986133728,0.0153496733684795,7.272752033759659e-05,-1.3424018777006546,1.0923743944158757,0.912210585250057,Malicious
443,33926,108.30625267754368,69880,656.9292738209431,41592,390.6323380542677,10961.74677235875,104.5380797521235,124.71287387145252,87.0,87,1.0833869011779595,0.3611289673008957,0.8377877849729587,1042.8112243365551,31.18704650601288,52.15861695528661,50.39197597605365,0.0,0.1194239576858498,1.645739590315802,0.6101804544323297,5.9240665328900225e-09,5.427688998139646e-05,4.797042319198618e-05,3.398172701938639e-05,1.755054516501302e-05,0.889346614227634,0.7458718471480172,0.9916183306389956,Malicious
41394,6384,35.19442971913251,18348,527.388107148156,25886,728.2529065022527,17827.2740520195,132.08312478620806,151.12704995553807,151.15790494800717,71,0.0721985643358735,0.5893100720208189,0.8686309998388206,41.458613726522834,6.156268203391463,5.03114543285986,4.430412133391435,0.0,0.3996296662838512,0.7210412777716315,1.5569749716934378,0.0121270513991923,0.0999085019578,0.028068075899057,0.012616062056024,0.0002842119177354,0.4880650054493906,0.2791118277430024,3.378713670395705,Malicious
53413,443,121.44989317845516,38925,320.5088766038407,40557,333.91461301964694,7913.281189768489,88.9252165734749,134.9321541028309,89.0,54,1.549939210907768,0.9105198429720448,0.658953589610105,1239.9736268452375,35.19505745336722,61.84772494665219,60.89827454635204,61.64239946272779,0.0635875169588773,-0.0242385019281698,0.5819922601169043,0.0009441872384815,0.0306748104686872,0.0294576836848931,0.0269297167740706,0.026957709675883,0.2472671922467526,0.0816357167277949,1.0410344797227915,Benign
39865,11703,103.7706220057307,63890,624.9147605718998,65302,642.8149011592601,7664.7259938054685,87.52479596899549,135.87927682730316,99.18748916563486,54,1.2538709304010194,0.9358870633598178,0.6440988572203707,721.0286795498553,26.79711340470057,46.24415900388982,47.7933875379591,5.607933271510976,-0.2017375841765563,1.534480048262416,0.5790607139446964,0.0584044019708133,0.1370459761578635,0.0387519733425364,0.0210533045776155,0.0210236843944753,0.1551973375252113,0.0525138726405222,2.332491416277284,Benign
50205,443,33.81954499328488,1875,55.44331691136354,4964,146.78433343161134,123395.4521,351.2768882,213.71875,76.0,68,1.176155517,0.414825896,1.643640945,176.7909788385563,13.296049919160073,7.787003526866539,0.0659951007955644,0.0,1.7420778188082364,0.5856567003900526,1.70749062299966,0.000104742434873,0.0101812704916337,0.0110780513963956,0.015365928088928,6.356202503852572e-05,-1.30416555310078,1.0886982238156169,0.9163314143373152,Malicious
50200,443,33.58204914846156,1807,53.81683274292595,4896,145.8258567030254,141538.4963805042,376.2160186570661,223.4459896736009,76.0,68,1.1757552862192493,0.4131828079736032,1.6837000149825316,181.9487066672592,13.487788813800748,8.236135751361244,0.0690399617192543,0.0,1.816457021459781,0.610603511857393,1.6377546093841413,5.280429170891413e-05,0.0072663445975795,0.0104121423803746,0.0152510485465999,3.4785881475715824e-05,-1.9981276838078168,1.428174189921849,0.6978582256851025,Malicious
50181,443,33.21620106191724,1874,56.430107872747264,4963,149.4387516250209,123396.65242476722,351.2785965619861,213.69317112802025,76.0,68,1.175931351404642,0.4147510634077504,1.6438457608935668,170.51851852370746,13.058273532782373,7.604652294400697,0.0689896729241979,0.0,1.7312385064393865,0.5823626789046822,1.7171436126541242,7.031209485259533e-05,0.0083683375285803,0.0101583772685066,0.0152664902078191,7.054442828994208e-05,-1.8500979456294184,1.2065517737080345,0.8231901903761855,Malicious
50203,443,33.64362440734584,1875,55.73659456053698,4964,147.5720614645525,123394.81403278658,351.27597992607286,213.7304647056101,76.0,68,1.1762586056596278,0.4148603177412236,1.6435466151914628,174.90436174232178,13.2244838187458,7.730276395850192,0.0659422054045558,0.0,1.738606788297746,0.5845227706781619,1.710817513016813,9.23915141065734e-05,0.0095102400602174,0.010653868476724,0.015323330165895,7.349948231809481e-05,-1.5490259399044262,1.1242587495529286,0.8876627163095024,Malicious
50208,443,33.898975,1875,55.31140691,4964,146.4351061,123395.4521,351.2768882,213.71875,76.0,68,1.176155517,0.414825896,1.643640945,177.5982955,13.32660105,7.81039875,0.065632,0.0,1.743452825,0.586075828,1.706263851,0.000112165,0.010590821,0.0113229,0.0153745,7.2e-05,-1.147673107,1.062325613,0.93534524,Malicious
52742,443,14.755628126518758,90,1369.420572924389,161,1644.485062409064,75.55530555199176,7.952764163811504,61.977346920173645,60.33585034220293,54,0.3796502586238895,0.9501108740196024,0.1265777049423108,123.84471454842917,6.385438331343895,11.057698357026524,14.737578875351543,14.728510580261725,-0.5683965558398265,0.4822351657925812,0.8611683294137993,2.954693840347289e-12,9.848979467824298e-07,0.0270075659863118,0.0270075659863118,0.0270065810883651,-6.717006844058568,-6.388707528464424,3.644943151383976e-05,Benign
443,33926,120.69206904894432,78742,652.4240254705409,46057,381.6131190305904,8074.995616477287,89.8598949685197,121.58886192951157,87.0,87,1.1547845889099726,0.3849281966366574,0.7390465579014636,1207.6595451163962,34.75127203983002,56.47343028984827,55.77823251531138,0.0,0.0599960197983569,1.6250802582171582,0.6153550572937921,5.188918335423857e-07,0.0005894350523185,8.693236179134053e-05,3.405198413494831e-05,2.5641587307958645e-05,0.368687180641684,0.1675045350222257,5.721883086013795,Malicious
54640,443,111.44356733210286,58615,527.6042187342721,66562,597.4077298086527,13711.442839642825,115.42035985052784,142.33261819845245,104.7771590107557,54,1.0419370167719544,0.7815409585164944,0.8066822172252419,991.3141817487505,31.221135351912302,49.341641796949936,52.211420496541926,9.72654637740468,-0.279874485116042,1.250530883034357,0.6414372462123339,0.0010979304386505,0.0331294675719441,0.0263284759171498,0.0257681719055722,0.0269345449588696,0.0491552843509462,-0.0193109396247377,1.2625443328425858,Benign
443,33926,120.653838,78776,652.909193,46073,381.8610395,7979.98265,89.33074862,121.5666991,87.0,87,1.160855573,0.386951858,0.734829104,1199.921257,34.63987958,56.37114102,55.775982,0.0,0.051543974,1.627348066,0.61449669,8.72e-09,9.33601e-05,5.37617e-05,3.7e-05,2.8e-05,0.538614371,0.27593902,1.736554534,Malicious
443,33926,120.67472225725474,78757,652.6441632983136,46064,381.7256093979015,8031.884841784932,89.61980238056994,121.57880586258676,87.0,87,1.157539211115444,0.3858464040384812,0.7371329485104248,1204.148407554238,34.70072930428342,56.42701799656482,55.77721137617503,0.0,0.0561610248959555,1.6261092435651217,0.6149655854103434,2.874086603958125e-07,0.0003643481374179,7.18816484002937e-05,3.538960417208411e-05,2.671168333766729e-05,0.4457892130194804,0.2167051317836778,3.9135972525013,Malicious
52708,443,12.2809200316702,1131,1037.145270163674,1103,1241.7821579455654,851.4648239762012,15.279502414948253,69.1650869934473,64.31943401084327,55,0.1852477451622899,0.9772598217566018,0.1627527172462003,18.830755857389757,1.608681762559719,10.599476802181988,11.004239187958664,0.0,-0.1024400989519386,1.7584844547918168,0.8861081192584415,0.0002139159117442,0.0053542494453595,0.0448958046491392,0.0438368784969882,0.0438341981924192,-8.580333923577284,-8.633276031013557,0.1537670035270922,Benign
50220,443,33.943987,1874,55.20859998,4963,146.211463,123398.5381,351.2812806,213.65625,76.0,68,1.17560705,0.414642789,1.644142311,178.1050495,13.34560038,7.825968938,0.068792,0.0,1.743760501,0.586408158,1.705296876,7.68267e-05,0.008765084,0.0102344,0.015168,2.1e-05,-1.688608959,1.16523693,0.856433633,Malicious
3377,47912,56.72860426702661,83357,1500.3615443976566,77058,1382.9437383871502,8033.40652282055,89.62816476935089,138.71680980858758,112.59061258372682,110,0.8753501209954658,0.3142552642801561,0.6461264809612084,362.3254317545974,18.94258063827128,37.44536889932167,50.22084260873947,8.600828485197695,-2.066283340707251,1.5374579991050203,0.5063270622009299,0.0746644297332191,0.266928564979722,0.0257259401452191,0.001179506543942,2.178925695311298e-05,0.2736739876034411,0.1319503161985769,10.303947725849897,Benign
50183,443,33.89379734383196,1807,53.31881382539124,4896,144.4763331596849,141538.6343078504,376.2161890864488,223.4460315152633,76.0,68,1.1757551125458667,0.4131827419421082,1.6837004342007005,185.28918967066943,13.611415005703456,8.336832595077446,0.0694039761772801,0.0,1.82210487263868,0.612465613832181,1.632767163061505,5.426499786628408e-05,0.0073664437496078,0.0105375852064328,0.0153287863880826,3.538110465145311e-05,-1.9512346102556275,1.42567179179655,0.6990838554256311,Malicious
52703,443,14.00629983278342,2685,9388.855998869423,7470,40455.99649358926,199497.07146193573,422.285475621529,316.7917703164368,123.34794091275208,54,1.3752847964068473,0.6468973311007782,1.263989608979165,21.34453657005712,1.8283138036664413,12.049273491098257,12.501861842584102,0.0745825252298353,0.4529648391114629,0.4995473899211948,0.4291361052221288,0.0003738238459212,0.0166236253792177,0.0164931828902064,0.0132765067278387,0.0041055367908364,0.5761972173383292,0.9288068653851602,0.9732514209137518,Benign
18171,22002,32.7884339120099,21277,659.1275112200736,19080,569.6522831263349,12315.506379596762,108.24286896758268,134.05926215783313,114.775544620032,80,0.6741895133759184,0.4694379017368034,0.797940514041413,77.1527204456275,8.459445507707205,10.271999730284056,10.690455039187023,0.0,-0.0262102990336882,1.1042954230548596,1.0800100546655589,0.005250121272485,0.0433610323082783,0.01219397627199,0.0054827872291557,0.0001349509522873,0.5514777215436849,0.281794583232259,2.902244592231318,Malicious
54453,443,121.63357106800429,38660,317.8381977102012,41262,339.2258443442645,8151.269462434478,90.28079421278689,135.5816485068814,91.1730072021856,54,1.473749987750243,0.9037465081890904,0.6658932749376064,1183.590796312489,34.403269182977326,66.19241676076066,69.87641810756189,88.70457793155079,-0.3213865806264354,-0.6543300310450708,0.5210326710691167,0.0009931353365443,0.0314858913208578,0.0294198240747066,0.026931587753662,0.0269973510146483,0.235520746360698,0.0764425601905291,1.0697640807275823,Benign
53154,443,107.4210923832028,61532,573.0275091840863,65886,613.0268526233889,8208.535987554536,90.59225511010476,136.66792122433318,98.5436307117426,54,1.2674053437460098,0.9124083798323892,0.6628663687813574,841.5583131137055,28.777489091208185,53.05573484054576,48.35271156089475,21.31248884146136,0.3771632496294672,1.097979962921526,0.5440310120069108,0.0008684131870992,0.0287130980103214,0.0253486880033116,0.0239648814993156,0.0269013071211686,0.1373047300969696,-0.0987479526469728,1.119282666174635,Benign
52535,443,83.09533068111136,6683,73.49819724268288,6483,71.69858293867797,5095.060911824932,66.84891225021092,114.48176798716683,83.8535800447719,58,1.3422045902187918,0.8334613172050396,0.5511401441945591,182.5179413522455,13.19681091435995,70.90467342208274,75.37812499433171,7.961521608652269,-0.9359881926220984,5.375425953137087,0.2259269261304312,0.0013129388839745,0.032862988600335,0.03343640883752,0.0269371012012218,0.0269201180680921,0.4880270394143739,0.3405501938160271,0.9437862328900062,Benign
52635,443,100.07945808200051,78184,784.0988402625662,81272,814.3646981081497,7894.897333486593,88.77914959268132,135.7276405772946,89.0,54,1.5799595021611597,0.92146753719393,0.6539262585840914,732.1085242091342,27.01381224476755,54.121268899221455,56.12273450940615,28.710261614171493,-0.2335039523850339,0.9384417930448128,0.4997275392851837,0.0008038546188926,0.0283101480742532,0.0227138757475755,0.0205974772937105,0.0018480346451259,0.2256640720457315,0.7474091680818296,1.2472151962651714,Benign
50188,443,33.72659463226481,1807,53.58399698864794,4895,145.18112925116915,141495.12553283598,376.1583576130848,223.4306090657204,76.0,68,1.1758128821598164,0.413205268114872,1.6835578121624857,183.440435968948,13.543221823679517,8.279752649515597,0.067956271562539,0.0,1.81894603021268,0.6113311720921794,1.6358007149580842,5.4424712673893104e-05,0.0073772716917935,0.0105747274586571,0.0153697329711458,4.463456975046955e-05,-1.949918994228442,1.4273580919194635,0.6976555837816077,Malicious
50198,443,33.3701117773243,1875,56.19202405980802,4964,148.78988378774963,123394.13058247676,351.27500705035715,213.74301263004628,76.0,68,1.176369026591599,0.4148971877593196,1.6434455760916342,172.0188195569378,13.115103408853107,7.644455268202718,0.0662744744436251,0.0,1.7334160729372003,0.5828592507769357,1.7156950582831152,7.121162149230482e-05,0.0083528018427492,0.0099372514930056,0.0152685208319579,7.51056166459222e-05,-1.9789253490002263,1.190596935370328,0.8365887308329312,Malicious
50217,443,33.89690065909119,1874,55.28886699063312,4963,146.42038553207843,123398.31036380124,351.28095645596903,213.660862285296,76.0,68,1.1756475249804708,0.414656301667579,1.6441053119115248,177.62283476974122,13.32736513077938,7.811929533566442,0.0687588653424338,0.0,1.7429801900720383,0.5861527008596493,1.7060441663598842,7.53448354614873e-05,0.0086741616140795,0.0101798200607216,0.0151785160104747,2.011444122317521e-05,-1.7349144811128898,1.172173297372255,0.8517807374544637,Malicious
52726,443,5.724660114004172,2107,10384.845262339888,7435,44779.37300098737,220202.20458558336,459.1051543151735,337.31433679227547,127.02634262587802,54,1.374534724521875,0.6272545454282642,1.3322068980598871,8.582979755378629,0.7546789968615398,4.885628563215076,5.063237683470656,0.0825697431324034,0.5833343883300657,-0.1601566044451544,0.4590126148067059,0.0002429160683318,0.0141252765519492,0.014530463574735,0.0118155000622253,0.0016645312490593,0.5743635969350516,1.007041387452903,0.9546030941415976,Benign
50185,443,33.36606905586146,1874,56.16636769766441,4934,147.89122677919983,124802.96080123412,353.2672023381371,215.6868320838477,76.0,68,1.1861633785939112,0.418034490681294,1.6379485191789676,173.727580632851,13.179862245058075,7.761326904077515,0.0702684469481209,0.0,1.7504140266049844,0.5888037504392347,1.698605274619517,7.052844736758956e-05,0.0083846375857399,0.0101800223680373,0.0152965889857739,3.9959033194141454e-05,-1.8460826987619128,1.210513394815664,0.8231476100927484,Malicious
50206,443,33.739608746240464,1874,55.55972048247944,4931,146.15857461843237,124966.49604240069,353.49843418677443,215.9581200094704,76.0,68,1.1876900301317626,0.4185285804154939,1.6369593493412729,177.74443682895037,13.3320817695664,7.883491117673567,0.0676232027335483,0.0,1.7587285571890277,0.5913150028264216,1.6912899018707952,8.781519529788772e-05,0.0092693785655264,0.0105314556757211,0.0153445192313064,3.9380923661457946e-05,-1.63273561175228,1.1446344925382532,0.875263734447124,Malicious
50173,443,33.21537424887358,1874,56.42210530366107,4963,149.42365697487207,123398.14859390342,351.2807261836553,213.6638764481852,76.0,68,1.1756740378736512,0.4146651542202619,1.644081055449525,170.57343181508975,13.06037627209089,7.608769466509887,0.0702939501896007,0.0,1.731606002651458,0.582584219178803,1.7164902147407857,7.592814277015733e-05,0.0087085917195029,0.0104780720625252,0.0152811766073098,6.77321390257771e-05,-1.660285022179239,1.1957337712182765,0.8309443080798151,Malicious
54316,443,106.54826926443825,60584,569.2269643728255,63006,591.880910646294,8057.565219008111,89.7631523162184,135.25205944069376,89.0,54,1.5457971144235865,0.905187511436109,0.6636702563177241,739.5002880902346,27.05479008674144,50.95950394983597,51.96581499737942,33.186878374495684,-0.1523247861415497,0.7365282328490301,0.5552199671998433,0.0011811134660371,0.0343522441489911,0.0290898066817987,0.0268618412452868,0.0269001754303573,0.192430181036219,0.063050482333813,1.1809883723424273,Benign
443,33926,120.65357961796786,78520,650.7931273449019,46063,381.7797081673618,8567.37296146356,92.3248517673605,122.2048128154107,87.0,87,1.1462429740351747,0.3820809916783916,0.7549821945191603,1198.6674990312042,34.62175480159144,56.6845738783428,55.80840458739931,0.0,0.0759827738045006,1.6372782796203915,0.6108762589089382,7.411001080592096e-09,8.295906117102112e-05,5.203093342615467e-05,3.640189344413477e-05,2.6120236538709274e-05,0.6064448960700851,0.3688462113327463,1.5670643533682402,Malicious
51797,443,103.30635401233164,72001,703.5320270997564,76721,748.0316154097721,8023.841389463944,89.55016193231752,136.8970361019732,98.94638997614354,54,1.2803967045920663,0.925752176834042,0.6540499238196265,870.9427222963186,29.32136835709281,53.29124232427258,48.13260185564873,23.14510340602201,0.4275386531270306,1.0157925294377443,0.5520870079714055,0.0006320837795686,0.0248630383199837,0.0213586127216033,0.0197954784952359,0.0107305520691466,0.1786738355614308,0.3435118495781085,1.1578520517030435,Benign
443,33926,120.6595899528138,77438,641.7918958848275,46018,381.3911748104957,11058.625006819082,105.03182947872382,124.8961444111734,87.0,87,1.0835793671765988,0.361193122725533,0.840633702447647,1194.8244713547963,34.566110404527805,58.02349069203168,55.94536004360784,0.0,0.1804684522057944,1.678675204241266,0.5957893189538156,9.66231155509161e-08,0.0001312654954925,5.090120920260829e-05,3.333579092110984e-05,1.7766309034820736e-05,0.8605412659482143,0.7399625929995024,1.5932727769350947,Malicious
52566,443,77.44877807494066,5719,63.17208082220105,5577,62.27716571568638,4366.895587708451,58.88596431698674,107.16853671666011,80.32810481231448,58,1.3147455447588527,0.8356156522101423,0.4991772028964713,211.29580740670403,14.116935320331956,65.39917512008016,70.8681051250155,13.41543860107814,-1.0535378605578227,4.4956617602120605,0.2778318219376339,0.0011188911361411,0.028006397860837,0.0324882339757041,0.0269495011485911,0.0269345846733563,0.415898359484755,0.4380145557435356,0.8043143562720769,Benign
52466,443,45.70179635522096,32374,717.5262332903975,36221,803.7829122587534,8357.172911159681,91.41484596323927,139.66779200303324,113.65526861199008,54,0.8543179448981374,0.9371283679385474,0.6545070455715604,210.02721681737057,14.243351310491796,23.628208569211356,23.26606195835048,0.6411069068272484,0.0585200583148814,1.619793631538823,0.6007281291711901,0.0006658688656122,0.025803104485769,0.0214218612327506,0.0208710970826176,0.0005705112381296,0.0638131963663284,0.8089644691303184,1.2057844728857396,Benign
50210,443,33.76292208064969,1874,55.517257215331206,4963,147.0148497293809,123397.6623675547,351.2800341427114,213.67398599411243,76.0,68,1.1757626917197257,0.4146947503547831,1.6440000354092132,176.25075015206525,13.275478899635688,7.771982079339404,0.0686645846182963,0.0,1.7407599082057303,0.5854258279734509,1.7081704921301164,7.11283663011993e-05,0.0084154527872943,0.0100245193400712,0.0152084380665763,1.7594689130415304e-05,-1.8666713326102575,1.1919099051048987,0.8385414770066186,Malicious
36377,443,108.3640769520082,38933,371.7329441534933,65542,624.2314604669103,14350.577184171696,119.44532981578028,130.13624356808782,98.7275035271619,57,0.820289837047711,0.6045905324707288,0.9187149445432086,838.4424221822054,27.41751715036173,54.94797808864461,55.978033195039984,0.0,-0.0284014754409777,1.8254823517682708,0.6765044084109206,0.3124328078891341,0.5316510819197591,0.1382496720815362,0.0039510973203527,5.5518476732389736e-05,0.7225131602088058,0.2621153232211321,3.8119942980819728,Malicious
51565,443,103.17978742714602,59746,585.2879760817643,62957,616.4802554713251,7823.458641800053,88.42546370209391,135.74184032383468,95.9069889226654,54,1.346965929567095,0.9249142521077884,0.6514157238837203,884.7958149496511,29.497306881921777,40.05227522176561,37.83661083201957,34.655333995994575,0.1451804001615516,0.3652862284790736,0.7632296989452205,0.0011934873301245,0.0344796933505792,0.0293492386378618,0.026849313068402,0.0268829301107733,0.2083886390897268,0.0686101711741822,1.1748158664816468,Benign
50215,443,33.86175452015658,1874,55.34877981148792,4963,146.57632927706425,123398.1403771782,351.2807145087095,213.66430498261943,76.0,68,1.175677736274437,0.4146663877792399,1.6440776950893443,177.26290053873325,13.313753994508325,7.801450255515582,0.0687341330048621,0.0,1.742397751178784,0.5859620227994452,1.706601958074128,7.42387436321454e-05,0.0086062954187849,0.0101390805576748,0.0151863653603722,1.9453443337072208e-05,-1.7694778020719593,1.177350733687362,0.848307727869617,Malicious
54640,443,98.5638014449114,41821,426.259563263338,44680,455.3990132894125,7921.168262410597,88.99991439285928,133.91458766496115,89.0,54,1.513940254346208,0.8979145250147209,0.6645988038414491,539.0876585665166,22.99640584114187,41.35610557753361,38.506364980964406,7.877177718655927,0.3991215658020344,1.5416563950541182,0.5582938028459996,0.001650595107555,0.0405550576237505,0.0332582972407918,0.0269311819075159,0.0269558564393373,0.4643951900217568,0.1541630654143564,1.2181826122113415,Benign
52948,443,58.69781434956754,31222,621.6405910236097,34754,694.644908532411,8251.357421757244,90.82783632170316,138.75595621652184,108.67589596227724,54,0.9977152642833648,0.933036344236403,0.654583202244036,466.31981896737375,19.134180532034623,30.075664244651588,26.9729653461056,5.3853073953656,0.2662761575416019,1.4574220566464648,0.6191860757597559,0.0006932603857662,0.0263095581451491,0.0225256254288402,0.0220789794961975,0.0058910597897414,0.0516531926649482,0.6453773923342838,1.1748320964890409,Benign
51565,443,111.1754671052699,86698,781.4588145321744,91901,826.5011918687981,9170.044191567087,95.488095764852,138.51807365276804,102.28348395014685,54,1.1680769842550167,0.8879150786398953,0.6885632063400505,708.0670022616432,26.609527213757023,53.252813384572754,52.606334819596846,30.75562668334579,0.0727838052866007,0.8454793111535664,0.4998715290695917,0.0009861556720528,0.0312450978103535,0.0234117314063436,0.0206219397525262,0.0143524703408262,0.2648072837471452,0.3338717749594811,1.3312308352404905,Benign
52495,443,89.72937369050959,7948,107.87398413116784,7668,108.98122833145476,6050.042618267391,77.18718187865991,124.01812606990948,88.49779058189529,59,1.3579309290585202,0.8333065196450224,0.6175480633122821,138.03262809695633,11.645163183219177,77.55084344093659,80.51789365838536,0.0,-0.7509218458815012,6.559957015776748,0.1651325780396613,0.0015680786425812,0.0392485258990788,0.035025551347207,0.0272632513400734,0.0272436037677352,0.4066501452995723,0.0185659336711268,1.1271660541679542,Benign
52484,443,108.27849581204484,61660,569.68407668616,66964,618.1078361046862,8289.473674046632,91.03746593823249,137.35151579657452,102.84635711003304,54,1.1421734358626,0.915449697274016,0.6628088062191649,918.5515361411972,30.0750249417544,52.67658041124222,44.60288808642049,19.076673793879174,0.692034111125191,1.1121155841461097,0.5726560430362145,0.0007410915544655,0.0263639019915269,0.0238388139801612,0.0226573690014031,0.0269059540656788,0.1261401130524113,-0.1672787817839516,1.090958150637276,Benign
51166,443,96.20018841238212,62197,647.3155926312453,65158,678.2115392217802,7534.086072398746,86.79364898081464,135.6177997936958,100.60676385258292,54,1.208839788827726,0.9405014846651608,0.6399966361305973,670.6070605796913,25.89608192980168,46.011760067068536,49.65352339945176,4.150413983624665,-0.4218912850096003,1.6165214405034127,0.5645423959523979,0.001063888695712,0.0326141470480407,0.027739215546593,0.0268551788921247,0.0268293948687824,0.0809266506885175,0.0277736687126746,1.175714999815537,Benign
26056,26877,61.73772758742036,10870,252.002860205552,9607,216.49711856974244,7809.634577765702,87.88513930371873,132.6929009346105,89.0,56,1.4812121323954477,0.858848238629311,0.6604774235429254,121.45047812680303,10.987422560472396,45.0465320955523,44.32405508061663,16.774727925206008,0.2768002123281166,2.23511810714672,0.4962251816076651,0.0010033335414471,0.030179109264294,0.0235592920203811,0.0132681017253918,0.0132475938416849,1.2195043901916471,0.407262831815441,1.3962481366340571,Benign
16747,22960,117.3148577846018,104105,901.903673851778,144015,1279.937701025568,9126.912060499732,95.46927016364012,140.91421345113454,112.543560425991,80,0.9042714724504822,0.6173684498137776,0.6948287318541717,1176.6745855537836,34.26921124963157,55.16516601365789,56.30173750844027,0.0,-0.1002757858892187,1.6139893102741187,0.6216763957526891,4.076599012837445e-05,0.0044460423310417,0.00582374856712,0.0051067066707349,0.0050593737747276,0.3281093444641797,0.1184443238232812,6.782178754613116,Malicious
54640,443,106.90695987989577,60631,568.0669390439067,64214,600.7382874634591,9360.000616526044,95.651511685108,136.83366084932368,92.6954624920365,54,1.4273022962019883,0.8765897628950418,0.6966499301086986,745.8613942188256,27.145978811689567,52.8297868138316,55.62565767287445,22.39629144463661,-0.3115462287139505,1.1097022132769905,0.5182263387704046,0.0011384302184526,0.0337376795054108,0.0281427238748833,0.0266080914475536,0.026901199476478,0.1356208586258247,0.0362590124708447,1.200948224797146,Benign
52491,443,121.332889,53598,441.7433759,59634,491.4908109,8309.003436,91.15373517,136.2599278,89.0,54,1.555391922,0.902430686,0.668969496,1017.683019,31.90114448,57.25040046,55.498051,78.545984,0.164791842,-0.667549202,0.557221333,0.000819217,0.028621969,0.026188825,0.026823,0.026913,-0.066470809,-0.025301374,1.092907715,Benign
46869,6287,43.56149622412523,1667,49.30501160992589,1591,45.6303511631574,1206.0567111228063,22.407775874252422,73.42155541522625,63.25657870000931,54,1.203652181888652,0.8523561897212087,0.2549585471087054,346.4339790452104,18.3809609714908,31.245359468103533,40.7071860060021,43.53410496323862,-1.3925394525467534,-0.7427459925759787,0.6056901241576139,4.815997824233391e-05,0.0023282076353176,0.0254069337013197,0.0239912588508189,0.0239862375261085,0.2050801886242286,0.9561781189070612,0.1839701188602063,Benign
51559,443,97.257003131084,62089,639.7321156973161,64970,669.541403359266,7590.212005006664,87.11243588773004,135.56494055451603,99.29052756843603,54,1.2469810563287738,0.9365506682146824,0.6426046002780312,670.6271327375291,25.896469459125928,46.90593389744636,50.4492072680202,6.659014745225804,-0.4104764672128212,1.5541619737383483,0.5550162525859184,0.0010737466979866,0.0327626553555085,0.0278479047702459,0.026856292630519,0.0268363810459829,0.0901283213586679,0.0306634690182321,1.1764399424637648,Benign
54346,443,106.45219089732508,60646,570.2743154287353,63052,592.8031074906397,8054.899086604444,89.74836204268095,135.24268628602124,89.0,54,1.5457390289194914,0.905231874330472,0.6636071140145898,733.0838014044641,26.94691297169768,51.233770735579455,52.40507385744802,32.54115535448024,-0.1680969286228477,0.7673516863843635,0.5482465576420222,0.0011782845788979,0.0343122295607726,0.0290531887104599,0.0268621361990126,0.0268993186600107,0.1895950948123962,0.0621359397100072,1.181092886667008,Benign
51647,443,109.35023421063843,61820,565.5048480166728,68310,624.4589713070263,8390.644282407808,91.59397122375312,138.2059963450494,108.22468537951276,54,0.9856358715225016,0.9192512877212404,0.6627368540830433,1014.791638261482,31.69692071194069,52.20264440024419,39.91567822656586,16.281946413463523,1.0856168535209785,1.1297848487475128,0.6084368014085826,0.0005819418729096,0.0234274504980154,0.0219514994287897,0.0210230026068736,0.0269117626602098,0.1121845486241172,-0.2529410483470187,1.0555530310613663,Benign
52742,443,43.24539202695175,159,46.92863020730627,346,59.7778871634044,163.1877180010975,12.697057094290727,64.83492558699231,60.0183416014453,54,1.113994010305655,0.8536121436529692,0.1955702136650134,363.3927232026372,18.7108038279322,32.42044728258696,43.218187473554885,43.21733541445975,-1.6678254374935562,-0.5192586096072542,0.5926312547913448,8.66985117398462e-12,2.889950391328206e-06,0.0277339013649758,0.0277339013649758,0.0277310114145845,-0.366832028905979,0.5964847682034231,0.000106952247399,Benign
50203,443,33.6241345760221,1875,55.76904733655668,4964,147.658840461411,123394.7653318134,351.2759106013634,213.73135883956917,76.0,68,1.1762664739812427,0.4148629450072242,1.6435394153959264,174.69874516634783,13.21668964215234,7.7241609952497505,0.0659658820717907,0.0,1.738236910801345,0.5844042323778428,1.711165074789396,9.088228751446158e-05,0.0094277638848966,0.0106028041286707,0.015319424588762,7.361393146484959e-05,-1.5796595050483515,1.1289858440633431,0.8840233108389361,Malicious
50224,443,122.84942769279596,940719,7722.973219919248,1325005,10897.482976765194,19533.918282070328,137.27461959890266,176.62741718642494,165.0,152,0.2279229849873142,0.256641658658388,0.7729692391711076,982.0123504704262,31.23825373992609,52.622057414788,50.577956539462846,0.0,0.1905959086932422,1.6926048432024143,0.5926794222525681,0.0011594513958483,0.0332728985576096,0.0123002238563753,0.0078530516278888,2.2231724966253365e-05,0.4432966322222799,0.4023933365430707,2.6924503662087784,Malicious
52511,443,83.87255437345173,7433,247.87050262745652,7172,278.3133385016257,5657.021700975587,72.50686084990586,119.87114730241876,86.66986758945716,59,1.2692741773727625,0.8441896228862986,0.5831647971260527,129.02074391097176,10.88559363091434,72.48841620695242,75.26175330634894,0.0,-0.7018955734834754,6.196957898529331,0.2196394989259716,0.001465701742649,0.0366860635969062,0.0341812183063506,0.0269257042406198,0.0269073394212587,-0.2727804340245553,-0.6355273587209176,1.0535755063465948,Benign
443,41543,71.26239222782264,41322,351.95156701456824,24614,210.2465159283654,6457.613856701144,70.17773810794037,105.06276065534011,78.11972806264544,78,1.2643100946955812,0.4214366984093995,0.6159843437826877,648.0099405726306,20.84102092886011,36.99678769605918,36.802021394063,0.0,-0.4681110378795815,2.042552498088235,0.5068157960551413,8.118197684876172e-10,2.8057360730170384e-05,4.707652816838572e-05,4.1679197837037095e-05,2.2141210068994745e-05,0.4982874439808244,0.9039229454522928,0.6074375060230384,Malicious
54036,443,107.44127774656512,60009,559.4922716964772,62580,583.3094743392909,8082.3458113775005,89.90062176036864,135.33917901691427,89.0,54,1.546336995037755,0.9047751767748508,0.6642571377768303,799.1388644733915,28.05746302609301,48.41030819023131,47.88308649483687,39.18860541570588,-0.0057292783252695,0.4500370456801538,0.6200349101634808,0.0012074067960157,0.0347241631122464,0.0294301555031441,0.0268590997730185,0.0269081387545651,0.2187811289291295,0.0715507758427899,1.180016955142502,Benign
53843,443,108.05473113911842,59614,552.8050113094914,62288,577.4213144989027,8099.368873042353,89.99505658218078,135.39902592840494,89.0,54,1.5467078667606604,0.9044919229179406,0.6646602967941532,840.1076657127256,28.74625056683576,46.65913469265447,45.07845059172251,43.31149997751369,0.0949747053466245,0.2532315346207485,0.6645596234724653,0.0012254690348407,0.0349796533503911,0.0296639585893238,0.0268572165149115,0.026913609170971,0.2368829484587719,0.0773900640412189,1.1793496387745104,Benign
53540,443,109.25336594366348,38539,360.804744197649,41089,384.7784954014412,7790.558425700362,88.26207636351101,135.18663948672443,101.79193605289166,54,1.1325414591490586,0.9199846757331316,0.6530020589698267,835.394334672928,28.267999353207664,47.88985518189583,49.29803930235671,40.03428764116143,-0.0454074111573911,0.5254807025423109,0.5861340197658559,0.0012079735724232,0.0340373148975271,0.03068998809484,0.0269210222898787,0.0269340912895259,0.2944530512660706,0.0977987392339537,1.0973582732216016,Benign
50224,443,92.34680041146434,833725,9125.936750506744,1227052,13417.59276612588,4975.360738509279,70.18951015998427,162.67919427210802,165.0,68,-0.108968939674812,1.3550785321248175,0.4308509741419274,639.1510789220893,25.19071873889187,48.87123488686212,48.84418520913997,0.0,0.0032634126574611,1.9449939218087824,0.5146757349009994,0.0002025727013289,0.0142047334339906,0.0117816181112579,0.0073531954861962,0.0006404507411451,0.928317856227072,0.7761579682890469,1.2168673282571918,Malicious
50190,443,33.797567544524625,1807,53.47357731240864,4896,144.90313660933182,141561.98259322543,376.24723112721387,223.4543119370549,76.0,68,1.175724105756463,0.4131706504193514,1.68377698969028,184.28881820067505,13.57427086878754,8.307404219206193,0.0699661029554553,0.0,1.820431341548886,0.6119639150892489,1.6341135670673423,5.330619809175143e-05,0.0073008021947147,0.0104426295167795,0.0152602862405585,3.0042200794270928e-05,-1.9799622614683765,1.4262588836569154,0.6991206918842787,Malicious
50184,443,33.21649104209868,1874,56.432914536785006,4964,149.44404562639454,123396.12768776542,351.27784966027394,213.70344536914263,76.0,68,1.1760215965029446,0.4147811935102761,1.6437632382984635,170.49925931351422,13.057536059261754,7.603208318251087,0.0685322363114518,0.0,1.731109618029762,0.5822849802164748,1.7173727726158756,6.834243241610691e-05,0.0082490034508525,0.0100462537901883,0.0152613393882698,7.153075543769371e-05,-1.916669205484725,1.210345867607284,0.8204706633007149,Malicious
51595,443,104.69398049516292,70071,676.0455835282937,75378,725.5138485015171,8115.538377245634,90.05959964521486,137.32645716392,101.84973722899528,54,1.1911275955422234,0.925285689991964,0.6557104460144018,918.618082898804,30.115434122243823,52.98313388545222,45.57709116562991,21.242628909788092,0.6359725552020015,1.041437266151645,0.5703653405630863,0.0005894526543822,0.0239780122543697,0.021082092354815,0.019693745207496,0.0138525794370831,0.1629599934805541,0.2107347400171818,1.1307894173949165,Benign
22752,27917,24.447521398123964,7913,226.6083511300408,12885,361.76454458072055,9372.617588986865,78.91582089304703,115.8851139017267,111.46503663887488,68,0.746351389488312,0.5567113961394847,0.5923270690589577,27.62917371931521,5.256302682332874,8.440881851480238,9.17651029893002,0.0,-0.4234605042380642,1.6096450744677826,1.0042990466197752,0.0066064438907606,0.0544213524920778,0.0153115129751458,0.0068974154103646,0.0001682531594635,0.207887846076022,0.6765175777020789,1.8441071918352483,Malicious
50175,443,33.23275049743062,1874,56.39604081767875,4963,149.34662566692293,123397.94003714944,351.2804293585013,213.66836242001293,76.0,68,1.1757133422026758,0.4146782749022609,1.6440451469108448,170.77822073729675,13.06820569435366,7.614857393065797,0.070189604031366,0.0,1.731989469006488,0.5827009297413444,1.7161462979976196,7.338943859991999e-05,0.008552180185058,0.0103546136648993,0.0152899418673652,5.575967422799756e-05,-1.7475395899744244,1.205768749843042,0.8252924958713589,Malicious
54422,443,99.22112111839084,41351,419.9860439511264,44162,448.575281435209,7878.081675165224,88.75781175552677,134.06663467167337,91.52806690306976,54,1.4368802053351584,0.9021336296991124,0.6620834252915689,556.9638998965445,23.31851577201974,41.02282018230024,38.61673120422577,9.072147237435743,0.3554322516608533,1.4793698493326728,0.5666709460442468,0.0016029880194138,0.0398121150105489,0.0329836709453866,0.0269290281078156,0.0269484607063357,0.4445039849629415,0.1476897411399976,1.2030610227971454,Benign
50201,443,33.56524177345512,1874,55.85423832308545,4963,147.89195908899572,123396.70627368834,351.278673304507,213.69334952834717,76.0,68,1.1759326158722234,0.4147514799333929,1.6438447039259314,174.22629137757872,13.198922734978868,7.713041126874455,0.0685254769883542,0.0,1.7374839665850932,0.5843533546190791,1.7113078050971944,6.490712609565328e-05,0.0080337377329345,0.0097953790213514,0.0152525869246314,1.3876890557351417e-05,-2.06107356602671,1.221030520691004,0.8190074507256812,Malicious
443,33926,120.71048258514432,78726,652.1903502219291,46050,381.49371104508526,8120.757497095466,90.11475209937554,121.599536396333,87.0,87,1.1518605706473797,0.3839535238824598,0.7410778450942235,1211.386600802593,34.80492291125845,56.52269671661998,55.77931644960821,0.0,0.0640668484983139,1.623987995204318,0.615768479830541,7.646101118671122e-07,0.0008283637331854,0.0001029086218872,3.2632106879466115e-05,2.450568550357289e-05,0.2868437429797448,0.115278337478622,7.641369827489981,Malicious
53891,443,119.18302641053684,70247,588.9271456331585,78490,658.1081906943015,10085.11346519,100.34582166112683,139.75972071539204,93.80722547021676,54,1.3632664970797037,0.8559453406665383,0.7179282455272287,1080.6431690610957,32.87197518328633,51.129075048888645,43.47540258281423,15.07735349302488,0.6951620410178181,1.0965168694972478,0.6429109950040168,0.0010164009567844,0.0314142747388681,0.0267462193566806,0.0254203345437343,0.026972924346721,0.1243289662980565,-0.0335073363722371,1.1655447565833046,Benign
50200,443,33.87880203558698,1807,53.33745596754592,4868,143.69651674412776,143227.80088382342,378.4458866733971,225.6807902046376,76.0,68,1.1864569671500649,0.4166256999865654,1.6770028376081123,186.74748036824,13.665497315979666,8.44805139806095,0.0652984269659544,0.0,1.840214373590949,0.618183446574105,1.617823797187794,4.947557845816692e-05,0.0070319211233872,0.0109377838422218,0.0153139999252298,1.7517657614615803e-05,-1.860742374732204,1.5565152682429404,0.6471907202218681,Malicious
52742,443,0.0349848598722568,55,1686.884833133739,66,2024.26179955009,30.25,5.5,60.5,60.5,55,0.0,1.0,0.090909091,0.0003288794976325,0.0174924299361284,0.0174924299361284,0.0174924299361284,0.0,0.0,1.0,1.0,0.0,0.0,0.0349848598722568,0.0349848598722568,0.0349848598722568,-10.0,-10.0,0.0,Benign
50230,443,114.26919142062836,333507,2762.313358601761,565478,4759.217172116589,12693.7302602107,110.97059280614975,178.77625085758524,165.0,89,0.3819782774079479,0.8770947308698998,0.6207254457537308,1031.6121811211938,32.11869664285757,55.54500188813906,56.06690879575195,0.0,-0.0489207784729969,1.7294155789205408,0.5785575933671809,0.0003838101729238,0.0165915419959585,0.0163816121279108,0.0138405734806725,0.0119716338323843,0.5054216718643674,0.226399625468587,1.1359054714583936,Malicious
50198,443,33.29749346488653,1874,56.30988486704316,4964,149.11067004291667,123394.27542797636,351.2752131852336,213.73971222973975,76.0,68,1.176340151066802,0.4148875492221051,1.643471943260994,171.25619902035962,13.086172207402036,7.6218282803439505,0.0667154597240744,0.0,1.7319779470660546,0.5824240085621973,1.7169720320721118,6.132791973348626e-05,0.0078242470013375,0.0096145983536551,0.0152303184648723,6.99645081140004e-05,-2.1601886925932616,1.220701015409494,0.8134466336933438,Malicious
31487,21595,13.461925028980929,5545,869.5520688415957,4653,982.9249206791754,3842.2397551897984,42.68832641872884,92.8071167448572,72.0826150737096,54,0.6409308685143658,0.953870401758102,0.3355711645443033,41.85381411756431,4.13805436262127,4.973525123750708,3.2060461990970603,13.423104394740918,0.5225050851695603,-0.2403924580139442,0.9315404041438364,0.0001742947852216,0.008416331675251,0.0327154406795132,0.0275920001392576,0.0275834655807822,-5.193722926160367,-5.688111882591727,0.6654458911048299,Benign
54640,443,104.46734796039298,41098,399.23257295369183,43900,426.4625997639051,7991.244617955734,89.39050991086043,134.3176143508349,89.0,54,1.520772993306604,0.8984930652922363,0.665505546491227,704.1256970919922,25.91607284604704,47.946421961778775,46.71060505047866,28.810721157023487,0.2199659425311967,0.97964037347015,0.5466304130881277,0.0014888619878106,0.0383435152501009,0.0323132958182053,0.0269317740129284,0.0269684090740826,0.4088409735871889,0.135234707560743,1.1826584720925055,Benign
443,50749,54.229891,83641,1542.341289,76804,1416.266907,8052.745751,89.73709239,138.9134199,114.0,114,0.832880337,0.277626779,0.645992968,341.6966133,18.48503755,36.43561879,49.822561,7.342519,-2.172612661,1.573872907,0.507334256,0.079078661,0.281209284,0.025930264,4.65e-05,2.1e-05,0.276133458,0.092135166,10.84482918,Benign
52543,443,72.08706095123527,6395,499.3486125661227,6173,582.7761980799078,4866.111769535397,63.08824667161375,111.5258238135806,82.99138030030915,58,1.090862539944743,0.8660906313560934,0.5139723813904551,110.88536380502424,9.357391157142043,62.301201644296384,64.68471310801553,0.0,-0.6032357718416677,5.4664634278702975,0.3293284828056768,0.0012596798660924,0.0315293994231654,0.0331719529104546,0.0269362879584341,0.026920504533662,-1.6400572614628215,-1.951815775648056,0.9054828920066222,Benign
50179,443,33.483787459531,1807,53.9691980320256,4835,144.42851147925435,144934.08560751067,380.6983691726029,228.0834716062998,76.0,68,1.1984179703284883,0.4204870841223204,1.6691622185729111,184.3045805874249,13.575795630912168,8.447526459088706,0.0632876937751058,0.0,1.8527980225060396,0.622260399520868,1.6070863132319368,6.182735124512258e-05,0.0078606325183308,0.0109293333667854,0.0153516453530511,3.25966166692488e-05,-1.6902558725272177,1.3865901429565914,0.7191164170237365,Malicious
50226,443,98.28956049476312,601371,6486.029607648932,924229,9893.778018033545,6711.897609679461,80.4769975872719,168.21383140471738,165.0,68,0.0701023777148273,1.269721052850017,0.4752208208306666,766.6318421630738,27.46012222754023,51.301544182882914,51.7793399571142,0.0,-0.0441704390363551,1.8810489746453836,0.5331494954850335,0.0001754087527886,0.0131436213656294,0.0137661369756046,0.0101495618136574,0.0056912606902226,0.8011627694097772,0.5778652541712727,1.0166700116815828,Malicious
50207,443,33.87848159035937,1875,55.345530757554144,4964,146.5263535562393,123395.40089129652,351.2768153055944,213.71969017506828,76.0,68,1.1761637904804298,0.4148286585502495,1.6436333744696654,177.3820912317155,13.318405532497156,7.803968452706008,0.0656568958358084,0.0,1.7430639016212033,0.5859511858773365,1.7066293095646563,0.0001105780596987,0.010504097927934,0.0112692062257797,0.0153703933153016,7.212034240874159e-05,-1.17988406813247,1.0672961169824484,0.9315184327835714,Malicious
54043,443,103.52814332300112,40143,394.5784530703889,42843,421.1861797121317,7840.50637816737,88.54498368182942,134.5474727783694,95.93452957452833,54,1.3062221362413196,0.9097974031598992,0.6581846322420402,676.4990673398474,25.44341763165423,43.9709611754892,43.20240788518568,22.364748100322192,0.1833446124220698,1.0698481712319614,0.5750267918343898,0.001433401249557,0.0373328899968895,0.031998951858114,0.0269255910669318,0.0269422916585956,0.3800844343528055,0.1262706413510584,1.1576809411265554,Benign
51503,443,121.09751610120163,38824,320.60226265860456,38893,321.1482485777121,7473.787050630112,86.42767717466793,134.05968897856397,89.0,54,1.5643412981160512,0.9266216728458452,0.6446350836518336,1325.2484529202875,36.39122029906524,53.57989311594095,45.75044817870994,17.74593688498811,0.6333001144714132,0.9636371082266012,0.6899997075066897,0.0008301657217616,0.0287718355140072,0.0293005116602742,0.0269238255846424,0.026884069808031,0.2478382753131346,0.0840916583595004,0.9817506093585424,Benign
443,33926,120.71563110186273,78652,651.5551551637255,46045,381.43800473514415,8291.66538431275,90.99204004891328,121.77414000348796,87.0,87,1.147102871093447,0.3823676240311489,0.747072314934542,1212.1056507786102,34.81525292277299,56.620934883769486,55.78834153434373,0.0,0.0717916391132333,1.6263485494415058,0.6149121579649667,8.338893037352292e-07,0.0008932741964144,0.000106970567167,3.206892345911191e-05,2.3678357190811057e-05,0.2818896677361447,0.125459856738185,8.139736961705015,Malicious
443,33926,64.79427205680878,43799,714.7388718917272,26006,423.2228973070828,9356.308166039778,96.38425950404772,122.64076597938306,87.0,87,1.1117274475850325,0.3705758157798669,0.7850169542721207,514.956545836485,19.39182959185947,30.847986237795247,30.748133818247272,0.0,-0.1453645283896216,1.5057587897709224,0.6696356788467184,2.306677767588264e-08,0.0001310430079531,6.325494011948752e-05,3.567950542913382e-05,1.9490863347581507e-05,0.7265268148905248,0.485980468528428,1.8617345383322024,Malicious
46363,443,113.00709239256892,129183,1161.2525303501243,280305,2523.6423656209413,10881.00369260885,104.11509648049304,166.08516467069924,146.49631024459242,65,0.5492010117654134,0.9825823495834264,0.6478890296897982,1018.79465617397,31.91691281194021,58.08737292897389,59.44059573911304,0.0,-0.1272265903928733,1.8212345920272368,0.551500731446194,0.0867067570881294,0.1517433087719548,0.050533106048252,0.0122993926476623,0.0117463679948078,0.5976769113725546,0.2085728517648064,1.394320056883354,Malicious
52541,443,108.2055976762468,61649,569.9683419317453,66872,617.6758408369421,8282.592191814809,90.99961323282469,137.29339523362626,102.48053079918184,54,1.1528209004283327,0.9151911184482184,0.6628137003020836,912.0054199968196,29.96470587670972,52.70881687093673,44.92170549683149,19.26676721253752,0.665263167543634,1.1109137456638316,0.5702222862666437,0.0007519166915638,0.0265636352846695,0.0239671864567282,0.0227685363007446,0.0269055589732631,0.1270893508815002,-0.1614521551100563,1.0933663569851848,Benign
50193,443,33.73631883326544,1807,53.57112793052733,4896,145.1653667373583,141555.30798777266,376.2383607773658,223.45194681221813,76.0,68,1.175732967010059,0.4131741055050591,1.6837551140558318,183.62377605929544,13.549693317581948,8.287150255328129,0.0697029005643949,0.0,1.819301869596441,0.6115772986970239,1.6351483239772762,5.316356006324389e-05,0.007291009604123,0.0104339653013394,0.0152576609572402,3.13903192550197e-05,-1.9851247382132569,1.426803199328045,0.69876190846198,Malicious
50774,443,95.33285760587266,62231,653.1687380735723,65283,685.1884147548009,7485.500303615719,86.51732357117876,135.67586426466917,101.81091934631752,54,1.1740064952121307,0.9440699394852508,0.6376761333336766,677.2332609964997,26.007439051642397,44.90971164734396,48.47072149013871,2.5241023247014835,-0.4160013328430446,1.6416517576677376,0.5804786468472606,0.0010577995679402,0.0325197215154355,0.0276777010528232,0.0268538545533433,0.0268238908065368,0.0754443856876794,0.026076992506933,1.1749435585054435,Benign
52627,443,41.633500726051146,3716,1149.1647460082766,3592,1369.5042287468857,2822.410893642812,38.75067132871834,89.96161751680421,73.48621745439281,57,0.6298492118947004,0.9226825496180722,0.3351800878274322,64.02377978156868,5.408536034659836,35.977573002164185,37.35378014283796,0.0,-0.348300140089522,3.5788753092054204,0.6127633766152929,0.000727322042737,0.018204646920225,0.0305640243820509,0.0269636361462715,0.0269545230112158,-5.17308262723992,-5.353087758290602,0.5228135214390938,Benign
52742,443,0.0283749195075119,55,1976.717890005132,66,2372.0614681355337,30.25,5.5,60.5,60.5,55,0.0,1.0,0.090909091,0.0002074946397562,0.0141874597537559,0.0141874597537559,0.0141874597537559,0.0,0.0,1.0,1.0,0.0,0.0,0.0283749195075119,0.0283749195075119,0.0283749195075119,-10.0,-10.0,0.0,Benign
53857,443,112.98195329765824,74545,669.1994400676763,80844,723.0256590423769,9459.832242201195,97.0116631746167,138.2773264344958,89.0,54,1.5270739996303333,0.8717570755976585,0.700951781531615,939.085860880686,30.501912534602443,52.21572700703458,49.66147805061436,20.6622251054577,0.2145064452355057,1.0272020836926274,0.5864190424480507,0.0010212246691831,0.0318183051930209,0.026161137873346,0.0244294568666749,0.0171685629748933,0.1678409487222694,0.3166577864644344,1.218915537675956,Benign
52514,443,40.48287252543664,29422,1690.580273781041,33497,5200.348657905553,29512.82941032265,128.24184358066924,159.54436625456916,115.4515070310316,54,0.8939167686225282,0.9069256365378102,0.7224633799607786,175.79972727028365,12.625926955939628,21.083710158074357,20.883841387262613,0.5921386935931208,0.1057425593164191,1.4149375699602296,0.5876669313470125,0.0006165056027076,0.0245240917563892,0.0205538524153287,0.0198543983720404,0.000186143789317,0.1091735790082937,0.8416141280957038,1.1842237497565469,Benign
50172,443,33.217483234518525,1874,56.41685350025578,4963,149.41006892159143,123398.45908237646,351.2811681317532,213.6578503245209,76.0,68,1.1756210936030238,0.4146474774899527,1.6441294734271403,170.61289613688663,13.06188580740641,7.61050405058005,0.0705748513069593,0.0,1.7317396990946936,0.5826496939561095,1.716297147240705,7.686160896997958e-05,0.00876480304248,0.0105339920623759,0.0152856529324045,6.551489884463766e-05,-1.628927107941701,1.1946154059297645,0.8319495365004546,Malicious
54323,443,98.71942133720356,41778,425.29528112732174,44376,452.2346185697118,7850.883284292528,88.60022512972019,133.78462806666104,89.0,54,1.51657441142841,0.9006036126721719,0.6622590606296005,559.2007185909315,23.300454086031426,40.22501020804061,36.29374308120031,1.3622826937561607,0.4870298435506062,1.6849762817761964,0.5757681070247765,0.0016258384530687,0.0401595590319857,0.0331979961463724,0.0269302271865839,0.0269441091682777,0.462475921966771,0.1538838486963313,1.2070713341861887,Benign
52727,443,5.282752216729127,517,1924.814708422908,511,2308.5784314524108,382.9569835408018,9.70023932423113,64.22160439186861,62.14042466047436,55,0.0795628275285736,0.990233225899924,0.1217655100028119,8.08767106425707,0.6950037449805282,4.556497845518919,4.73034093257723,0.0,-0.0439974258136463,1.325764655363752,0.9510841006112816,9.18756380911277e-05,0.0022996189497091,0.0274510827960655,0.0269962801816786,0.0269951290064783,-9.3902616893521,-9.413000016122346,0.0660420323631667,Benign
50180,443,33.311593278045734,1874,56.25793225652278,4944,148.44298758988276,124295.98982043997,352.5503208106033,214.95382898604336,76.0,68,1.182352736501514,0.4168101482333858,1.6401843650618233,172.59415098982535,13.136927595924986,7.70664336854561,0.0704002244418843,0.0,1.743659208957984,0.5865794326467592,1.705000007824485,7.300541492085052e-05,0.0085335549853412,0.0103176566393013,0.0152924055732735,4.972032902846668e-05,-1.7611751899608794,1.2041615832680097,0.8266907799741061,Malicious
53717,443,108.45544746799708,59355,548.4367993718652,62097,573.5750862055511,8110.488574815005,90.05674272749228,135.43811876733676,89.0,54,1.5469501253529048,0.9043068975402024,0.6649236458983182,866.869059211351,29.19617621408828,45.51524369181104,43.24642322569954,46.004632321741255,0.1607559547949303,0.1246754244873098,0.6936437884279978,0.0012372675416566,0.0351465431443616,0.029816682032558,0.026855986344398,0.0269171825234151,0.2487073099440858,0.0812043686950735,1.1789137383973531,Benign
50203,443,33.75212220043584,1875,55.55528644359018,4964,147.08076903586485,123395.4521,351.2768882,213.71875,76.0,68,1.176155517,0.414825896,1.643640945,176.10570199823923,13.270117118054918,7.767144894742262,0.0663033126506944,0.0,1.7409106684897688,0.5853009311387146,1.7085319472778102,9.844191833454796e-05,0.0098336305979871,0.010870215877265,0.015358651969884,5.639959535457384e-05,-1.4370014700576406,1.111084160182046,0.9001918559772006,Malicious
9592,43024,127.93942773634524,68282,540.2789060553517,65147,518.8316042726786,8193.351230448718,90.4970781002286,136.4509496755424,91.36444109718887,54,1.491422744210084,0.9114198324163092,0.6631877197494515,861.3363916199287,29.304489186481295,49.52323980167664,44.962068476594816,17.047962198446594,0.4442317059805993,1.1226794725115272,0.5913964517868227,0.2179270666534159,0.4279621785932449,0.0697041584958507,0.0049185688229098,0.0048955681419814,0.3888744449713548,0.1298374375925468,5.552219649824645,Benign
52363,443,99.41134677920756,61870,624.2730053403275,64586,651.8671111742373,7704.626144277365,87.76229109495291,135.45718565277556,96.60734646961036,54,1.3247329989523555,0.9284968285260704,0.647921001437224,670.6680503411326,25.897259447497003,48.728729963495695,52.07122904518698,11.772861118478309,-0.3872070711873893,1.427040616750899,0.5355969673606911,0.0010938424860256,0.0330653933125268,0.0280694705134669,0.0268585630145257,0.0268506225456613,0.1088861607505283,0.036554400344653,1.1779177564663768,Benign
53023,443,121.3073301298196,36134,297.85084290017306,38472,317.12230179221683,7812.512823249311,88.37981933005416,136.26464412203367,107.809363235942,54,0.9612597640537016,0.9310551391893866,0.6486259272067508,1171.1826600010345,34.22234487827566,58.806181136760046,64.13797460632264,80.07318524326233,-0.4677212872296631,-0.6213628775979215,0.5853502721895023,0.0008072906032912,0.0283394739405495,0.0283572373893863,0.0269169477603523,0.0269387910414094,0.1483986998325685,0.0487588459070958,0.9982460910322298,Benign
443,33926,120.6577984170729,78772,652.8589336997728,46071,381.8353570118945,7989.825199053055,89.38556375823478,121.56899498386416,87.0,87,1.1602266697995016,0.3867422235998338,0.7352659969678044,1200.7228789595724,34.65141890763776,56.38173733325503,55.776215134572766,0.0,0.0524195352886677,1.6271131400717491,0.6145856096759971,6.15695371032165e-08,0.0001447493180532,5.7197903266862736e-05,3.669461020072568e-05,2.7755688160580543e-05,0.5210113346086523,0.2647061138293285,2.1494012560851825,Malicious
50224,443,97.42790023637312,877306,9110.138274009036,1275090,13267.73125365373,7652.600857160451,82.29025138650155,164.92146388754998,165.0,84,-0.0586579588181093,1.1482694349982303,0.4931797832451218,685.5359094714385,26.031450959955627,49.261720364315416,48.83547746146032,0.0,0.0403669274116084,1.9047568910955677,0.5271287399544425,0.0003952674471584,0.0181211006474471,0.0117151120038045,0.0071758056353231,1.803391922720978e-05,0.8507686072303647,0.7238000463573186,1.5298956148808198,Malicious
52491,443,130.2715776568372,53778,415.835646064211,61193,472.00812006014087,11186.081374338308,104.35492029143305,138.03859289185334,89.0,54,1.435529445659271,0.8224975880545211,0.7541192683071161,1203.6976864275182,34.52529904504641,55.66188543190348,52.53219564393624,69.38140405367889,0.259690832203659,-0.4282787930260921,0.6234814837327358,0.000753950188707,0.0274128829083343,0.0257761798349152,0.026819295278972,0.026909295278972,-0.1180195632855681,-0.0426342188209401,1.0626742946908514,Benign
50231,443,120.19388202456516,192950,1598.055487724475,407092,3378.190995173066,11039.419001392698,104.89382746280552,177.7413440264986,165.0,69,0.3651054289954675,1.0355152753814738,0.5901211316605437,1259.7395279417076,35.4896866031494,59.01323007840202,58.95643625204635,0.0,0.0052040009676534,1.6628104855589476,0.6013918079437353,0.000121516671315,0.0103977851009665,0.0166383605358141,0.0152821628161779,0.0149675167405282,0.3924886097236715,0.1510150125866752,0.6366819124726191,Malicious
53752,443,112.05284529075644,58087,523.1382443684342,61900,556.1995531005418,8144.693386444963,90.24473196918896,135.60956201121505,89.0,54,1.5493962461075728,0.9043273107198364,0.665462855654481,814.1084459427926,28.37913226565689,55.28232025205744,56.18578712460109,47.86923896009184,-0.1204279621434041,0.3501364363220611,0.5122212639588384,0.0010138141015768,0.0317332515501027,0.027661108428442,0.0268476473269568,0.0269000894954035,0.0676453530817657,0.0207995285813356,1.14525390458279,Benign
50215,443,33.26266220330409,1807,54.32545070225218,4896,147.19316753416553,141503.92227143407,376.17007070623873,223.43373844996665,76.0,68,1.175801187051965,0.413200705137855,1.683586700333937,178.48004879835133,13.35960860370461,8.130467705064575,0.0676158571910742,0.0,1.8105704670194216,0.6085847531973193,1.6431574126195212,5.20337000225013e-05,0.0072134346236085,0.0103647151519607,0.0152372917073925,4.179337393027312e-05,-2.026463273661008,1.4310688163073375,0.6959608870147507,Malicious
54246,443,98.5480179280517,28209,333.90368016474594,30672,365.714654822132,7909.275997054169,88.92577974563335,135.9332928191651,93.573198226268,54,1.4328721014404535,0.921264030577916,0.6541835027032654,1238.9034920917015,33.90498905476776,49.42344046931914,38.142822726176696,18.83414555288693,0.8873276863106264,0.9862707588072112,0.6767768776921512,0.0007756921182251,0.0278341495049591,0.0259666597233792,0.0257453103985911,0.0220261779429843,0.0244671593338161,0.1526239646828112,1.0772166548193105,Benign
443,33926,120.64827561946124,78217,648.3118343666666,46078,381.92160558208,9719.070428732057,98.35428594046247,123.56831845331423,87.0,87,1.1177127478624862,0.3725709162874954,0.7954442210619826,1226.554673580701,35.02007510873649,56.029286576499786,55.79913868342084,0.0,0.0212323387290631,1.6006611114790252,0.6258274789216367,9.563498870866835e-07,0.0007783227295211,9.517728403497498e-05,3.4420122793903686e-05,2.190732156748632e-05,0.4982623038536382,0.367295446409479,6.286293403139355,Malicious
39999,443,117.17408850358638,84964,747.6778867178209,173762,1536.7796048768107,12151.751507755314,109.9942168906174,145.2003068809904,116.05046975344304,60,0.776407520835769,0.7864077232295519,0.7885776976645774,999.903878723705,31.61910534772376,61.18161726267689,62.55225548781158,0.0,-0.1300865801400965,1.9366245000151223,0.5193051837249385,0.229173884876377,0.3833002384323485,0.104850539798033,0.006996937261098,0.005737998473266,0.684974002826226,0.2345252722371063,2.6543280686184056,Malicious
50225,443,126.46679024867623,844755,6637.430420905846,1202819,9459.983987233443,20197.09217636736,141.32533803329827,178.62413071691023,165.0,151,0.2923754222810863,0.2269053345899425,0.791020640780296,1067.9282564635007,32.65844387598794,54.05528759511361,52.03854640354511,0.0,0.1879339654956273,1.6550567714987712,0.6042111128979024,0.0011324697533544,0.0324127454091017,0.0130066623052565,0.0090118177449287,0.0021399755557308,0.3720885265686741,0.3162935325620633,2.583867936842225,Malicious
52165,443,58.9268645133352,33500,647.78008656615,36575,718.0824686968863,8171.444437781526,90.36517744369374,138.62173905038938,109.32252522825196,54,0.98009154929631,0.9363990067422492,0.6517789172355648,411.9240084038355,18.218441791984542,28.318153190960484,26.1664791486995,0.6018167232748342,0.1990497965601135,1.5730159213203334,0.6239087492538727,0.0006868313713416,0.0261927957584457,0.0227954965175379,0.0219343523089869,0.0051895623046651,0.0961920855924385,0.6817507958396749,1.162301715050724,Benign
54401,443,118.7260216041382,72924,618.0473185546143,80653,682.3623864991447,10156.52639791326,100.67670001890669,139.41242235811654,89.0,54,1.5035298762741829,0.8496264503051867,0.7218870976424644,1031.2302050453652,32.054781649434574,51.36739785777844,46.78498805200187,17.079315701779237,0.413956418510651,1.0667173219362611,0.6250132761552356,0.0011179957507283,0.0333801034175699,0.027695826225467,0.0261354177717742,0.0239891166543669,0.1420986434927419,0.1248913631668457,1.2063167984964795,Benign
50224,443,127.25437225803744,940743,7381.00707039724,1319755,10356.922546864207,21539.702094867283,146.6571336270232,178.769940552745,165.0,163,0.2822741248532862,0.1081236437596079,0.8203681458158986,1036.185719582028,32.189836825009486,53.28025459743943,50.99362182827748,0.0,0.2130933118526474,1.65519275638348,0.6041875675275957,0.0012821769765925,0.035681855638976,0.0124816909111622,0.0080867395024641,0.0002466242346436,0.3712802281203735,0.3413771461499594,2.872105568344193,Malicious
52491,443,116.00175171462244,55524,479.84564315132445,59991,517.9937899291654,8255.431597428877,90.8590792737922,135.99797420110062,89.0,54,1.5517788259687684,0.9024742892531996,0.6680902597782719,1083.0014824869918,32.898658687917994,43.656199980501015,37.61337878259512,74.8027067994661,0.5432015579277926,-0.9410753585865465,0.8066422940299601,0.0011358952067205,0.0334645436861827,0.0292283620918986,0.0268354767450223,0.0269361710978987,0.1892374042692402,0.0600579633696965,1.141483108535757,Benign
443,33926,120.65381135646876,78749,652.6909910572813,46071,381.8526528723248,8040.552465868757,89.63949098906602,121.6324993515388,87.0,87,1.159348768390884,0.3864495897969612,0.7369072264308765,1199.7919734761967,34.638010610646155,56.40346121688874,55.77932531382462,0.0,0.0540640251062631,1.628372037963422,0.6141233626905918,8.585020205519925e-09,9.228757804241896e-05,5.3583228869912055e-05,3.693832515918013e-05,2.780616478599467e-05,0.5456088384496577,0.2855193133110805,1.719077247037522,Malicious
50187,443,33.216820424430594,1874,56.43610256688091,4964,149.45005897016495,123395.53165014509,351.27700127047547,213.7151156615148,76.0,68,1.176124103994232,0.4148154176540827,1.6436695026346138,170.47738318552254,13.05669837874601,7.6015681363978915,0.0680126437742649,0.0,1.730963216421529,0.5821967239260579,1.717633070551437,6.610513466979676e-05,0.0081134544053852,0.0099188951115118,0.0152554886816939,7.265110350541818e-05,-1.9922860862680327,1.214655498320054,0.817381610230369,Malicious
52491,443,145.08490586655142,54115,373.3338151840587,63802,440.0055286952748,15985.784842117797,126.37694741846636,141.00148922914966,89.0,54,1.235456416060105,0.6891210827743722,0.8961844111422576,1515.3322354166237,38.923057411349255,52.751489202953685,47.24156308753281,54.01774178350176,0.425271727022937,-0.0342562770674456,0.738810329850483,0.000651096811857,0.0254879271913098,0.0251457196636845,0.0268133519629877,0.0269035563285936,-0.1991479402687998,-0.0699248251265533,1.0131547021616027,Benign
443,52491,135.244217,69610,514.6985324,65101,481.3588443,8353.123128,91.39542181,136.6237323,89.0,54,1.563220497,0.904024847,0.668957145,903.7430492,30.06231942,50.51431046,44.1063295,20.505601,0.639469716,0.998216706,0.59512481,0.266141259,0.515888805,0.079059159,4.2e-05,2.1e-05,0.459501105,0.153207742,6.525351566,Benign
51584,443,103.36983424070444,59686,583.6439544309669,62901,614.8161948725048,7831.643741800987,88.47167743918128,135.74343821499735,95.76400011174933,54,1.3511548786366936,0.9244503155835012,0.6517484865645531,889.8228258814813,29.581828889380876,39.93463171841209,37.579060568205016,35.43352856812928,0.1587718050312098,0.3343736031232935,0.7676557937258199,0.0011967735869701,0.0345271624130555,0.0293897220369766,0.026849203077009,0.0268843599988825,0.2116084501897913,0.0696402931786263,1.1748127738756478,Benign
53311,443,69.83394185800522,30380,541.2325970745319,33613,602.7254472055397,8155.762869617534,90.29630717862968,137.967163771724,104.45545158290652,54,1.119319712682374,0.9297465746945226,0.6544715063265404,682.2180960716563,23.26187856971002,35.48239454198305,30.09437866060859,9.143581208635704,0.4398288220859842,1.3257589669417822,0.6352798081887315,0.0007162959088243,0.0267356047460823,0.0234872214364848,0.0231035345737336,0.0104000137468859,0.0440560637562371,0.507677593894377,1.147553490419046,Benign
50187,443,33.21683497866052,1874,56.436243434555166,4964,149.45032467836904,123395.50531336945,351.2769637831576,213.71563133009215,76.0,68,1.1761286334345,0.4148169298968773,1.6436653607901004,170.47641655748603,13.056661364633072,7.601495662614376,0.0679896848340819,0.0,1.7309567474568586,0.5821928241955048,1.717644572188402,6.600627646562179e-05,0.0081074649767387,0.0099132675859485,0.0152552301598471,7.270060768885054e-05,-1.995627326410021,1.2148459255234176,0.8172451159976997,Malicious
34417,443,118.58859277844088,42003,356.7991868847598,70787,600.9728840499974,13561.85520778334,116.3734720038074,126.24698966912555,89.34945151680415,56,0.95856041480279,0.6002991335863919,0.9219963497093084,953.1432742281283,30.550141125685688,62.293739799166886,63.60943486126505,0.0,-0.1118975140489395,2.0024026928690084,0.5262323471067138,0.3545580685329365,0.5897014615614227,0.1529865564214113,0.0023408978133179,1.5120714226233307e-05,0.7591033452286515,0.2598546258369966,3.847654513383469,Malicious
51753,443,113.41198956886602,63412,559.2659933887343,70786,624.6395615006528,8775.691581053024,93.6462154722938,139.70481128683514,114.0,54,0.8232126450840392,0.9155452963470468,0.6702244866755881,1108.2078934051913,33.288789227269284,52.05035840768067,39.49590962209839,15.265905215687445,1.1264796590045365,1.104437601736644,0.6396907281698755,0.0007314743787569,0.0255343371365934,0.0222550424235715,0.0212231682638114,0.0269146428229521,0.1122990513241077,-0.2428699262413337,1.1173364228972154,Benign
52681,443,108.9369853453738,40402,377.2116734812657,41555,389.692401176147,7597.918490548775,87.14908718458084,133.75276552543895,89.0,54,1.54113268769534,0.9154778076846428,0.6515649124988159,926.622655399602,29.53186984411869,44.861303863243855,37.89123053187582,0.9282211273938024,0.6575606126748097,1.5327309057209402,0.647840222744913,0.0012395917597571,0.0345824021374209,0.0313788155329385,0.0269262175359268,0.026903168524727,0.3639655896526252,0.1222636984537187,1.0927969366478891,Benign
52893,443,111.07933107980332,57665,519.833822926888,60846,548.3900496625379,8183.300190281445,90.46066254331626,135.69409800257094,89.0,54,1.5485364304375722,0.9030953545572312,0.6666480512913711,1042.1022023843227,32.14228159407316,38.02506514279904,31.25033962326697,63.63921647312456,0.5914904418934458,-0.7171077679286744,0.8840863990484402,0.0013145239608413,0.0362393346375412,0.0308167125053918,0.0268479312090875,0.0269405807736027,0.3261330250583383,0.1061803697971304,1.1760594702441105,Benign
443,33926,120.65250300532884,77456,641.9760164549641,46021,381.4408210553434,11014.879965497985,104.80052302197733,124.86367142672616,87.0,87,1.0853559665112609,0.3617853225037535,0.8389550303592429,1193.443406379172,34.546233429795215,57.99056939974856,55.943501316439686,0.0,0.1778130773086151,1.6786549705755232,0.5957908373756489,1.956733345835461e-09,3.962056054146295e-05,4.481926644908044e-05,3.390973455749662e-05,1.8287737180703663e-05,0.8890775543832884,0.7559670015028958,0.8608415980461567,Malicious
53550,443,102.59697341587908,61545,601.4136282974113,64018,625.7321461151648,7873.81026213621,88.72323159296121,135.29784854538542,92.6397282175837,54,1.4397047490212822,0.9165876206975648,0.6557823605842231,670.7285551765899,25.898427602818806,51.42409739305346,54.46971165640105,19.334702627222164,-0.3527986294968352,1.2390663438154863,0.506881682158867,0.0011235581155248,0.0335130517446664,0.028397099642642,0.0268619202299697,0.0268716814425374,0.1366233664025443,0.0452653168990267,1.1801029991294345,Benign
51319,443,100.740158962543,60519,606.3922605504746,63680,637.8417796541992,7718.386619943912,87.8322185624201,135.72132821583978,97.74253442168713,54,1.2931924450470642,0.9308697992134092,0.6471440536940616,820.2641412449868,28.41229897559767,41.56246333848787,41.14278020630818,24.665660432771496,-0.0292922867155062,0.7621111966092821,0.7064119780289926,0.0011513016938996,0.0338703336152756,0.0288295537719339,0.0268507250264782,0.0268645746557831,0.1670559660325842,0.0553865084512971,1.1748555662244828,Benign
443,33926,120.64862212657395,78137,647.6457960951719,46072,381.8757083299109,9864.350453285902,99.0812285528362,123.71653210322262,87.0,87,1.1140882661459943,0.3713627557153314,0.8003476265262675,1223.6485512770955,34.97847608077346,56.21544187048454,55.81338895242261,0.0,0.036059961786342,1.6079153972570623,0.6230456879146012,8.74625531211203e-07,0.0007145177347275,9.076775930939252e-05,3.434140695730308e-05,2.148750377228309e-05,0.5356715246116548,0.4059909128525001,5.812216840384389,Malicious
50177,443,33.878944440851804,1807,53.34241166763528,4874,143.87031835918145,142853.1685256461,377.9517772901008,225.2046862412899,76.0,68,1.1842384626540778,0.4159137048649791,1.678346439158156,186.4609456755703,13.654899552308796,8.426125715582888,0.0683092921685171,0.0,1.83629488944552,0.6170993762930256,1.6205685819516915,5.697863379304226e-05,0.0075434498462848,0.01065407296303,0.0153032299855922,2.661269484847921e-05,-1.8540854651689789,1.4095524256770853,0.7078168229555958,Malicious
443,33926,120.66596629074397,78765,652.7552800674675,46068,381.7823900353003,8010.124247306448,89.49861324674093,121.57372996228202,87.0,87,1.158929634209959,0.3863098784033196,0.7361670350410944,1202.3761257710055,34.67521735327091,56.403590927574186,55.77669594598824,0.0,0.0542252728828281,1.6266286342056544,0.6147689955838562,1.7056521475185381e-07,0.0002507332670632,6.428465036322227e-05,3.606478125721238e-05,2.7251825005769908e-05,0.4847072346048742,0.2415396248278309,3.0008469016886594,Malicious
54640,443,121.25696173850888,72149,595.0141880978528,80477,663.7007476816743,10450.604646493375,102.2269031379218,139.93090311763257,89.3371187801755,54,1.4843699773454428,0.840620844575464,0.7305581719662918,1071.8250595118889,32.738736419408795,51.02269961474688,45.61852697616735,15.57867901272838,0.4952323333321318,1.0826378004106276,0.6416628178676579,0.001167141435841,0.034155025005703,0.0283779447993966,0.0268843797014444,0.0269849077351522,0.1311232790763549,0.0407610380931428,1.2035213594354977,Benign
52742,443,29.382598598988075,125,706.4869050026311,256,850.1368886830506,120.54791490130688,10.388599404382328,63.44449722504262,60.17283364166193,54,0.756680179678691,0.9005660816676588,0.1620001349112743,246.83447464898757,12.713397190704772,22.025669408176228,29.360031992032173,29.35536531087366,-1.132870051400948,-0.0319560671431194,0.7232948719038518,5.888994450085231e-12,1.9629981500284103e-06,0.0270140866543335,0.0270140866543335,0.0270121236561834,-3.456672833238632,-2.8023401165624957,7.264728986896809e-05,Benign
52742,443,0.0355425127017506,55,1662.4328388151212,66,1994.9194063390837,30.25,5.5,60.5,60.5,55,0.0,1.0,0.090909091,0.000339120226855,0.0177712563508753,0.0177712563508753,0.0177712563508753,0.0,0.0,1.0,1.0,0.0,0.0,0.0355425127017506,0.0355425127017506,0.0355425127017506,-10.0,-10.0,0.0,Benign
50197,443,33.500607481452725,1874,55.940231383825335,4908,146.52854718564996,126055.02328315467,355.03767934492936,217.49712441350852,76.0,68,1.195574493187578,0.4210582401701649,1.6324266671374654,176.52680343985668,13.28589763049524,7.896378427363952,0.069942997046345,0.0,1.767096349791956,0.5942971316411814,1.6828122493159978,6.441109891992392e-05,0.008016857385276,0.0098401080261826,0.0153069207286874,1.585163306259696e-05,-2.055778145307166,1.2262004168195475,0.8143970696405716,Malicious
50212,443,33.33702432342172,1807,54.207082964451686,4896,146.87490557146566,141511.794691609,376.1805329158174,223.4365280165729,76.0,68,1.175790735571038,0.4131966300076284,1.6836125017370591,179.28821257708805,13.38946657876507,8.155109981944063,0.0679870233227754,0.0,1.8119385807963664,0.6090568570476035,1.641894143516417,5.2233669776459215e-05,0.0072271694419381,0.0103774812776566,0.0152405461283037,4.017901519538122e-05,-2.0187801177151017,1.4303517190378587,0.6964229163786925,Malicious
54472,443,111.4366601582954,27910,250.16721509544004,30057,269.43823345009264,7796.422754073971,88.29716788820872,135.19052681416366,90.94336592412462,54,1.5029125234385956,0.9195274421788072,0.6531403841355449,1449.0383235485376,38.04944137691801,55.34236602993143,43.11694024582897,27.10069853621389,0.9512004422746768,0.7306780097294611,0.6876136050109602,0.0007957931859662,0.0282081865488639,0.0270827250446282,0.02685985313967,0.0269123886731848,0.023988628130279,0.006138928397851,1.0417482786411785,Benign
50208,443,33.46381527383336,1807,54.00342717218993,4896,146.3292621355168,141531.3998208272,376.2065875427482,223.44347503065055,76.0,68,1.17576470766227,0.4131864814824101,1.6836767564174475,180.64650602988888,13.439885323107717,8.195738057577287,0.0672399285627232,0.0,1.814356282998091,0.6097892919075694,1.6399265598909951,5.185826666260416e-05,0.0072012413332729,0.0103391727441082,0.0152443020314643,3.682772771273849e-05,-2.0435233231669536,1.4306328103700787,0.6965040355320582,Malicious
50749,443,122.309318,93828,767.1369732,101232,827.6720176,10458.1186,102.2649432,141.2454743,114.0,54,0.799261412,0.853131793,0.724022796,708.4658776,26.61702233,52.28790285,48.830314,31.719656,0.389704243,0.772747853,0.509047425,0.001169641,0.034200013,0.024387092,0.0210435,0.026981,0.293297421,-0.07584524,1.402381756,Benign
50189,443,33.35747855532852,1875,56.2106740724862,4964,148.81588593711987,123395.4521,351.2768882,213.71875,76.0,68,1.176155517,0.414825896,1.643640945,172.094593310175,13.118325495021796,7.650907007861527,0.068107359098995,0.0,1.7340790254117444,0.5832185185267148,1.7146270968778574,6.156330936943051e-05,0.0077988012915151,0.0096536989786526,0.0153160628984375,1.4475978149507691e-05,-2.21452563145516,1.2421150349571155,0.80572270285388,Malicious
50749,443,95.74705555711924,62297,651.2716202493914,65547,684.9671764863874,7518.898664824575,86.70374981537579,135.8226442218194,102.51791894340693,54,1.1533214358031574,0.94376196238313,0.6383333813740768,689.9020164704016,26.22122092417228,45.35136031866168,48.21012634790255,2.0037372841005845,-0.3501476237366443,1.6594914451684752,0.5777433802016237,0.0010257276841237,0.0319311468269995,0.027291867321518,0.0265265889079429,0.0268261433515472,0.0723093667363998,0.0087611397423616,1.16815371388841,Benign
54269,443,120.17175751429072,56560,475.1925677098615,67576,567.9896994369684,16868.093327934388,129.86960820284114,145.58789283836583,109.69200321995925,54,0.8311783291424698,0.705138348683917,0.8920793473537817,1237.4642620361903,35.13370363448516,47.76169270038148,49.24103354418504,9.3176198071829,-0.1390975990753673,1.120280415243417,0.7355933285926256,0.0009939557165265,0.0314060609276693,0.024966181342588,0.0254175313028459,0.0269501777673415,-0.0493779934755012,-0.0635160275143674,1.2581681107423173,Benign
52742,443,0.0355905343737176,55,1660.3271816965594,66,1992.3926177943408,30.25,5.5,60.5,60.5,55,0.0,1.0,0.090909091,0.0003400020962071,0.0177952671868588,0.0177952671868588,0.0177952671868588,0.0,0.0,1.0,1.0,0.0,0.0,0.0355905343737176,0.0355905343737176,0.0355905343737176,-10.0,-10.0,0.0,Benign
28269,6099,121.06601350430394,48602,401.62139534929554,67694,559.0342829553997,13035.345160531975,114.12532829830975,125.2773895178592,87.0,61,1.0070779917240635,0.5585485993833978,0.9109832662247438,1017.4744574700114,31.87534811406472,63.13247290301041,63.90702954725566,0.0,-0.0775111474085078,1.9856950697245392,0.506276999007816,0.3034314215795493,0.5021720115912285,0.1302174105458835,0.0016158476399105,7.027220756865975e-06,0.796528753078929,0.353946812041365,3.330886677475832,Malicious
50182,443,33.98767083042783,1807,53.1708004430672,4896,144.08922872497314,141582.6991830539,376.2747628518584,223.46165279360207,76.0,68,1.1756966022646962,0.4131599265505122,1.6838448871187206,186.35297095983051,13.650554485986696,8.370268318819516,0.0707830285424514,0.0,1.823936988036478,0.6131638921179079,1.6309018964110076,5.374891692381458e-05,0.0073311963631912,0.0104695214430104,0.0152684345750291,2.5857920930967034e-05,-1.9639390052655197,1.4245694408013352,0.7002342811517811,Malicious
443,33926,120.65157617921872,77454,641.9676670028277,46026,381.484423723675,11102.895998280625,105.27858112616684,124.98008747750868,87.0,87,1.083188727846342,0.3610629096154474,0.8421502832352208,1198.8731918056612,34.623834822156205,57.80245846653797,55.93487576550181,0.0,0.1624688506673252,1.6697598480691995,0.5993302812752455,1.7790664506024825e-07,0.0001705655135421,5.317554922279511e-05,3.3670336388299446e-05,1.7908460737597033e-05,0.8545937154211188,0.7358786432660727,1.7706053622080082,Malicious
50174,443,33.25366008076365,1874,56.35760329177785,4963,149.25168334977056,123398.36434809124,351.2810332934919,213.6597689547301,76.0,68,1.1756379304887037,0.4146530985239003,1.6441140824518845,170.9824456315296,13.0758821956425,7.621133353665454,0.0703518991666772,0.0,1.7323633032380288,0.5828352357326753,1.7157539115645886,7.934813515118076e-05,0.0088981603141234,0.0106041805747592,0.0152900391431735,6.728151637840918e-05,-1.5847904598905815,1.1855647112365588,0.8387274375534063,Malicious
33106,19179,82.04494884765457,80486,1075.033158870514,79639,1045.3216389434829,7837.466247889779,88.52453706820924,136.72480500839345,98.3110479978984,76,1.305643464406366,0.6853660143832884,0.6474792012499014,571.3315162779578,23.57829400163133,47.67590717085916,54.25613332417789,21.34970885363023,-0.9889809758951258,1.1685111622243904,0.4961224238323695,0.0299405307236353,0.1222398532546261,0.0236557814031442,0.0126588485144894,2.9785813121176883e-05,0.2487552420767758,0.5353475667987189,4.823870659292505,Benign
50230,443,121.82341042828313,362271,2907.145992036297,613800,4958.072937013466,13418.329710340926,114.3577282794609,177.97066764085037,165.0,91,0.3462121808385527,0.825460733058687,0.6423092786424044,1209.9122542338594,34.75420789424747,57.72529347676885,57.15935942592677,0.0,0.0526722018037822,1.660796284674133,0.602124185548735,0.0003841343763976,0.0161166641036819,0.0156949455823354,0.013653300248822,0.0116352756230597,0.3871892312294186,0.1939498098453306,1.1425070928629415,Malicious
443,33926,120.66538895003548,78765,652.7626067554063,46068,381.7861339707508,8008.689422605198,89.49062241896677,121.57339527348732,87.0,87,1.1590213143064367,0.3863404384354789,0.7361033457652139,1202.2592671216396,34.6735351759974,56.40204622082002,55.77666196015369,0.0,0.0540976355240842,1.62666288117999,0.6147560330731427,1.628609278972406e-07,0.0002432418622408,6.378372836636606e-05,3.610930029645178e-05,2.7287440237161424e-05,0.4872733657254982,0.2431771326678862,2.940663033517419,Malicious
50749,443,103.28648984945308,62141,605.1507996545704,67698,657.5320010711874,8019.883306059042,89.50806498346357,137.50943464549377,108.3853618231838,54,0.9817362176843356,0.9333228319521676,0.6507642852109405,908.733003285172,29.909329508882813,48.59236418186247,41.399591282776925,7.766482491037866,0.5995100747073394,1.398502394655912,0.6130618648942455,0.0007116195080441,0.0259743731072852,0.0235272719640316,0.0228173871007773,0.0268730828945854,0.0850281302546667,-0.1719761734768577,1.0911860322923277,Benign
52491,443,112.359885,56840,505.8744943,60236,536.0988043,8218.834998,90.65779061,135.8190255,89.0,54,1.549310607,0.902504076,0.667489626,1127.622569,33.58009186,34.36957621,25.3957995,72.245557,0.801705077,-1.127929636,0.977029558,0.001352228,0.036772658,0.031304765,0.026844,0.026952,0.363919687,0.118369598,1.17466648,Benign
50212,443,33.78864,1807,53.47951264,4828,142.8882607,145520.371,381.4713239,228.7931034,76.0,68,1.201608828,0.421507708,1.667320029,188.0697403,13.71385213,8.584183138,0.063828,0.0,1.863886614,0.62594981,1.597572176,4.67137e-05,0.006834739,0.01186475,0.0153885,7e-06,-1.546693938,1.734923499,0.576054228,Malicious
50201,443,33.54265644148662,1875,55.9047176564615,4964,148.02162404139392,123394.56173515944,351.27562078623333,213.73509680763036,76.0,68,1.1762993678609512,0.4148739284133452,1.643509316320178,173.8391556315976,13.184105729109344,7.69859528231029,0.0660648634660508,0.0,1.7366906209482995,0.583908677571822,1.7126180727346074,8.457289646463507e-05,0.0090829684478744,0.0103893272775095,0.0153030971442707,7.40923913766806e-05,-1.707724530375602,1.148747679662833,0.8688086092012255,Malicious
52819,443,121.26087065156254,35774,295.0044739515685,38074,313.9745697500188,7764.271002954685,88.10910437403743,136.36190849390678,110.1785215203917,54,0.8882768069261615,0.9349441199998508,0.6461669103496925,1169.4156360880322,34.19657972186325,57.75431850025531,63.32077155216693,78.84400167371716,-0.4885605913265515,-0.6166680751696999,0.5945096444234883,0.0007808247360957,0.0278913974033698,0.0282059160277033,0.026914862901062,0.0269304516042482,0.1359917810414873,0.0448164500539502,0.9880613223587216,Benign
51701,443,113.13306752237224,64495,569.4782373579161,72404,639.4123694200466,8980.037301343307,94.6635719200999,139.31640782310987,107.87843139184048,54,0.9829832071980088,0.9029043364192038,0.6794146367253944,1106.7694157434266,33.26677682768009,51.52254854029788,37.48748983288869,13.825530046440628,1.261757756340404,1.132920991211949,0.6456618701709871,0.000594562525853,0.0236514217625336,0.0219928112130909,0.021133119523534,0.0269346506666141,0.1054235480514142,-0.2505176076529695,1.0624048113491062,Benign
50179,443,33.993994944818304,1806,53.14472163260212,4867,143.18363140744933,143278.7077195979,378.5130573064447,225.733672641509,76.0,68,1.1866657381782164,0.4166915481271471,1.6769061631494269,188.0007602330517,13.711333258251718,8.488530899439988,0.0691236672806962,0.0,1.8421285764747075,0.6190843503994099,1.615434701896774,5.606262126166988e-05,0.0074858960048976,0.0106129780946747,0.0152727148380684,2.34283873105301e-05,-1.8694021033470856,1.4148056417580486,0.705285564605475,Malicious
50181,443,33.99055693564547,1807,53.16620375291407,4896,144.0768721590118,141583.013697649,376.2751808322935,223.4617642408308,76.0,68,1.1756961847128862,0.4131597637431538,1.683845917922168,186.38430846154657,13.651712606660798,8.371222707403776,0.0707954309224937,0.0,1.823990209970917,0.613182109898558,1.6308531375513458,5.375563818128836e-05,0.007331657800603,0.0104699297101702,0.0152685582812056,2.579439613765172e-05,-1.9636957438031464,1.424543792060877,0.7002511874129221,Malicious
50200,443,33.59772970591946,1807,53.79185837136748,4896,145.75872199104242,141540.20517620223,376.2182895951414,223.4465951798252,76.0,68,1.1757530176099464,0.4131819234216045,1.683705615461886,182.11896709062876,13.494081022990636,8.241321059554855,0.0691073453446601,0.0,1.8167461826434743,0.6107024912551277,1.6374896966235688,5.2840809110761655e-05,0.0072688516426466,0.010414360545055,0.0152517206571646,3.444074361813091e-05,-1.9968060149668088,1.4280348372239569,0.6979500794392899,Malicious
50181,443,33.53674465171704,1806,53.8734029632008,4827,143.94693356916417,145455.6105500917,381.3864269672131,228.7586207,76.0,68,1.201605096450576,0.4215111334004187,1.6672002384862006,185.3012973227492,13.612318189476316,8.497922189480573,0.0634580533702972,0.0,1.8588422373711424,0.6242752414358452,1.6018628706167657,6.156222529685554e-05,0.0078451266151693,0.0109227463560435,0.0153324153119439,3.0675577385210275e-05,-1.6870816758041116,1.3885559480532532,0.7181908197494982,Malicious
53452,443,121.4052762550723,36892,303.85157342953755,39310,323.75836763784,7914.216491698897,88.9505420756496,136.05959084318707,102.81469082941364,54,1.115122832006732,0.9228563686509056,0.6538100399457568,1174.9079094442125,34.27666312143722,61.02372367939717,65.8608065386223,82.66455674328492,-0.4237877527642112,-0.6312604856624613,0.5660404337297905,0.0008630860887446,0.0292841113381238,0.0286762539087458,0.0269213430720701,0.0269563722882804,0.1745550336421711,0.0570702263296545,1.019717675853867,Benign
19472,14896,120.93238426309404,58327,482.62501382015125,60885,503.25159933713496,11328.80089090759,105.84631923838774,124.06564002236328,87.0,69,1.0584731498316198,0.5052288921826977,0.8522437322027444,1096.736744016568,33.05794889663063,60.0435929772806,61.27932391188583,0.0,-0.1134698308578995,1.8311098019212275,0.5566729927832634,0.207508346359493,0.3439555297136107,0.0891018574723216,0.001116267713298,1.3633190924593589e-05,0.532760614642704,0.1828623672544556,6.412916071020786,Malicious
50749,443,110.19319169559168,61999,562.90057975789,69669,632.3992697093703,8478.82377988471,92.07703342294988,139.05466444411235,113.76039090342572,54,0.8245509572522145,0.9237597853595444,0.6621519494772817,1109.1990226206954,33.28792071123345,51.561373062021055,35.16061720546137,13.045600448210148,1.4694695868834766,1.159416345609772,0.6454163140440157,0.0004238722533434,0.0205175101051347,0.0200786129934302,0.0194194728838843,0.0269160831272274,0.0966794961351992,-0.3375454571227929,1.0206777145644046,Benign
28450,15090,120.3077922471816,134312,1117.4247881812807,238550,1986.3391822971312,9871.320274145754,99.20373425340176,153.5525604431898,130.87695608214915,76,0.707004194017671,0.7601842941940808,0.6614598608149351,1257.148858004293,35.456110870902705,57.17409782895569,57.62164361675936,0.0,-0.0380096748169772,1.6123464496197002,0.6210091831100377,5.55392021479785e-05,0.0061011850318659,0.0094638357167646,0.0086956361005226,0.0086018198639042,0.3184736439948128,0.1187194518674191,4.610077386572379,Malicious
443,33926,120.7069346463263,78464,650.0400943262796,46041,381.430737675771,8721.041686129733,93.1707320741336,122.25861209188584,87.0,87,1.137245305060168,0.3790817686867226,0.7615911543987961,1209.4239604309528,34.77659103112869,56.83858324449911,55.81270763866858,0.0,0.0886560876289913,1.6344685904213678,0.611944679210285,7.194804678554566e-07,0.0007750258218112,9.826973417612588e-05,3.226551572641512e-05,2.2760926610062773e-05,0.3716847197708141,0.2208182819953276,7.1238578145103375,Malicious
52102,443,108.50935475761108,58059,539.1839456241671,61377,569.8142638804663,8052.99704207508,89.72145608832687,135.78665069649384,91.89709009294332,54,1.4644384916811202,0.91190387378597,0.660747535763949,1025.7705186583044,31.86759513472021,36.75314612628297,30.614014218702973,56.47859054388338,0.5263302127375127,-0.5016102751259219,0.8873526437215192,0.0012856452926593,0.0358108893850964,0.0304845326073217,0.0268462285308407,0.0269230290990705,0.2986832340259209,0.0974983407703033,1.1747291391559425,Benign
443,33926,120.6483129874298,78209,648.2400075663672,46077,381.916655937432,9734.737695550964,98.43268077764031,123.58430208772268,87.0,87,1.117321877043825,0.3724406260146082,0.7959730133854019,1226.2412719710935,35.01558899254464,56.04936190805048,55.8006754588129,0.0,0.0228313770513789,1.6014434270878926,0.6255274854292381,9.47536581244834e-07,0.0007714418807542,9.470175272478676e-05,3.44116339323504e-05,2.186204763920214e-05,0.5022965834795067,0.3714684371513699,6.235168108907872,Malicious
50195,443,33.71645112721681,1807,53.59746046731599,4896,145.22526370766164,141519.14379537647,376.1902824721482,223.4391227607628,76.0,68,1.1757809914491668,0.4131928329329738,1.6836365441781944,183.31314630664824,13.538872380339203,8.274878999613605,0.0658233000703833,0.0,1.8189541535788332,0.6111797995195285,1.6361933459286486,5.280436141707768e-05,0.0072658049289367,0.0104312476469681,0.015339500187576,4.070003751520659e-05,-2.0276176527159957,1.4300531467569804,0.6965678401084606,Malicious
52969,443,13.38427723564482,4781,9760.25797344191,10048,42007.56570333547,207021.41946755277,436.497884178153,325.24235529973066,124.64963366132032,54,1.3968581985392077,0.6504114036571462,1.2913716735130043,176.3922381626056,4.624959469678992,6.680739836240932,5.026744638924818,2.820745540417161,0.7194350085669056,-0.4304518707368527,0.5048662578012727,0.0002322217918649,0.0143434874011432,0.0148630557212835,0.0127518887570739,0.0032432839624878,0.5064355317135054,0.9331553783101276,0.9547087928853056,Benign
54640,443,110.614927,27297,246.7750126,29436,266.1123666,7805.691446,88.34982425,135.0785714,89.0,54,1.564640512,0.917699295,0.654062471,1472.847013,38.377689,55.28207695,41.5251305,22.906544,1.075386257,0.843602984,0.694215759,0.000800653,0.028295806,0.027008628,0.0268555,0.026912,0.016235046,0.00341492,1.047658044,Benign
50204,443,33.566749,1874,55.82905869,4896,145.8586293,126670.5598,355.9080778,218.3870968,76.0,68,1.200201167,0.42254477,1.629712025,177.9029519,13.33802654,7.962772194,0.069783,0.0,1.775297681,0.596997777,1.675048113,6.14037e-05,0.00783605,0.009673,0.015312,4e-06,-2.158868212,1.23391244,0.810095146,Malicious
50230,443,107.62049103415389,260362,2600.9468394793275,480716,4709.228432462343,9313.069376346411,95.84221449285344,176.30364183299392,165.0,68,0.331239723605147,1.1411387826142592,0.5419682148690247,968.5227340978018,31.011605403106284,55.05786586349273,56.19793339772647,0.0,-0.1064414122851516,1.7815419855899997,0.5621862616667097,0.0001339608014436,0.0115119254259544,0.0166417141289894,0.0142636211122117,0.0131244036563994,0.6047107696550726,0.2829933657820458,0.7194516708037586,Malicious
52896,443,122.01331932422848,79292,649.6355638229578,86060,705.0920579658704,9967.751032780829,99.81420065062105,141.31661514670873,114.0,54,0.8214665624207154,0.8752320689793978,0.7063233357440821,913.3486668468536,30.061837158267014,52.72214912789883,50.991973586403255,25.78537926693568,0.1911357544394142,0.885550603284373,0.569787515032214,0.0014357721333775,0.0377558764624281,0.0269042750704571,0.0242420760841175,0.0269390550802531,0.21734059658266,-0.0062432994137407,1.4032734144810968,Benign
51073,443,121.0008603561781,38114,314.9999752922022,38086,314.7632349829059,7372.339117880439,85.85792899301666,134.2383220340147,93.66417560128264,54,1.4208714791999106,0.9345151203529336,0.6395830837505996,1323.0258462813558,36.35811640175995,51.38729550619709,43.918480265294434,14.679417847801895,0.600665825704668,0.9874317260888992,0.7096228236881027,0.0007763826185291,0.0278616728134157,0.0290002891938172,0.0269196343297594,0.0268665671554911,0.2234211149713869,0.0763664181946719,0.9608265134891129,Benign
53360,443,113.45833928944964,58692,517.8551509015863,68815,606.8363101510319,14227.67187406792,117.91366516346122,144.09536789113093,114.0,54,0.7707012847366284,0.7794512453467236,0.8157165103849735,1158.7800482283387,34.038270924610224,48.32752279834682,44.76500915864885,4.402916206620311,0.3242035957245877,1.28923541660202,0.7063543891104558,0.0008513631349513,0.028591639439553,0.0232936387310305,0.0232008443153254,0.0269461924323679,0.0206436223043313,-0.1548322533348813,1.2135596228043406,Benign
50189,443,33.71720584657182,1807,53.598887583817536,4895,145.22070504152677,141492.68242314865,376.1551102536094,223.4297430625781,76.0,68,1.175816126045755,0.4132065330070893,1.6835498036335608,183.336624540641,13.53939263235992,8.276547489914867,0.0678749798882165,0.0,1.8187686545331967,0.6112674707904586,1.6359710553094973,5.443368099795067e-05,0.0073778797036356,0.010576813074632,0.015372032208339,4.515417137605283e-05,-1.949845119607524,1.4274527812359208,0.6975753833096691,Malicious
50197,443,33.32857478057356,1875,56.26118786270049,4964,148.97482838017166,123394.02679029244,351.2748593045823,213.74491822064547,76.0,68,1.176385795666914,0.4149027870247785,1.6434302317882985,171.58060668037348,13.098492352427856,7.631422042278354,0.0663249344826921,0.0,1.7326277849263396,0.582606620319883,1.716435786716248,6.799513700809465e-05,0.0081770274828069,0.0098284224516488,0.0152601972122205,7.534953224262043e-05,-2.0442120246369204,1.2006713842487218,0.8288323798058492,Malicious
50226,443,100.6604018175332,636753,6830.5421541650985,975272,10360.939283080294,6730.241616077666,80.34644207502944,167.1938044893165,165.0,68,0.0338425074765153,1.2649227057277566,0.4772245434753122,826.7870842157331,28.30212217304872,51.9506748161343,51.928661199416254,0.0,0.0025440094647333,1.8603518907594387,0.5406834516316766,0.0001710411648768,0.0129052321899266,0.0132652421212229,0.0097777460618413,0.0050321058149359,0.7676342119219819,0.5873439633159433,1.0288520123321994,Malicious
35342,10455,34.56735647873809,19111,561.7232688115516,24112,686.9169214043189,16390.745357989577,125.869653248244,146.67868268532624,141.67559225381137,73,0.2290951033843365,0.5580678603633493,0.8502069810342954,50.761547296511566,6.7565439192279655,6.397066136874336,6.061963351529229,0.0,0.28864325219676,0.8209285751916386,1.4326638921854409,0.0103347212356258,0.0851705689471697,0.0239308188589488,0.0107569209274043,0.0002453101220669,0.5045922235125906,0.2798110326929254,3.2545318210725336,Malicious
443,33926,120.645723,78808,653.2183491,46118,382.2597176,8648.83376,92.99910623,122.4764706,87.0,87,1.144413275,0.381471092,0.759322226,1247.963251,35.32652333,54.65793341,55.694161,0.0,-0.087998548,1.547220849,0.646320143,1.55839e-06,0.001248356,0.000127661,3.5e-05,2.5e-05,0.222679202,0.082236938,9.778680762,Malicious
52734,443,2.793017850725178,296,1150.9866013318283,298,1380.5570966681228,214.60772403282044,7.695438702219022,62.44525923061593,61.35743966228381,55,0.0415869900094758,0.9948949685482358,0.1070375473238692,4.22780834630754,0.3791523212159831,2.397531023544886,2.4883977127926187,0.0,-0.0229971780112723,1.1702751383890586,0.9744319667566794,4.8022818721943535e-05,0.0012019963751641,0.0461049701444556,0.045867247675706,0.0458666459636623,-9.681293616366233,-9.693178796890852,0.0345197553355698,Benign
51410,443,91.97116496694116,36315,473.5115988515315,37459,503.9503997949866,7707.381235707832,87.74246415996117,136.0080596618006,98.49668505496156,54,1.294350857692858,0.9345766168519644,0.6449623858322598,916.3855478106392,28.150646498250897,40.03650029806148,33.41349337447442,0.5036458394154026,0.5501789429451097,1.4561366211525606,0.6818281010148755,0.0007392085182344,0.0271664826494717,0.02622767671665,0.0245910134875124,0.0167307739966065,0.1770943335922077,0.3638933155027049,1.053655219072549,Benign
50172,443,33.21859267342987,1874,56.41534108771443,4963,149.40545863775753,123398.4213644846,351.2811144467019,213.65861421572035,76.0,68,1.1756277971088558,0.4146497154711664,1.6441233456019384,170.62490991733654,13.06234505989554,7.610820398544704,0.0705468562222809,0.0,1.731757849332927,0.5826534171495935,1.7162861853531033,7.660929387345359e-05,0.0087493522001893,0.010520957022948,0.0152859646000138,6.480600781152343e-05,-1.6375464199752745,1.1954258952624115,0.8314657837838852,Malicious
26757,25264,114.2352124761764,65791,588.2691949405781,65235,589.1327109197025,7893.609732434179,88.81173234527573,136.12679928689738,95.80027197421194,54,1.356725927653721,0.925293260975726,0.6523639378842628,781.7790022188271,27.88275499594447,47.663932825186905,46.56748524065139,10.561227986391774,0.0779536903251262,1.3561789592984628,0.5844018320002367,0.1274743996887032,0.2630066443694219,0.052153626092989,0.01406729939789,0.0140405453216041,0.2563746674685248,0.0859933688951877,3.7265668110546826,Benign
50196,443,33.6684974222431,1807,53.67914686563463,4896,145.4557372109519,141547.9171194504,376.2285385357123,223.44932788195203,76.0,68,1.175742779179327,0.4131779313616866,1.6837308909111357,182.8873671538604,13.522478309005145,8.264722805333419,0.069411453492625,0.0,1.818051192154416,0.6111491938650039,1.636294122350075,5.300561531371456e-05,0.0072801661545575,0.0104243713147157,0.0152547539504588,3.288310652112787e-05,-1.990841208813368,1.427405926407499,0.6983646234015851,Malicious
50192,443,33.892944996720914,1807,53.31610191261848,4896,144.48205899468667,141579.69525744548,376.2707669322286,223.46058629008988,76.0,68,1.1757005930792594,0.4131614831030782,1.683835032251791,185.2563295216241,13.610738386675024,8.334356759789321,0.066229443501004,0.0,1.8223981181918107,0.6123319912466535,1.6331056658511358,5.174149870799464e-05,0.0071928620195311,0.0103120893820054,0.0152783291595792,2.846583191585024e-05,-2.0716772008751034,1.429695578595786,0.6975262568287197,Malicious
52934,443,139.15639437781786,54701,397.583694280461,64773,471.082474386031,16272.697052710151,127.5555789655603,142.1895200431034,94.1583429601448,54,1.1319674911692952,0.6912744444383323,0.8971326669929286,1449.4045850093653,38.02446582699593,51.66604813351957,47.92835008902082,42.71723118363265,0.281333893297638,0.2629887735478662,0.735954632831419,0.0007305241002587,0.0268659808796636,0.0250478641630446,0.0264651213507678,0.0269147610219491,-0.166665842820506,-0.0699504815466527,1.0728420726593972,Benign
50198,443,33.52897926671423,1807,53.896319639397504,4895,146.01469605829897,141454.82600755684,376.1047918456738,223.4163241911172,76.0,68,1.175866390630624,0.413226132735134,1.683425710065093,181.24909629951512,13.462536278963436,8.211701698384973,0.0653918943519677,0.0,1.815295972955824,0.6099559409948855,1.6394730809721063,5.393333462215532e-05,0.0073432849171944,0.0105578176048346,0.0154044760785779,5.3695215715597525e-05,-1.9808175826087508,1.430432955804308,0.6955498094755067,Malicious
52778,443,121.25159357998076,35702,294.4361083677309,37995,313.34602770496684,7754.638031666622,88.0550477612763,136.38133033362763,110.6515972375102,54,0.8737035025559302,0.9357206752844204,0.6456758915896988,1169.062795119028,34.19143491160449,57.54428159628786,63.157591690604434,78.59855716186263,-0.4927218028397687,-0.6157306126793132,0.5963385963413019,0.0007755400072597,0.0278019250660669,0.0281757000382679,0.0269144465944309,0.0269287863777239,0.1335143560239836,0.0440292288042628,0.9860276183316286,Benign
54640,443,105.519335,61248,580.4433851,63497,601.7570145,8029.012746,89.6047585,135.1516793,89.0,54,1.545175058,0.905662608,0.662994045,670.7840598,25.89949922,53.89671554,56.66998,26.271622,-0.321233754,1.066626552,0.480539472,0.001150818,0.033923715,0.028697653,0.026865,0.026891,0.162068327,0.05325635,1.18210765,Benign
53386,443,111.00520263774906,38047,350.4704696342288,40552,373.6382618161186,7775.2750626377,88.17551074779733,135.38221540883671,103.584219127429,54,1.0793976421582967,0.9231018362505292,0.6514162652584548,884.0140265650878,29.132281186965987,49.08898101079868,51.1632158199793,45.44091543298291,-0.1154022769127539,0.3589119994712186,0.58953267353867,0.0011389959093992,0.0330289157889331,0.0302894638002116,0.0269196243090806,0.0269315820932216,0.2682510659467144,0.0890867421320164,1.0789003947908742,Benign
50848,443,120.97679166450664,38789,320.6342567342249,38322,316.774490307429,7323.216296165102,85.57201982205406,133.76078230312385,89.0,54,1.5692754552383137,0.9321381620466308,0.6397295614776919,1354.4636204403034,36.801025859823945,50.74733275693224,40.56080071457679,2.7070025737518364,0.8284837312628872,1.3020834325170687,0.7270030743165474,0.0007911019339454,0.0281198760243632,0.0292466645023256,0.026921807262308,0.02685884077885,0.2480339284527553,0.0849330643111996,0.9614399469550552,Benign
52589,443,73.02722636520264,4964,55.086181177161045,4868,54.899693772017656,3796.703320252961,52.65055157856199,101.441886761698,77.56746976134973,57,1.2932436483152625,0.837302611367266,0.4584874497029044,233.83041068245305,14.837441782266122,61.08807645014535,67.3365191370739,17.686146355802087,-1.1455855171531657,3.8067594967065466,0.3184761224174184,0.0009669414048544,0.0242034284057648,0.0317457625114675,0.0269592109684255,0.0269459127964965,0.3594177579022197,0.5143343469818489,0.695100441600238,Benign
36617,9597,34.69952927453167,18950,554.4861966184834,24486,695.6296081613543,16693.532977515828,127.17931191624903,147.6162974660985,143.6742483894049,73,0.1960248766858909,0.5646530089481386,0.8540903457168896,48.80070020590061,6.630019432934784,6.109161077860215,5.718069413643985,0.0,0.3120366673515324,0.7998746017260139,1.4588658441557656,0.0107125037232899,0.0882769904698108,0.0248028586697432,0.0111487856489637,0.0002535097369821,0.5011086613425172,0.2796636561711559,3.280706534255218,Malicious
52742,443,20.84052633209715,105,636.633406565224,200,765.6272791550139,94.24037988171752,8.964347247861376,62.58664282222992,60.26815079753001,54,0.5362277988315424,0.9295353141413224,0.141288359569406,174.92157945766476,9.018606135001852,15.617826475906291,20.815384453232355,20.80292750793309,-0.8028179280219278,0.2686956190527085,0.8039105744418958,4.173285644459839e-12,1.3910952148199464e-06,0.0374434851983963,0.0374434851983963,0.0374420941031815,-5.363015950600179,-4.899317545660196,5.148211540846152e-05,Benign
