SourcePort,DestinationPort,Duration,FlowBytesSent,FlowSentRate,FlowBytesReceived,FlowReceivedRate,PacketLengthVariance,PacketLengthStandardDeviation,PacketLengthMean,PacketLengthMedian,PacketLengthMode,PacketLengthSkewFromMedian,PacketLengthSkewFromMode,PacketLengthCoefficientofVariation,PacketTimeVariance,PacketTimeStandardDeviation,PacketTimeMean,PacketTimeMedian,PacketTimeMode,PacketTimeSkewFromMedian,PacketTimeSkewFromMode,PacketTimeCoefficientofVariation,ResponseTimeTimeVariance,ResponseTimeTimeStandardDeviation,ResponseTimeTimeMean,ResponseTimeTimeMedian,ResponseTimeTimeMode,ResponseTimeTimeSkewFromMedian,ResponseTimeTimeSkewFromMode,ResponseTimeTimeCoefficientofVariation,Label
50749,443,95.08155,62311,655.3427032,65358,687.3888783,7474.676771,86.45621303,135.6737513,102.0,54,1.168467256,0.944683424,0.637236106,670.5858142,25.89567173,45.06527704,48.811292,1.49506,-0.43397387,1.682528938,0.574625819,0.001053454,0.032456951,0.027624168,0.026854,0.026822,0.071186682,0.024714815,1.174947648,Benign
50749,443,122.309318,93828,767.1369732,101232,827.6720176,10458.1186,102.2649432,141.2454743,114.0,54,0.799261412,0.853131793,0.724022796,708.4658776,26.61702233,52.28790285,48.830314,31.719656,0.389704243,0.772747853,0.509047425,0.001169641,0.034200013,0.024387092,0.0210435,0.026981,0.293297421,-0.07584524,1.402381756,Benign
50749,443,120.958413,38784,320.6391274,38236,316.1086447,7300.293933,85.44175755,133.7152778,89.0,54,1.570026614,0.932977973,0.638982762,1358.911235,36.86341322,50.31611371,39.770747,0.417528,0.8581978,1.353607313,0.732636337,0.000785155,0.028020624,0.029238467,0.0269215,0.026855,0.248063714,0.085061157,0.958347923,Benign
50224,443,127.502031,952325,7469.096708,1334141,10463.6843,21708.41613,147.3377621,178.7698202,165.0,165,0.280372526,0.093457509,0.824175814,1036.272948,32.19119364,53.2370604,50.896862,0.0,0.218090553,1.653777148,0.604676393,0.001299311,0.036045954,0.01240731,0.007977,2.3e-05,0.368721827,0.343570045,2.905219095,Malicious
50230,443,36.109819,17234,477.2663081,28476,788.594371,19924.29061,141.1534293,157.6206897,165.0,68,-0.156835942,0.634916843,0.895526023,27.87837282,5.279997426,3.037201041,2.0487055,0.0,0.561645468,0.57522775,1.73844186,0.01474346,0.121422649,0.034107563,0.01533,0.000341,0.463938895,0.278091142,3.559991911,Malicious
50232,443,120.044984,177479,1478.43745,388205,3233.829412,10822.04623,104.0290643,177.7203896,165.0,68,0.366831798,1.054708992,0.585352444,1264.292491,35.55689091,59.13091518,59.120644,0.0,0.000866598,1.662994533,0.601324887,9.752e-05,0.009875223,0.016724565,0.015431,0.015272,0.39297284,0.147091849,0.590462178,Malicious
443,50224,14.978902,346,23.0991564,228,15.22140942,805.7142857,28.38510676,82.0,68.0,68,1.479649182,0.493216394,0.346159839,27.42684897,5.23706492,12.82813029,14.963575,0.0,-1.223268041,2.449488498,0.408248498,5.29e-10,2.3e-05,5.1e-05,5.1e-05,2.8e-05,0.0,1.0,0.450980392,Malicious
50232,443,110.474569,156057,1412.605647,345058,3123.41567,10108.6971,100.5420166,178.7780949,165.0,68,0.411114538,1.101808962,0.562384428,1030.275669,32.09790755,56.20682254,57.549461,0.0,-0.12548841,1.751105503,0.571067819,0.000121283,0.011012834,0.017521275,0.015522,0.015398,0.544621444,0.192800072,0.628540661,Malicious
33926,443,121.150106,42773,353.0578834,72102,595.1459919,13364.25937,115.6038899,125.2726281,87.0,56,0.993200873,0.599224024,0.922818429,981.8788891,31.33494677,64.13404853,65.521304,0.0,-0.132815493,2.046725945,0.488585198,0.365111567,0.604244626,0.156678538,0.0019375,5e-06,0.76827016,0.259288261,3.856588346,Malicious
443,33926,120.653838,78776,652.909193,46073,381.8610395,7979.98265,89.33074862,121.5666991,87.0,87,1.160855573,0.386951858,0.734829104,1199.921257,34.63987958,56.37114102,55.775982,0.0,0.051543974,1.627348066,0.61449669,8.72e-09,9.33601e-05,5.37617e-05,3.7e-05,2.8e-05,0.538614371,0.27593902,1.736554534,Malicious
443,33926,120.71868,78719,652.0863217,46047,381.4405525,8141.129962,90.22821046,121.6042885,87.0,87,1.150558844,0.383519615,0.741982142,1213.045827,34.82880743,56.54462935,55.779799,0.0,0.065879117,1.623501737,0.615952529,8.74e-07,0.000934731,0.000110021,3.2e-05,2.4e-05,0.25040834,0.092028061,8.495894942,Malicious
443,33926,120.645723,78808,653.2183491,46118,382.2597176,8648.83376,92.99910623,122.4764706,87.0,87,1.144413275,0.381471092,0.759322226,1247.963251,35.32652333,54.65793341,55.694161,0.0,-0.087998548,1.547220849,0.646320143,1.55839e-06,0.001248356,0.000127661,3.5e-05,2.5e-05,0.222679202,0.082236938,9.778680762,Malicious
443,33926,120.652326,77281,640.5263998,46015,381.3851048,11417.27333,106.8516417,125.300813,87.0,87,1.075345565,0.358448522,0.852760961,1192.584516,34.533817,58.20528745,55.9657125,0.0,0.194554945,1.685457691,0.593310651,1.06e-09,3.24953e-05,4.36336e-05,3.35e-05,1.7e-05,0.935545044,0.819613331,0.744731879,Malicious
443,33926,30.951614,23514,759.7019012,13884,448.5711149,8107.633456,90.0423981,121.0291262,87.0,87,1.133770099,0.377923366,0.743972967,104.4028286,10.21777024,14.27304807,15.469587,0.0,-0.351311168,1.396884813,0.71587864,3.64e-08,0.00019075,7.51429e-05,3.7e-05,2.1e-05,0.599889169,0.283842691,2.538491718,Malicious
50749,443,110.50108,61993,561.0171412,69757,631.2788979,8499.282518,92.1915534,139.123548,114.0,54,0.817543922,0.923333482,0.662659591,1118.135436,33.43853221,51.69372612,34.882495,13.280934,1.508250812,1.148758321,0.646858617,0.000411045,0.020274253,0.019924878,0.019268,0.026918,0.097198893,-0.344926237,1.017534581,Benign
443,50749,54.229891,83641,1542.341289,76804,1416.266907,8052.745751,89.73709239,138.9134199,114.0,114,0.832880337,0.277626779,0.645992968,341.6966133,18.48503755,36.43561879,49.822561,7.342519,-2.172612661,1.573872907,0.507334256,0.079078661,0.281209284,0.025930264,4.65e-05,2.1e-05,0.276133458,0.092135166,10.84482918,Benign
52491,443,145.460721,54084,371.811714,63843,438.9019906,16074.98073,126.7871473,141.0610048,89.0,54,1.231852105,0.686670586,0.898810749,1519.784705,38.98441619,52.96258765,47.4924405,53.808413,0.420948755,-0.021696499,0.736074613,0.000643045,0.025358333,0.025074989,0.026813,0.026903,-0.205614226,-0.072087204,1.011299896,Benign
52742,443,0.15541,1718,11054.62969,7411,47686.76404,234126.0251,483.8657098,351.1153846,129.5,54,1.374030315,0.614045134,1.378081768,0.001067941,0.032679372,0.068209346,0.0609,0.087941,0.671005508,-0.603795385,0.479104017,0.000154883,0.012445183,0.013210571,0.010833,2.3e-05,0.573130521,1.059652662,0.942062438,Benign
52742,443,0.027001,55,2036.961594,66,2444.353913,30.25,5.5,60.5,60.5,55,0.0,1.0,0.090909091,0.000182264,0.0135005,0.0135005,0.0135005,0.0,0.0,1.0,1.0,0.0,0.0,0.027001,0.027001,0.027001,-10.0,-10.0,0.0,Benign
52491,443,44.649554,32285,723.0755317,36193,810.601602,8371.950254,91.49836203,139.7510204,114.0,54,0.844310865,0.937186399,0.654724107,193.9634542,13.9270763,23.25505674,23.0352925,0.644233,0.047338918,1.623515464,0.598883781,0.000664201,0.025772099,0.021312569,0.0207865,0.000203,0.061236995,0.819086127,1.209244145,Benign
52742,443,0.046455,55,1183.941449,66,1420.729738,30.25,5.5,60.5,60.5,55,0.0,1.0,0.090909091,0.000539517,0.0232275,0.0232275,0.0232275,0.0,0.0,1.0,1.0,0.0,0.0,0.046455,0.046455,0.046455,-10.0,-10.0,0.0,Benign
52742,443,44.890412,163,3.631064914,357,7.952700456,168.25,12.97112177,65.0,60.0,54,1.156415017,0.848037679,0.19955572,377.230735,19.42242866,33.65413675,44.863056,44.863056,-1.731336402,-0.577112134,0.577118611,9e-12,3e-06,0.027021,0.027021,0.027018,0.0,1.0,0.000111025,Benign
52491,443,91.338058,8090,88.57206051,7805,85.45178397,6158.022444,78.47306827,125.1574803,89.0,60,1.382288769,0.830316461,0.626994632,140.508574,11.85363126,78.94149242,81.961764,0.0,-0.764391481,6.659688556,0.150157172,0.001596206,0.039952545,0.034820536,0.026919,0.026899,0.593319079,0.19827362,1.147384557,Benign
52491,443,121.332889,53598,441.7433759,59634,491.4908109,8309.003436,91.15373517,136.2599278,89.0,54,1.555391922,0.902430686,0.668969496,1017.683019,31.90114448,57.25040046,55.498051,78.545984,0.164791842,-0.667549202,0.557221333,0.000819217,0.028621969,0.026188825,0.026823,0.026913,-0.066470809,-0.025301374,1.092907715,Benign
50196,443,33.217805,1875,56.44563209,4965,149.4680338,123393.75,351.2744653,213.75,76.0,68,1.176430515,0.414917719,1.643389312,170.411992,13.05419442,7.596665375,0.0664595,0.0,1.730525599,0.581932912,1.718411142,5.94175e-05,0.007708277,0.0095382,0.015238,7.6e-05,-2.21831683,1.227537662,0.808147945,Malicious
50200,443,33.394746,1807,54.11030825,4895,146.579944,141408.7733,376.043579,223.4,76.0,68,1.175927538,0.413249976,1.683274749,179.7711989,13.40787824,8.1664656,0.065083,0.0,1.812676649,0.609079636,1.641821431,5.47417e-05,0.007398762,0.010648444,0.015451,6.3e-05,-1.94730788,1.430704906,0.694820881,Malicious
50204,443,33.566749,1874,55.82905869,4896,145.8586293,126670.5598,355.9080778,218.3870968,76.0,68,1.200201167,0.42254477,1.629712025,177.9029519,13.33802654,7.962772194,0.069783,0.0,1.775297681,0.596997777,1.675048113,6.14037e-05,0.00783605,0.009673,0.015312,4e-06,-2.158868212,1.23391244,0.810095146,Malicious
50208,443,33.898975,1875,55.31140691,4964,146.4351061,123395.4521,351.2768882,213.71875,76.0,68,1.176155517,0.414825896,1.643640945,177.5982955,13.32660105,7.81039875,0.065632,0.0,1.743452825,0.586075828,1.706263851,0.000112165,0.010590821,0.0113229,0.0153745,7.2e-05,-1.147673107,1.062325613,0.93534524,Malicious
50212,443,33.78864,1807,53.47951264,4828,142.8882607,145520.371,381.4713239,228.7931034,76.0,68,1.201608828,0.421507708,1.667320029,188.0697403,13.71385213,8.584183138,0.063828,0.0,1.863886614,0.62594981,1.597572176,4.67137e-05,0.006834739,0.01186475,0.0153885,7e-06,-1.546693938,1.734923499,0.576054228,Malicious
50216,443,33.254292,1807,54.33885046,4896,147.2291156,141502.7789,376.1685512,223.4333333,76.0,68,1.175802705,0.413201297,1.683582953,178.3899001,13.3562682,8.127751733,0.0676315,0.0,1.810412935,0.608534631,1.643291852,5.2041e-05,0.007213942,0.010365778,0.015237,4.2e-05,-2.025753386,1.431086959,0.695938286,Malicious
50220,443,33.943987,1874,55.20859998,4963,146.211463,123398.5381,351.2812806,213.65625,76.0,68,1.17560705,0.414642789,1.644142311,178.1050495,13.34560038,7.825968938,0.068792,0.0,1.743760501,0.586408158,1.705296876,7.68267e-05,0.008765084,0.0102344,0.015168,2.1e-05,-1.688608959,1.16523693,0.856433633,Malicious
50224,443,91.16658,861688,9451.796919,1262796,13851.52322,4726.233299,68.74760577,162.0382885,165.0,68,-0.129242823,1.367877287,0.424267662,612.5137851,24.74901584,48.43406961,48.406305,0.0,0.003365541,1.957009924,0.510983612,0.000207049,0.014389214,0.011570999,0.007009,1.7e-05,0.951128923,0.802962494,1.24355847,Malicious
52491,443,112.359885,56840,505.8744943,60236,536.0988043,8218.834998,90.65779061,135.8190255,89.0,54,1.549310607,0.902504076,0.667489626,1127.622569,33.58009186,34.36957621,25.3957995,72.245557,0.801705077,-1.127929636,0.977029558,0.001352228,0.036772658,0.031304765,0.026844,0.026952,0.363919687,0.118369598,1.17466648,Benign
443,52491,135.244217,69610,514.6985324,65101,481.3588443,8353.123128,91.39542181,136.6237323,89.0,54,1.563220497,0.904024847,0.668957145,903.7430492,30.06231942,50.51431046,44.1063295,20.505601,0.639469716,0.998216706,0.59512481,0.266141259,0.515888805,0.079059159,4.2e-05,2.1e-05,0.459501105,0.153207742,6.525351566,Benign
52491,443,121.185931,35194,290.4132494,37434,308.8972432,7686.456414,87.67243816,136.518797,114.0,54,0.770554491,0.941217089,0.642200489,1166.565407,34.15502024,56.05765245,62.002614,76.861315,-0.522174619,-0.609095307,0.609283813,0.000738135,0.027168645,0.027961833,0.0269115,0.026917,0.115979284,0.038457322,0.971633178,Benign
52491,443,98.552574,78615,797.6960602,81323,825.1737798,7709.702597,87.80491215,135.4259102,89.0,54,1.586217984,0.927350284,0.648361248,707.6147813,26.6010297,54.34677114,56.887361,29.662668,-0.2865216,0.927937881,0.489468448,0.000778131,0.027894992,0.022305926,0.020144,3.5e-05,0.232506873,0.79838438,1.250564184,Benign
443,52491,33.056349,13565,410.3598979,11354,343.4741084,9409.971879,97.00500955,139.994382,89.0,54,1.577064388,0.886494238,0.692920731,102.984047,10.14810559,12.20385177,7.854821,33.028679,1.285667773,-2.052090122,0.831549398,0.000428867,0.020709093,0.012647657,4.1e-05,2e-05,1.826249576,0.609763906,1.637385666,Benign
54640,443,114.906691,57076,496.7160703,68354,594.865272,17033.21637,130.5113649,146.5303738,114.0,54,0.747759565,0.708983267,0.890677895,1178.686214,34.33199985,46.67888605,49.605084,0.054805,-0.255697131,1.358035688,0.735493127,0.001067014,0.032665175,0.024943528,0.025127,0.02696,-0.016850201,-0.061731541,1.309565139,Benign
54640,443,96.750105,42044,434.5628359,44920,464.2889018,7899.639299,88.87991505,133.7907692,89.0,54,1.51184109,0.897736785,0.664320233,488.384424,22.09942135,39.33141866,35.985846,1.445943,0.454162026,1.714319803,0.561877047,0.001700283,0.041234491,0.033548622,0.026931,0.026952,0.48146264,0.159978264,1.229096392,Benign
54640,443,105.519335,61248,580.4433851,63497,601.7570145,8029.012746,89.6047585,135.1516793,89.0,54,1.545175058,0.905662608,0.662994045,670.7840598,25.89949922,53.89671554,56.66998,26.271622,-0.321233754,1.066626552,0.480539472,0.001150818,0.033923715,0.028697653,0.026865,0.026891,0.162068327,0.05325635,1.18210765,Benign
54640,443,110.614927,27297,246.7750126,29436,266.1123666,7805.691446,88.34982425,135.0785714,89.0,54,1.564640512,0.917699295,0.654062471,1472.847013,38.377689,55.28207695,41.5251305,22.906544,1.075386257,0.843602984,0.694215759,0.000800653,0.028295806,0.027008628,0.0268555,0.026912,0.016235046,0.00341492,1.047658044,Benign
54640,443,121.772998,67491,554.2361698,73742,605.569389,9569.621606,97.82444278,141.3743744,114.0,54,0.839494924,0.893175283,0.691953144,1079.693003,32.85868231,53.07471368,52.747025,20.96734,0.029917999,0.977135156,0.619102394,0.001651844,0.040642882,0.028947976,0.026839,0.026905,0.155671251,0.050266516,1.403997352,Benign
54640,443,121.676184,38991,320.4489056,41627,342.1129644,8195.51717,90.52909571,135.492437,89.0,54,1.540690425,0.90017951,0.668148701,1185.211522,34.42690115,67.15719193,70.625962,89.831993,-0.302272637,-0.658636134,0.512631636,0.00101741,0.03189687,0.029558617,0.0269335,0.027005,0.246900452,0.080058551,1.079105616,Benign
54640,443,121.249908,72213,595.5715859,80570,664.4953496,10462.64687,102.2870807,139.9111722,89.0,54,1.493184823,0.839902474,0.731085867,1071.717512,32.73709687,50.99465048,45.521087,15.505021,0.50159275,1.084079924,0.641971198,0.001160516,0.034066342,0.028370153,0.026885,0.026986,0.130787731,0.040631107,1.200781038,Benign
50172,443,33.215159,1874,56.42002195,4963,149.4197273,123398.5381,351.2812806,213.65625,76.0,68,1.17560705,0.414642789,1.644142311,170.5877277,13.06092369,7.609841313,0.0706335,0.0,1.731701675,0.582641894,1.716320112,7.73902e-05,0.008797172,0.0105613,0.015285,6.7e-05,-1.61086996,1.19291746,0.832962981,Malicious
50176,443,34.117514,1807,52.96399966,4897,143.5333184,141596.8489,376.2935674,223.4666667,76.0,68,1.175677817,0.413152602,1.683891262,187.7628158,13.70265725,8.413205367,0.071341,0.0,1.826331393,0.613983493,1.628708281,5.40513e-05,0.007351956,0.010487889,0.015274,2.3e-05,-1.9529949,1.423415528,0.700994878,Malicious
50180,443,33.391113,1807,54.11619553,4827,144.5594221,145422.1141,381.3425155,228.7586207,76.0,68,1.201743429,0.421559659,1.667008283,183.7988576,13.55724373,8.452545483,0.06211,0.0,1.856668431,0.623470792,1.603924375,6.29645e-05,0.00793502,0.010993889,0.015363,3.4e-05,-1.651833626,1.381204898,0.721766462,Malicious
50184,443,33.829179,1806,53.3858655,4828,142.7170314,145522.8728,381.474603,228.7586207,76.0,68,1.201327319,0.421413692,1.667585693,188.3182581,13.72290997,8.589040483,0.066165,0.0,1.86320733,0.625890609,1.597723285,5.87464e-05,0.007664617,0.010779889,0.015271,2.4e-05,-1.75786121,1.403317159,0.711010783,Malicious
50188,443,33.305931,1875,56.29627948,4964,149.0425234,123395.4521,351.2768882,213.71875,76.0,68,1.176155517,0.414825896,1.643640945,171.5706704,13.09849878,7.63572425,0.068343,0.0,1.73318669,0.582946518,1.715423233,5.67463e-05,0.007533016,0.0094948,0.0153105,9e-06,-2.316084266,1.259230023,0.793383333,Malicious
50192,443,33.942944,1807,53.23639576,4897,144.2715163,141596.8489,376.2935674,223.4666667,76.0,68,1.175677817,0.413152602,1.683891262,185.8068145,13.63109733,8.351206233,0.0663445,0.0,1.82337376,0.612658396,1.632230956,5.14404e-05,0.007172198,0.010278333,0.015261,2.5e-05,-2.084158844,1.429594283,0.697797767,Malicious
17549,35384,52.21148039186674,11765,304.5996446186472,10187,258.67131844592507,8341.17139637977,90.91421749438682,135.11801844807138,89.0,55,1.513048547732221,0.8680305944624025,0.6712531596441529,115.31702860667615,10.708651408947272,34.13814809329307,32.21114572984928,22.173323232296106,0.6118859803027009,0.8111626565681975,0.607599931823115,0.0008125299417275722,0.0270337334029278,0.019935096196077157,0.0088748456504526,0.00885417431499797,1.4210290347307906,0.4745216382276733,1.4763396742797603,Benign
34274,16917,92.07330414789922,69082,882.3826882104285,72064,888.3479830810797,8353.049968124473,91.38776271894649,139.0547349253904,114.0,73,0.8225663148624432,0.7118764539801548,0.6572015795679781,863.8660515804775,28.541538691699436,46.696977574229344,39.77509087999094,11.336212687344727,0.3028359588923255,1.2879755019674506,0.6011669638448554,0.026173237344418676,0.10572565981546586,0.021891531079133338,0.012973313503484792,0.0181097289131041,0.15579666060738354,-0.2017966939564243,4.235792188866301,Benign
53023,443,121.30733012981959,36134,297.85084290017306,38472,317.12230179221683,7812.512823249311,88.37981933005416,136.26464412203367,107.809363235942,54,0.9612597640537017,0.9310551391893866,0.6486259272067508,1171.1826600010343,34.22234487827566,58.806181136760046,64.13797460632264,80.07318524326233,-0.4677212872296631,-0.6213628775979215,0.5853502721895023,0.0008072906032912919,0.028339473940549528,0.02835723738938638,0.02691694776035237,0.026938791041409484,0.14839869983256856,0.04875884590709584,0.9982460910322298,Benign
51559,443,97.25700313108399,62089,639.7321156973161,64970,669.541403359266,7590.212005006664,87.11243588773004,135.56494055451603,99.29052756843603,54,1.2469810563287738,0.9365506682146824,0.6426046002780312,670.6271327375291,25.896469459125928,46.90593389744636,50.4492072680202,6.659014745225804,-0.4104764672128212,1.5541619737383483,0.5550162525859184,0.0010737466979866765,0.0327626553555085,0.027847904770245957,0.026856292630519016,0.026836381045982915,0.09012832135866795,0.030663469018232165,1.1764399424637648,Benign
52543,443,35.288793350513444,25854,2896.6470833418034,30137,10672.495714370612,55866.51179179875,174.04533336062775,184.2182478874443,117.26091878668441,54,0.9557542266888475,0.8692033395295828,0.8069054351449675,153.15728715083148,11.003947269537715,18.376964722511023,18.20189713768313,0.5271992558914679,0.1785470534811875,1.1549296710135413,0.5736842917940499,0.0005570497332518366,0.022968357661099024,0.019608055613685192,0.01869246418430559,0.0001651312657030197,0.16893010569132433,0.8696969614147789,1.1530339612700187,Benign
54285,443,120.26954928577936,71280,592.4200096559015,79583,661.465806483338,10283.576058589364,101.36630699674534,139.83933606605117,91.28015257621726,54,1.431562249359484,0.8475118911131041,0.7248449730199059,1075.9511099596502,32.80107205390203,51.05841044486067,44.55078248175503,15.302170691888747,0.593406108937567,1.089978988541806,0.6424169604409562,0.001092159670741995,0.03280841930940929,0.02759989237807547,0.026190283113078125,0.026979797984992688,0.12772422398008623,0.005465924151956639,1.1840678427595506,Benign
52716,443,115.93546918504437,67160,578.4871668225975,75223,648.0724614293474,9491.919668841974,97.29564701620077,139.52175480304487,101.36050761756454,54,1.1591342428580533,0.8811524583970035,0.6972545267704171,1094.6674761277413,33.08390074453196,51.34028767093895,40.261151101753555,14.40538722777495,0.9993049357453503,1.1160582367524146,0.6443876371911892,0.0007899623198142516,0.027247253154134878,0.024194637561202905,0.023119000539080437,0.026952379419280224,0.11418072748143435,-0.14999627250079803,1.1101802688943916,Benign
52727,443,5.282752216729127,517,1924.8147084229076,511,2308.5784314524108,382.95698354080184,9.70023932423113,64.22160439186861,62.14042466047436,55,0.07956282752857365,0.9902332258999241,0.12176551000281192,8.08767106425707,0.6950037449805282,4.556497845518919,4.73034093257723,0.0,-0.04399742581364631,1.325764655363752,0.9510841006112817,9.18756380911277e-05,0.0022996189497091813,0.02745108279606551,0.026996280181678635,0.026995129006478304,-9.3902616893521,-9.413000016122346,0.06604203236316672,Benign
51706,443,104.57649412096508,59304,573.2056054202524,62543,604.2506130281047,7883.613209755323,88.76510126153387,135.75358366875648,94.85612452979144,54,1.377751677015456,0.9215046540364161,0.6538612890319587,921.7407112461112,30.118482535344917,39.18768051722105,35.943802577415184,40.37450154025881,0.2450674006558805,0.1381007790126203,0.7957582959355622,0.0012176389422873918,0.03482855664414672,0.029646762355694092,0.026848504711176762,0.026893438754702084,0.2320519230569185,0.07618082322626199,1.1747931380632148,Benign
52742,443,0.035590534373717675,55,1660.3271816965594,66,1992.3926177943406,30.25,5.5,60.5,60.5,55,0.0,1.0,0.090909091,0.000340002096207143,0.017795267186858837,0.017795267186858837,0.017795267186858837,0.0,0.0,1.0,1.0,0.0,0.0,0.035590534373717675,0.035590534373717675,0.035590534373717675,-10.0,-10.0,0.0,Benign
46869,6287,43.56149622412523,1667,49.305011609925884,1591,45.6303511631574,1206.0567111228065,22.407775874252422,73.42155541522625,63.25657870000931,54,1.203652181888652,0.8523561897212087,0.2549585471087054,346.4339790452104,18.380960971490797,31.245359468103533,40.707186006002104,43.53410496323862,-1.3925394525467534,-0.7427459925759787,0.6056901241576139,4.815997824233391e-05,0.002328207635317648,0.02540693370131973,0.023991258850818927,0.023986237526108577,0.2050801886242286,0.9561781189070611,0.1839701188602063,Benign
50749,443,100.49249456349715,62199,622.2424474267881,66901,667.6990438236371,7834.226309569437,88.46883006792899,136.88433675228262,106.21098015062495,54,1.0453229898445726,0.9371914088350839,0.6461575885578926,827.6376953516251,28.542574710017778,47.391299332109014,43.92346802590964,5.630900122647217,0.247581928662987,1.4952208152355142,0.5999733922168418,0.0008280230377014316,0.028181859378411812,0.024922371553007906,0.02419195871477993,0.026855687841204998,0.08031475734957232,-0.10499777940234359,1.1197090396178337,Benign
52712,443,10.733690588103475,995,1055.7098228033444,971,1264.41273182015,747.6100373663786,14.042739381936894,68.0692583084477,63.836409968186764,55,0.16182042202821809,0.9801356543523927,0.15366702583484898,16.449395898031973,1.40817757131713,9.261953315827792,9.615527498499484,0.0,-0.08948503006334897,1.6625628531603849,0.900511435693641,0.00018686307402384305,0.004677125241839663,0.045092988011785615,0.04416797876707029,0.04416563742674174,-8.759871741355836,-8.80611853459424,0.13432088678310028,Benign
52798,443,119.07168231430664,54691,461.5763235162518,60186,507.25796082634446,8268.967096277767,90.93224439049611,136.10145748285248,89.0,54,1.553930995431335,0.9028928239630436,0.6681150562104857,968.0793533216139,31.04295912918817,56.77085141221397,55.6656270989565,71.07118504938116,0.09529422450722795,-0.4195764939602951,0.5462564647126682,0.0008666331847604024,0.029380074578356896,0.026547566535701252,0.02682900565064622,0.02690985418299484,-0.033791613528458185,-0.014068272906997569,1.1056625637446535,Benign
50749,443,106.82368603108651,62068,583.5127848942743,68707,644.660531679941,8254.924940659323,90.82373569827342,138.30080816431385,111.13812758060966,54,0.9012354062412585,0.9284252161804486,0.6565963601228098,1011.3996094218338,31.639640179081553,50.1129114862179,38.20436499746557,10.470128355082531,1.0450508745270866,1.2760569382561051,0.6296318626357006,0.0005642527165890104,0.023179696949996813,0.02176107680832398,0.021077180347791255,0.026895105020644877,0.09099525723097818,-0.25677077601723103,1.0550759239082452,Benign
53311,443,69.83394185800522,30380,541.2325970745319,33613,602.7254472055397,8155.762869617534,90.29630717862968,137.967163771724,104.45545158290653,54,1.119319712682374,0.9297465746945226,0.6544715063265404,682.2180960716563,23.26187856971002,35.48239454198305,30.09437866060859,9.143581208635705,0.4398288220859842,1.3257589669417822,0.6352798081887315,0.0007162959088243695,0.02673560474608231,0.02348722143648484,0.02310353457373361,0.010400013746885983,0.04405606375623715,0.507677593894377,1.1475534904190459,Benign
54422,443,99.22112111839085,41351,419.98604395112636,44162,448.57528143520904,7878.081675165224,88.75781175552677,134.06663467167337,91.52806690306976,54,1.4368802053351584,0.9021336296991125,0.6620834252915689,556.9638998965445,23.31851577201974,41.02282018230024,38.61673120422577,9.072147237435745,0.35543225166085335,1.4793698493326728,0.5666709460442468,0.0016029880194138096,0.03981211501054895,0.03298367094538663,0.026929028107815604,0.026948460706335702,0.4445039849629415,0.14768974113999764,1.2030610227971454,Benign
52720,443,3.897670342660776,4288,10185.675667541265,9831,43744.15973441201,215138.57089725687,450.8649453552528,333.3382030006109,128.19634450521755,54,1.3294773039235068,0.64122351372311,1.317242465454475,16.314624755687955,1.2012927205081119,2.018381024185192,1.9932027756073512,0.13472894338732416,0.6185509030344685,-0.4164633832653266,0.4891783103872481,0.00019772011027687826,0.013566067340122858,0.013892004174930098,0.011670157094665628,3.8139225100699536e-05,0.5300767914571956,1.0394193790829982,0.9645342380281231,Benign
52566,443,77.44877807494066,5719,63.17208082220105,5577,62.27716571568638,4366.895587708451,58.885964316986744,107.16853671666013,80.32810481231448,58,1.3147455447588527,0.8356156522101423,0.4991772028964713,211.29580740670403,14.116935320331955,65.39917512008016,70.8681051250155,13.41543860107814,-1.0535378605578227,4.4956617602120605,0.27783182193763395,0.001118891136141114,0.028006397860837026,0.03248823397570414,0.026949501148591168,0.026934584673356365,0.415898359484755,0.43801455574353565,0.8043143562720769,Benign
54640,443,98.56380144491139,41821,426.25956326333795,44680,455.3990132894125,7921.168262410597,88.99991439285928,133.91458766496115,89.0,54,1.513940254346208,0.8979145250147209,0.6645988038414491,539.0876585665166,22.99640584114187,41.35610557753361,38.506364980964406,7.877177718655927,0.3991215658020344,1.5416563950541182,0.5582938028459996,0.001650595107555064,0.04055505762375057,0.03325829724079184,0.02693118190751591,0.026955856439337303,0.46439519002175683,0.15416306541435648,1.2181826122113417,Benign
52742,443,0.0429894655934346,55,1335.8984070544316,66,1603.078087843458,30.25,5.5,60.5,60.5,55,0.0,1.0,0.090909091,0.00047587597176165764,0.0214947327967173,0.0214947327967173,0.0214947327967173,0.0,0.0,1.0,1.0,0.0,0.0,0.0429894655934346,0.0429894655934346,0.0429894655934346,-10.0,-10.0,0.0,Benign
54008,443,114.58238971467487,74093,654.947221307532,80791,711.6958873995425,9653.948091601242,98.03283112080777,138.5935916242604,89.0,54,1.5205140371759511,0.8655909479056418,0.7067848671632326,964.7595047433299,30.93457944412266,51.979361979384294,48.86001833576903,19.663939851424512,0.2700780337979944,1.0382119852010854,0.5971723298074904,0.0010481874340312369,0.03225345996856224,0.026588739182462556,0.02490477885326194,0.019068934264094728,0.1606685196094721,0.2632270208413555,1.215405224094103,Benign
54323,443,98.71942133720356,41778,425.29528112732174,44376,452.2346185697118,7850.883284292528,88.60022512972019,133.78462806666104,89.0,54,1.51657441142841,0.9006036126721719,0.6622590606296005,559.2007185909315,23.300454086031422,40.22501020804061,36.29374308120031,1.3622826937561607,0.4870298435506062,1.6849762817761964,0.5757681070247765,0.0016258384530687395,0.04015955903198576,0.033197996146372415,0.026930227186583902,0.026944109168277736,0.462475921966771,0.1538838486963313,1.2070713341861887,Benign
52343,443,110.89403055540184,57304,518.555035471484,60670,548.9339083419395,8155.702315103631,90.30133837256122,135.80670076895646,90.1028902831075,54,1.5170007276766155,0.9060824754659239,0.6649229865201693,1088.8486154698537,32.92816322210057,35.276975018956286,27.382316357878956,66.24324656412878,0.696872899793323,-0.8894967550507118,0.9428905446439059,0.0013268806968119108,0.03640652328345854,0.030992511564051185,0.02684484837714085,0.026940971097168927,0.33908488801851094,0.11042414029713532,1.1746903336503938,Benign
52519,443,120.85945806496807,35285,292.3391486345213,37534,310.97334125629743,7689.304627199936,87.68857056020049,136.4823493987315,113.66598946252938,54,0.7804583924140701,0.940636173811663,0.6424960181032862,1157.5046232146328,33.99395235740884,55.834182916477715,61.65501901348287,75.85373384258935,-0.5091303498980517,-0.5780535018136623,0.6086504386243439,0.000750989702824251,0.027356570631297556,0.028036474855864996,0.02691176052821923,0.026917467614752458,0.12086229568696494,0.04008089300605422,0.9750729950594821,Benign
19271,31920,75.29055368517305,75538,1175.0603193081974,74166,1122.4688201751303,8219.871422119455,90.65572546536507,138.9920647111977,114.0,91,0.8271403647539038,0.5192959405568709,0.6522307982527772,632.2949893278742,24.081693895733096,42.14628276213139,44.23093060953104,9.565094307580082,-0.7949729598906534,1.4147649326102463,0.5595541496188342,0.04963566975944309,0.18354892230698208,0.023682623402957338,0.0072405461006262665,0.01008776159345237,0.20916347596917478,-0.0714441530950964,7.166759810302446,Benign
53843,443,108.05473113911842,59614,552.8050113094914,62288,577.4213144989027,8099.368873042353,89.99505658218078,135.39902592840494,89.0,54,1.5467078667606604,0.9044919229179406,0.6646602967941532,840.1076657127256,28.746250566835762,46.65913469265447,45.07845059172251,43.31149997751369,0.09497470534662455,0.25323153462074854,0.6645596234724653,0.0012254690348407426,0.03497965335039119,0.029663958589323854,0.026857216514911596,0.026913609170971083,0.23688294845877195,0.07739006404121895,1.1793496387745104,Benign
52893,443,111.07933107980331,57665,519.833822926888,60846,548.3900496625379,8183.300190281445,90.46066254331626,135.69409800257094,89.0,54,1.5485364304375722,0.9030953545572311,0.6666480512913711,1042.1022023843227,32.14228159407316,38.025065142799036,31.250339623266974,63.639216473124556,0.5914904418934458,-0.7171077679286744,0.8840863990484402,0.0013145239608413335,0.03623933463754129,0.030816712505391843,0.026847931209087593,0.02694058077360271,0.32613302505833835,0.10618036979713046,1.1760594702441105,Benign
50840,443,120.97041489817077,38594,319.04466933567807,38193,315.7282330118188,7320.664553233729,85.55942912557974,133.86316742613167,90.31878556540353,54,1.5278533221698034,0.9334125980900994,0.6391525016768405,1348.7647189387203,36.72054163730143,50.61898804654069,40.94350961166285,4.450046514415291,0.7853811911576657,1.250071957622572,0.7261293158757083,0.000782674628108589,0.027975680895710925,0.029171122740339867,0.02692097248577384,0.026858270588202202,0.24109607241205783,0.08260273840438208,0.9590487391010682,Benign
52521,443,112.26412457713354,56901,506.9183794431085,60281,537.0179493940943,8216.177688409254,90.64304928069964,135.80968336313816,89.0,54,1.5492527137134917,0.9025482920878815,0.6674266926485019,1121.2273158664545,33.472571733830115,34.64293538720258,25.833604756811514,71.60197081812353,0.785985127974011,-1.0972081839870642,0.9700792249735086,0.0013494084742645645,0.03673277582877072,0.03126826820550537,0.02684429397765972,0.026951146064893194,0.3610939826940933,0.11745808179696243,1.174770648463913,Benign
51178,443,107.55431776683558,66092,619.387325714732,72609,679.0976055431812,8304.554884999878,91.10971197430702,138.21162985550887,107.83445463147353,54,1.0071157141148208,0.9243241129986955,0.6591333077015499,1016.8920871491987,31.752254932687258,52.34802489742213,40.30937498605381,17.321026967685295,1.0656207827053734,1.094299183355281,0.6080427678988182,0.0005015764154860362,0.02215369348184796,0.020512096378745567,0.019484040709713168,0.020288065754316128,0.13056879257654685,-0.06296089782274084,1.0750047645802483,Benign
53831,443,126.40293766409917,55950,449.71960896755616,66656,536.1825923823944,16672.671025252646,129.11009232939705,144.47247128694437,104.59351036172711,54,0.9299040234590082,0.7005879068948565,0.8937379592752235,1307.0277908488808,36.08251609380566,49.04318900961596,48.81018163231541,20.28011526687132,-0.001102630382440739,0.838898227175716,0.735711916681352,0.0009074915997820431,0.029915905657540112,0.02499299146137348,0.025761373661205123,0.02693855320362474,-0.08787447480964741,-0.06562795846827785,1.1973399822905422,Benign
54460,443,105.10677107720498,27713,286.54644730879795,30000,311.57760799061015,7852.974462304934,88.61272941118283,135.46872424023798,91.08751791746671,54,1.5044924702162008,0.9193264821503815,0.6541177180801937,1366.059319266056,36.33604531582842,52.60779780874225,39.981215775357725,21.047625076131343,0.9895435673933406,0.9087262350422362,0.6862554705126983,0.0007892591602050333,0.028085074656762552,0.0265330029911421,0.02634873415035578,0.024681779357695256,0.01999274099433694,0.07152405037496821,1.0611505992420436,Benign
52102,443,108.50935475761109,58059,539.1839456241671,61377,569.8142638804663,8052.99704207508,89.72145608832687,135.78665069649384,91.89709009294332,54,1.4644384916811202,0.9119038737859699,0.660747535763949,1025.7705186583044,31.867595134720215,36.75314612628297,30.614014218702973,56.47859054388338,0.5263302127375127,-0.5016102751259219,0.8873526437215192,0.001285645292659304,0.03581088938509645,0.030484532607321774,0.026846228530840725,0.026923029099070565,0.2986832340259209,0.09749834077030334,1.1747291391559425,Benign
51518,443,105.22467052839377,69333,665.5335460075237,74864,716.902053745018,8150.607380392461,90.25443126606639,137.49068686150375,102.96010624339513,54,1.1569871211175162,0.9251072846928527,0.6563455034953802,936.851259488805,30.419120159163235,52.86529952609159,44.59975031073307,20.51503811635847,0.7156869421693812,1.0512449531245305,0.5773557872362366,0.0005731486175814824,0.02363953895627261,0.020976338677975062,0.019654837877231435,0.015046581445647647,0.1569503219448327,0.15995487269913466,1.1204394633705526,Benign
51487,443,121.05493114309985,37261,307.816644703586,37895,313.04940946618336,7464.112556585617,86.38806136036247,134.90459234798647,99.6055502311744,54,1.2308729436439942,0.9364731873439389,0.6403477926131483,1277.3139013755667,35.714453308193995,52.75180081045215,49.20199428805155,32.84666491558788,0.27261343890271106,0.5209856639892954,0.6803074814230341,0.0007652080811252071,0.027659195756783772,0.028696890759446994,0.02691725777990753,0.026881301764573314,0.1920305917151584,0.06529078447768544,0.9639838205694585,Benign
52514,443,40.48287252543664,29422,1690.580273781041,33497,5200.348657905553,29512.82941032265,128.24184358066924,159.54436625456916,115.4515070310316,54,0.8939167686225282,0.9069256365378102,0.7224633799607786,175.79972727028363,12.625926955939628,21.083710158074354,20.883841387262613,0.5921386935931208,0.10574255931641918,1.4149375699602296,0.5876669313470125,0.0006165056027076808,0.0245240917563892,0.020553852415328783,0.019854398372040456,0.00018614378931705247,0.10917357900829378,0.8416141280957038,1.1842237497565469,Benign
54401,443,118.7260216041382,72924,618.0473185546143,80653,682.3623864991447,10156.526397913261,100.67670001890667,139.41242235811654,89.0,54,1.5035298762741829,0.8496264503051867,0.7218870976424644,1031.2302050453652,32.054781649434574,51.367397857778435,46.78498805200187,17.079315701779237,0.41395641851065107,1.0667173219362613,0.6250132761552356,0.0011179957507283624,0.03338010341756993,0.027695826225467013,0.026135417771774232,0.023989116654366916,0.1420986434927419,0.12489136316684578,1.2063167984964795,Benign
52491,443,133.21886475531232,53837,407.2932836632794,61707,465.5842378151792,12134.718810377195,108.70764853678043,138.62505885783347,89.0,54,1.3960080859081296,0.7961418442356938,0.7821950672294667,1265.0309144303662,35.39054194485924,55.13811622729407,51.554286292525504,66.35963550622247,0.2909811679814495,-0.34938594682809176,0.6453289487127623,0.0007324302501268708,0.0270142199751326,0.025640121424337085,0.026818073748957092,0.026908073748957092,-0.1350163493110115,-0.04834924838308441,1.0527056546541753,Benign
52491,443,145.08490586655142,54115,373.3338151840587,63802,440.0055286952748,15985.784842117795,126.37694741846637,141.00148922914966,89.0,54,1.235456416060105,0.6891210827743722,0.8961844111422576,1515.3322354166237,38.923057411349255,52.751489202953685,47.24156308753281,54.017741783501755,0.42527172702293703,-0.034256277067445634,0.738810329850483,0.0006510968118570925,0.02548792719130987,0.02514571966368459,0.02681335196298779,0.026903556328593602,-0.19914794026879987,-0.06992482512655333,1.0131547021616027,Benign
51565,443,111.1754671052699,86698,781.4588145321744,91901,826.5011918687981,9170.044191567089,95.488095764852,138.51807365276804,102.28348395014685,54,1.1680769842550167,0.8879150786398953,0.6885632063400505,708.0670022616432,26.609527213757026,53.252813384572754,52.606334819596846,30.75562668334579,0.07278380528660078,0.8454793111535664,0.49987152906959176,0.0009861556720528796,0.031245097810353555,0.02341173140634365,0.020621939752526283,0.014352470340826274,0.26480728374714524,0.3338717749594811,1.3312308352404905,Benign
54519,443,98.12592204779142,41658,426.4467419918676,44498,455.53984240718626,7887.636404255196,88.81193014578288,133.9443661012911,90.40758189204594,54,1.4701042262572515,0.9001848685428421,0.6630748189555563,526.5682348480285,22.778191057813324,40.27316041219723,37.45067526105441,5.692075480364317,0.39919107471828486,1.5835039215383235,0.5645462032152824,0.0016461109159092715,0.04044253779496373,0.03323406747875674,0.026929902086124204,0.026950029385351137,0.4608847298500089,0.15313623690145745,1.214600369684226,Benign
6627,44771,59.4962198374703,83043,1453.8640945550223,77340,1346.0344533057175,8011.9860782516935,89.50751476002885,138.49904126448132,111.02955209329821,106,0.9223903464628322,0.35482557201448817,0.6462743620947393,385.1742475463903,19.44936282571103,38.56378459018698,50.661985814850674,9.99455259497289,-1.948511251240143,1.497124253166117,0.5052114779209946,0.06977515518271435,0.2511110076636381,0.02549962771098881,0.0024344430721975753,2.2663450827753004e-05,0.2709498380764081,0.1760502259734436,9.704858605051578,Benign
50953,443,111.9901192058867,38020,367.93596756385256,37995,374.2245460291802,7426.2416782420905,86.15356754274781,134.42463597429068,91.93815616942763,54,1.4847359657929946,0.9334725735126191,0.6408327831970736,1221.9992946312586,34.167791626977255,47.13572925049449,37.80389184450599,0.44417178777560357,0.7629005989326606,1.385328604961578,0.7169169010964754,0.000770939730347322,0.02775636329596551,0.02830696595572184,0.02620047647602246,0.0237226904708966,0.22610667091824915,0.17132835676477703,0.9878348143022153,Benign
34396,18700,40.73914461549053,4864,146.307349357845,4214,125.65015378226875,3410.150825861776,42.44934387635882,91.30725660477252,70.17290123863415,54,1.3039744827681579,0.8615278437132659,0.37262308315519493,281.0278221708098,16.16909167219668,26.12959776234146,31.880948425132278,40.711678467525395,-0.673002418937175,-1.0945192167959765,0.6663703099041022,0.0001504421312052829,0.00726648410782669,0.021978979351447808,0.017556693951091395,0.017547379736529485,0.6406295370257069,0.8631091984823326,0.5744501016694206,Benign
50749,443,106.58521139717958,62073,584.9716006860667,68639,645.5283147468967,8239.078641815275,90.73503434388276,138.24745446254175,110.95253855118509,54,0.9066626996545502,0.9287554090982862,0.6562031667973314,1004.4779177610669,31.52298416611753,50.010397533605605,38.41978432382241,10.287850945367492,1.0150129083890151,1.2843121024848045,0.6285147280629138,0.0005741880551559787,0.023368111541462885,0.02188015212152052,0.021194503545892498,0.026893620308409482,0.09059295881492171,-0.25105399901088404,1.057510435435185,Benign
53386,443,111.00520263774906,38047,350.4704696342288,40552,373.6382618161186,7775.2750626377,88.17551074779733,135.38221540883671,103.584219127429,54,1.0793976421582967,0.9231018362505291,0.6514162652584548,884.0140265650878,29.132281186965987,49.08898101079868,51.1632158199793,45.44091543298291,-0.11540227691275395,0.35891199947121866,0.58953267353867,0.001138995909399298,0.033028915788933175,0.030289463800211604,0.026919624309080608,0.0269315820932216,0.26825106594671444,0.08908674213201645,1.0789003947908742,Benign
50896,443,120.98556444770887,38791,320.6319317940814,38364,317.09232184290425,7334.157946602081,85.63419858764102,133.78250320349102,89.0,54,1.5689169007326609,0.931737290730758,0.640086035143717,1352.3406175265065,36.77124617778088,50.9531687800035,40.93792114972008,3.7998493404622735,0.8143001607976554,1.2774892715511867,0.7243141198375496,0.0007939406147540452,0.028167252507665753,0.029250577458605875,0.026921953929418308,0.02686067411772882,0.24801971076308357,0.08487192116403404,0.9629158787782837,Benign
19301,32979,120.18841474649244,66873,567.4218942144267,65197,558.5934425448685,8023.819433070923,89.54385775225283,136.2676123719935,93.87331753380815,54,1.4152391207774697,0.9192665513225992,0.657065860726976,816.3392613954055,28.500365785778598,48.47162814400057,45.870081519012295,13.379108478270862,0.23706729683017697,1.2547452289849994,0.5874403413641788,0.16676763991498336,0.33466442573080135,0.0597776941160335,0.010093029978189554,0.010067906401814793,0.3139334522125773,0.10503952399081301,4.519642548573444,Benign
51860,443,121.16348884988261,38843,320.5847787326657,39204,323.5383931338275,7556.07003173127,86.89527154931493,134.223033662687,89.0,54,1.5616449102372512,0.9236070557094316,0.6473158232800595,1309.2831276122097,36.167272273229365,55.12781330347221,48.58645485032537,25.964321338926414,0.5266373703763074,0.7786850396506271,0.669778334885473,0.0008515130605993936,0.02912811433160172,0.029329937724423136,0.026924928545035382,0.02689785681294228,0.2477313559870876,0.08363185200289384,0.9928498554016145,Benign
50977,443,120.98830906355258,38312,316.667420679561,38130,315.16106025592416,7351.036019663921,85.73487092688487,134.0836626670176,92.28502179526349,54,1.464975280049577,0.9340606000253482,0.6394055741330483,1333.63682551168,36.507528021222456,51.070556905969994,42.69203370577597,10.46230825629921,0.6768156607201764,1.0957064776271694,0.7164277078063694,0.0007789765310074684,0.02790867321663573,0.029070716179417023,0.026920185991281896,0.026863146854052253,0.23070770474540175,0.07893737245128546,0.9600936170892254,Benign
52547,443,70.92563547743002,6293,333.4920974179616,6074,384.014377757877,4787.878026127424,62.15659388083209,110.70033677576652,82.6275186021956,58,1.0732147526194231,0.8682569941856533,0.5071281359419506,109.09156221105346,9.208402211259115,61.2956968007123,63.64064822422573,0.0,-0.5934767268486787,5.39420574756223,0.34017849173640297,0.0012393009809802185,0.031019322199738835,0.037421953733804386,0.031287168301316025,0.03127164021808641,-1.7753029831731206,-2.0820179215147134,0.8908341448733144,Benign
52732,443,3.3851897974535916,350,1965.304774777746,350,2357.599482986141,255.6139093761185,8.183764140197496,62.8779379316027,61.54815762594258,55,0.05083707068358345,0.99375947033685,0.11062495584058607,5.167724099333867,0.44895044204390366,2.916271609869554,3.0273495287816417,0.0,-0.028112377544410205,1.2081489726467138,0.9687449389115507,5.870440320965959e-05,0.0014693531479847005,0.02728858267683272,0.02699798424823413,0.02699724869902294,-9.610404625379058,-9.624933394166597,0.04219789029151921,Benign
52517,443,98.83480605579481,78479,794.7369331241478,81230,822.5046037902489,7732.308935519999,87.92669428144619,135.49821065756217,89.3038618672454,54,1.5771419574669276,0.926934904815321,0.648891084596613,712.1371966282845,26.67708818026591,54.33130994979844,56.83703739088066,29.55698085590435,-0.2826754429030989,0.9285358480337954,0.491044080515598,0.0007887505225446635,0.028049935906353563,0.022386656628613496,0.02022537420804832,0.00036159073491536507,0.2315729763771247,0.7892914003570125,1.2524290835570342,Benign
52438,443,99.26815500288626,79073,796.7755846448167,81922,825.2490296536994,7792.488111705861,88.24046525106998,135.6012022987421,89.75302933230903,54,1.5625139287212255,0.9251147359710914,0.6506402625988762,707.6404173191407,26.601511416779633,54.28475561145076,56.6446732910883,29.724626892008306,-0.2661528841982241,0.9232633752733657,0.49005818975910415,0.0007899237405556923,0.028084906630152975,0.02236861316173617,0.020171093995376477,0.0008466451355359575,0.23433795563084558,0.7720515581186651,1.2551371073950375,Benign
50749,443,95.74705555711925,62297,651.2716202493914,65547,684.9671764863874,7518.898664824575,86.70374981537579,135.8226442218194,102.51791894340691,54,1.1533214358031574,0.9437619623831301,0.6383333813740768,689.9020164704016,26.22122092417228,45.351360318661676,48.21012634790255,2.0037372841005845,-0.3501476237366443,1.6594914451684752,0.5777433802016237,0.0010257276841237422,0.03193114682699954,0.02729186732151805,0.02652658890794293,0.026826143351547253,0.0723093667363998,0.008761139742361673,1.16815371388841,Benign
54216,443,121.83138012526145,70357,577.4118883493031,76734,629.7467895888698,9666.340622255464,98.30782182934361,141.36034273647,114.0,54,0.8351152291586887,0.8888162733619376,0.6954441464615064,1039.2823740181404,32.17923463922184,52.989063902937566,52.320664035995485,22.13780364029441,0.069083209256106,0.9548861905957711,0.6071221527526047,0.0015993528828545508,0.03994153134180878,0.028451492368975713,0.02620811991543717,0.026913273123358946,0.17065280733985994,0.0365383829157714,1.403821483249918,Benign
28041,25025,15.636991325378805,6435,818.57974038417,5397,911.9430989093802,4460.282240530668,48.71771452351254,98.04510845247,73.96051839104045,54,0.7448457613518933,0.9463913544950856,0.37523852088913767,48.639535883623644,4.8051961925434235,5.7761228333574985,3.7220804241369434,15.599408460044618,0.6072194632713868,-0.44149877958925976,0.9204409675016549,0.00020255340844948583,0.009780881655728673,0.03048782939636096,0.02453371927713152,0.024523801000422334,-4.414475441586584,-4.9890202743399925,0.7733354340497902,Benign
52478,443,98.7197075375816,78722,797.481070792547,81463,825.1913554122655,7729.038263930083,87.906641416558,135.4668520199403,89.17588009701748,54,1.5806815840707236,0.9268281417840971,0.6488935424161093,707.6207689359926,26.60114221141264,54.33228658181634,56.830678031678616,29.677139329960152,-0.281764213325097,0.9268460875127684,0.48960619009497053,0.0007808853526713327,0.02793934910820709,0.022320567427119582,0.02015032816589069,0.00022457060376933347,0.23293454689919946,0.7922339963847534,1.2516322515716927,Benign
4302,48650,30.620332220520343,12568,467.4475589138614,10520,422.97187320634924,8717.78062615634,90.25225418913013,134.12796969263647,86.89679790504113,54,1.4606824537990657,0.8948705733132738,0.6484943400372764,95.38421792335237,9.400924368593294,11.304963542541374,7.276876303295921,30.591275952051788,1.1907899079615893,-1.8268563557335558,0.8439804737552099,0.00039721808867162366,0.019180833077814107,0.015142522776231333,0.003466193755628803,0.0034467434834882463,0.9535129835877325,-0.17320022291642734,1.5165522287022166,Benign
52484,443,108.27849581204485,61660,569.68407668616,66964,618.1078361046862,8289.473674046632,91.03746593823249,137.35151579657452,102.84635711003303,54,1.1421734358626,0.9154496972740159,0.6628088062191649,918.5515361411971,30.0750249417544,52.67658041124222,44.60288808642049,19.076673793879174,0.692034111125191,1.1121155841461097,0.5726560430362145,0.0007410915544655818,0.02636390199152698,0.023838813980161203,0.022657369001403166,0.026905954065678837,0.1261401130524113,-0.16727878178395167,1.0909581506372759,Benign
52491,443,113.37599673408806,56755,501.75910687693613,60346,533.1151085735072,8459.998751779238,91.76687025009615,135.97994097284717,89.0,54,1.5395654359424409,0.8958785351285194,0.6745905979338425,1139.6609522013982,33.74599091362302,34.94033451641309,26.074110350035056,71.67958342877446,0.7900168233676022,-1.09397108367997,0.9696328521584605,0.0013304578801179596,0.03642226716488047,0.031113526673139005,0.02684304837860419,0.026950495824245337,0.34643643999196727,0.11252305710450468,1.1696515401066305,Benign
26757,25264,114.23521247617641,65791,588.2691949405781,65235,589.1327109197025,7893.609732434179,88.81173234527573,136.12679928689738,95.80027197421194,54,1.356725927653721,0.9252932609757261,0.6523639378842628,781.7790022188271,27.88275499594447,47.663932825186905,46.56748524065139,10.561227986391774,0.07795369032512622,1.3561789592984628,0.5844018320002367,0.12747439968870322,0.2630066443694219,0.052153626092989,0.01406729939789003,0.014040545321604158,0.2563746674685248,0.0859933688951877,3.7265668110546826,Benign
52648,443,62.10397286301122,3100,35.110313560024274,3117,36.673966349557425,2388.067825006277,37.24623234769117,87.29444412553111,70.74743949407738,56,1.2401241371006981,0.8414701714752981,0.3579651629011817,289.50117974983635,16.617422035881717,50.43769243655474,58.61188770822223,28.236746348986017,-1.372985297429209,2.1048560572576713,0.4188861202428719,0.0005915561230812529,0.014808355782876616,0.029911518663513048,0.026983198661089797,0.026973898437938095,0.21988485869773178,0.702879111729114,0.42529215839056755,Benign
54640,443,121.61384718172097,68927,566.8125243397914,75819,623.4976897653908,9841.32571334186,99.18220621774697,140.9291932123694,106.39371722461543,54,1.0383809327682632,0.8769669610202779,0.7038593262763518,1077.2664494072587,32.821689780479616,52.44185172440515,50.54852389018413,19.305422283065766,0.17342566036460427,1.009673241870236,0.6260602575983538,0.001502356811861434,0.03864196108305489,0.028772172594715158,0.026852995560306705,0.026929644356192245,0.1481004074173225,0.04733493017958058,1.3421685220457862,Benign
53663,443,108.62864588059719,59244,546.5487620772162,62014,571.9126617249457,8115.294754540697,90.08340483651406,135.45501555231675,89.0,54,1.5470548348458593,0.9042269255016169,0.6650374711744897,878.4359221986903,29.390643976633122,45.02082883707314,42.45458069579047,47.1686633664644,0.18918805791181859,0.06911064561377445,0.7062146043370834,0.0012423671158548772,0.035218676584682695,0.02988269246444884,0.026855454637639876,0.026918727004950835,0.2538180590992231,0.08285299507640809,1.178725332665082,Benign
33106,19179,82.04494884765457,80486,1075.033158870514,79639,1045.3216389434829,7837.466247889779,88.52453706820924,136.72480500839345,98.31104799789841,76,1.305643464406366,0.6853660143832884,0.6474792012499014,571.3315162779578,23.57829400163133,47.67590717085916,54.25613332417789,21.34970885363023,-0.9889809758951258,1.1685111622243904,0.4961224238323695,0.029940530723635388,0.12223985325462616,0.023655781403144286,0.012658848514489464,2.9785813121176883e-05,0.2487552420767758,0.5353475667987189,4.823870659292505,Benign
53746,443,121.47239284436324,37412,307.9635131856618,39884,328.30566447800754,7983.907899369193,89.34162405072819,135.9190801628146,99.3921422019225,54,1.220555939362464,0.9172382442636251,0.6573624006404147,1177.4605988562641,34.31388414685168,62.54327222391948,67.04135965309345,84.44026779074609,-0.393682743697144,-0.6380427212406063,0.5528085627003753,0.0009013193794623238,0.029931414537492602,0.028894856744249815,0.02692435491486231,0.026968419659449235,0.19247839619608859,0.06276551549829032,1.034430861660668,Benign
45776,5415,104.93912372720243,64132,658.0131723217868,70453,708.8686744601616,8455.145935560799,91.94894959059931,139.10277852054426,114.0,59,0.8190598037705359,0.8595105468361759,0.6610122288242833,1041.3906780322977,31.960499047693226,50.18558443536078,36.35920084683593,12.693969246869846,1.1444269432176322,1.1907774924495396,0.6330677515737866,0.008186708675370899,0.04606559059663548,0.02051846230000956,0.017368108698652546,0.02425944700817613,0.11488514139652944,-0.3017262183898804,1.9888839306563177,Benign
54542,443,121.65390377569847,38818,319.0838937445295,41436,340.603430101029,8172.382201265913,90.39927096447741,135.53908134692725,90.13615950853645,54,1.505690534428812,0.9020445194235266,0.6669694486882672,1184.3641235658195,34.41454514675656,66.6527580371769,70.23406204697525,89.24252263432541,-0.31226638611181246,-0.6563846827337276,0.5170241275967719,0.0010047179621301395,0.03168198928831001,0.029486048947012844,0.026932500179632488,0.02700100071852995,0.2409505588043241,0.07816792572419391,1.0742213827064284,Benign
54036,443,107.44127774656513,60009,559.4922716964772,62580,583.3094743392909,8082.3458113775005,89.90062176036864,135.33917901691427,89.0,54,1.546336995037755,0.9047751767748509,0.6642571377768303,799.1388644733915,28.05746302609301,48.41030819023131,47.88308649483687,39.18860541570588,-0.005729278325269538,0.4500370456801538,0.6200349101634808,0.0012074067960157712,0.03472416311224646,0.02943015550314418,0.026859099773018563,0.026908138754565127,0.21878112892912954,0.07155077584278992,1.180016955142502,Benign
52491,443,120.88793104826489,53758,444.92354288596647,59663,493.70285509102865,8304.532116976447,91.1291420152893,136.23806410927577,89.0,54,1.555090358614287,0.9024343253011836,0.6688961114429404,1023.1347581257909,31.98440098888775,56.11577434233742,54.00532502216082,78.23355517538603,0.196375424095648,-0.6903787844822498,0.5780389998502041,0.0008456482244608693,0.029026149571263517,0.02644251687215337,0.026824041358834393,0.026914933952121013,-0.04512838303580624,-0.018176943717241725,1.0969620108200833,Benign
47002,6154,43.59178670518349,1633,48.2639480283471,1563,44.77155018736681,1182.401589333991,22.19268263991256,73.22959971011917,63.18235026716343,54,1.202575487282206,0.8522577562692357,0.2536957294677564,347.1359411784315,18.404699539325023,31.300263641833286,40.80191232622425,43.56439624801163,-1.4002617798501922,-0.7389706372473095,0.6050388828270362,4.706224980642848e-05,0.002275208296222783,0.025443723726342016,0.02406031688937692,0.02405534163748696,0.20040571814105834,0.9571769676552513,0.17977934883469837,Benign
52627,443,41.633500726051146,3716,1149.1647460082766,3592,1369.5042287468855,2822.410893642812,38.75067132871834,89.96161751680421,73.48621745439281,57,0.6298492118947004,0.9226825496180722,0.3351800878274322,64.02377978156868,5.408536034659836,35.977573002164185,37.35378014283796,0.0,-0.348300140089522,3.5788753092054204,0.6127633766152929,0.0007273220427370717,0.01820464692022507,0.030564024382050983,0.02696363614627157,0.026954523011215856,-5.17308262723992,-5.353087758290602,0.5228135214390938,Benign
51410,443,91.97116496694116,36315,473.5115988515315,37459,503.9503997949866,7707.381235707832,87.74246415996117,136.0080596618006,98.49668505496157,54,1.294350857692858,0.9345766168519645,0.6449623858322598,916.3855478106393,28.150646498250897,40.03650029806148,33.41349337447442,0.5036458394154026,0.5501789429451097,1.4561366211525606,0.6818281010148755,0.0007392085182344871,0.0271664826494717,0.026227676716650005,0.024591013487512428,0.016730773996606555,0.17709433359220772,0.36389331550270493,1.053655219072549,Benign
54043,443,103.52814332300112,40143,394.5784530703889,42843,421.1861797121317,7840.50637816737,88.54498368182942,134.5474727783694,95.93452957452831,54,1.3062221362413196,0.9097974031598992,0.6581846322420402,676.4990673398474,25.44341763165423,43.970961175489194,43.20240788518568,22.364748100322192,0.18334461242206984,1.0698481712319614,0.5750267918343898,0.001433401249557069,0.037332889996889565,0.03199895185811402,0.02692559106693187,0.02694229165859566,0.38008443435280553,0.1262706413510584,1.1576809411265554,Benign
52895,443,111.07303280085164,57669,519.9024805166105,60849,548.4505029482104,8183.125415812384,90.45969298824045,135.69348355891876,89.0,54,1.5485326227260257,0.9030982627028646,0.6666439120886478,1041.6815788428219,32.13520986519742,38.04304430684707,31.27913460507024,63.59688703073518,0.5904565218134352,-0.7150871808344832,0.8836292672303301,0.0013143385172200372,0.036236711538853106,0.030814312067030263,0.0268479505443542,0.02694052460925685,0.32594717506498155,0.10612041827285912,1.1760663215301017,Benign
52742,443,20.84052633209715,105,636.633406565224,200,765.6272791550139,94.24037988171753,8.964347247861376,62.58664282222992,60.26815079753001,54,0.5362277988315424,0.9295353141413225,0.141288359569406,174.92157945766476,9.018606135001853,15.617826475906293,20.815384453232355,20.802927507933095,-0.8028179280219278,0.26869561905270856,0.8039105744418958,4.173285644459839e-12,1.3910952148199464e-06,0.03744348519839639,0.03744348519839639,0.03744209410318157,-5.363015950600179,-4.899317545660196,5.148211540846152e-05,Benign
18218,32973,74.11344100682511,75991,1195.5882149591025,74313,1138.8896450107795,8210.530512515,90.60438165648658,138.98766913230588,114.0,92,0.8274611805898178,0.5057886811564067,0.6518821563707202,616.0530012269704,23.768888204886682,41.82710501051615,44.54345539204372,9.440871171193333,-0.8719713517557353,1.423657720870527,0.5566354998232613,0.05128128361290203,0.18900730942610283,0.023808247476743535,0.006838459851002773,0.009525114877216743,0.21290653078637745,-0.06230145453424256,7.372332737974954,Benign
29804,22112,120.80273386358655,65164,541.7326715185495,67818,568.8605998726503,8438.429949277896,91.86008887834106,138.08276501180578,103.59140279627181,54,1.1280018065372248,0.9152944498292477,0.6652815391181891,1028.8744760901163,32.03286664979258,51.20268361837163,38.72278211937407,16.288879949362695,1.1465391125408992,1.086081239682651,0.6253195626448634,0.11104619549545983,0.22662034260296815,0.0445450744744431,0.011263372406444866,0.015719598440452908,0.24804120462910964,-0.13753119936394395,3.3106805197487073,Benign
54472,443,111.4366601582954,27910,250.16721509544004,30057,269.43823345009264,7796.422754073971,88.29716788820872,135.19052681416366,90.94336592412462,54,1.5029125234385956,0.9195274421788073,0.6531403841355449,1449.0383235485376,38.04944137691801,55.34236602993143,43.11694024582897,27.100698536213894,0.9512004422746767,0.7306780097294611,0.6876136050109602,0.0007957931859662231,0.028208186548863912,0.02708272504462821,0.02685985313967004,0.026912388673184823,0.023988628130279046,0.006138928397851059,1.0417482786411785,Benign
50848,443,120.97679166450664,38789,320.6342567342249,38322,316.774490307429,7323.216296165102,85.57201982205406,133.76078230312385,89.0,54,1.5692754552383135,0.9321381620466308,0.6397295614776919,1354.4636204403034,36.801025859823945,50.74733275693224,40.560800714576786,2.7070025737518364,0.8284837312628872,1.3020834325170687,0.7270030743165474,0.0007911019339454945,0.028119876024363253,0.029246664502325676,0.026921807262308008,0.026858840778850077,0.24803392845275535,0.08493306431119961,0.9614399469550551,Benign
52466,443,45.701796355220964,32374,717.5262332903975,36221,803.7829122587534,8357.172911159681,91.41484596323929,139.66779200303324,113.65526861199007,54,0.8543179448981374,0.9371283679385474,0.6545070455715604,210.02721681737057,14.243351310491796,23.628208569211353,23.26606195835048,0.6411069068272484,0.058520058314881496,1.619793631538823,0.6007281291711901,0.0006658688656122141,0.025803104485769,0.021421861232750604,0.020871097082617637,0.0005705112381296229,0.06381319636632846,0.8089644691303184,1.2057844728857396,Benign
53465,443,102.36881186616958,61568,603.0508668963939,64058,627.6039894946866,7861.692925448807,88.6544069320043,135.3092606176383,92.92389771774332,54,1.431470220728931,0.9174405842189909,0.6552193128418561,670.7242216878929,25.898343936978794,51.23104928041997,54.297927084026405,18.793106993436485,-0.3552630373746551,1.2525294725213894,0.5089383337126235,0.0011214298171238184,0.033480989468302455,0.028373634127574487,0.026861679778854217,0.02687017315826736,0.134636767046134,0.04464142199635455,1.1799464872687049,Benign
52834,443,121.34320742496719,38894,320.53715018422054,40053,330.04946600042086,7780.21985742252,88.16906105193979,134.668006389535,89.0,54,1.5542995896747156,0.9153948361640278,0.6546185159189143,1265.7914500256834,35.55720795271941,59.344554549059104,56.3121156442666,48.352297785103524,0.23607381547452644,0.27485091286353236,0.6146926162152753,0.0009096660615652537,0.030098665395655932,0.02941009825168507,0.02692793315639613,0.02693541445495162,0.2474400934686938,0.0823792781011487,1.023085683425399,Benign
53435,443,107.06132265479633,61478,574.4304261322362,65434,610.8948526970848,8174.574227538675,90.40544295921863,136.3810823509133,96.7381904071582,54,1.3199531269382074,0.911132231506916,0.6628905222506226,809.2516649175943,28.233038130498684,53.214829476123406,49.92615170307588,22.2506453094406,0.2450422427466069,1.0920486026799494,0.5320198404946301,0.0009218378267170145,0.02969882956354919,0.025982236866033712,0.02451351869907277,0.026899357245639733,0.14198944572413674,-0.06999215700083333,1.1311677402475047,Benign
53915,443,106.44696072955,61386,576.8261217374325,64662,607.2541362167108,8116.579319627678,90.08643259337667,135.8912610330101,93.65512450732629,54,1.4096865166605097,0.908953012744931,0.6629317679995211,754.0831139893904,27.303304709331613,53.4865079384631,52.61304178493985,23.852691196966823,0.019425383558471454,1.0819198964280785,0.5115089251170821,0.0010130685831136685,0.03138211719727925,0.027064118604009625,0.02545040076471369,0.026896027534467914,0.1499893153204086,-0.02088723076537119,1.151463324930088,Benign
53413,443,121.44989317845517,38925,320.5088766038407,40557,333.91461301964694,7913.281189768489,88.9252165734749,134.9321541028309,89.0,54,1.5499392109077679,0.9105198429720449,0.658953589610105,1239.9736268452377,35.19505745336722,61.84772494665219,60.89827454635204,61.64239946272779,0.06358751695887732,-0.024238501928169898,0.5819922601169043,0.0009441872384815012,0.030674810468687284,0.029457683684893123,0.026929716774070647,0.026957709675883082,0.24726719224675262,0.08163571672779493,1.0410344797227915,Benign
52531,443,76.4924969322511,6783,266.69767791832896,6546,302.59059802906705,5161.542844154756,66.6064112533268,114.6430787478614,84.3654172286706,59,1.1575052000944026,0.8579098787693895,0.5398180420955299,117.65958747900811,9.929807209334506,66.1080457203003,68.63716997997034,0.0,-0.6400884778984713,5.739327325377973,0.2883560116135669,0.0013366358657160484,0.03345558441306096,0.03671249692659832,0.030095884527041795,0.030079136865828693,-1.1293340471308229,-1.4601384226861451,0.9608003920890661,Benign
52719,443,8.178055111280372,770,1086.3738135479375,755,1301.7927711512464,576.0679443681283,11.99991664693195,66.25922381385492,63.038575241925486,55,0.12312435249737064,0.9848858094362212,0.13865973948901167,12.515985749637068,1.076994871477833,7.0526995512852295,7.321723644509063,0.0,-0.06808650136159156,1.5041243945708995,0.9243021065723248,0.00014217856254782166,0.0035586856697864544,0.04541868553461497,0.044714873476271705,0.044713092019961584,-9.056423244078374,-9.091611055364426,0.10220077296027519,Benign
52535,443,83.09533068111136,6683,73.49819724268288,6483,71.69858293867797,5095.060911824932,66.84891225021092,114.48176798716685,83.8535800447719,58,1.3422045902187918,0.8334613172050396,0.5511401441945591,182.5179413522455,13.19681091435995,70.90467342208274,75.37812499433171,7.961521608652269,-0.9359881926220985,5.3754259531370865,0.2259269261304312,0.0013129388839745848,0.03286298860033507,0.03343640883752,0.026937101201221836,0.026920118068092143,0.4880270394143739,0.34055019381602714,0.9437862328900062,Benign
54444,443,121.30309047385941,73298,604.1841832185646,81607,672.6868324823349,10462.419550453364,102.28596939558051,139.97815428111477,90.2550021677019,54,1.4583498075990362,0.8405665869608887,0.7307313002233747,1053.4822484562696,32.42986859743211,51.05957186110942,45.68721048233671,16.318997082939802,0.4959759372469629,1.0684510270407952,0.6352984130698354,0.0011609740757912114,0.03407305229579036,0.028170202992436444,0.026591756193494773,0.026985748999566458,0.13894573152890255,0.03478398428116006,1.2109014115240102,Benign
54050,443,107.395564416894,60038,559.9905930724412,62602,583.7482483280036,8081.077286597389,89.89358466481364,135.33471934381117,89.0,54,1.546309358412804,0.9047962842902689,0.6642270951667599,796.0859506905048,28.006135945167944,48.540802164798606,48.092082397708836,38.88137549312159,-0.013233539383519566,0.4647026018859932,0.6167170168683855,0.0012060608338155005,0.03470512448661354,0.029412732961046607,0.026859240109676157,0.02690773110998831,0.21743221725327813,0.07111564367187063,1.1800666822342343,Benign
52742,443,0.03452162077826515,55,1707.1969683823509,66,2048.636361872236,30.25,5.5,60.5,60.5,55,0.0,1.0,0.090909091,0.0003203725810063513,0.017260810389132575,0.017260810389132575,0.017260810389132575,0.0,0.0,1.0,1.0,0.0,0.0,0.03452162077826515,0.03452162077826515,0.03452162077826515,-10.0,-10.0,0.0,Benign
51477,443,121.05357081913077,37282,307.9973644107302,37900,313.0925262407293,7461.803701554958,86.37472418132101,134.88783018250706,99.45607590726547,54,1.235652965846773,0.9364239258921906,0.6403285539104343,1278.4639318794468,35.7306467165766,52.717472305597816,49.06907055648921,32.38960958043334,0.2808666482656137,0.5327206098756472,0.6810450028281285,0.000765489212433615,0.027664289716184155,0.02870452371960816,0.026917317569637094,0.026880931068250017,0.19282032095008428,0.06556942754681298,0.9639043883890952,Benign
52635,443,100.07945808200053,78184,784.0988402625662,81272,814.3646981081497,7894.897333486593,88.77914959268132,135.7276405772946,89.0,54,1.5799595021611597,0.9214675371939299,0.6539262585840914,732.1085242091342,27.01381224476755,54.121268899221455,56.12273450940615,28.710261614171493,-0.23350395238503396,0.9384417930448128,0.49972753928518376,0.0008038546188926757,0.02831014807425321,0.02271387574757554,0.020597477293710593,0.0018480346451259892,0.22566407204573152,0.7474091680818296,1.2472151962651714,Benign
52778,443,121.25159357998075,35702,294.4361083677309,37995,313.34602770496684,7754.638031666622,88.0550477612763,136.38133033362763,110.6515972375102,54,0.8737035025559302,0.9357206752844203,0.6456758915896988,1169.0627951190281,34.19143491160449,57.54428159628786,63.157591690604434,78.59855716186263,-0.49272180283976874,-0.6157306126793132,0.5963385963413019,0.0007755400072597734,0.027801925066066935,0.028175700038267977,0.026914446594430992,0.026928786377723963,0.1335143560239836,0.04402922880426282,0.9860276183316286,Benign
50924,443,111.01078114150602,62241,560.7105146912638,69937,630.1163480984587,8547.681828122031,92.44626516661889,139.2253273764479,114.0,54,0.8185365171179383,0.9219697683484221,0.6639842065093452,1116.3971203040937,33.41231216866079,51.756172540896394,35.69030528867212,13.628503057216236,1.441402568221798,1.140997749719285,0.6456035175087692,0.0004671522806490897,0.02119529531526636,0.020332890491797817,0.01961035055137396,0.02691741215728862,0.099842935266733,-0.32705614627373625,1.035009913550173,Benign
52497,443,90.11337410246061,7880,86.33242344534908,7608,83.40836761142596,6000.090266724709,76.74598011711413,123.57130955111096,88.2353577395797,59,1.3763331615414174,0.8307837159030662,0.6157243611081629,146.7502211820214,12.053197548020668,77.74740186800113,80.983583312283,1.1829030534207885,-0.7898868930722543,6.4688760167650745,0.161414853373423,0.0015541188773429422,0.03889919636580818,0.0346148858331976,0.026921689431398717,0.026902137669965173,0.577675049975274,0.21941271901523418,1.1171344250403838,Benign
52647,443,62.37624919671977,3147,35.60823810204374,3160,37.12826636564358,2423.1799011016037,37.630205086455874,87.64708757663794,70.91743763946344,56,1.2414482101672977,0.8413662896065401,0.36047081194621033,288.1135132552923,16.573053707578172,50.70316714253193,58.82936052050563,27.973758889801516,-1.3673170614547103,2.1472782191827924,0.41638327014696297,0.0006009130906027737,0.01504254021594615,0.029957239582646556,0.02698260073657844,0.02697320085934151,0.2233628981133235,0.6981793876702493,0.43201748158679176,Benign
54232,443,121.58330720207579,38271,314.758750575128,40832,335.82035665298076,8099.077305346117,89.98791145205557,135.68687748341875,93.73616673045417,54,1.3947907374584778,0.9079539426543274,0.6632328986644331,1181.6790776193911,34.37539421717649,65.05442114565845,68.99229744389086,87.37474125539865,-0.34393233504437337,-0.6492507893345365,0.5309420690053347,0.0009645022814540965,0.031001123522435933,0.029256111589739137,0.0269293321732772,0.026988328693108802,0.2220978727922479,0.07217733673056778,1.058745320588144,Benign
52742,443,44.3195757599455,161,29.502899626065755,353,38.953154421322324,166.49410584546234,12.876060182726217,64.94274258191724,60.006361935342525,54,1.1417009418654358,0.8499712279214049,0.19817331434223678,372.4309022285351,19.17547196795663,33.22609764459201,44.29239605553578,44.2922242769196,-1.7093071015086225,-0.5570451631511522,0.5824992991087526,8.8854851638345e-12,2.9618283879448334e-06,0.0270207455225863,0.0270207455225863,0.027017783694198355,-0.12723870685055516,0.860037422464389,0.00010961233225719171,Benign
54316,443,106.54826926443823,60584,569.2269643728255,63006,591.880910646294,8057.565219008111,89.7631523162184,135.25205944069376,89.0,54,1.5457971144235865,0.905187511436109,0.6636702563177241,739.5002880902346,27.05479008674144,50.95950394983597,51.96581499737942,33.186878374495684,-0.15232478614154976,0.7365282328490301,0.5552199671998433,0.0011811134660371617,0.03435224414899116,0.0290898066817987,0.026861841245286826,0.026900175430357318,0.19243018103621906,0.06305048233381302,1.1809883723424273,Benign
52491,443,116.00175171462243,55524,479.84564315132445,59991,517.9937899291654,8255.431597428877,90.8590792737922,135.99797420110062,89.0,54,1.5517788259687684,0.9024742892531997,0.6680902597782719,1083.0014824869918,32.898658687917994,43.656199980501015,37.61337878259512,74.8027067994661,0.5432015579277926,-0.9410753585865463,0.8066422940299601,0.001135895206720557,0.03346454368618278,0.0292283620918986,0.026835476745022395,0.026936171097898733,0.18923740426924024,0.060057963369696585,1.141483108535757,Benign
19604,32666,119.94662436178353,66829,568.2686110961716,65198,559.8338004419785,8018.53094257787,89.51412234670634,136.2618932231268,93.95158113620327,54,1.412862596877638,0.9195113272229284,0.656874891282064,814.9355902311296,28.475281412076235,48.438823452845135,45.898406697041835,13.264659753490843,0.2306048689833844,1.2588649782495662,0.5873169317579383,0.16517173787111283,0.3317540320072171,0.05946804121720112,0.010254445647990948,0.010229255848568007,0.31159569178134916,0.1042659609639427,4.487431634351006,Benign
52734,443,2.793017850725178,296,1150.9866013318285,298,1380.5570966681228,214.60772403282044,7.695438702219022,62.44525923061593,61.35743966228381,55,0.041586990009475855,0.9948949685482358,0.10703754732386928,4.22780834630754,0.3791523212159831,2.397531023544886,2.4883977127926187,0.0,-0.022997178011272323,1.1702751383890586,0.9744319667566794,4.8022818721943535e-05,0.0012019963751641605,0.04610497014445568,0.04586724767570609,0.045866645963662384,-9.681293616366233,-9.693178796890853,0.034519755335569835,Benign
52830,443,119.51696950494326,33947,283.52359758155706,36171,302.14232080888615,7705.281369252109,87.77938460534209,136.29141263134449,110.05297307839271,54,0.8959256471183602,0.9375040743578075,0.6440732714919049,1214.9214767790047,34.82169973107,55.935203754870436,58.76960685354925,68.34287765255377,-0.2699499875408593,-0.37974173645800435,0.6226929600946598,0.0007480054091634018,0.027346602392479432,0.027811339968127572,0.0269026586596956,0.02691621059461568,0.10023155629355184,0.032924789836328607,0.9836360657125435,Benign
51030,443,120.99519612976152,38203,315.7524705524969,38106,314.94276807864696,7362.725321495231,85.80239457359446,134.1685263804312,93.04178238222156,54,1.4407749203272535,0.9343100015557552,0.6395029760919759,1327.8144358438312,36.425543818772134,51.244355715046986,43.36500173457971,12.776294061075887,0.6350312030392501,1.0362946381577565,0.7126937746677695,0.0007775532156955177,0.027882883451511093,0.0290320719276102,0.026919883287047114,0.02686502362030791,0.22670945311440893,0.0775266546301216,0.9604957673840929,Benign
51565,443,103.17978742714602,59746,585.2879760817643,62957,616.4802554713251,7823.458641800053,88.42546370209391,135.74184032383468,95.90698892266539,54,1.346965929567095,0.9249142521077884,0.6514157238837203,884.7958149496511,29.497306881921777,40.05227522176561,37.83661083201957,34.655333995994575,0.14518040016155165,0.36528622847907366,0.7632296989452205,0.0011934873301245824,0.03447969335057927,0.029349238637861888,0.02684931306840205,0.026882930110773345,0.20838863908972682,0.06861017117418228,1.1748158664816468,Benign
52363,443,99.41134677920755,61870,624.2730053403275,64586,651.8671111742373,7704.626144277365,87.76229109495291,135.45718565277556,96.60734646961035,54,1.3247329989523557,0.9284968285260704,0.647921001437224,670.6680503411326,25.897259447497003,48.728729963495695,52.07122904518698,11.772861118478307,-0.38720707118738934,1.4270406167508993,0.5355969673606911,0.0010938424860256043,0.0330653933125268,0.02806947051346695,0.026858563014525712,0.0268506225456613,0.10888616075052837,0.03655440034465306,1.1779177564663768,Benign
51812,443,122.01966781392589,87918,720.2297830136495,95582,783.0583625947111,10459.356661041611,102.27099574905488,140.88066666976803,107.16482320173235,54,0.988984979945678,0.8495148036285727,0.7259538895609486,807.7814433353474,28.290293989979066,51.934318506250854,47.92554793557596,27.286460122224852,0.4202953520815683,0.8578682429302328,0.5453897245659118,0.0011671461604686323,0.03416346640328795,0.02547608904533139,0.02264060741068322,0.026982367035359653,0.24886612249673323,-0.0439997830175451,1.3472626939924919,Benign
3377,47912,56.728604267026604,83357,1500.3615443976566,77058,1382.9437383871502,8033.40652282055,89.62816476935089,138.71680980858758,112.59061258372682,110,0.8753501209954658,0.3142552642801561,0.6461264809612084,362.3254317545974,18.942580638271277,37.44536889932167,50.22084260873947,8.600828485197695,-2.066283340707251,1.5374579991050203,0.5063270622009299,0.07466442973321918,0.266928564979722,0.025725940145219173,0.0011795065439420076,2.178925695311298e-05,0.27367398760344114,0.13195031619857692,10.303947725849895,Benign
54349,443,101.69128809111092,27971,311.2078150123326,30350,339.76957651961493,7882.293591970886,88.77575095914959,135.71064919778945,92.38194059362367,54,1.4671960290408035,0.9203354641227907,0.6541519755458641,1299.8426841190553,35.070068214835985,50.94953776035981,39.02386915193098,19.894951468849012,0.9363144558827643,0.9491076910234283,0.6813194755492544,0.0007821940976847545,0.02795440491401151,0.026238078673768983,0.026034500101491918,0.023298869947396213,0.02232280272461129,0.11375698264013256,1.0695170277734911,Benign
52165,443,58.926864513335204,33500,647.78008656615,36575,718.0824686968863,8171.444437781526,90.36517744369374,138.62173905038938,109.32252522825195,54,0.9800915492963099,0.9363990067422493,0.6517789172355648,411.9240084038355,18.218441791984546,28.318153190960484,26.1664791486995,0.6018167232748342,0.19904979656011357,1.5730159213203334,0.6239087492538727,0.0006868313713416805,0.026192795758445794,0.022795496517537935,0.021934352308986972,0.00518956230466517,0.09619208559243858,0.6817507958396749,1.162301715050724,Benign
50734,457,110.48519314012411,61999,561.294195221889,69758,631.500520985036,8499.156448741951,92.19086044008873,139.12348867522402,114.0,54,0.8175482518796495,0.9231511817484186,0.6626548855670972,1117.9162265786665,33.43431043899177,51.68941834869766,34.886712979738775,13.279257426807458,1.5072116059114662,1.1488783422040834,0.6468192255456542,0.00043325496951321374,0.020347921929835644,0.019926573480894896,0.01926257325706936,0.026910406258377057,0.0972494110077341,-0.34480284289033186,1.020309088790361,Benign
50754,443,95.13965985569664,62292,654.8400172611978,65340,686.8800651320371,7477.179496360195,86.47034361994817,135.67423988080355,101.95627888196077,54,1.1697480942387328,0.9445415679805595,0.6373378535168479,672.1229032696059,25.92151568688975,45.02930565549994,48.732541883727755,1.7330054485131683,-0.42981808037689384,1.6730769079185988,0.5759791683363267,0.001054458825640081,0.03247146542578228,0.027636546447376297,0.02685396636837074,0.02682243721118039,0.07217119078966028,0.02502979129403704,1.1749467023862064,Benign
51523,443,105.18915306698324,69382,666.2370845396439,74898,717.478414838663,8148.260319230618,90.24139178135435,137.47969546995475,102.88579264006569,54,1.1592720386908402,0.9251192248140719,0.6563030010397813,935.6309687251282,30.398795381191547,52.87318581950085,44.66516074606273,20.563733543651445,0.7103519019657016,1.0505885546211227,0.5768879380127558,0.000574239796917154,0.023662191939277537,0.020983416448238274,0.0196574418258921,0.014966670541715434,0.1573525308869538,0.1633534139660976,1.121132154149807,Benign
51647,443,109.35023421063843,61820,565.5048480166728,68310,624.4589713070263,8390.644282407808,91.59397122375313,138.20599634504939,108.22468537951276,54,0.9856358715225015,0.9192512877212404,0.6627368540830433,1014.7916382614821,31.69692071194069,52.20264440024419,39.91567822656586,16.281946413463523,1.0856168535209783,1.1297848487475128,0.6084368014085826,0.0005819418729096683,0.0234274504980154,0.021951499428789798,0.02102300260687366,0.026911762660209875,0.11218454862411728,-0.25294104834701875,1.0555530310613663,Benign
49616,3317,88.11891034218027,8392,106.34577684094859,8001,99.70345873393043,6337.641497501476,79.4966665204625,125.97698573620566,89.0,59,1.3930470581521635,0.8334193995094228,0.6306360119599639,138.43593413964788,11.759427794450767,75.25528754932844,77.8685210927505,1.8243149775125787,-0.6511579544075359,6.178499819294843,0.18779337426689768,0.0015317288823552236,0.03888964697423747,0.03359583321202976,0.0254344132877799,0.02541435805350978,0.6614190951074903,0.22100198560768097,1.174449410612416,Benign
52229,443,102.12446244940875,80902,793.1014217310341,84316,825.5493963719383,8122.93411455501,89.97901554925316,136.30089684755507,92.75881523306471,54,1.4678970099762405,0.916191340218165,0.6597371591671862,707.7427458494898,26.603434233650432,54.03721492034697,55.675962960115264,29.971941513145254,-0.18484928001358286,0.9046046553493544,0.49241219827981697,0.0008369955500758866,0.028842968359183718,0.022618834738533454,0.020279242172085668,0.004086401410806472,0.24164689051395005,0.666941675485905,1.27339035209122,Benign
52742,443,11.123880548574894,81,1534.0211474140863,137,1841.7146979924164,64.38403804056128,7.347967787701779,61.61306645784439,60.3763259491284,54,0.2860370592822777,0.9624124083641595,0.11778262844394745,93.30744340278682,4.8142620372460945,8.334448017870903,11.10695291695119,11.096791739998775,-0.42824277251359777,0.6099043074189364,0.8954010911683232,2.226132915688779e-12,7.42044305229593e-07,0.027005946962034864,0.027005946962034864,0.027005204917729633,-7.526518982568024,-7.279170880824825,2.746182299603852e-05,Benign
23108,28083,79.58254519087585,73887,1100.2114493705346,73629,1062.5951632112487,8253.93027257218,90.84293540340279,139.00809188311885,114.0,86,0.8259706051650683,0.5685461471670663,0.6535020172480743,691.5165712945585,25.2222468714538,43.31006956346345,43.09140188255427,10.01803705128749,-0.5142212103627073,1.3823400234429215,0.5701961385814384,0.04363542797237352,0.16364653608599256,0.02322457255742666,0.008706634096862962,0.012139285607435586,0.19551553913498726,-0.10478028589205131,6.417199232455992,Benign
443,52266,124.78045403494744,71422,647.4282698271261,66612,602.1110228987492,8314.32656166194,91.18123295198428,136.91946701129564,92.22898537878737,61,1.4688901890727508,0.8231196388850935,0.6659911053292447,831.1494602511738,28.567004464626795,48.695914877804576,44.844634617410556,18.80546502728883,0.2762628008288542,1.0725681242494916,0.5837858333895343,0.2419803632456008,0.485577735319607,0.07219706199415482,4.258121736818173e-05,2.1e-05,0.43581744695577423,0.1453196438020448,7.083252768384215,Benign
52742,443,42.829878242195974,158,57.865114578614566,343,72.86835404361227,161.9090417617037,12.627831399443505,64.79322962266426,60.022974486370636,54,1.1032789349062628,0.8550201915453304,0.19456351900564728,359.8973950305648,18.5310552946966,32.108831017607365,42.80271194252994,42.80164466276559,-1.6517832728585202,-0.5046454515448959,0.5965495764159545,8.586459245328502e-12,2.862153081776167e-06,0.02791397233625399,0.02791397233625399,0.027911110183172213,-0.4594897274127767,0.4945612998459463,0.00010592351530139965,Benign
52643,443,35.98761140170153,3219,1269.6363737412216,3113,1515.3584197401626,2443.5222227601244,34.23864528667364,85.96375581463252,71.72402291814993,56,0.5443803797458681,0.9331743182256567,0.30203317514992273,55.335951002149145,4.676444324706379,31.097345769951993,32.28680532900311,0.0,-0.3010367544274582,3.228928914460871,0.6653103376036021,0.0006286264114416986,0.015734325639242663,0.030080531623624503,0.02696870632002497,0.02696082981271399,-5.828082241334359,-5.9836611636335535,0.45186914258594013,Benign
443,51147,72.75323378261211,80432,1307.3781660756638,74128,1202.5069046564647,8121.424877187052,90.11625748103774,138.38989930340952,108.28392986241343,100,0.9998673601542478,0.42084819062946877,0.651243561855358,470.20448722739815,21.132099756861177,39.65461035124703,48.51558579293273,10.352162997552131,-1.5296502570158739,1.4422532581978946,0.5274069345632633,0.12184917821148644,0.3348670680756488,0.038077803606098894,4.5471107375234415e-05,2.1e-05,0.3180591512486486,0.10609897111596345,9.857211700025637,Benign
52742,443,14.755628126518758,90,1369.420572924389,161,1644.4850624090639,75.55530555199176,7.952764163811504,61.977346920173645,60.33585034220293,54,0.37965025862388957,0.9501108740196025,0.1265777049423108,123.84471454842915,6.385438331343895,11.057698357026524,14.737578875351545,14.728510580261723,-0.5683965558398265,0.4822351657925812,0.8611683294137993,2.954693840347289e-12,9.848979467824298e-07,0.027007565986311884,0.027007565986311884,0.0270065810883651,-6.7170068440585675,-6.388707528464424,3.644943151383976e-05,Benign
52234,443,121.2325094747183,38863,320.5664870665307,39530,326.03896001953444,7642.1544056961675,87.3844683245449,134.39392471069044,89.0,54,1.5588239518883102,0.9204531662239134,0.6501204104446276,1292.5802199647314,35.932978068683525,56.747245882457605,51.55348224309992,34.56238707806589,0.41504691232621543,0.585188367267041,0.6486227547215955,0.0008738466255124514,0.029500852880438043,0.029360723243817406,0.026926082461114505,0.026912280763931318,0.2476194970932515,0.08315080304448412,1.0044618757041552,Benign
53246,443,105.42061839225616,40876,393.75961081525895,42526,411.2162581582589,7684.976133673053,87.648495214775,133.7637309949879,89.0,54,1.5326809754260051,0.9103588646807863,0.6552452955185617,800.1746727482208,27.38733280717396,43.26572689586989,37.34145642964522,1.0776030883342564,0.5988725769983425,1.585126037153206,0.6230366584357581,0.0013725182681720426,0.03650177647955554,0.03200488517005716,0.02692759745417869,0.026917258216350815,0.3978678462778942,0.13314574932972287,1.1321243844397297,Benign
52742,443,0.04424585060134842,55,1280.8083627639783,66,1536.9700346303316,30.25,5.5,60.5,60.5,55,0.0,1.0,0.090909091,0.0004989482095139059,0.02212292530067421,0.02212292530067421,0.02212292530067421,0.0,0.0,1.0,1.0,0.0,0.0,0.04424585060134842,0.04424585060134842,0.04424585060134842,-10.0,-10.0,0.0,Benign
52026,443,117.56133494658938,35011,296.3801722158694,35345,299.6885268513633,7466.280023149937,86.396844603284,134.16301996051678,89.0,54,1.568257673731929,0.9279600456088933,0.6439353426382606,1396.3307984761882,37.360741975416616,51.94706914771683,40.34693356660972,7.803523659142401,0.9295283108866406,1.1861082209926914,0.7200179893439824,0.0007902449586147028,0.028111001144890384,0.028506128102887454,0.026899823830909126,0.02687372032785121,0.1719249653987822,0.05824634429021707,0.9876797606412504,Benign
51584,443,103.36983424070445,59686,583.6439544309669,62901,614.8161948725048,7831.643741800987,88.47167743918128,135.74343821499735,95.76400011174931,54,1.3511548786366936,0.9244503155835011,0.6517484865645531,889.8228258814813,29.581828889380873,39.93463171841209,37.579060568205016,35.433528568129276,0.1587718050312098,0.33437360312329356,0.7676557937258199,0.00119677358697017,0.03452716241305559,0.029389722036976602,0.026849203077009037,0.026884359998882508,0.21160845018979138,0.06964029317862633,1.1748127738756478,Benign
39295,12293,116.13463722566541,63727,550.4712458558482,68696,597.1448589852728,8466.004713021863,92.01028887919874,138.5543859410595,108.30795979339098,54,0.9873207638410603,0.9189372609298104,0.6640934282228517,1069.322232573741,32.669830652130095,51.42519486571903,36.982592473324296,14.925857801734454,1.310445334833046,1.114482763986086,0.635079780620602,0.06091292748795274,0.13311657127858062,0.03338866620163663,0.014890593399509402,0.02079404778251349,0.17968844330589534,-0.2315102915301547,2.2715632101705623,Benign
53522,443,109.07753943753166,58955,541.6553697874341,61800,567.6040100056208,8127.751353189284,90.15250736912095,135.4988084358458,89.0,54,1.5473262196468602,0.9040196549365057,0.6653324821524925,908.4147781882557,29.89466317823741,43.7394103794055,40.40229277671157,50.18558498949521,0.2628780398675691,-0.07490147813707004,0.7387954934011547,0.0012555841307589667,0.035405631165348506,0.03005377750571109,0.026854076566476648,0.026922729973567833,0.26706403712181737,0.0871258850484535,1.1782370249604304,Benign
54640,443,106.90695987989575,60631,568.0669390439067,64214,600.7382874634591,9360.000616526044,95.651511685108,136.83366084932368,92.6954624920365,54,1.4273022962019883,0.8765897628950418,0.6966499301086986,745.8613942188256,27.145978811689567,52.8297868138316,55.62565767287445,22.39629144463661,-0.31154622871395055,1.1097022132769905,0.5182263387704046,0.001138430218452695,0.03373767950541089,0.02814272387488334,0.026608091447553623,0.02690119947647802,0.13562085862582474,0.03625901247084476,1.2009482247971461,Benign
52896,443,122.01331932422848,79292,649.6355638229578,86060,705.0920579658704,9967.751032780827,99.81420065062103,141.31661514670873,114.0,54,0.8214665624207154,0.8752320689793978,0.7063233357440821,913.3486668468536,30.061837158267018,52.72214912789883,50.991973586403255,25.785379266935678,0.19113575443941427,0.885550603284373,0.569787515032214,0.0014357721333775732,0.03775587646242813,0.02690427507045713,0.02424207608411753,0.026939055080253137,0.21734059658266008,-0.006243299413740744,1.4032734144810968,Benign
52742,443,0.0355425127017506,55,1662.4328388151212,66,1994.9194063390833,30.25,5.5,60.5,60.5,55,0.0,1.0,0.090909091,0.00033912022685506863,0.0177712563508753,0.0177712563508753,0.0177712563508753,0.0,0.0,1.0,1.0,0.0,0.0,0.0355425127017506,0.0355425127017506,0.0355425127017506,-10.0,-10.0,0.0,Benign
52742,443,0.029400580813884556,55,1931.744632254394,66,2318.0935587819263,30.25,5.5,60.5,60.5,55,0.0,1.0,0.090909091,0.0002263298704894983,0.014700290406942278,0.014700290406942278,0.014700290406942278,0.0,0.0,1.0,1.0,0.0,0.0,0.029400580813884556,0.029400580813884556,0.029400580813884556,-10.0,-10.0,0.0,Benign
20740,31490,119.03926900410593,66664,571.4460455504499,65204,564.4884329441576,7998.685074063801,89.40253569462416,136.24043124327267,94.24527726076116,54,1.403944327874687,0.9204298861840774,0.6561582492650448,809.6680997440426,28.38114846754154,48.31571883761126,46.00470125492185,12.835173429071709,0.20635362120340628,1.2743249667515628,0.5868538183568578,0.15918287164064704,0.320832334929707,0.058306021407711156,0.01086018260888679,0.010834744297358452,0.3028228886163469,0.10136304752601971,4.366555257771321,Benign
52708,443,12.2809200316702,1131,1037.145270163674,1103,1241.7821579455654,851.4648239762012,15.279502414948253,69.1650869934473,64.31943401084327,55,0.18524774516228998,0.9772598217566018,0.16275271724620033,18.830755857389754,1.608681762559719,10.599476802181988,11.004239187958664,0.0,-0.1024400989519386,1.7584844547918168,0.8861081192584415,0.00021391591174428344,0.005354249445359504,0.04489580464913925,0.04383687849698829,0.04383419819241927,-8.580333923577284,-8.633276031013557,0.15376700352709222,Benign
54578,443,105.71622433645521,61121,578.2970928530589,63403,599.8671954885002,8034.476338436385,89.63506758236969,135.17088730966356,89.0,54,1.545294090168245,0.9055716969958186,0.6631234398527635,683.933094737772,26.120567231851734,53.33467220933914,55.76982538570356,27.594874889955488,-0.28891256910764773,1.003461351589361,0.49482978543811984,0.0011566151188362698,0.03400571520420415,0.028772692660808622,0.02686439556379742,0.026892755743255115,0.16787814935828727,0.05513048354089417,1.1818934732124975,Benign
51701,443,113.13306752237224,64495,569.4782373579161,72404,639.4123694200466,8980.037301343307,94.6635719200999,139.31640782310987,107.87843139184048,54,0.9829832071980087,0.9029043364192038,0.6794146367253944,1106.7694157434266,33.26677682768009,51.522548540297876,37.487489832888684,13.825530046440628,1.2617577563404039,1.132920991211949,0.6456618701709871,0.0005945625258530372,0.02365142176253369,0.021992811213090976,0.021133119523534045,0.026934650666614195,0.10542354805141423,-0.2505176076529695,1.0624048113491062,Benign
53306,443,109.76259350151095,58513,534.1875899029264,61474,561.0285995881665,8146.761301975024,90.25796437571489,135.56564052191945,89.0,54,1.5477403785447903,0.9037033404321445,0.6657826968331831,954.1653504828378,30.663844194647126,41.7838445029911,37.27030712509773,54.78969299380335,0.3753359284549941,-0.2946776123982495,0.7885170144981031,0.0012757545467381014,0.035690941554161595,0.03031486947504823,0.026851973499421578,0.02692883888263256,0.2872786535616867,0.09364671965404689,1.1774918211757552,Benign
53488,443,102.43058324226955,61562,602.607608681362,64047,627.0972154937917,7864.973515727057,88.67304019436746,135.3061709673089,92.8469630147101,54,1.4336995978733282,0.9172096569196775,0.655371749717834,670.7253949160747,25.898366588271603,51.28331421106255,54.344435224604155,18.939736027256036,-0.3545958352712404,1.2488845288933614,0.5083815256229369,0.0011220060225412129,0.03348966985697629,0.028379987069857997,0.026861744877449092,0.026870581503998847,0.13517460953607596,0.044810332343995875,1.17998886054775,Benign
52948,443,58.69781434956754,31222,621.6405910236097,34754,694.644908532411,8251.357421757244,90.82783632170317,138.75595621652184,108.67589596227724,54,0.9977152642833647,0.933036344236403,0.654583202244036,466.31981896737375,19.134180532034623,30.075664244651588,26.972965346105596,5.3853073953656,0.2662761575416019,1.4574220566464648,0.6191860757597559,0.0006932603857662139,0.026309558145149167,0.022525625428840283,0.022078979496197578,0.005891059789741497,0.051653192664948236,0.6453773923342838,1.1748320964890409,Benign
54346,443,106.45219089732508,60646,570.2743154287353,63052,592.8031074906397,8054.899086604444,89.74836204268095,135.24268628602124,89.0,54,1.5457390289194914,0.9052318743304719,0.6636071140145898,733.0838014044641,26.94691297169768,51.233770735579455,52.40507385744802,32.54115535448024,-0.16809692862284772,0.7673516863843635,0.5482465576420222,0.0011782845788979313,0.0343122295607726,0.029053188710459973,0.026862136199012676,0.026899318660010794,0.18959509481239628,0.06213593971000729,1.181092886667008,Benign
50774,443,95.33285760587266,62231,653.1687380735723,65283,685.1884147548009,7485.5003036157195,86.51732357117876,135.67586426466917,101.81091934631753,54,1.1740064952121307,0.9440699394852508,0.6376761333336766,677.2332609964997,26.007439051642393,44.90971164734396,48.47072149013871,2.5241023247014835,-0.4160013328430446,1.6416517576677376,0.5804786468472606,0.0010577995679402557,0.032519721515435536,0.02767770105282321,0.02685385455334332,0.026823890806536823,0.07544438568767942,0.026076992506933034,1.1749435585054435,Benign
54640,443,112.93741081276963,40061,360.45582984970315,42781,384.9463280379736,8091.786069501217,89.95091348837956,134.8958534400982,89.0,54,1.5305762070691562,0.8993231210054141,0.6668064877499108,940.9126108018947,30.105040100680363,57.401822007364835,58.48156829478266,58.84494349794218,-0.03707605510213913,0.1732926951084509,0.5298964644249174,0.0012568167780449373,0.035170523751451216,0.030957463112576116,0.026932623531102984,0.02698641885938325,0.32913503687925405,0.10807740808119386,1.131690516001347,Benign
53372,443,121.38697508426645,36751,302.73034077133497,39153,322.5184229824876,7895.213226352009,88.84390289596818,136.09790491708011,103.74794217136582,54,1.0863736162510875,0.9243883036777942,0.6528413917989464,1174.2118489703746,34.266513792472864,60.60937727480672,65.53889649489747,82.18036063730372,-0.43199670555618913,-0.6294111239312945,0.5696484646853045,0.0008526607380036724,0.029107606445071755,0.02861664587631351,0.0269205218108892,0.026953087243556793,0.16966773941313318,0.05551725021801013,1.015705723974412,Benign
53333,443,70.52407874203267,30328,536.2494894051138,33542,597.0289417934437,8149.838608576727,90.26336683502346,137.9182801037178,104.1938988725067,54,1.1268558795445422,0.9295426984997608,0.6544645842189765,695.5979145152535,23.51768353061489,35.81746469966128,30.287821350358747,9.376491919908267,0.4505843648033758,1.3175994380210359,0.6362771816780787,0.0007177234844419487,0.02676200804232651,0.023546814223286736,0.023167029109710274,0.010679446200568751,0.04358524848686815,0.49914395329493894,1.145862959111866,Benign
51511,443,87.57520085925526,35940,496.6949619906525,37342,532.4369126361007,7769.116698465711,88.09137012261657,136.3557638232903,99.93687305059322,54,1.252544173294833,0.9348190538361926,0.6458692056764237,849.2757954328038,26.82934101441302,38.47757992216956,32.449405347580836,0.5167057521973895,0.5034673738248019,1.471685360312294,0.6741229479934255,0.0007322406582815418,0.027036950700956595,0.02577108539048197,0.02423759135338442,0.015195418378223573,0.16633170967352584,0.4061786735142201,1.0681087281554982,Benign
52696,443,111.70427775761921,57262,513.0212741444251,60548,542.3915728827719,8200.642185554183,90.5568666378376,135.75506616896737,89.0,54,1.548914250584855,0.9028067938303633,0.6670587636479508,1083.8385698727425,32.84397383432069,36.24108273618967,28.393157787758156,67.83935505034046,0.6940811534332959,-0.917600505935257,0.9294452999868489,0.0013329246026579859,0.036499611583567106,0.031054895982318982,0.026846012667415632,0.02694615368036412,0.34457398913938764,0.11212905930592769,1.1753796514472938,Benign
52491,443,118.20799130137806,54727,464.07738848911856,59843,507.0257884744893,8277.601784513548,90.98101976563954,136.10638116360187,89.0,54,1.5532740708045594,0.9024562444687249,0.6684541231820162,1055.9700683295814,32.48584708392945,49.282028324938196,45.01477734541466,76.3518258526688,0.38660035810824606,-0.8278792050510597,0.7034218424575978,0.0010048409947335563,0.03146049100425668,0.027970479073963182,0.026830313364807488,0.02692658196321391,0.08341503418686987,0.02473282745155151,1.1213806518883231,Benign
51595,443,104.69398049516293,70071,676.0455835282937,75378,725.5138485015171,8115.538377245634,90.05959964521486,137.32645716392,101.84973722899527,54,1.1911275955422234,0.9252856899919639,0.6557104460144018,918.6180828988041,30.115434122243823,52.98313388545222,45.57709116562991,21.242628909788095,0.6359725552020015,1.0414372661516447,0.5703653405630863,0.0005894526543822817,0.023978012254369754,0.02108209235481501,0.019693745207496005,0.013852579437083195,0.16295999348055412,0.21073474001718184,1.1307894173949165,Benign
39865,11703,103.7706220057307,63890,624.9147605718998,65302,642.8149011592601,7664.7259938054685,87.52479596899549,135.87927682730316,99.18748916563486,54,1.2538709304010194,0.9358870633598178,0.6440988572203707,721.0286795498553,26.797113404700575,46.24415900388982,47.7933875379591,5.607933271510976,-0.2017375841765563,1.5344800482624161,0.5790607139446964,0.05840440197081337,0.13704597615786357,0.038751973342536425,0.021053304577615527,0.021023684394475373,0.15519733752521137,0.052513872640522236,2.332491416277284,Benign
52642,443,36.23574159947609,3241,1264.341787344234,3134,1508.9482995308758,2460.1739343753698,34.4369435263058,86.13945713604471,71.8014692961562,56,0.5481366344307035,0.9327132173308202,0.3034899429903434,55.717770862480414,4.708618894618056,31.311826018987528,32.50949291468659,0.0,-0.3031139246584163,3.2443086470680917,0.6630009604491034,0.0006329639683979053,0.01584289335511575,0.030101780561901336,0.026968483491849656,0.02696055263620323,-5.799295778396345,-5.955948203851588,0.454987064625238,Benign
52219,443,111.80977144182003,40015,363.6924120015128,40761,372.1079346217431,7526.794517968193,86.74108299596129,133.7438070040784,89.0,54,1.5480375306261898,0.9196598593550301,0.6485581292734905,1029.9275753148836,31.28390433459945,46.16485135666396,38.34038257377918,0.8061797061851516,0.7055073074216749,1.48992536036492,0.6681041302493544,0.0011309940421938666,0.033014320080720014,0.03086733189857933,0.026925090176347834,0.026891657590077896,0.3362682722879303,0.11337332811575149,1.0606673703280414,Benign
52742,443,6.201834503010474,69,1757.1015210845846,106,2109.016686100511,49.24380819294916,6.528297491924253,61.11936331063965,60.43118185437337,54,0.15916467408944968,0.9790844697273234,0.10586281007272832,51.920796489998395,2.6848733891432595,4.643672908849801,6.186426983377018,6.174784642127079,-0.2382947212830342,0.7829321349857337,0.941796173978015,1.2387266212792927e-12,4.129088737597646e-07,0.027003752725825066,0.027003752725825066,0.027003339816951306,-8.623637087467452,-8.486000796214197,1.528106923639261e-05,Benign
49863,3070,88.39603367751322,8366,104.81570985600325,7984,98.47658998963195,6322.178823375683,79.40854910822759,125.90643784466887,89.0,59,1.3921209207738168,0.8331522801472601,0.6303225403622046,138.61435927949805,11.767537387842518,75.57261794142761,78.22089173472133,1.6672671173319316,-0.6609057683932005,6.21992340150191,0.184553426613011,0.001537279455299888,0.0389811475443659,0.033701262896365436,0.0255622153226701,0.02554216484329376,0.6555566415620333,0.21904539300821851,1.1721195073893838,Benign
54323,443,106.52539849996913,60599,569.4762787610267,63017,592.1004329743155,8056.930565359429,89.75963159794776,135.24982822861878,89.0,54,1.5457832875869826,0.9051980717041342,0.6636552257464685,737.9728895704764,27.029110715162748,51.02479118615058,52.07037741066196,33.03316865245533,-0.15607923125444534,0.7438655343364798,0.5535599971947774,0.0011804400697939177,0.03434271896397842,0.029081090037011866,0.026861911456900492,0.026899971482336672,0.19175530914546038,0.06283278203795573,1.1810132512259153,Benign
54640,443,119.8463013451978,39215,328.8262802254787,41868,351.0821901126546,8173.7960728277285,90.40802544121168,135.36751352561578,89.0,54,1.5385725268051385,0.9000001837566726,0.6678676440721267,1134.0557898839959,33.521911582108295,65.11443583253148,68.08294881975868,83.34336316690509,-0.24674097197900535,-0.48443180327769886,0.5162468585714082,0.001067541328643095,0.0325823669329519,0.02985153274266751,0.026933316469062902,0.02700110914413356,0.264120219268396,0.0859256469277418,1.0901167950700303,Benign
26056,26877,61.73772758742036,10870,252.00286020555197,9607,216.49711856974244,7809.634577765702,87.88513930371873,132.6929009346105,89.0,56,1.4812121323954475,0.858848238629311,0.6604774235429254,121.45047812680305,10.987422560472396,45.0465320955523,44.32405508061663,16.774727925206008,0.2768002123281166,2.23511810714672,0.4962251816076651,0.001003333541447175,0.030179109264294027,0.023559292020381137,0.013268101725391826,0.013247593841684906,1.2195043901916471,0.407262831815441,1.3962481366340573,Benign
51753,443,113.41198956886602,63412,559.2659933887343,70786,624.6395615006528,8775.691581053024,93.6462154722938,139.70481128683514,114.0,54,0.8232126450840392,0.9155452963470467,0.6702244866755881,1108.2078934051913,33.288789227269284,52.05035840768067,39.49590962209839,15.265905215687443,1.1264796590045365,1.104437601736644,0.6396907281698755,0.0007314743787569591,0.02553433713659342,0.022255042423571555,0.021223168263811414,0.026914642822952115,0.1122990513241077,-0.2428699262413337,1.1173364228972154,Benign
52491,443,132.41083939170971,53821,409.6352494285451,61566,467.3454031218815,11874.641293809857,107.51430879565719,138.46427391915313,89.0,54,1.4068432234485164,0.8033675093204571,0.7744978335109045,1248.2158563101161,35.15332779321193,55.28171228287255,51.82238896893353,67.18808063141732,0.2824026399659135,-0.3710151327895698,0.6393392689684935,0.0007383301355519931,0.027123517017053587,0.025677423065814598,0.02681840864243762,0.02690840864243762,-0.13035652698987074,-0.04678242143828473,1.0554386473084798,Benign
50749,443,110.19319169559168,61999,562.90057975789,69669,632.3992697093703,8478.82377988471,92.07703342294987,139.05466444411235,113.76039090342573,54,0.8245509572522145,0.9237597853595444,0.6621519494772817,1109.1990226206954,33.28792071123345,51.561373062021055,35.16061720546137,13.045600448210147,1.4694695868834766,1.1594163456097721,0.6454163140440157,0.000423872253343432,0.020517510105134768,0.020078612993430278,0.019419472883884372,0.026916083127227406,0.09667949613519922,-0.33754545712279294,1.0206777145644046,Benign
51607,443,103.5931704550703,59615,581.7119590191539,62834,612.8606504060798,7841.262578413854,88.52598616922278,135.74531599951035,95.59596477809269,54,1.3560775816794775,0.9239051139823781,0.6521395373589751,895.7303892342625,29.681156127881042,39.796381283207445,37.276396714745665,36.34803498118825,0.17474393765825613,0.29804619203020155,0.7728571819217842,0.0012006354784146257,0.034582946356571685,0.029437296678895872,0.02684907381906007,0.026886040352219073,0.21539225697190517,0.07085085569477581,1.1748091395557483,Benign
53360,443,113.45833928944964,58692,517.8551509015863,68815,606.8363101510319,14227.67187406792,117.91366516346122,144.09536789113093,114.0,54,0.7707012847366284,0.7794512453467236,0.8157165103849735,1158.7800482283387,34.038270924610224,48.32752279834682,44.765009158648844,4.4029162066203105,0.3242035957245877,1.2892354166020201,0.7063543891104558,0.0008513631349513135,0.028591639439553087,0.023293638731030596,0.02320084431532549,0.026946192432367927,0.02064362230433139,-0.15483225333488138,1.2135596228043406,Benign
52175,443,112.08366796876243,39979,362.40346160917034,40686,370.43140035998795,7520.0134321448295,86.70218315222455,133.74295288274644,89.0,54,1.5486958506104664,0.9200585835863363,0.6482714572223748,1039.776849793015,31.450946413583193,46.28913388907871,38.383205526904234,0.7945440604078645,0.7100786304261195,1.4858442036712864,0.6700361271685175,0.0011206401429908433,0.032864816353372406,0.030818566140762494,0.02692498269188399,0.026890560117131278,0.33362756087499373,0.11252570442326244,1.0576040804304545,Benign
50749,443,98.78448257311891,62234,632.6908327469091,66414,673.9143123372097,7720.731352117008,87.8335298920572,136.50220486318045,104.88174742533832,54,1.0841945548128635,0.9395563289675315,0.6433414445368232,778.0628950611073,27.707056627327177,46.657070045856344,45.46635242559916,4.3253860045718175,0.03244287806516927,1.5543462628949172,0.5919722089717903,0.0008991822931863197,0.02953132945040214,0.025775217238797245,0.025032255335948626,0.026845053979402705,0.07743340050638392,-0.06405286415836224,1.137145589621512,Benign
50749,443,96.25132686367138,62286,648.1868521409598,65691,683.1321884467441,7552.406772966684,86.89131503830417,135.93546435896027,102.91035993730397,54,1.1418450439717718,0.943063746344953,0.6391648161842207,704.5384180035218,26.467898229472116,45.56813324740761,47.754607103030025,2.3891756263093713,-0.28663024168868856,1.6420353225477649,0.5801056394548808,0.0010047187152530412,0.031532730984377234,0.027040074236526247,0.026278500792967674,0.026829282879498432,0.07316005489792479,-0.003327385410307703,1.163005768849588,Benign
7183,45783,28.80204304097999,11823,510.0588730809767,9899,482.3105143695293,8201.115931635248,85.2118693657647,129.7491681543811,85.3269279255465,54,1.3738127682393717,0.9011228290418164,0.6153336382498261,89.7115611942077,8.843214117381574,10.634016301384296,6.845487407602752,28.7719520354039,1.1199712679462763,-1.6587375958304005,0.8532592647414415,0.0003735947403033456,0.01804011085313823,0.017004737964377934,0.006022823412760874,0.006004529886920997,0.30208581939918666,-0.7576195157429235,1.4263598567054367,Benign
51247,443,96.41806493718585,62174,645.7521571765204,65119,676.4240744582113,7545.65718598335,86.85937117620284,135.60690215276364,100.33540409354896,54,1.2167031225490283,0.9396869708784632,0.6405343029090782,670.6111987241717,25.896161824168153,46.19610599193647,49.81756429806738,4.667595667779265,-0.4195379672625834,1.603665200268536,0.5625784537639129,0.0010659210550642846,0.03264476402693306,0.027761623287433587,0.026855408504228535,0.026830835162888086,0.08282369847988745,0.028369439794217625,1.1758644564630294,Benign
52703,443,14.00629983278342,2685,9388.855998869423,7470,40455.99649358926,199497.07146193573,422.285475621529,316.7917703164368,123.34794091275208,54,1.3752847964068473,0.6468973311007782,1.263989608979165,21.34453657005712,1.8283138036664413,12.049273491098255,12.501861842584102,0.07458252522983533,0.4529648391114629,0.49954738992119485,0.4291361052221288,0.0003738238459212206,0.016623625379217733,0.016493182890206407,0.013276506727838767,0.004105536790836422,0.5761972173383292,0.9288068653851602,0.9732514209137518,Benign
50749,443,97.22219975348276,62266,642.2477521189733,65968,679.5992883636542,7616.919889936347,87.25243411774912,136.15267682207624,103.66592607179292,54,1.1197495617240754,0.9417194719159111,0.6407655765414447,732.7178628148067,26.942825724127374,45.985485884826986,46.87759649408242,3.1312595646221943,-0.1643403087480403,1.6084270723985588,0.584653694118896,0.000964270174845465,0.030765661481418374,0.026555297337892123,0.025800857068281575,0.026835327408574344,0.07479788370748988,-0.02660140714431359,1.153094436970318,Benign
33960,19134,40.64050110511016,4975,149.69766085598798,4306,128.44691170787374,3487.1857282535902,43.149813164170524,91.9323765740752,70.41463240070678,54,1.3074808297087421,0.8618484005648652,0.37673555548053983,278.7418231851268,16.091785020708816,25.950797682513727,31.572464161242394,40.613032339780034,-0.6478540077233581,-1.1068139803501411,0.6684911323112939,0.0001540169765883525,0.007439080932753372,0.02185916952709407,0.01733180061479073,0.01732233636019719,0.655852345034021,0.8598563631552533,0.5880976982763502,Benign
9592,43024,127.93942773634524,68282,540.2789060553517,65147,518.8316042726786,8193.351230448718,90.4970781002286,136.4509496755424,91.36444109718889,54,1.491422744210084,0.9114198324163091,0.6631877197494515,861.3363916199287,29.304489186481298,49.52323980167664,44.962068476594816,17.047962198446594,0.44423170598059936,1.1226794725115272,0.5913964517868227,0.21792706665341596,0.4279621785932449,0.06970415849585075,0.004918568822909871,0.004895568141981481,0.3888744449713548,0.12983743759254684,5.552219649824645,Benign
52742,443,29.382598598988075,125,706.4869050026311,256,850.1368886830506,120.54791490130688,10.388599404382328,63.44449722504262,60.17283364166193,54,0.756680179678691,0.9005660816676588,0.16200013491127435,246.83447464898754,12.713397190704773,22.025669408176228,29.360031992032173,29.35536531087366,-1.132870051400948,-0.03195606714311949,0.7232948719038518,5.888994450085231e-12,1.9629981500284103e-06,0.027014086654333525,0.027014086654333525,0.027012123656183495,-3.456672833238632,-2.8023401165624953,7.264728986896809e-05,Benign
54640,443,99.32276524839837,41728,422.78495570186243,44580,451.67892902972244,7930.177324539534,89.05012960827085,133.96640103944975,89.0,54,1.5148186757385043,0.8979889025314123,0.664715375269904,560.3050568051594,23.37176014200952,42.203360964791486,39.561107453400204,10.568407762626748,0.37608920162956,1.4694032475192604,0.556794349825858,0.001629802591837748,0.040270740288894984,0.033136807239467034,0.026931258028975235,0.02695747021427498,0.457253103600595,0.15172962334141482,1.2136156055096088,Benign
52742,443,23.62687613465261,111,967.3517376761747,219,1162.7134154918053,102.84329364372361,9.430096641287147,62.86717261881707,60.236980820131436,54,0.6083186587180626,0.9200619899193132,0.14806138551012824,198.43792346797545,10.223341233542147,17.709765613463354,23.606087110159272,23.599688391034903,-0.9107493610612603,0.1703785199091189,0.7775481677670818,4.734345237634149e-12,1.578115079211383e-06,0.027011520767194742,0.027011520767194742,0.02700994265211553,-4.739616402628723,-4.213578042891596,5.8403408889814595e-05,Benign
54640,443,121.42380522255704,70643,581.8299466925416,78300,644.9058699983152,10165.767531677984,100.80351125771338,140.397602448369,97.31105653697432,54,1.2758706746704787,0.8576126070992973,0.7180764960680498,1074.3689022644453,32.777517008636515,51.68615139422719,47.92329417002685,17.32092668127956,0.34478812909502865,1.0485269634727359,0.6343686410809206,0.0013238541914479408,0.036252661830306926,0.028562245784854563,0.026869707655971967,0.0269590721768202,0.13906006466235724,0.04383432415823485,1.268338728995581,Benign
54269,443,120.17175751429073,56560,475.1925677098615,67576,567.9896994369684,16868.093327934388,129.86960820284114,145.58789283836583,109.69200321995925,54,0.8311783291424698,0.705138348683917,0.8920793473537817,1237.4642620361903,35.13370363448516,47.76169270038148,49.241033544185036,9.317619807182899,-0.13909759907536734,1.120280415243417,0.7355933285926256,0.0009939557165265162,0.03140606092766934,0.02496618134258804,0.025417531302845946,0.02695017776734151,-0.04937799347550123,-0.06351602751436748,1.2581681107423173,Benign
53891,443,119.18302641053684,70247,588.9271456331585,78490,658.1081906943015,10085.11346519,100.34582166112685,139.75972071539204,93.80722547021676,54,1.3632664970797037,0.8559453406665383,0.7179282455272287,1080.6431690610955,32.87197518328633,51.129075048888645,43.475402582814226,15.07735349302488,0.6951620410178181,1.0965168694972478,0.6429109950040168,0.0010164009567844468,0.03141427473886814,0.026746219356680603,0.025420334543734355,0.026972924346721012,0.12432896629805659,-0.033507336372237156,1.1655447565833046,Benign
54480,443,114.72663977462162,57276,499.34396609213576,68411,596.3534465037782,16684.446302159096,128.9452872284027,146.22766707862715,114.0,54,0.7506115551076359,0.7177434636834723,0.8813591024320907,1176.2115874892813,34.295485063874324,46.8838356244586,49.00339215970992,0.5953385907919478,-0.18360701940348828,1.3494828115948179,0.7318707572228427,0.0010402054546562942,0.032158775163594125,0.024738422718974234,0.0248875507772947,0.02695828351811681,-0.012189172341774423,-0.07330531635952614,1.2976302541870124,Benign
52491,443,141.38468417928541,54001,383.6256237138178,63131,447.7860862742712,14763.034866021111,120.76741457434201,140.2499345541907,89.0,54,1.2865093243912515,0.7231200321019565,0.8599825024278597,1434.96212500695,37.78780323691387,53.686949577498986,48.844868814748686,57.98745611713715,0.37767487074597406,-0.13080366611663297,0.7058600228625365,0.0006728066279315494,0.025909675553504586,0.025263154954912045,0.02681468935063072,0.02690468935063072,-0.1821080240730285,-0.06418343685806643,1.0250863180499468,Benign
53089,443,116.9273856298398,55729,480.38385848676376,60710,522.2099099446909,8231.00073474711,90.7222052343521,135.95118047465334,89.0,54,1.5525456023943967,0.9033310682457049,0.6673047930800412,921.0403203466384,30.229144092267052,56.316096241130836,55.82453909743138,63.98285176774067,0.02938980643215025,-0.18442459075213752,0.5358585073464085,0.0009115978350133366,0.03009898421560133,0.02688776024309287,0.02683470079423934,0.026906871012541297,-0.0028020136196890977,-0.003415951037260969,1.1177579551332786,Benign
52697,443,16.19001541939163,1477,1692.0762191171902,1435,2026.8035047789506,1114.9299678501445,18.416998153632807,71.94505190001722,65.54479880188728,55,0.24467960441099823,0.9699642345878178,0.18580185222617182,24.871640730136214,2.1093277797276064,13.984582572750359,14.519202307773453,0.0,-0.13530530622882972,2.001824212153122,0.8495689094565999,0.0002825451970654489,0.00707201933853852,0.028385139854179457,0.026986485140289306,0.026982944930603773,-8.124871459728109,-8.194798647737027,0.2030990960862306,Benign
54294,443,119.4053989327553,67031,563.2045754919724,72998,612.8269850116183,9383.794691054243,96.81605199684266,140.868714687036,112.93556959491534,54,0.8686756033843673,0.8977441856158157,0.6870996040897189,1043.404158775214,32.24104562897681,52.364256356065404,52.39791551070874,19.24009942597316,-0.011230385169596117,1.039705371759872,0.6151572091046643,0.0015987652908251155,0.03991676917913957,0.02883055087619214,0.026840330538006354,0.02689763768969816,0.14817725566632722,0.04800001537949731,1.3836800628988963,Benign
54640,443,118.66920474671261,39359,334.2151389864537,42024,356.8517650357815,8159.823685292523,90.33014536447864,135.28715482262317,89.0,54,1.537210160341602,0.8998848297417658,0.6676868504278393,1101.1491780262663,32.939764885851936,63.80040553252573,66.44712143131414,79.16946486510874,-0.2110194824983056,-0.37237252745666255,0.518572399053692,0.0010997889792060806,0.03302332204334226,0.030039954728870753,0.026933198410322247,0.02699860629883167,0.2751970658766429,0.08969973519586502,1.0971998839198152,Benign
52541,443,108.20559767624681,61649,569.9683419317453,66872,617.6758408369421,8282.592191814809,90.99961323282467,137.29339523362626,102.48053079918185,54,1.1528209004283327,0.9151911184482184,0.6628137003020836,912.0054199968196,29.964705876709722,52.70881687093673,44.92170549683149,19.266767212537516,0.665263167543634,1.1109137456638316,0.5702222862666437,0.0007519166915638737,0.026563635284669505,0.023967186456728296,0.02276853630074462,0.02690555897326312,0.12708935088150022,-0.16145215511005637,1.0933663569851848,Benign
52934,443,139.15639437781786,54701,397.583694280461,64773,471.082474386031,16272.697052710153,127.5555789655603,142.18952004310339,94.15834296014481,54,1.1319674911692952,0.6912744444383323,0.8971326669929286,1449.4045850093653,38.02446582699593,51.666048133519574,47.928350089020824,42.71723118363265,0.281333893297638,0.26298877354786626,0.735954632831419,0.0007305241002587854,0.026865980879663617,0.025047864163044654,0.026465121350767833,0.02691476102194913,-0.16666584282050603,-0.06995048154665272,1.0728420726593972,Benign
53857,443,112.98195329765825,74545,669.1994400676763,80844,723.0256590423769,9459.832242201195,97.0116631746167,138.2773264344958,89.0,54,1.5270739996303333,0.8717570755976585,0.700951781531615,939.0858608806861,30.501912534602443,52.21572700703458,49.661478050614356,20.6622251054577,0.21450644523550572,1.0272020836926274,0.5864190424480507,0.0010212246691831317,0.03181830519302096,0.02616113787334601,0.02442945686667492,0.017168562974893317,0.16784094872226946,0.31665778646443443,1.218915537675956,Benign
52681,443,108.9369853453738,40402,377.21167348126573,41555,389.692401176147,7597.918490548775,87.14908718458084,133.75276552543897,89.0,54,1.54113268769534,0.9154778076846429,0.6515649124988159,926.6226553996019,29.531869844118695,44.861303863243855,37.89123053187582,0.9282211273938024,0.6575606126748097,1.5327309057209402,0.647840222744913,0.0012395917597571365,0.03458240213742095,0.031378815532938586,0.026926217535926878,0.02690316852472708,0.36396558965262527,0.1222636984537187,1.0927969366478891,Benign
54640,443,104.46734796039298,41098,399.23257295369183,43900,426.4625997639051,7991.244617955734,89.39050991086043,134.3176143508349,89.0,54,1.5207729933066039,0.8984930652922363,0.665505546491227,704.1256970919922,25.916072846047037,47.946421961778775,46.71060505047866,28.810721157023487,0.21996594253119678,0.97964037347015,0.5466304130881277,0.0014888619878106206,0.03834351525010096,0.03231329581820531,0.026931774012928428,0.026968409074082645,0.40884097358718896,0.13523470756074307,1.1826584720925055,Benign
50817,443,95.76079832174135,62095,649.4667880699245,65156,681.4413417543418,7503.931223283728,86.6213860353782,135.6794623396657,101.48894218206571,54,1.1834390230720648,0.9430252635730176,0.6384254366089255,688.5529070172196,26.197762728748316,44.644806153272484,47.8907788843918,4.2764134318912514,-0.3853966864368341,1.5720437975212964,0.590445171060149,0.0010651994452688844,0.032626610677097205,0.02776886014396273,0.02685360687860159,0.026827110578179342,0.08269464282866512,0.028396584926083778,1.1749365946842651,Benign
54259,443,88.45789654827017,22166,2414.718270988704,25018,9778.201969240545,53203.19689242824,167.68619795761123,178.41330958074965,97.12387884418376,54,1.5264060886199011,0.8567894279754007,0.7992932129673854,1177.409432412181,30.68607881489056,44.206749272624705,33.20783704446149,18.32936952677708,0.9942716838692274,0.5532699225425879,0.6510665804822391,0.0006711182533034925,0.025116335855386848,0.024240881250539706,0.023641553116520136,0.021518346216265246,0.1279424871796092,0.21528522732499356,1.0264766635155023,Benign
52196,443,111.95051102211586,39997,363.03009496060133,40723,371.2464606520472,7523.310110249029,86.72109461661891,133.7433681205368,89.0,54,1.5483758031823327,0.9198647406713223,0.6484108250903854,1034.988547689178,31.369737595613593,46.22871296033385,38.36238681208453,0.8002008209417082,0.7078562458628603,1.4878282900347648,0.6690968717001908,0.0011256737723659644,0.03293749876401895,0.030842273996733817,0.026925034946299838,0.02689109366221938,0.33491136345784045,0.11293778333516799,1.059093322860833,Benign
52511,443,83.87255437345173,7433,247.87050262745655,7172,278.3133385016257,5657.021700975587,72.50686084990586,119.87114730241875,86.66986758945716,59,1.2692741773727623,0.8441896228862986,0.5831647971260527,129.02074391097176,10.88559363091434,72.48841620695242,75.26175330634894,0.0,-0.7018955734834754,6.196957898529331,0.21963949892597168,0.001465701742649019,0.03668606359690626,0.034181218306350646,0.026925704240619807,0.026907339421258784,-0.2727804340245553,-0.6355273587209176,1.0535755063465948,Benign
52522,443,79.81062218225259,7284,1474.9161541544981,7755,6103.27517370024,34978.0509994014,129.72336378921062,153.72338945555518,94.12006572367552,59,1.3812447238825691,0.8029751422744069,0.7219481011488201,122.74542176069589,10.359210257951451,68.97022345256929,71.60774408627628,0.011117622217425904,-0.5829266186976308,5.741428922400452,0.19174308474063467,0.0014139919632334525,0.036475026448767045,0.03208857449169561,0.024885385747381618,0.023501299101493744,0.5907668137203399,0.3071703436552261,1.121427452214708,Benign
51056,443,111.39299981274225,62428,560.4805792110556,70072,629.244566177237,8583.975880650409,92.63727041470925,139.30165048985162,114.0,54,0.8192808520941814,0.9209471361088462,0.6649775195287841,1115.0935785589934,33.39265007936113,51.80300035051823,36.296072374527405,13.88914085531787,1.3912738852922582,1.1351781919404176,0.6446623337037063,0.0005092264462925268,0.021885973717228092,0.0206388540845062,0.01986707505557364,0.026916971341206915,0.10182567032378442,-0.31365558312788594,1.0481144523530537,Benign
52726,443,5.724660114004172,2107,10384.845262339888,7435,44779.37300098737,220202.20458558336,459.1051543151735,337.31433679227547,127.02634262587802,54,1.374534724521875,0.6272545454282642,1.3322068980598873,8.582979755378629,0.7546789968615398,4.885628563215076,5.063237683470656,0.08256974313240344,0.5833343883300657,-0.16015660444515445,0.4590126148067059,0.00024291606833189177,0.014125276551949204,0.014530463574735012,0.011815500062225339,0.0016645312490593182,0.5743635969350516,1.007041387452903,0.9546030941415976,Benign
53267,443,30.739181282436064,8800,8062.176305404732,13509,34557.045531061245,171462.98338999006,374.3562016040574,291.2996198479672,118.28645525003824,54,1.4268060180582351,0.6981201839477924,1.1776170078334482,407.79918929208156,10.649555455982524,15.3556951533066,11.541418623073556,6.405902132644727,0.7829694987391247,-0.2030431286591814,0.538663650213808,0.0003336822788440198,0.016833866217907976,0.017030944571161062,0.015269272117438573,0.00746796308103016,0.4189386116181801,0.767204040110727,0.9712995010439588,Benign
51503,443,121.09751610120165,38824,320.60226265860456,38893,321.1482485777121,7473.787050630112,86.42767717466793,134.05968897856397,89.0,54,1.5643412981160512,0.9266216728458453,0.6446350836518336,1325.2484529202875,36.39122029906524,53.57989311594095,45.75044817870994,17.74593688498811,0.6333001144714132,0.9636371082266011,0.6899997075066897,0.0008301657217616625,0.028771835514007266,0.029300511660274253,0.026923825584642482,0.02688406980803104,0.24783827531313463,0.08409165835950044,0.9817506093585424,Benign
39388,13545,76.66620253137049,9468,169.5790303253316,8698,150.40640380993636,6976.6692016235875,83.13830490561907,128.89252652770523,89.0,58,1.4313216436327747,0.8444586719755378,0.6435908885740577,131.06213795481324,11.424281699775582,62.140938099704854,63.30605922445942,8.314649877678761,-0.24830892966619356,4.466582694291237,0.32169106194340824,0.0013023397187127692,0.03510819243543279,0.029238728575454318,0.020152723958131967,0.020132472217822352,0.9036973840502099,0.301862312001757,1.2707375878920109,Benign
52695,443,53.46097898662416,1625,19.304464006519478,1731,22.252910345188294,1273.4889170796196,25.05760770800689,76.10031958686719,65.35110956133494,55,1.1980934719648897,0.8447677417904035,0.2784271837548209,333.55052054803554,18.025826448450104,42.01060578218321,51.70854741696459,36.58487917543776,-1.5529147395156082,0.7582297061977348,0.4983352510498542,0.0002945335655620765,0.007374530766223466,0.02846017833322676,0.027002178856025648,0.026996041998696593,0.10947984126066697,0.8520646311175017,0.2118071066052314,Benign
52491,443,114.2383773156976,56161,492.44868805813354,60109,526.7601510663015,8237.711699481628,90.76161626804853,135.9113280981626,89.0,54,1.5505837261802473,0.9024887118531604,0.6677994357831263,1104.6067985995576,33.22860536207906,39.15966128412369,31.69768548243647,73.56454712918234,0.6683677222285549,-1.031549303664639,0.8891429901650646,0.0012406425078189767,0.03506631677312203,0.030233746422768788,0.02683960366420993,0.02694383537638987,0.2738177278918489,0.08829217722867255,1.1575503378704048,Benign
52491,443,130.2715776568372,53778,415.835646064211,61193,472.00812006014087,11186.081374338308,104.35492029143305,138.03859289185334,89.0,54,1.435529445659271,0.8224975880545211,0.7541192683071161,1203.6976864275182,34.52529904504641,55.66188543190348,52.532195643936234,69.38140405367889,0.25969083220365907,-0.4282787930260921,0.6234814837327358,0.0007539501887070366,0.027412882908334345,0.025776179834915258,0.026819295278972085,0.026909295278972085,-0.11801956328556813,-0.04263421882094012,1.0626742946908514,Benign
52634,443,100.13889674698206,61795,619.0522620054161,64456,645.898272024153,7743.265292405776,87.98175568013407,135.42079541607535,95.70120119251672,54,1.3509908447697883,0.9257769417470905,0.6497164194966483,670.681868749913,25.897526236880587,49.34431198555092,52.61900696944486,13.499873783010424,-0.37934869244489794,1.3841100753490072,0.5290388212858417,0.0011006290959301385,0.03316763187185072,0.028144296156757783,0.0268593297528371,0.02685543208597818,0.11522092793447067,0.03854384474013402,1.1784168335430139,Benign
53154,443,107.4210923832028,61532,573.0275091840863,65886,613.0268526233889,8208.535987554536,90.59225511010477,136.66792122433318,98.5436307117426,54,1.2674053437460098,0.9124083798323893,0.6628663687813574,841.5583131137055,28.777489091208185,53.05573484054576,48.35271156089475,21.31248884146136,0.37716324962946723,1.0979799629215259,0.5440310120069108,0.0008684131870992817,0.02871309801032146,0.025348688003311692,0.02396488149931566,0.026901307121168682,0.1373047300969696,-0.09874795264697281,1.1192826661746347,Benign
54640,443,111.44356733210286,58615,527.6042187342721,66562,597.4077298086527,13711.442839642825,115.42035985052784,142.33261819845245,104.7771590107557,54,1.0419370167719544,0.7815409585164944,0.8066822172252419,991.3141817487503,31.221135351912302,49.341641796949936,52.211420496541926,9.72654637740468,-0.27987448511604207,1.250530883034357,0.6414372462123339,0.0010979304386505052,0.03312946757194414,0.02632847591714987,0.025768171905572266,0.026934544958869686,0.04915528435094625,-0.01931093962473772,1.2625443328425858,Benign
53484,443,109.29282622333133,73469,685.0874089040287,77816,723.5991252397291,8569.979707858462,92.43929290573443,138.1772814001752,100.5633679033287,54,1.2408326454128245,0.911543159613615,0.6685240132420657,879.713875953336,29.495411273626203,53.758400403833846,54.97231186354415,25.640776931835386,-0.14015729990324785,0.9506933286266493,0.5494286484143298,0.001182253594436841,0.03379133368244659,0.025378104711292176,0.023240669924511424,0.012463307822497683,0.19696773038931614,0.45235389614062305,1.3215323508062895,Benign
52742,443,33.56109690805029,135,517.10611588808,283,623.2148129895143,133.4009894624584,11.084446398333432,63.8636192216019,60.12626453093312,54,0.8643866176289541,0.886412581361147,0.1721192887037002,281.96905741029343,14.521110239925886,25.158898437203955,33.53723982446698,33.533830555867254,-1.2941236446280626,-0.17884548634311082,0.6839084514448639,6.727238443203808e-12,2.2424128144012696e-06,0.027015949418762675,0.027015949418762675,0.027013707005948275,-2.525290618662435,-1.777819680528678,8.298796090630033e-05,Benign
52742,443,43.24539202695175,159,46.92863020730627,346,59.7778871634044,163.1877180010975,12.697057094290727,64.83492558699231,60.0183416014453,54,1.113994010305655,0.8536121436529692,0.19557021366501348,363.39272320263717,18.7108038279322,32.42044728258696,43.218187473554885,43.21733541445975,-1.6678254374935562,-0.5192586096072542,0.5926312547913448,8.66985117398462e-12,2.889950391328206e-06,0.02773390136497588,0.02773390136497588,0.02773101141458455,-0.366832028905979,0.5964847682034231,0.00010695224739907136,Benign
52051,443,107.99819490924766,58221,543.6057922312898,61528,574.2900082901408,8030.981969067656,89.59715720428046,135.78235292486,92.28168027647227,54,1.4531716751998227,0.9131517017235431,0.6598525198555493,1012.2496071653807,31.64026032332712,37.06956624514301,31.306734877010335,54.385517726499195,0.48977405942908286,-0.418466061373986,0.8754479877342312,0.0012768064043905596,0.0356832141122359,0.03037564633995823,0.02684652436944344,0.026919183197235276,0.29002306170915704,0.09472767075627767,1.1747374571907674,Benign
51991,443,121.12071287108128,36223,299.077509845703,37663,310.9643944263278,7575.762778905501,87.0330126393842,135.71516706033938,106.83373964711382,54,0.999723506131706,0.9388553429866547,0.6412781262229396,1221.7014182495786,34.93138220930437,54.41183799251912,55.629840117890446,54.94867179989693,-0.12649029346010787,-0.046485788191526156,0.6446428650867857,0.0007516133024717083,0.027412865133167666,0.028327780664773858,0.026914366504141155,0.026899227674324844,0.15384134055770285,0.05181633060211799,0.9678249541526207,Benign
54414,443,118.10854442510018,56762,483.62694781667824,67881,578.5213865374128,16932.799827043567,130.121092360555,145.9572213266344,111.38017094217999,54,0.7984891531186359,0.7066450505983333,0.8915301624892884,1214.4310035320145,34.819541270664345,47.33737501169401,49.383693406795416,5.687815568042666,-0.1847892688401131,1.2134491889795136,0.7355540627567806,0.0010225849477674043,0.03189946792030001,0.024957304213910802,0.02530368127165938,0.026954026789748172,-0.03663138011064257,-0.06281674367361567,1.2783089809780341,Benign
53540,443,109.25336594366348,38539,360.80474419764903,41089,384.77849540144115,7790.558425700362,88.26207636351101,135.18663948672443,101.79193605289166,54,1.1325414591490586,0.9199846757331316,0.6530020589698267,835.394334672928,28.267999353207664,47.889855181895825,49.29803930235671,40.03428764116143,-0.045407411157391164,0.5254807025423109,0.5861340197658559,0.001207973572423296,0.03403731489752713,0.03068998809484006,0.026921022289878745,0.026934091289525952,0.2944530512660706,0.09779873923395378,1.0973582732216016,Benign
50749,443,103.28648984945309,62141,605.1507996545704,67698,657.5320010711874,8019.883306059042,89.50806498346357,137.50943464549377,108.38536182318379,54,0.9817362176843356,0.9333228319521677,0.6507642852109405,908.7330032851719,29.909329508882813,48.59236418186247,41.399591282776925,7.766482491037866,0.5995100747073394,1.398502394655912,0.6130618648942455,0.0007116195080441939,0.025974373107285207,0.023527271964031607,0.022817387100777315,0.02687308289458547,0.08502813025466678,-0.17197617347685779,1.0911860322923275,Benign
51166,443,96.20018841238213,62197,647.3155926312453,65158,678.2115392217802,7534.086072398746,86.79364898081464,135.6177997936958,100.60676385258292,54,1.208839788827726,0.9405014846651607,0.6399966361305973,670.6070605796913,25.89608192980168,46.011760067068536,49.653523399451764,4.150413983624665,-0.4218912850096003,1.6165214405034127,0.5645423959523979,0.0010638886957120858,0.032614147048040776,0.02773921554659308,0.026855178892124736,0.026829394868782445,0.08092665068851751,0.027773668712674615,1.175714999815537,Benign
53452,443,121.4052762550723,36892,303.85157342953755,39310,323.75836763784,7914.216491698897,88.9505420756496,136.05959084318707,102.81469082941364,54,1.115122832006732,0.9228563686509055,0.6538100399457568,1174.9079094442125,34.27666312143722,61.02372367939717,65.8608065386223,82.66455674328492,-0.42378775276421127,-0.6312604856624613,0.5660404337297905,0.0008630860887446203,0.02928411133812383,0.02867625390874582,0.026921343072070118,0.026956372288280465,0.17455503364217112,0.05707022632965454,1.019717675853867,Benign
52821,443,116.50469815286517,64921,557.4054787490222,71879,617.5855695477809,9069.363597230524,95.19172754381913,140.3223770044328,114.0,54,0.8292354046811887,0.9072707044874134,0.6782618431236154,1097.6603324196597,33.12969414130778,52.429263939215595,44.397452135103755,17.374846552583488,0.720865230229175,1.0573488599973406,0.632075173378624,0.0010719159716001262,0.031122936499416512,0.024730735791715787,0.02330044532433098,0.026911075975536086,0.12834228048113952,-0.13443975317430487,1.2233713256766536,Benign
53696,443,115.3011091606998,66235,578.7515218742595,71709,625.4082017777074,9061.659276770575,95.06798238708218,139.99214144591122,111.09035395638324,54,0.9192610110219315,0.9056644878895587,0.6786858762387393,980.4965768910756,31.17035762785345,51.132661544068746,51.79272583731817,16.245886461483526,-0.08256209610848604,1.1481723415823466,0.6083181364598022,0.001506752075330014,0.038658035187710854,0.028626991607524317,0.02684263705755452,0.026884874948198315,0.13518623500520693,0.04407098218980597,1.3484595549137341,Benign
52491,443,118.91696841171827,54470,459.0102454224133,59796,503.50121116918467,8284.726194423221,91.02020545429383,136.141217840215,89.0,54,1.553754569100979,0.9024504457607194,0.668571051019815,1047.283498651121,32.3531896971852,51.08989341214505,47.393223547289146,76.84963667815929,0.33627641922582235,-0.7915035175160382,0.6702518558781246,0.0009627266037715605,0.030816486840823578,0.027566257214943175,0.026828654107849938,0.026923500486007026,0.049408918712946615,0.013381062694918046,1.1149207090470312,Benign
52742,443,27.964157526846275,122,770.7744718952912,247,927.1682929177508,116.18478549156208,10.152385845552823,63.3022212660292,60.18864208155231,54,0.720117945109537,0.905370656101921,0.15856506750359656,234.907621613504,12.099747442396657,20.96205745611172,27.942028987568175,27.93693546272418,-1.0781305965188615,0.017907297598335425,0.7366650619413854,5.604442532058395e-12,1.8681475106861322e-06,0.02701345431673791,0.02701345431673791,0.027011586169227223,-3.7728416310462265,-3.150125794150849,6.913702579130927e-05,Benign
50783,443,119.42680279881836,38653,328.71650806366233,38194,326.03371064566113,7321.803358968542,85.56332085637955,133.83642238346005,89.50177994444316,54,1.5554606296714102,0.9330624411505789,0.6392987096487824,1335.5293376908398,36.40305346538211,49.772965883480815,39.43484638283036,0.4220782408921995,0.841922891009552,1.3590246928805414,0.7299517629952476,0.0007827273083439928,0.027975493410016837,0.029079384733675915,0.02679836320163365,0.026320062436828037,0.24431387797278728,0.09979391734665967,0.9633837106934464,Benign
52661,443,29.52344118350466,3770,7522.690998956814,7537,32355.37310791354,160702.28102489177,353.2971860824571,278.33905132613233,116.45579379388128,55,1.3766901909733271,0.6837016225397268,1.1361722499568607,45.25560825065609,3.839961692485936,25.47165054527974,26.439461937661363,0.059617036099449724,0.2086940435022735,1.7356214619440953,0.37315709164118094,0.0006191031091758433,0.021304731200354428,0.02017069049548169,0.016013965457571007,0.0086791996542135,0.5796328349149675,0.7822204189018025,1.0081924147632901,Benign
52945,443,121.28959401977407,35996,296.7642290423234,38320,315.92064124869285,7794.096296296354,88.27647270561913,136.30177522353904,108.71379982508638,54,0.9333981993607224,0.9325397747084867,0.6476871867125239,1170.5080908549785,34.212508916559905,58.404627951625464,63.82600374823764,79.60393901249392,-0.4756767831715099,-0.6195706161341106,0.5888469028014727,0.00079718714215396,0.028168418752881237,0.02829946979440397,0.026916151856153925,0.026935607424615697,0.1436623040472598,0.04725381896065686,0.9943580108221598,Benign
51319,443,100.74015896254299,60519,606.3922605504746,63680,637.8417796541992,7718.386619943912,87.8322185624201,135.72132821583978,97.74253442168711,54,1.2931924450470642,0.9308697992134092,0.6471440536940616,820.2641412449868,28.41229897559767,41.56246333848787,41.14278020630818,24.665660432771496,-0.029292286715506266,0.7621111966092821,0.7064119780289926,0.0011513016938996042,0.03387033361527569,0.028829553771933976,0.02685072502647822,0.026864574655783128,0.16705596603258424,0.05538650845129718,1.1748555662244828,Benign
52969,443,13.38427723564482,4781,9760.25797344191,10048,42007.56570333547,207021.41946755274,436.497884178153,325.24235529973066,124.64963366132032,54,1.3968581985392075,0.6504114036571462,1.2913716735130043,176.3922381626056,4.624959469678992,6.680739836240932,5.026744638924818,2.820745540417161,0.7194350085669056,-0.43045187073685276,0.5048662578012727,0.00023222179186491786,0.014343487401143256,0.014863055721283543,0.012751888757073953,0.003243283962487846,0.5064355317135054,0.9331553783101277,0.9547087928853057,Benign
52518,443,81.34198829169556,7210,301.86756091907773,6957,343.68721450336534,5487.198531548181,70.48450805372981,118.07925011105233,85.880027501087,59,1.2309658586548669,0.8488921794280081,0.5683078900707055,125.12673827779604,10.557459949307585,70.301030518778,72.99066475601138,0.0,-0.6807114669956711,6.040107059609382,0.24319177732485775,0.0014214649886807047,0.035578831257488286,0.03396451013072772,0.02692797676297933,0.026910166217364532,-0.5663603665680803,-0.9181591249399954,1.0217772495081592,Benign
31487,21595,13.461925028980929,5545,869.5520688415957,4653,982.9249206791754,3842.2397551897984,42.68832641872884,92.8071167448572,72.0826150737096,54,0.6409308685143658,0.9538704017581019,0.3355711645443033,41.853814117564305,4.13805436262127,4.973525123750708,3.2060461990970603,13.423104394740918,0.5225050851695603,-0.24039245801394427,0.9315404041438365,0.00017429478522163578,0.008416331675251026,0.03271544067951329,0.027592000139257618,0.02758346558078225,-5.193722926160367,-5.688111882591727,0.6654458911048299,Benign
52571,443,76.43311611740228,5546,61.31469201368547,5414,60.58250780192988,4235.918357868158,57.45364554662828,105.85308438561896,79.6939672551902,58,1.3098064058170673,0.8360031587581349,0.48983047643179745,216.47216647200474,14.282440792525218,64.40888501341836,70.05687464006422,14.396450626490893,-1.0746818636639146,4.337415997765443,0.28716810758983147,0.0010839871993204282,0.027132828658267147,0.032317682985850936,0.02695173156344726,0.026937186824021804,0.40292436254157266,0.45554575602268366,0.7792271412742898,Benign
52543,443,72.08706095123527,6395,499.3486125661227,6173,582.7761980799078,4866.111769535397,63.08824667161375,111.52582381358059,82.99138030030915,58,1.090862539944743,0.8660906313560934,0.5139723813904551,110.88536380502424,9.357391157142045,62.301201644296384,64.68471310801553,0.0,-0.6032357718416677,5.4664634278702975,0.32932848280567684,0.001259679866092465,0.03152939942316542,0.033171952910454675,0.026936287958434196,0.02692050453366205,-1.6400572614628217,-1.9518157756480559,0.9054828920066222,Benign
52700,443,115.89223853576978,67118,578.3481925009595,75180,647.9388683740311,9484.023225090197,97.25504387323967,139.51858706182227,101.46105497322642,54,1.1564168866191507,0.8814880090863877,0.6969793235260334,1094.8541641082818,33.08672184327615,51.34309927921934,40.21836381001092,14.39644218511047,1.0033536079929433,1.1163183664238867,0.6444072938734476,0.0007869480267264406,0.027191782831014737,0.024160671558439404,0.02308836577075737,0.026952105930472824,0.11404563672780811,-0.15154694335660698,1.109443271026961,Benign
54453,443,121.63357106800429,38660,317.8381977102012,41262,339.2258443442645,8151.269462434478,90.28079421278689,135.5816485068814,91.17300720218559,54,1.473749987750243,0.9037465081890904,0.6658932749376064,1183.590796312489,34.403269182977326,66.19241676076066,69.87641810756189,88.70457793155079,-0.32138658062643544,-0.6543300310450708,0.5210326710691167,0.0009931353365443848,0.03148589132085784,0.02941982407470661,0.026931587753662077,0.026997351014648306,0.235520746360698,0.07644256019052913,1.0697640807275823,Benign
52625,443,42.294291944933704,3774,1135.0648249582675,3648,1352.4335489817129,2866.7557775521695,39.278755925611506,90.42952465336612,73.69246355817138,57,0.6398524284877926,0.9214545998358227,0.33905958095456473,65.04059761819123,5.494219572816986,36.548751627166524,37.94681558347988,0.0,-0.35383181604453184,3.6198328079168296,0.6066133144363749,0.0007388733153099831,0.01849377171820009,0.03062061206041436,0.026963042736429122,0.026953784867265494,-5.096421897902134,-5.2792858565575225,0.5311168054537236,Benign
53752,443,112.05284529075645,58087,523.1382443684342,61900,556.1995531005418,8144.693386444963,90.24473196918895,135.60956201121505,89.0,54,1.5493962461075728,0.9043273107198363,0.665462855654481,814.1084459427926,28.37913226565689,55.28232025205744,56.18578712460109,47.86923896009184,-0.1204279621434041,0.35013643632206115,0.5122212639588384,0.0010138141015768416,0.031733251550102724,0.027661108428442084,0.026847647326956877,0.026900089495403543,0.06764535308176577,0.020799528581335644,1.1452539045827899,Benign
52491,443,101.70279062685364,34453,400.55198748289587,37118,436.6113685801416,7860.956086353803,88.64636735207792,137.3415934882577,114.0,54,0.7893299523476972,0.9401910344342,0.6453885077831947,918.9793424858846,29.005784194463704,47.70740643794356,52.083072149331734,57.45945452994396,-0.3771989535621379,-0.040760735192511666,0.6066363753855802,0.0007193143220843443,0.02681313951591423,0.026269192859872795,0.025352316779379023,0.020116670113360192,0.10204405812780663,0.2371746010676581,1.03211955069909,Benign
52491,443,131.17242915241698,55273,429.6811929105872,62286,480.8579230967127,12683.800428210647,111.19156558562437,138.79825439401662,89.0,54,1.3688860979200737,0.7798371723545681,0.7989587780124802,1350.5041753257783,36.65158800203418,44.936736768766366,37.95421447273987,61.76698221281126,0.5853058561786018,-0.49921259294165476,0.8400851152204973,0.0009491706119738027,0.030285435350018083,0.027764131281272544,0.02682638144593312,0.026924151317765255,0.04023052444799369,0.0101252927276759,1.0818186415185327,Benign
54143,443,111.93455207584167,28762,256.1986187319103,30558,272.4909068986492,7741.212678259335,87.97881221986431,134.90464198971273,89.0,54,1.5653276725240477,0.919648553365556,0.652138597159711,1458.311051943512,38.18449723747161,54.64851785616916,41.30130572185046,20.037388529145723,1.0476772878922387,0.9086694907208683,0.6991174679748206,0.0007986757604672743,0.028260698197116112,0.027293111534805358,0.02686392029998451,0.02690472792274065,0.04581181766013222,0.01383137163857836,1.0362638317201116,Benign
15284,37721,23.688936429830118,9731,629.8837032725847,8150,649.1733004665152,6748.232806646662,71.03809257982782,117.43579174204018,80.91238668473635,54,1.1295315127923888,0.9187044384249244,0.5220843325576243,73.75980888168196,7.2749091389085905,8.747284084586823,5.632403460690098,23.655935699439688,0.920826236160696,-1.1859804830501106,0.8793516201648904,0.0003071648786078184,0.014832351375654976,0.02224136638247317,0.013212174891741998,0.013197134185763772,-1.5297551096311812,-2.4010314567357627,1.172735065489002,Benign
52582,443,58.19169314084748,5172,486.2812934877178,4995,570.2675698496835,3933.1367532242034,51.977839067274026,101.68149387332649,78.6521545526389,58,0.8804041884654377,0.8919255500011674,0.4323514627076154,89.49259417745375,7.558221095496154,50.287667565050555,52.21133200403662,0.0,-0.48685446673096633,4.6047558381864455,0.45872005756815026,0.0010166518599947203,0.025446483214430195,0.03904480390648725,0.03401217574244374,0.03399943738837171,-3.2529275386867944,-3.504538985251221,0.7307895371921094,Benign
52126,443,98.77738970718762,61934,628.8221460247701,64699,657.0681117357794,7670.957582257137,87.57105869581049,135.48889460601646,97.39692413731082,54,1.301852993744069,0.9308668258252281,0.6463565480987323,670.6560095489418,25.897026978217976,48.192337147090306,51.59391792655424,10.26801342327862,-0.3940545387141247,1.464448522094671,0.5413114657012078,0.00108792891371499,0.03297630684343549,0.028004270530189147,0.02685789491034535,0.026846431710348118,0.1033663055739221,0.03482088044943066,1.1774828812602314,Benign
53717,443,108.45544746799708,59355,548.4367993718652,62097,573.5750862055511,8110.488574815005,90.05674272749228,135.43811876733676,89.0,54,1.5469501253529048,0.9043068975402025,0.6649236458983182,866.869059211351,29.19617621408828,45.51524369181104,43.246423225699544,46.004632321741255,0.16075595479493032,0.12467542448730984,0.6936437884279978,0.0012372675416566345,0.035146543144361636,0.029816682032558023,0.026855986344398047,0.026917182523415198,0.2487073099440858,0.08120436869507358,1.1789137383973531,Benign
52652,443,61.4302666662622,2985,33.87827534023898,3009,35.54987035541915,2301.1883561815407,36.296150458585885,86.42188177309419,70.32680505103754,56,1.2368479205534622,0.841727211291278,0.3517653170845376,292.93474852043715,16.72720468687587,49.78081582865826,58.07378445384023,28.887468644628274,-1.3870104815083484,1.9998888976842744,0.425079040487467,0.000568403736253627,0.014228902175608672,0.029798389233122384,0.02698467813395842,0.026975624489618155,0.2112789814446256,0.7145078610160676,0.40865137345445796,Benign
54640,443,121.25696173850889,72149,595.0141880978528,80477,663.7007476816743,10450.604646493377,102.2269031379218,139.93090311763257,89.3371187801755,54,1.4843699773454428,0.840620844575464,0.7305581719662918,1071.8250595118889,32.738736419408795,51.02269961474688,45.61852697616735,15.57867901272838,0.4952323333321318,1.0826378004106276,0.6416628178676579,0.001167141435841043,0.03415502500570301,0.028377944799396693,0.026884379701444475,0.02698490773515223,0.1311232790763549,0.04076103809314288,1.2035213594354977,Benign
52589,443,73.02722636520264,4964,55.086181177161045,4868,54.899693772017656,3796.7033202529606,52.65055157856199,101.441886761698,77.56746976134973,57,1.2932436483152623,0.837302611367266,0.4584874497029044,233.83041068245305,14.837441782266122,61.08807645014535,67.3365191370739,17.686146355802087,-1.1455855171531655,3.8067594967065466,0.3184761224174184,0.000966941404854406,0.02420342840576483,0.03174576251146754,0.026959210968425597,0.02694591279649653,0.3594177579022197,0.5143343469818489,0.695100441600238,Benign
12790,38815,64.7444188892215,82448,1365.6914903902605,77876,1276.0437808171478,7971.366724149584,89.27872747060911,138.08608916272084,108.06933020660014,99,1.0115922100917532,0.4317586016066154,0.6465547874663324,428.50220633255265,20.41036832949902,40.68462399828512,51.498520838256454,12.637456338339366,-1.7251813296770322,1.4206398131121138,0.5030960076863887,0.060503677476872006,0.2211163472079651,0.025070473924093152,0.0048141654469141485,2.432117508430392e-05,0.26578406320605236,0.2596764012032878,8.568812475933965,Benign
52716,443,4.6841339934483015,4829,10003.058561756612,10340,42915.59232010467,211148.21715804242,443.92959096845954,329.6021969878845,127.92237167438374,54,1.3201141595838797,0.6469352509573851,1.304456636674508,19.74303920979484,1.4468854469011818,2.428224006033285,2.399290475601659,0.14456177525894964,0.6075271803790645,-0.3770941794945292,0.4912954975498084,0.00020672264539007879,0.013801629462884421,0.014035212389605567,0.011846091841227188,4.132084507167268e-05,0.5210287322053431,1.035167205237977,0.9692568527774003,Benign
52819,443,121.26087065156254,35774,295.0044739515685,38074,313.97456975001876,7764.271002954685,88.10910437403743,136.36190849390678,110.1785215203917,54,0.8882768069261615,0.9349441199998509,0.6461669103496925,1169.4156360880322,34.19657972186325,57.75431850025531,63.32077155216693,78.84400167371716,-0.4885605913265515,-0.6166680751696999,0.5945096444234883,0.0007808247360957043,0.02789139740336984,0.028205916027703313,0.026914862901062056,0.026930451604248222,0.13599178104148732,0.044816450053950276,0.9880613223587216,Benign
53208,443,27.323781879769957,8009,8396.354304836816,12828,36023.28827589751,178460.78994723823,386.5855210501349,297.9794607778997,119.53871200042742,54,1.4209123660610437,0.6887312216540638,1.2000036264033314,362.25891084804573,9.463930834984973,13.648486797202823,10.25934794299164,5.700352758787922,0.770466078426466,-0.24779657009331785,0.5320124124111544,0.00031371512225886384,0.01634376622655924,0.01660430975583996,0.014773857703040783,0.006636557358531039,0.4361577750213883,0.7998628263436978,0.9680344933791456,Benign
51374,443,121.07374542996588,38817,320.6085622999521,38780,320.2870545000765,7444.139632095024,86.25919803178455,134.00083418075684,89.0,54,1.5653128348652783,0.9277078709243572,0.6436691851309244,1331.0009265803694,36.47191111462892,53.0221612855612,44.72860531841884,14.784767025468476,0.6717318165557233,1.0302772726034979,0.6972856795197621,0.0008224740523463981,0.02864346453037186,0.029289909141649046,0.026923428176479115,0.026879102205988933,0.24787679946437932,0.0842573313980435,0.9777514349428958,Benign
51073,443,121.0008603561781,38114,314.9999752922022,38086,314.7632349829059,7372.339117880439,85.85792899301666,134.2383220340147,93.66417560128265,54,1.4208714791999106,0.9345151203529335,0.6395830837505996,1323.0258462813558,36.35811640175995,51.387295506197084,43.918480265294434,14.679417847801895,0.600665825704668,0.9874317260888992,0.7096228236881027,0.0007763826185291075,0.027861672813415794,0.029000289193817287,0.02691963432975949,0.02686656715549118,0.22342111497138697,0.07636641819467191,0.9608265134891127,Benign
53530,443,118.5594286362868,65923,556.1693919851912,72605,612.8990457768814,9264.473103147022,96.21853323197512,140.73267466779143,114.0,54,0.833236799381811,0.9017732398314077,0.6836016935658228,1090.6527549211369,33.02399471505761,52.681000798617696,47.65393380601371,18.775982784780602,0.45138354170788453,1.026064091177447,0.627015559078489,0.0012980981997798432,0.03483588427918261,0.026375534353548887,0.024680544477818884,0.02690870623719302,0.139001064232063,-0.062401028583120854,1.2938186831078633,Benign
52491,443,141.27759201949218,53999,383.9360176485402,63113,448.01950344772075,14728.565325561789,120.60925452640217,140.22862481922306,89.0,54,1.287945366294297,0.7240776902581558,0.8589623446203387,1432.7335304946218,37.75636390718767,53.70598117282061,48.88040197491444,58.09725462312927,0.3765379100335843,-0.1336703041499455,0.7050661768161405,0.0006735885730302675,0.025924161307053394,0.025268098751888728,0.026814733735952948,0.026904733735952948,-0.1814904315331127,-0.06397577644405081,1.0254485369841935,Benign
52516,443,86.54305498808787,7271,79.80321289783825,7036,77.45119899159099,5539.67082915932,71.71100263692989,118.94714836568531,86.00619731416633,59,1.3589707881242439,0.8321459034153326,0.5828681574215373,164.94648577235003,12.634992845677617,74.2662714876155,78.13189463271175,4.631418536120911,-0.8642136293290699,5.912600509704657,0.19423435485605545,0.0014314223523103587,0.03582837068555748,0.03401535421292909,0.026929529926688102,0.026911284914469456,0.5320680358183946,0.28103950240509334,1.0289462610866387,Benign
52663,443,121.22526583451186,35498,292.8231226003313,37770,311.5622649267288,7727.300265223227,87.90163849530911,136.4364482928027,111.99415635845895,54,0.8323453816534472,0.9379244903239444,0.6442824112419824,1168.0614546484878,34.17683426378319,56.948210077599676,62.69449751018383,77.90200107971106,-0.504531059305721,-0.6130701531133854,0.601529046812938,0.0007605422793196551,0.02754800820208102,0.02808994896133258,0.026913265142404556,0.026924060569618224,0.12648357969503712,0.041795144426797735,0.9802560942561287,Benign
52599,443,109.44763826822471,40334,374.80855324966836,41414,386.5666692416014,7585.275828246848,87.07656228211361,133.75117310088538,89.0,54,1.5423600600461136,0.9162211894879866,0.651030440877594,944.9856512957724,29.843303241337644,45.093016324680995,37.971069682895845,0.9065276192951066,0.6660833912568334,1.5251219936347533,0.6514422394799301,0.001220287941085352,0.034303667258233465,0.03128789661168682,0.026926017141799083,0.026901122395211686,0.35904224499953497,0.12068338810484655,1.087085736300791,Benign
52742,443,0.03498485987225688,55,1686.884833133739,66,2024.26179955009,30.25,5.5,60.5,60.5,55,0.0,1.0,0.090909091,0.0003288794976325375,0.01749242993612844,0.01749242993612844,0.01749242993612844,0.0,0.0,1.0,1.0,0.0,0.0,0.03498485987225688,0.03498485987225688,0.03498485987225688,-10.0,-10.0,0.0,Benign
52495,443,89.72937369050959,7948,107.87398413116784,7668,108.98122833145476,6050.042618267391,77.18718187865991,124.01812606990947,88.49779058189529,59,1.3579309290585202,0.8333065196450224,0.6175480633122821,138.03262809695633,11.645163183219177,77.55084344093659,80.51789365838536,0.0,-0.7509218458815012,6.559957015776748,0.1651325780396613,0.001568078642581219,0.03924852589907886,0.03502555134720703,0.027263251340073465,0.027243603767735294,0.40665014529957233,0.0185659336711268,1.1271660541679542,Benign
52731,443,119.56115577046478,54455,457.2831726614668,60066,503.84491529758293,8277.633586475125,90.98018952440928,136.13576085473062,89.0,54,1.5542472357738397,0.9027927869927728,0.668300013030001,978.8168404479919,31.228726733867504,56.87465728334565,55.6293526385789,72.68922186998465,0.11033806779858667,-0.4732540543553856,0.5486299814773568,0.0008563692119978283,0.029215970801413863,0.02646991133484847,0.026827705633891058,0.026910535144152304,-0.04086553510012479,-0.016499852846219146,1.1029015777908615,Benign
51797,443,103.30635401233164,72001,703.5320270997564,76721,748.0316154097721,8023.841389463944,89.55016193231752,136.89703610197319,98.94638997614354,54,1.2803967045920663,0.9257521768340419,0.6540499238196265,870.9427222963186,29.321368357092812,53.29124232427258,48.13260185564873,23.145103406022006,0.4275386531270306,1.0157925294377443,0.5520870079714055,0.0006320837795686949,0.024863038319983755,0.021358612721603335,0.01979547849523593,0.010730552069146674,0.1786738355614308,0.3435118495781085,1.1578520517030437,Benign
51145,2032,1.054232761446002,467,1160.3243394187489,410,1387.8415903766422,316.6088449634135,8.293608294694735,62.92692903950231,61.37009265165199,54,0.04814709246248561,0.9965347182653909,0.10928824553238459,3.1445813802388045,0.3323356412274112,0.39509668139862697,0.2623226563184371,1.008351259356921,0.03925088006151145,0.9068210109708135,0.9948572761064367,1.3093123692492384e-05,0.0006322396365500901,0.045422876466099014,0.045038000690042976,0.045037359569141754,-9.638949724467368,-9.67608850489919,0.04998867494410164,Benign
54116,443,121.57964891526005,38963,320.47448907659964,41170,338.6155687043752,8075.116023889374,89.84488497931238,135.25342175144803,89.0,54,1.5446359333739275,0.9045906695551299,0.6642260900378891,1208.5728956327607,34.754594661088305,64.89218691714791,66.47615545349083,77.80638461549789,-0.14619763261280128,-0.3880037294119658,0.5422207005543255,0.0009861733575245064,0.03137554253471804,0.029515559106354956,0.026931886085510726,0.0269848260688841,0.2470569024497183,0.08073136585896003,1.0628645667980177,Benign
54246,443,98.5480179280517,28209,333.90368016474594,30672,365.714654822132,7909.275997054169,88.92577974563335,135.9332928191651,93.573198226268,54,1.4328721014404537,0.9212640305779161,0.6541835027032654,1238.9034920917015,33.90498905476776,49.42344046931914,38.142822726176696,18.834145552886934,0.8873276863106264,0.9862707588072112,0.6767768776921512,0.0007756921182251711,0.027834149504959195,0.025966659723379283,0.02574531039859118,0.022026177942984317,0.02446715933381613,0.15262396468281125,1.0772166548193105,Benign
53045,443,61.66221018377395,30998,600.2362813011376,34450,670.1762888948023,8225.910506577702,90.6863452354802,138.54598259367668,107.55242932387651,54,1.0300859173655836,0.9321606197874812,0.6545534692051254,523.7911394758136,20.23295843831091,31.51491579398442,27.80387399180296,6.385745943453662,0.3124752330641276,1.42237383056037,0.623470167633986,0.0006993923565559361,0.026422970169933103,0.02278159871911477,0.02235171225733574,0.007091326607543298,0.049630865130367796,0.6087222167755417,1.1675706327409308,Benign
52699,443,7.758906921146172,6941,9289.09532589831,12329,39676.209734865355,195547.4559060907,416.8150003689458,314.99583834162684,126.85124239545398,54,1.2835078361959074,0.669265965162024,1.2544689224915888,33.14683217322057,2.407059341265862,4.030553756342295,3.986938506077423,0.18300439776439448,0.5644286290991107,-0.22317560764667072,0.49957289188811144,0.00024191912423433354,0.014722587522590067,0.014595101891259139,0.01253392960108702,5.375976573021185e-05,0.48565427134126604,1.0185428272270622,0.9877204753039894,Benign
52574,443,61.08796638198285,5427,451.5301340733914,5240,527.9051873232744,4127.54349792036,54.29294733581813,103.73278581999247,79.55633176784629,58,0.9242580133695381,0.8865422521148673,0.4493590532891706,93.95028411896612,7.933546763092495,52.79139026695806,54.81087438125551,0.0,-0.5111051811386444,4.784312379853294,0.4317583550563956,0.0010672923195026963,0.026713998332975726,0.03867569452894513,0.03339238605555632,0.033379013191157825,-2.916849021330532,-3.180993489052817,0.7671909046840468,Benign
52742,443,0.028374919507511948,55,1976.7178900051317,66,2372.0614681355337,30.25,5.5,60.5,60.5,55,0.0,1.0,0.090909091,0.00020749463975620262,0.014187459753755974,0.014187459753755974,0.014187459753755974,0.0,0.0,1.0,1.0,0.0,0.0,0.028374919507511948,0.028374919507511948,0.028374919507511948,-10.0,-10.0,0.0,Benign
53443,443,73.88785508977702,30074,511.96146755815255,33198,569.2637685162466,8120.963338136699,90.10281325315646,137.68001762270003,102.91907232534824,54,1.163587693812577,0.9285489913995033,0.6544308453734822,760.8121029745618,24.764495137184866,37.4506205232648,31.230674803761108,10.511715322464168,0.5030076463830877,1.2778293126624687,0.6411384511319796,0.0007246815897224633,0.026890699589560495,0.02383727371238197,0.02347650600229846,0.012041419890490948,0.04129046131650532,0.457550380957484,1.137623189063601,Benign
52415,443,106.51582762287401,64530,612.0299472797523,68949,652.3384473298266,8372.124554574575,91.32621839809077,138.11582589815475,107.14064772636121,54,1.027539683455705,0.9226179900066048,0.6606761907489933,845.8421425285619,28.878537105558834,48.49641806107084,50.497310074834566,9.836737659089058,-0.23524847986230848,1.3803471928643642,0.5936790193458403,0.0013097966827481065,0.03596369996527497,0.028191270548778232,0.026847574190342047,0.026857556146773997,0.10737879929520468,0.03566083947085927,1.2730696346742756,Benign
53550,443,102.59697341587909,61545,601.4136282974113,64018,625.7321461151648,7873.81026213621,88.72323159296121,135.29784854538542,92.6397282175837,54,1.4397047490212822,0.9165876206975647,0.6557823605842231,670.7285551765899,25.898427602818806,51.42409739305346,54.46971165640105,19.334702627222164,-0.35279862949683527,1.2390663438154865,0.506881682158867,0.00112355811552486,0.03351305174466647,0.02839709964264209,0.026861920229969735,0.026871681442537442,0.1366233664025443,0.04526531689902672,1.1801029991294343,Benign
54144,443,121.56317721897615,38115,313.5254745896826,40660,334.4565059342736,8078.175068307344,89.8706159572744,135.72902023308913,94.76267667020159,54,1.3631686498101718,0.9096389619641941,0.6621674547629662,1180.9134607239841,34.364230678914794,64.5986696415449,68.63821934645482,86.84216005970812,-0.3529615978560995,-0.6472166232809843,0.5349106458208837,0.0009530351389171782,0.030806980724041446,0.02919054700383395,0.02692842884453022,0.02698471537812089,0.21672219758123434,0.07046917372759948,1.0543324595539088,Benign
52695,443,17.210554285321162,2909,9003.49716408236,7484,38783.23615937497,191486.03533205032,408.03955049059243,308.85137116352587,121.9247281834203,55,1.3755750071934498,0.65449733370759,1.2375956145892255,26.28211857474429,2.2437145246496533,14.82096387319962,15.379944612659918,0.07149218570810284,0.4025234745092579,0.7547938789120128,0.41757656603502935,0.00042447345680217527,0.017590263101408772,0.01725257985979688,0.013841785739296321,0.005049987786231998,0.5769066645662909,0.8985370970554316,0.9804666567995339,Benign
51312,443,114.6197532426289,88903,777.0283151453709,94787,826.8633898965398,9568.513406827757,97.58453139135435,139.36180223590645,105.90801908989391,54,1.053982914308261,0.8771547774939552,0.699532723918197,708.1903953995095,26.611845847733505,52.95431576596411,51.438212820633105,31.05385169486731,0.17082397850094405,0.8229796427605932,0.5027101166750637,0.0010429173421553745,0.03215920861720728,0.023713461778289525,0.020752350526854382,0.01825913929585125,0.2736207828427645,0.20712473584357216,1.3532415602222938,Benign
52597,443,52.49928354409621,4671,554.5821121186278,4512,653.5276812955386,3551.044758772824,47.42766599029855,97.64983215125687,76.87506149943212,57,0.7942127579771693,0.9025060215239898,0.39892430864320494,80.7313362125598,6.820546416951334,45.3667868506483,47.10212484599873,0.0,-0.43919149161463156,4.251850813057269,0.511711278128024,0.0009171218040618438,0.02295527654153787,0.039770260929370915,0.03523032626481032,0.03521883499358265,-3.9134648630971003,-4.1404435889285525,0.659245357346445,Benign
53549,443,77.13021903140867,29828,488.55009946795354,32865,542.5007535710033,8093.130293962287,89.94805470480811,137.45035500627378,101.69025946711137,54,1.1989937071086902,0.9275911512409034,0.6543983243005113,823.6724454242085,25.966304228286052,39.024829093067204,32.13949683100577,11.605963882898891,0.5535387579446636,1.2394946533135325,0.6458242575466818,0.0007313885486077488,0.02701474613404139,0.024117249334001,0.02377481261176404,0.01335423439571689,0.03907850237342853,0.41745809026727654,1.1296808259187547,Benign
53011,443,104.0546286614757,77063,748.6991204703983,81140,786.2237645303429,8377.043081571557,91.3155307529956,136.51318136123155,89.0,54,1.5636658403362609,0.9061520837776151,0.6684145007559295,795.876826820587,28.08847210076066,53.53418446778634,54.132065561103516,26.230716579102836,-0.09547501130401509,0.965788231862374,0.5264365988200639,0.0008708248455295406,0.029390987302139807,0.023775953644374306,0.021778084006210056,0.006568184698318828,0.20784916300628845,0.6146976118554187,1.238496264899359,Benign
52491,443,142.68995738527906,54028,379.84244400133156,63359,444.94112374003254,15183.160556560288,122.69511939636737,140.50966436199158,89.0,54,1.269006390260983,0.711447790789413,0.8724165093114,1462.1249416835594,38.17099575805857,53.454986458176485,48.41177938991883,56.6491971054006,0.3915325084760836,-0.09586417266175187,0.7155356702306083,0.000663276033087955,0.025733118595344554,0.025202898389520216,0.02681414836824739,0.02690414836824739,-0.1896354378083571,-0.06671446784001184,1.0206714788078515,Benign
31160,20709,110.72008757189084,65153,600.5786819430642,65257,607.164912405331,7816.7261762059625,88.37944193512831,136.04365486146125,96.93806055174122,54,1.322176256226608,0.9288517890133564,0.6495876428195273,761.3725684687263,27.51808083069287,47.18702144181373,46.979273901436294,8.897383647741602,-0.015996452042018272,1.4160714701471684,0.5826077152455693,0.1042733322601408,0.22069562579288288,0.047651922612595016,0.016413944577945053,0.016386227757478194,0.22238853554704194,0.07474738546181041,3.2582876985109626,Benign
52669,443,26.396000880079797,2374,867.7843763976906,2299,1035.3277233988042,1798.9123506421142,26.562257066409053,79.16212431010993,68.72597076734729,56,0.39897077213426213,0.9510241462626655,0.24563975728293183,40.55545124452923,3.4378434823044017,22.80144996462067,23.67319262169189,0.0,-0.22062673605316846,2.6335590390858243,0.7547093943870965,0.0004607138208654157,0.011531525166706214,0.04309693821902616,0.040816313511898364,0.04081054090083356,-6.942444453577673,-7.056466642963894,0.3311702394662358,Benign
52491,443,76.70006335838947,33503,541.8931048407002,36712,600.5069923888841,8084.891634357757,89.89621134549711,138.39748878025654,114.0,54,0.813424514642341,0.9388742979132941,0.6494796944520963,601.2519778023685,22.397766081278093,36.99153006147459,39.353317357736884,32.561033816298604,-0.19115158367801888,0.6885834066650072,0.6032389168975817,0.0006951617333373406,0.026356919086825137,0.024097026618870594,0.0233514158937865,0.011389802152916335,0.08416097330503737,0.4921886202094593,1.109741753849587,Benign
51349,443,122.22653018854415,89762,734.2730271031169,96988,793.3876527797663,10320.967791493193,101.57949549799257,141.26537166943513,114.0,54,0.8054719661573372,0.8593130148454553,0.7190724374393812,765.7695046601808,27.580501912331123,52.40935710612595,49.43490814490434,30.05989930675375,0.33416666145785334,0.8042976320586511,0.5260358088442582,0.0012440751643933662,0.03519455175299598,0.025091122438290665,0.02193810911637164,0.02696926843363916,0.27205307170601106,-0.05637828691584232,1.4026311437853463,Benign
52491,443,117.01561694149632,55157,472.59942873903935,59923,512.9535053880151,8265.619784556591,90.91511635388726,136.04779202247,89.0,54,1.5524659574814887,0.9024659968720752,0.668257471197468,1070.5793452848727,32.70895339342208,46.24151834983282,41.01465064723067,75.51459591149116,0.4712363407605813,-0.889056690906725,0.7592079051359901,0.0010756699668297382,0.03254359233564694,0.028650308892683135,0.02683310394213895,0.026931764463972337,0.14060731808278543,0.04382449210166063,1.1322451355196241,Benign
52608,443,48.658305033315514,4334,999.2699179691119,4187,1188.0275666551845,3293.8368487552048,44.36468502146744,94.93589074319235,75.6787988277202,57,0.7361923911041401,0.9096283402506451,0.37642258508029997,74.83346688741219,6.319429022804978,42.04971492910895,43.658279656052834,0.0,-0.4071068251130563,4.0142903164587445,0.547382690477445,0.0008501224477754367,0.0212783032705417,0.031165602241056696,0.026957327666530768,0.026946675877879737,-4.358110202877501,-4.568507239718392,0.6110848901310828,Benign
52491,443,117.21954524828534,35043,312.8353391184493,37369,334.8973375122439,7721.981129258787,87.87071106655675,136.68630224838822,114.0,54,0.7743768071638777,0.9410082043883652,0.642849507178573,1116.1617338855049,33.106736642383424,54.35770592335163,59.9831895793734,72.91147624447507,-0.49266041324440984,-0.4933935204989346,0.6087448465586935,0.0007343034786285706,0.02709627104694479,0.02761724462225396,0.026594080836962637,0.025532586037325687,0.11314234497026457,0.07891226762056462,0.983947018697737,Benign
18047,34971,37.03974523421638,9053,273.4532326520918,7652,230.5361670604019,6299.168756650242,68.71884340998417,114.75095217829085,79.2384759323763,54,1.4354720101018184,0.8735495957159831,0.5268519575862093,195.29665546131332,13.269882412714576,19.424109462746795,20.311951229405988,37.01218092795973,0.27013126036608015,-1.5556062209973387,0.7459069065915539,0.00028450853605324633,0.01373933351151881,0.01748578574574864,0.009122583425671977,0.009107642302679467,1.2115261556685666,0.7411190447460849,1.0862720172609845,Benign
54351,443,100.034638657527,41123,415.18701579971577,43913,443.40198221026964,7870.984390383807,88.71761243391937,134.15745617541754,92.36036692347436,54,1.412201291276224,0.9035811760153684,0.6613470147562672,579.541901736101,23.719870780105207,41.5796699712886,39.48288146571625,11.582875863612564,0.322928051278643,1.4020187115942186,0.5682492121366115,0.0015709561874125196,0.039343834854036634,0.03279767556143878,0.02692837891379969,0.026947295486307137,0.4323363127766879,0.14364406583975017,1.19448955726652,Benign
54393,443,105.83505294227785,61295,579.2122474664407,63893,603.6279629887755,8058.816078914736,89.7686965504066,135.4033963615842,90.58437426181919,54,1.4990614562409337,0.9067824991179779,0.6629728489876255,699.1349400576271,26.37728521313447,53.757101150555684,55.28919878144913,25.448337531579064,-0.20529022364936567,1.0718316504352512,0.491079942903431,0.0011039349079684493,0.033058680748780836,0.028141678643410765,0.026383540349318384,0.026892711124202766,0.15795722853566485,0.028021540306104726,1.1716778366115124,Benign
52742,443,0.47741922063437414,56,2016.547428013547,68,2419.8930110212027,31.635487930187566,5.575008326357221,60.545178954245245,60.494980116194974,54,0.011610138031457495,0.9984743336116755,0.09199987790677583,3.787489348881934,0.20836162828664584,0.3512446702043803,0.4637796146342552,0.4504146565168696,-0.01738221513090843,0.9841661606796424,0.9957543691278228,9.035790849049324e-14,3.0119302830164144e-08,0.0270012007953522,0.0270012007953522,0.02700117067604937,-9.899602323899453,-9.889562556289398,1.1146651989063234e-06,Benign
52661,443,59.862989278124815,2718,31.012121440351606,2757,32.93482800875506,2099.0761778470433,34.0859260776036,84.39199507869616,69.34826150426697,55,1.229226289436067,0.8423251762400648,0.33734229677501226,300.92243621092456,16.982597716275315,48.25268997896232,56.82196716739452,30.401277401083686,-1.4196379888368702,1.7556983937372284,0.4394859494824093,0.000514543147570538,0.012880889435740717,0.02953521041861877,0.026988119907812576,0.026979639892448008,0.19125868641251142,0.7415604187893341,0.36993905927793086,Benign
51488,443,112.64415965603112,63038,559.7279052549311,70514,626.3908632735822,8702.781330229445,93.26250961481205,139.551487616585,114.0,54,0.8217173684192961,0.9175996377030988,0.6682290439970117,1110.826547123179,33.32828792644136,51.95628714511286,38.2789986657965,14.742316200136258,1.2271819667170984,1.1161283716501935,0.6415814497211427,0.000646952597458015,0.024146849875806353,0.021640399507357938,0.02070744057043456,0.02691552836779611,0.10831598246693618,-0.2697899958416426,1.0910110294929285,Benign
52491,443,137.03190244773205,54785,405.94954815504263,62924,463.65225088151954,14074.48663688397,117.58714425626484,139.72618375878992,89.0,54,1.3126899458096035,0.7416305672135483,0.8399069867785909,1419.9242819154038,37.60825550405306,48.228051042888254,41.86573736768017,58.5032594201338,0.5179047941395225,-0.30338842932705246,0.7974315379633667,0.0008236318234673304,0.0282648841916864,0.02666134323967158,0.026820893860297675,0.026915477392083425,-0.060587737483511483,-0.023589159234507474,1.0528996699162794,Benign
52491,443,96.80930327465691,34267,428.2150085089318,37038,468.68871572618906,7904.784335972266,88.89098449757348,137.54825135406412,114.0,54,0.7940456953376337,0.9399333252074408,0.6461892272409074,856.7943326735096,27.712475160103033,45.610115012375985,49.59162818002504,52.586381862964444,-0.3407861078088784,0.10198514589703445,0.6059714311192159,0.000714587222264904,0.02672384890071094,0.02584406051678557,0.02496070417362157,0.018408663721490047,0.09854401397426907,0.2870854713460872,1.0473116241592397,Benign
40202,12922,7.9613079291945965,3294,998.4581449428972,2772,1162.433850244925,2279.2459885673607,27.440351970618167,79.56053809888678,67.33350599314393,54,0.3781361034025217,0.9727844805304081,0.23525471029411954,24.6931155022654,2.4508911879953237,2.9438018490975253,1.9010254339690205,7.919357048846567,0.3082673134030707,0.2681938196385123,0.9596102386555894,0.00010283035841268982,0.004965463548353512,0.038348941017446576,0.03532621588891991,0.0353211806739776,-7.164394829683793,-7.456074202193221,0.3925994653227709,Benign
54640,443,111.59704330385163,40225,366.59215817029667,42958,391.5161803144812,8075.87562145617,89.86223094135721,134.80434846532492,89.0,54,1.5290248715667738,0.8991917666426512,0.6666006168579774,903.441639074139,29.44214589294064,55.905527206982214,56.61884106874964,54.092098509301955,0.0036002359785608506,0.3008953171674129,0.5325445724112443,0.0012935373862848995,0.03567264218728664,0.031172020446780996,0.02693248909685152,0.026983568853252215,0.34174831374545955,0.11237498679893965,1.1397560750805669,Benign
52805,443,116.45742987191008,64898,557.4339144474797,71862,617.6933812165584,9064.875178424707,95.16810627565494,140.31293826519993,114.0,54,0.8291433541419831,0.9073971715379572,0.6781390019271679,1097.8215390327348,33.13212571577319,52.42347283002002,44.32253803236004,17.34261395487093,0.727064552363174,1.058068554017615,0.6321915678508883,0.001066712736823152,0.031037521570187777,0.024692897836245443,0.02326869667648675,0.02691113049045115,0.12809707927881964,-0.13609697620238415,1.2217507114352872,Benign
52491,443,89.66511953080003,33995,468.6012792594756,36922,515.5196249598612,7968.770823707921,89.24811014407865,137.8499588397842,114.0,54,0.8009303834923478,0.9395570859457557,0.6473582272855513,766.0081296574294,25.8243253164307,42.54820144639033,45.95427669156949,45.47200227548268,-0.2876256433026757,0.31038515386367804,0.6050006543139591,0.0007076859538534359,0.02659349021871129,0.025223394035833475,0.02438897440084798,0.015915081819469868,0.09343416965572604,0.3599522026608899,1.0694910958606965,Benign
52654,443,31.882531171798636,2858,1357.2303149008285,2765,1621.407816300723,2168.0353503082138,30.95798783167855,83.05694307129886,70.44274559647536,56,0.4822366867028809,0.9408027978881892,0.2779323244074339,49.019101323682456,4.144146393883598,27.548972222849937,28.60264913345361,0.0,-0.26667193093670294,2.974485735704948,0.7035168057616431,0.0005568656202655283,0.013938175118131014,0.02972898796949055,0.026972392802143474,0.026965415436812613,-6.30432713597243,-6.442145960459442,0.4002860614587926,Benign
52742,443,3.1885639651315003,62,1893.6710515882887,86,2272.6586345963897,39.97497809380005,6.026496344560598,60.81711885088478,60.46476457212391,54,0.08149355585265505,0.9892910851970435,0.09856551192021898,26.58394213117157,1.3812642766676717,2.38418492458511,3.1740870561896273,3.1615379479777133,-0.12200875784383025,0.8888595582998824,0.970199186635502,6.342377017695678e-13,2.114125672565224e-07,0.027002409417115045,0.027002409417115045,0.027002198004547787,-9.29529144247826,-9.224820586726084,7.824026759885132e-06,Benign
51044,443,120.99695013357895,38175,315.51945028422415,38100,314.88717324324955,7365.70236272194,85.81959155275824,134.19013954237448,93.23451480530677,54,1.4346115523490586,0.9343735193473856,0.6395277825048374,1326.3315847438005,36.40466401310404,51.2886189419909,43.53639379844444,13.365621913008695,0.6243895021962952,1.0211635808878243,0.7117428134340016,0.000777190724554179,0.027876315292427584,0.02902222997704168,0.02691980619407788,0.026865501596717162,0.22569117502457975,0.07716737182833705,0.9605981873595911,Benign
52742,443,43.321399919292034,159,74.74291515223194,346,93.16117771451854,163.42371367197873,12.709833560916428,64.84262109799931,60.017486544666745,54,1.1159716113038727,0.8533522708276571,0.19575601173820073,364.03781717984305,18.74363848159308,32.477619773193396,43.2945284889313,43.29405633473875,-1.6707862193465353,-0.5219556504486911,0.5919080795949663,8.685242195998613e-12,2.895080731999538e-06,0.02702030053821333,0.02702030053821333,0.027017405457481332,-0.3497308933348737,0.6152960173316391,0.00010714211275674956,Benign
54156,443,111.90059359096159,28724,255.95611698485754,30529,272.3267651524411,7742.871938377601,87.98835963347923,134.90911779072437,89.0,54,1.56530998952401,0.9195983922539297,0.6521881050403301,1458.6851121389348,38.18946872495459,54.66482150733672,41.30706550202115,20.11122175227801,1.0483903348217902,0.9069951060603083,0.6989913301701098,0.000798726641630421,0.0282616016414468,0.027285790796519785,0.026863703616750046,0.026904915058261324,0.04505070575675215,0.013563320567142751,1.036557043930542,Benign
54061,443,92.86149961537664,28639,374.96297386719783,31254,412.65212924763927,7958.090108685215,89.1971981721481,136.3360793963522,95.72831311990889,54,1.3707763754172224,0.9229439085004891,0.6542405387671762,1128.6578518996075,31.797233871231157,46.662564139178784,36.5489137159844,16.915032032768316,0.798705281044755,1.0535027988625874,0.6685588230670293,0.0007639293287264877,0.027616594363243763,0.025475633259940993,0.02522213470701092,0.019723739395214133,0.02834653415512684,0.22293857134360096,1.091146119334129,Benign
50749,443,109.5503188241657,62012,566.8332122630188,69485,634.7386136592445,8436.10579570144,91.83791493280994,138.9108351114177,113.26008548185246,54,0.8391816944652783,0.9246499096706173,0.6610919905288829,1090.5397307698947,32.97344287854055,51.28501897774219,35.7413382600525,12.554222393195193,1.388494125356975,1.1816703734065728,0.6424047756727818,0.000450655645474054,0.021025432593367255,0.020399612704202354,0.019735749294555606,0.02691208068385482,0.09559499195266521,-0.322134338593489,1.0272405988016193,Benign
52491,443,141.08796002671008,53995,384.48564350819726,63080,448.4328237490039,14667.528853235483,120.32919476173548,140.19089089439257,89.0,54,1.2904882180615866,0.7257734504792094,0.8571559139874527,1428.7872769192725,37.70069313951222,53.7396811127007,48.943321837443,58.29167884182072,0.37452465223747977,-0.13874636465606946,0.7036604846718146,0.0006749731917325367,0.02594981175912863,0.025276852913485692,0.026814812330661658,0.026904812330661658,-0.18039683790032296,-0.06360806457599467,1.026089931260462,Benign
52725,443,47.97900708697343,690,9.279324067551885,852,13.10610023402716,566.5475099023803,17.326756717508356,69.00024789414044,61.92839175363655,54,1.1714347784041292,0.846859284149807,0.22797881217531646,361.48959489050264,18.91913188444463,36.66557686096667,47.329981606130005,41.87983023333329,-1.6670381740042364,-0.0958919004376802,0.5487272689969519,0.00010614174934998804,0.002659495625501109,0.027539640031192806,0.027014217380728588,0.027010086944183352,0.03945350411099418,0.9466881882805214,0.07640043252669916,Benign
52040,443,64.40434187133644,33967,618.8930566527728,36721,682.5875862835373,8094.520561435315,89.93043219471068,138.18849127465967,107.52801623225147,54,1.0321836869010985,0.9360969244096091,0.6506489978270988,495.5443793044906,19.864820309514045,30.260605597918325,27.36775609479576,0.5855437567973028,0.2572535388895486,1.5536418171177993,0.633509555853075,0.0006955134929857702,0.02635419569205507,0.02336442032803322,0.022374724816605487,0.007102652455121344,0.1096025747099886,0.6290622193615163,1.1442922939530629,Benign
443,51490,88.70366493060772,77670,1105.0516660207884,71824,1018.4383896162692,8180.564401105994,90.44275614541476,137.93909626378144,103.3618278294978,88,1.143659711604485,0.5441759987861579,0.6557648427471955,580.8624834168531,23.41148226197975,42.426480626835,47.39015080546208,12.943764304417538,-0.9759960016335569,1.328915715909791,0.5446914971358309,0.15867882596741764,0.38107172997155947,0.04853803728954135,4.4585129009309604e-05,2.1e-05,0.3541613219714349,0.11812318913536324,9.006775318225518,Benign
54300,443,121.59864008329208,38390,315.698129117978,40963,336.8591931469398,8114.9984075191205,90.07725469093378,135.65477761668637,92.95428058104321,54,1.4188770822568093,0.906670474069309,0.6640444405670244,1182.2622431817442,34.38389741388922,65.40156419302855,69.26199649840089,87.78040499446543,-0.33705480248622044,-0.6508002007930032,0.5279192290650659,0.0009732367316291665,0.031149000867987883,0.02930605172146718,0.026930020233088683,0.02699108093235473,0.22619249070920422,0.07347843372071075,1.0621065690167693,Benign
52491,443,124.70529342147984,53665,431.96886131481085,60222,484.1403465026961,9394.472539208182,96.13430187071415,136.93098574265582,89.0,54,1.5101699928446752,0.872273384041874,0.7010949541785743,1087.862964960287,32.89119020119646,56.651082673017655,54.37908779407062,75.08835490936843,0.20059550251926367,-0.577276834751177,0.5822200810130072,0.0007945930208649933,0.028165802839836884,0.02603314149510808,0.026821602276233737,0.026911602276233737,-0.08591921508599286,-0.031840740651533556,1.081501196187082,Benign
51105,443,98.61898997113533,61190,624.7416750004155,64309,656.4148547610639,7627.030285215288,87.31641330238261,135.7034936774834,99.33847505417857,54,1.2464383390105174,0.9360479326999629,0.6434299904753006,764.1561775890362,27.468923720012874,42.87551745753169,44.01737527635042,15.979999438058769,-0.18098999750254974,1.1071361992385602,0.6570110182031011,0.001114622804166373,0.03334051729533509,0.028377706517770423,0.026851952673118597,0.026848615249458214,0.1311186970209822,0.04388901048076865,1.174890083719541,Benign
52139,443,60.03550473607121,33595,641.9333580113405,36604,710.8983122371172,8155.875061984544,90.27718510010844,138.534049795064,108.95931699880639,54,0.9906349865873116,0.9363378653440008,0.6515502217937031,428.84875323827134,18.55166844489174,28.711305134520437,26.409617340615966,0.598523078408576,0.21083022131457033,1.569094606854828,0.6258519504158159,0.0006885886308690549,0.026225463069810356,0.022910646572711777,0.022023483608492912,0.005576771333912487,0.09890636566528303,0.671086639450774,1.158656612148036,Benign
52842,443,102.35273438346144,76794,757.8524022866069,80082,789.2342161661774,8014.089396071742,89.44466788232447,136.39941171725388,93.09139857164261,54,1.464012317556136,0.9217573419889086,0.6554953208411837,768.5075934921082,27.62513173801559,54.138591377004346,56.20977040813918,28.239625897633438,-0.23473437906560954,0.9359893074265483,0.5106838136600318,0.0009211193248090233,0.029981259957498285,0.023392936955311153,0.02123967653748589,0.00443243518480148,0.21993226683591713,0.6759504455924031,1.275674433775912,Benign
52491,443,57.221863038652295,32762,652.003916663346,36396,728.1887351762608,8259.34706139562,90.86989359267122,139.22007664410776,114.0,54,0.8321952153723933,0.9378485035090625,0.6526669048962471,353.72869004593394,17.249835651807494,28.643401298510916,29.436290659431037,13.16409279070192,-0.04621267758780707,1.2567738742323558,0.6005921505549878,0.00067634582750423,0.026001503743037335,0.022404815656613827,0.02179262801232733,0.004591196525928546,0.07022928078315402,0.6908555134587575,1.1702127899085901,Benign
52537,443,74.40667970980678,6600,449.85273485563016,6369,522.8518711921763,5021.778524212873,64.94201667046079,113.1683489262386,83.71537952659439,59,1.1259774872871566,0.8617800786912042,0.5275908205801642,114.45476615251366,9.658171701329982,64.3062474366588,66.76648431396009,0.0,-0.6226539767828269,5.610239222100455,0.3077395161412534,0.0013002290558816534,0.03254433316590671,0.03337059634953922,0.026934204872941025,0.0269179133785364,-1.3709500749018115,-1.6927441191454147,0.9346304545160834,Benign
443,51907,108.1203954917759,74307,858.7561834410983,69019,794.3686620854911,8252.555947340414,90.84020851118274,137.39032607221745,97.370069482595,74,1.3187005815948183,0.6943050328830693,0.6612686747159756,715.568340362885,26.18621327314051,45.800725359922744,46.02013969334393,16.09856456219618,-0.30202327945083574,1.1909480020182668,0.5657322885241797,0.20351218128581056,0.43731744912351556,0.061271457292660245,4.35066125068671e-05,2.1e-05,0.3981091071500019,0.13276047381595746,7.971524676307746,Benign
53515,443,109.53164070627429,38461,359.1631712070846,41004,383.008897888813,7788.130702703969,88.24832563763326,135.21770621998897,102.07663561922799,54,1.1240997002184092,0.9204798286808504,0.6527501597088559,843.1174479432339,28.405288304243975,48.08033324215394,49.59431780503964,40.89311658930115,-0.05652591593458178,0.4990216915728598,0.5866738871947202,0.0011970166476892412,0.03387713328727298,0.030626365838619555,0.026920800224217004,0.02693369271013308,0.29029093314781673,0.09641486085442649,1.0944262866066674,Benign
51374,443,121.04005339408681,37495,309.79316096420206,37948,313.52097400854603,7438.860803007563,86.24219375321121,134.72126595178554,97.97076210308757,54,1.2831516450606657,0.9359344189830296,0.6401373805371873,1289.8916884196242,35.8915592557899,52.376352835688046,47.74821859857932,27.847889097443908,0.3628780966194998,0.6493297816749332,0.6883736910952241,0.0007682827906365129,0.027714907962966943,0.028780371803731476,0.026917911695158767,0.026877247490015656,0.20066779403792312,0.06833828032493817,0.9631150774833542,Benign
54640,443,106.67209723999483,60735,570.1617161233894,64093,600.9107122481447,9134.724081435852,94.62806764309104,136.54897683085287,92.0699864796723,54,1.4472528667123514,0.8815104912919658,0.6909534986455894,733.1541696556174,26.935005736957123,53.0103699821248,55.80241459198837,23.05221105079829,-0.31318589213866477,1.1024114363029194,0.5118476429517214,0.0011405269141223017,0.03376916696863493,0.02823664848028001,0.026651574539933182,0.026899473162683898,0.14009722852308526,0.03913589917215875,1.1977593607185193,Benign
52589,443,55.50348042676062,4936,853.2080002816216,4767,1011.1913833966615,3753.208128952955,49.83514465382054,99.78296849798957,77.81531443845489,58,0.8398163045606927,0.8969079356907079,0.4166104842745334,85.36674311138376,7.2070298719937504,47.966588152302705,49.80156892764408,0.0,-0.46440978412600764,4.43857147266192,0.48367383192681623,0.0009697827648613448,0.024273364185667324,0.031751797354484836,0.026951180498808656,0.026939029400957108,-3.563977164920408,-3.8039889663263287,0.6970991012730621,Benign
41522,9988,115.03898519503156,63389,552.5222823831832,68903,603.7834760353087,8472.476803947508,92.04554242013963,138.66508039940226,109.41498598678943,54,0.9543014238279146,0.9197922675179613,0.663814565933558,1078.8157520878535,32.81933289185077,51.47742062686,36.574151417521406,14.6059419774312,1.3489158720171024,1.121148904426146,0.6373706077979308,0.04914611519693776,0.11117023964284323,0.030770138281845272,0.01574194082328054,0.02198507512346701,0.1636453217614875,-0.25356818603314635,2.0276713033369687,Benign
53575,443,48.66203989850548,12950,6308.523414399743,17082,26862.700503061315,134740.8660732694,310.1808775609318,256.24607838761665,111.71503620290616,54,1.4577339064321464,0.7473902762277014,1.0601396202088311,646.7791373625009,16.871311669115926,24.31454604809068,18.269291069551965,10.108386142105113,0.8485832112396714,0.03180776543549835,0.5735670921555505,0.00043846314990738993,0.019405744881886,0.019269779499141663,0.017869039072566324,0.011830898556544603,0.32857827750270663,0.595821797738416,0.9884331547862268,Benign
53829,443,114.59960807122842,30273,263.224202871685,32450,282.2398874980021,7760.746464895299,88.09448733680458,135.62145641703515,98.42361073562269,54,1.2653142098998598,0.9265641964406626,0.6495911629631616,1357.3958677829858,36.785977533611415,55.57442581432343,49.244003833965465,43.244494369346555,0.47319458412462445,0.2960164555724667,0.6622011350750829,0.0007770871881612137,0.027870928939984992,0.02736793331484997,0.026876608888047795,0.026913884722147122,0.05383308088133218,0.01662395822756824,1.019000894263525,Benign
52549,443,121.29051113243986,38879,320.55111561834633,39804,328.1403177652799,7714.4956284216105,87.79556607949762,134.53753343775676,89.0,54,1.556453352361117,0.9178027871688674,0.6524772524053728,1278.543889018288,35.73608833767099,58.10814017127468,54.04683126298963,41.78779350196252,0.32127158693292546,0.4225829462269699,0.6308446090950142,0.0008926146936206944,0.02981408466848267,0.029386593933382124,0.026927052157428036,0.026924401967850443,0.24752549618716238,0.08274655232813051,1.0142200665151961,Benign
53138,443,136.2524123914526,54985,409.4551233755346,65202,485.9058727959959,16363.771750131515,127.90954408321268,142.70935160223925,96.53444685410355,54,1.08595732439608,0.6933951343666827,0.8963596867505927,1416.9851669018233,37.58228084372428,51.06881901991019,48.129144506896694,37.60826489230738,0.2170226563154076,0.39412425443390253,0.7358993659854638,0.0007708198759314971,0.027560453508813268,0.025035369563284508,0.026304876904159256,0.026920178538827357,-0.14872492542683305,-0.06896623629949974,1.1011904408723912,Benign
39354,13139,87.36594456537847,79883,985.6375310456293,80182,974.3601405475661,7796.283471264354,88.2925763183848,136.30612493482434,95.30976549559372,69,1.3960826283371053,0.7633661658589914,0.6477635163428838,615.2604680737093,24.55262941077682,49.826164296625905,55.10427174906918,24.02927175933157,-0.7625532919298221,1.0909658225780092,0.4939776103547721,0.020540450299228047,0.09182914316809412,0.023220674914270767,0.015071579518092204,3.146653132246751e-05,0.24351781382894347,0.6201337031285046,3.6720666730937372,Benign
25732,25459,82.51856508504763,72758,1049.0096306108144,73261,1021.6374288473294,8277.228888696874,90.97099998641399,139.01905558040139,114.0,83,0.8251704084685798,0.6022367046174886,0.6543716192160843,732.0282411306893,26.002464218721002,44.10618045901052,42.311885192472616,10.32788130533103,-0.32216753997628245,1.3601591364920773,0.577475997189324,0.03953084639683464,0.15003192342688687,0.022911234007424088,0.009709539978162587,0.013542670332317413,0.18617940368217195,-0.12758451301052626,5.904447805637006,Benign
53736,443,113.01681576127336,29964,263.9271977723419,31479,277.7221370849108,7688.331727385771,87.67453424392629,134.76199731886757,89.0,54,1.5658912332617556,0.9212471979966604,0.6505607711310804,1446.3896789169705,38.026054939930646,54.12891724203958,41.117740379143896,17.684308983440104,1.0249523400452514,0.962032463773634,0.7031375049664785,0.0007970541676506146,0.02823190524612411,0.027526424923933483,0.02687082603787969,0.02689876387637663,0.07006860580857671,0.02237421274236579,1.0269191000987017,Benign
52742,443,4.532428194033415,65,1832.7635079426911,95,2199.6772815559098,44.10870888810955,6.250290591869911,60.951914420264444,60.44978728663728,54,0.11613347155392217,0.984739119067388,0.10181997507960464,37.8837214963832,1.962650392751243,3.391875750721269,4.517536249533421,4.50539154300693,-0.17387019697612316,0.8416178409491941,0.9575319560554318,9.038288405288837e-13,3.0127628017629457e-07,0.027003008508534508,0.027003008508534508,0.027002707232254335,-8.995745732745684,-8.895320306020253,1.1149733002191033e-05,Benign
53146,443,107.43178317261989,61533,572.9858206025351,65900,613.0902063756635,8209.545183147982,90.59780635360299,136.67644482637704,98.59728053433028,54,1.2658438524917828,0.9124463014025921,0.6628656510454469,842.518325992405,28.793667802504032,53.05100724088394,48.30595577269948,21.28461091720168,0.3810893105251797,1.0981562171149526,0.5443879317117982,0.0008668256394910753,0.02868380636173276,0.025329861690417625,0.02394857839122771,0.02690136506297708,0.13716552075195107,-0.09960244965297502,1.1189294935364522,Benign
51544,443,105.04721862233767,69580,669.048556612184,75036,719.7816619878961,8138.881022137707,90.18928355211816,137.43577180555323,102.58882152784972,54,1.1684029983357886,0.9251669397803716,0.6561331532468392,930.7544577085728,30.31757375218458,52.90470092871478,44.92655312727007,20.758329614291696,0.6890320795910543,1.04796546295445,0.5750183246711642,0.0005786003544251104,0.023752717512747042,0.02101170054715026,0.019667847693664146,0.014647331565327356,0.15895983333944566,0.1769346229876504,1.1239002765650932,Benign
52491,443,114.02764522476838,34921,330.8792393287803,37317,355.8205927984495,7750.569205802007,88.03026874317145,136.821100031493,114.0,54,0.7774527689631293,0.9408401070729437,0.6433717965546264,1075.5999994828567,32.26314334376431,52.989694918360286,58.35808267873918,69.73289221209798,-0.46890922010727554,-0.40028393455055467,0.6083111199611388,0.0007312201090520529,0.027038029000679097,0.027339941374440565,0.02633864167965785,0.024418495972306907,0.1108593532688613,0.11146788625191828,0.9938564301551828,Benign
54640,443,112.30991060095386,40138,363.328584743659,42864,388.02203948851064,8084.337508228338,89.90939628009852,134.85301489718336,89.0,54,1.5298499410638513,0.899261626758569,0.6667101081917408,923.3703751540829,29.79470263502222,56.70132360082192,57.60952259006821,56.6198737187539,-0.018033232070996053,0.23303054449491079,0.5311361903293991,0.0012740077270162245,0.03540559318035559,0.03105790927511319,0.026932560594989784,0.026985084613783444,0.33504000984567894,0.11008934252285858,1.1354664505841756,Benign
54185,443,106.1016912298087,61335,578.1724952497672,64228,605.2080648274807,8083.986360951169,89.90714975552439,135.6159829689809,91.92245101770911,54,1.4601164038431989,0.9077282985482044,0.6629549479826929,723.0785591859703,26.78079740536672,53.63919039310075,54.12306569153713,24.753036025346344,-0.10737059272840821,1.076227594876012,0.49998185418279034,0.0010643399857310516,0.03232811963547673,0.027672132790924682,0.025976925584738558,0.02689415624709913,0.15448521726353948,0.00670958573551228,1.1628693806805377,Benign
52620,443,111.94830363318417,57105,510.36114610393463,60432,540.049319375074,8207.413796206252,90.59443190417448,135.7788726963314,89.0,54,1.5490617797989776,0.9026941181629389,0.6672191364381064,1100.1355660498502,33.11796691146123,35.54448271538989,27.277500526413867,69.47940296191788,0.7341402322267633,-0.9958878505571327,0.9471568038784169,0.00134010958801699,0.036601243149743744,0.031147900607458173,0.026845263525404117,0.026948329759540424,0.35177471932306803,0.11445187214321087,1.1751141993967311,Benign
52742,443,0.039212432464451365,55,1501.5139795513514,66,1801.8167750339137,30.25,5.5,60.5,60.5,55,0.0,1.0,0.090909091,0.0004065145850839232,0.019606216232225682,0.019606216232225682,0.019606216232225682,0.0,0.0,1.0,1.0,0.0,0.0,0.039212432464451365,0.039212432464451365,0.039212432464451365,-10.0,-10.0,0.0,Benign
54640,443,105.0979888084861,41021,396.3454399319426,43817,423.37149438874735,7998.730459250685,89.43223491261787,134.36066730050118,89.0,54,1.5215028942706232,0.8985548673175632,0.665602408428735,721.7557315654036,26.227963549591813,48.65042636029806,47.587015340772766,31.046927402361945,0.2008278102400592,0.9196035363648333,0.5453844823600041,0.0014715849982022717,0.038107269299560084,0.03221234692299015,0.026931837264036643,0.026969749997576824,0.402906446252549,0.1332127033945171,1.1788636389708267,Benign
54640,443,100.22161168570133,41618,418.6699523073537,44461,447.2732057687098,7940.8468233494,89.10959985871457,134.02776400149054,89.0,54,1.5158589966804106,0.8980769883736966,0.6648534316734854,585.4329782264733,23.81629501246204,43.206771776774374,40.810246752620166,13.755651378029778,0.34881180264955913,1.3838333113151198,0.5550185365408696,0.0016051778619241347,0.039934021169584825,0.03299292573371272,0.02693134818018166,0.02695938141985116,0.4487946779087809,0.14884767992382694,1.2082068657460903,Benign
54197,443,116.57482892528112,73531,637.2041362377834,80725,697.591058848791,9895.609694419403,99.30411877395808,138.98732120847689,89.0,54,1.512347310728561,0.857914520113477,0.7140466792587881,996.721520957899,31.473221596034502,51.685102898486626,47.86225313585196,18.42113966120296,0.33926104592538636,1.0519185962461257,0.6105594729329906,0.0010817543219991221,0.03279519935180324,0.02712107499145304,0.025496523800871064,0.021434772876023748,0.15173931202103788,0.19670919398598874,1.2110351120748792,Benign
32716,20217,69.19524891985365,10170,210.82802674530632,9153,183.48149459960888,7393.526630699378,85.51385764780501,130.79442347344056,89.0,57,1.456289333138988,0.8516599289936726,0.652041753105454,126.25198387180393,11.205655592503724,53.586044532012295,53.806517379447264,12.548494987791777,0.01448188155546748,3.349846491906722,0.4090366425559155,0.001152702110832835,0.032641433315218064,0.026396455188399462,0.016707315533846585,0.016686935606602515,1.0617429648568981,0.3546099903221678,1.333549327934342,Benign
51561,443,103.14256554336731,59758,585.6099682355389,62968,616.8061723812185,7821.855537621417,88.41641244614998,135.74152736663203,95.93499419569218,54,1.3461454971036184,0.9250051170429293,0.6513505501846725,883.8112427110777,29.480752706245376,40.075316454223845,37.887053698213364,34.50291961251254,0.14251843660122887,0.37134066384025544,0.7623628199777053,0.0011928436957058665,0.03447039623113014,0.029341309705255225,0.02684933461091976,0.02688265005804308,0.20775801849519002,0.06840841519201457,1.1748164721883088,Benign
54640,443,99.39494685735778,41720,422.45450151796393,44570,451.3251286691581,7931.0341356241925,89.05490534991492,133.97132877476335,89.0,54,1.5149022184175478,0.8979959762400669,0.664726461850352,562.3229474288772,23.407458389069497,42.28393958628941,39.661419231575195,10.8243584598289,0.37389869781835067,1.4625315779910353,0.556651743642196,0.0016278251098657565,0.04024370015524086,0.03312525287583624,0.026931265268542372,0.0269576236930983,0.4565738521174043,0.15149818969026121,1.2131812581924577,Benign
40114,11077,98.6051937176885,66569,768.4718027376307,71246,797.2275521790434,8404.883400165418,91.67267349754535,139.0791263336599,114.0,66,0.820786082900818,0.7868292842547864,0.6591362204183306,953.9941035676779,30.277321736936912,48.46811967900257,38.040866616889566,12.025536508093921,0.7301060087060409,1.2386287300295291,0.6173627779824847,0.017041598408717724,0.07543664624261354,0.02119443334807316,0.015204521295552317,0.021231899190306203,0.13502615904932547,-0.2525302375396808,3.0950520653467066,Benign
8375,44596,28.049577297559132,11515,527.6927866265676,9641,506.86672646100914,7987.30369107602,83.12599823155949,127.93708117072062,84.67726592761659,54,1.3378633366192951,0.9037102108003243,0.6016106879052836,87.36403588805909,8.612415923390483,10.35635704877792,6.6669649977717045,28.019058084943353,1.090664268153951,-1.5891647198121321,0.8570991227992596,0.0003638186493536542,0.017568043809850643,0.017775381683608867,0.007080837867915914,0.007063023040390301,0.03250459387070026,-0.9994707584354343,1.3890353920333192,Benign
53970,443,104.36729120901222,39908,389.62822872434674,42586,415.84989266302813,7833.18548926918,88.50351785703386,134.64115566681974,96.7930516948887,54,1.2807656985305906,0.911290555271259,0.6574250206612118,699.7884023603775,25.857417564504516,44.54535484345057,44.09584671831705,24.95457870341049,0.1498163481560319,0.9900600405633788,0.5766547821250196,0.0014003602359146487,0.03684985639958626,0.031807096580582575,0.026924921419677988,0.026941089727627154,0.3675334125228235,0.12209750467929711,1.1488394265506323,Benign
51715,443,121.13677129837376,38835,320.59185934854406,39078,322.5704357337134,7522.747185104051,86.70590583332371,134.15688256092136,89.0,54,1.5627368896299554,0.9248279111418933,0.6462301810939912,1315.7487427306105,36.25796643157813,54.500938750435935,47.4379328341404,22.636051494820652,0.5698334993297529,0.8535866697576745,0.6779675580933713,0.0008428678451676087,0.028983829034249266,0.0293180207981116,0.026924481869677774,0.02689227337097217,0.24777465602624113,0.08381806373822931,0.9883548982595494,Benign
39350,13770,41.86025629492149,3594,107.7754905176538,3172,93.86420088129645,2534.627150130156,34.48831028560061,84.2025895473209,67.42555751539237,54,1.2641238479715216,0.8578846235068476,0.32588366018147197,307.00885378793566,17.047703854047747,28.161711755498377,35.386960222908385,41.83281989405736,-0.9588212976675379,-0.9547857162010935,0.6422665572950015,0.0001098129920387504,0.005304871878984941,0.023340652236725438,0.020112670973610823,0.020105062006877134,0.46761797462237675,0.9000786013593427,0.41934126690478934,Benign
54567,443,97.56949774055987,41814,429.7291492984991,44668,459.07824114951103,7892.490757821953,88.83942540999111,133.8822466141609,89.83831086839449,54,1.4869839454985248,0.8991947854561718,0.6635785041279478,511.12548355149426,22.50367493297966,39.89229000293856,36.85825157499592,3.974804039664524,0.4214230811713877,1.6364100374598014,0.5634667112869294,0.0016680198349838392,0.04076282893700148,0.03336128336247493,0.026930346117522652,0.02695082636478425,0.46920709321791637,0.15590337094335457,1.220463023579681,Benign
52966,443,121.70557116895048,81509,669.3636286967776,89456,734.6793176951286,10460.699214363312,102.27755913289884,140.48506929670788,99.75275787821708,54,1.194721206019619,0.8455925405640279,0.7280479673064137,915.4792370572067,30.10478968098957,51.55089166440162,46.94441966780235,22.47910276954658,0.45346834899495214,0.9501727888325244,0.5847993121068764,0.0011644407566255492,0.034123835275933566,0.02665699737811323,0.024372510594175795,0.026983849448424357,0.20068482497736467,-0.009466571313207883,1.2874915863491487,Benign
54640,443,121.3741634860759,71091,585.7527168341505,78948,650.4979994750837,10250.516475122673,101.22701982341977,140.25874317361513,94.93853285648274,54,1.3379064652735049,0.8525569670641452,0.7217902285480344,1073.6120206140033,32.765978435212396,51.488751426270426,47.237545809276284,16.802547434163596,0.38955050974452743,1.058676123256123,0.6365389122423014,0.001277226698852398,0.03562854195487892,0.028507409834829255,0.02687407309954407,0.026966759153544996,0.13669859504419782,0.04291991471728598,1.2490533083064925,Benign
54160,443,121.83909105369194,70736,580.472864739911,77129,632.9400650090627,9679.11496729469,98.37166502171789,141.35848947825514,114.0,54,0.8345367727678416,0.8882405490080127,0.6959052271434922,1033.945064584565,32.089495316815025,52.97775154837599,52.26435161392675,22.292394815596452,0.0742560276812218,0.9519476168608116,0.6055398399740796,0.001592420020343426,0.03984889914135754,0.028385918364456475,0.026124795247852717,0.026914365811606104,0.17263152442486923,0.03472521405248237,1.4037982550556898,Benign
51895,443,121.10810124469565,36422,300.7529706027137,37708,311.36413203581253,7554.3572772110465,86.90936303610454,135.55976424950538,105.44795628210231,54,1.044039312885459,0.9383986377908468,0.6410997633209496,1232.3634042004492,35.081512046808285,54.09357683750067,54.39749805942053,50.71129066457365,-0.04997440802927261,0.06230943745889317,0.651480460118441,0.0007542196838246219,0.027460091466189232,0.028398546191190182,0.02691492081748716,0.026895790931579615,0.16116295679254386,0.054399643373667615,0.9670885347374633,Benign
52875,443,139.99941132466782,54618,394.13745530326923,64649,466.77928788963334,16246.258351052938,127.45282399181193,142.03861455680334,93.46856738319968,54,1.1453240996122285,0.6906588147419336,0.8973570607553311,1458.815841346351,38.152830753600426,51.83942188937922,47.870060093457155,44.20034822247595,0.300003245553766,0.2249205509351584,0.7359706766250645,0.0007188263617955114,0.02666437763341574,0.025051491306529488,0.026511639815677012,0.026913188333633695,-0.17187403539054047,-0.0702362048834717,1.064612629456477,Benign
52491,443,113.35258401822603,56481,498.77955727852793,60169,531.1637445080715,8228.810488914478,90.7126578181063,135.86780328727656,89.0,54,1.5499833934414218,0.9024959567368249,0.6676533465885679,1115.4597656234262,33.39434699509421,36.900921539744324,28.72606386970749,72.94258418256949,0.7312422595221899,-1.0769969489263878,0.9305854448801676,0.0012932600672537682,0.0358709331185483,0.030738779671641375,0.02684167673352394,0.026947685362258746,0.3163048388585068,0.10247502881759707,1.1656213658167374,Benign
44499,8434,82.3890351492543,8930,137.98184548894,8349,125.07052056755916,6657.351827139479,81.31860538325448,127.43565255379524,89.0,59,1.4121961189234407,0.8389424299137993,0.6371174334163333,134.7467688754038,11.59175170198355,68.69408064314725,70.5828127357893,5.071477967486246,-0.4496095807398566,5.322014905077011,0.25478338673221523,0.0014169637717810807,0.0369977570462832,0.03141594124390217,0.022791944697240378,0.022771791149532115,0.7826327312649715,0.2614570103888077,1.2226231043344946,Benign
52764,443,141.56542858644875,54465,387.7356033041243,64418,458.78554071859253,16197.14490994243,127.26194282005723,141.75828733761003,92.18721655829955,54,1.1701357946305082,0.6895151998537302,0.8977739023225987,1476.2985146589524,38.39128585420194,52.161486938522664,47.761778593799356,46.955437420562255,0.3346840761214209,0.1542037118970106,0.7360004801276953,0.0006970962406802283,0.026289872512451146,0.025058229212961174,0.026598054115308276,0.026910266853752925,-0.18154895295634912,-0.0707669743765692,1.0493253328501937,Benign
443,51441,86.4158530731143,78066,1134.071882566399,72154,1044.839815846875,8172.08186525396,90.39592559212835,138.00375611716635,104.06781773599081,90,1.123035200353825,0.5264867702479686,0.6551163436602787,564.9905189878222,23.084544496185963,42.02890405820911,47.55157487514918,12.57204418320394,-1.0554080726091126,1.3451720146104358,0.5422123273354537,0.1533962537246032,0.3744444750480948,0.047037698745016246,4.4712207192478345e-05,2.1e-05,0.34898309365305985,0.11639852424658212,9.12875562209778,Benign
52541,443,72.8328270064868,6461,310.60851174013953,6236,356.1188132242771,4915.89457215285,63.68108915838599,112.05110940617278,83.22291792471728,58,1.102092429692824,0.8647121007062258,0.5183276085007249,112.02694426508964,9.455553593149007,62.94439439607911,65.35244293020881,0.0,-0.6094457854426697,5.512443457454373,0.32242425159460975,0.0012726476466295182,0.031853978979599074,0.03717889576947095,0.03087903773413064,0.03086309182681505,-1.5539957900891697,-1.8689637038221267,0.9148043900631262,Benign
52704,443,13.825278007008812,2673,9410.626542028465,7470,40550.49776815033,199949.64862397406,423.0902879156987,317.2403568982236,123.42834419237467,54,1.3752684011775582,0.6464679749531455,1.2654807168561213,21.065591772557525,1.8048460678625902,11.892689031005663,12.339266828521803,0.0747571115215215,0.45581448418494386,0.48512744102385263,0.42978915226310416,0.00037096243613861667,0.01656901594419142,0.016450281357897046,0.013244571736332375,0.004052180777425644,0.5761571376772414,0.9305169320512086,0.9728438018582788,Benign
52491,443,139.92938185006122,53972,387.84364506151235,62878,450.95805102741366,14294.619600005486,118.61813785229776,139.96035119913066,89.0,54,1.3060240594605634,0.7361338899605342,0.8461193210677315,1404.6771929358383,37.3605662676706,53.9455747191889,49.32773787681408,59.47953566641653,0.36222442529626364,-0.16975913227752282,0.6950722490180657,0.0006834326768009249,0.026106526106531476,0.025330337457060342,0.026815292513952326,0.026905292513952326,-0.17371540351531278,-0.06136148719538283,1.0300086023676427,Benign
51829,443,109.11741312132932,61786,566.4127305489949,68018,623.0792706094505,8368.666296664622,91.47307776043108,138.02037166989504,107.05631420982665,54,1.0196416011812355,0.9184254421322502,0.6627524847394907,993.8847402346228,31.344585160227556,52.30560077326225,40.933912999924594,16.889064226807015,1.0001161726289745,1.125946433106916,0.6006639016491888,0.0006165150507221563,0.02406535601331644,0.022361493724315517,0.021378047237917877,0.026910500819346615,0.1152162116832955,-0.23433204615014558,1.0632443282264208,Benign
52561,443,65.81024805901984,6306,3158.667534897366,7694,13412.080028119955,69980.73402424747,191.96819625147452,188.4174377826187,100.33852026988399,58,1.3799767036153852,0.7697683912473035,0.8372715879502497,101.17160596244892,8.5441966281133,56.859854916621074,59.03251445469106,0.024620266939601676,-0.36253276852822347,4.626178435135671,0.24225027001844165,0.0011926882209641976,0.0322514886639991,0.02877053535348189,0.022415507726880148,0.019374701956212294,0.5876670203801796,0.4394282799449445,1.089901865441061,Benign
54640,443,112.73140154796192,40086,361.39895960891715,42808,385.95608874044774,8089.340695614791,89.93728332635922,134.88178948192711,89.0,54,1.530337772845565,0.8993029323515397,0.6667748461957771,935.1534684130311,30.003155843211317,57.17184732526347,58.19527437627211,58.11444973758153,-0.03082426761483764,0.19290472105133727,0.5303034683068863,0.0012624605924887184,0.03524769739906996,0.030990439739049497,0.026932602869082212,0.026985980824542923,0.3310736483994039,0.10873792918917768,1.1329301610129712,Benign
53148,443,136.10961259070112,54999,410.0388865384506,65223,486.6347954784854,16368.250238189063,127.926949889623,142.73491369023344,96.6512888883225,54,1.0836948301111273,0.6934994167281594,0.896321676382378,1415.3909812395252,37.56053693215632,51.03945100081543,48.13901832946147,37.35703765609426,0.21386022904476265,0.40057268305016,0.7358966483051794,0.0007728013719477281,0.027594603360133127,0.02503475515645809,0.026296997077371532,0.026920444938665376,-0.1478427025200988,-0.0689178372302755,1.1025844375815483,Benign
53473,443,109.2318686909414,58855,539.9730253495223,61727,566.1226989180055,8132.033922051687,90.1762647657269,135.51386439491515,89.0,54,1.5474195215289617,0.9039483954785045,0.665433906695749,918.7214854053158,30.067944585123644,43.298859716954794,39.696717796985254,51.22280028137357,0.28821259796787535,-0.12441273352732263,0.7499967775519502,0.0012601281301346393,0.03546990600380403,0.030112596408944838,0.0268536027866897,0.026924106191044204,0.27161799399495523,0.088594901275354,1.1780691451538952,Benign
52742,443,11.323565669155832,82,1524.970880329369,139,1830.8703805616622,64.99827012915948,7.3812214306652475,61.633095765081286,60.37410047054652,54,0.2911842129864678,0.9617360305828837,0.11826620993561283,94.98648043387442,4.9006503450806544,8.48418104878112,11.306576367295147,11.29647528048992,-0.43594887667494964,0.602884648868064,0.893518864220535,2.266191530162575e-12,7.553971767208583e-07,0.02700603598117814,0.02700603598117814,0.02700528058400142,-7.4820094109304724,-7.230210352023519,2.795599051514443e-05,Benign
51351,443,94.5787461748445,36537,459.7597800066335,37529,487.0528788545147,7670.76122958285,87.53550145297389,135.80180983464092,97.64239983759799,54,1.319149587148004,0.9344328090071577,0.644424481898863,956.1934545361578,28.93441344109997,40.96121473548969,33.985367429882864,0.49589901020730603,0.5778871331955326,1.446913479414751,0.6863986142698913,0.0007433416868017269,0.0272433179162066,0.026498515816479273,0.024800655079853455,0.01764151038113354,0.18347846576221744,0.3388106482608347,1.04508174173067,Benign
51455,443,112.54803457277289,62991,559.7857322760642,70480,626.610109783674,8693.65365258412,93.214473250403,139.53229293515636,114.0,54,0.8215301738447036,0.917856821918757,0.6679792333418015,1111.1543779389083,33.333232792072465,51.94451030782717,38.12665285973057,14.67676778000878,1.239788948486571,1.1175919460857657,0.6418181502761688,0.0006363712654094922,0.023973149520775304,0.021563451995275512,0.020642876313903595,0.02691563922968158,0.10781733970879558,-0.27316013535873024,1.0877153378423523,Benign
54283,443,104.56376164232972,61345,587.300375628549,63667,609.5965635628452,7978.2635986561745,89.31651092960595,135.19947469854344,90.19014270266283,54,1.5106876701856575,0.9092349418011038,0.6606359201433474,670.7659105266019,25.899148815439,53.08820230270842,55.95052152494585,24.003341656817447,-0.3315550483349816,1.1230120697115789,0.48915302425401946,0.0011419043804536874,0.033789433579143956,0.02859937605083323,0.02686399295617467,0.02688468308873202,0.15374816341517356,0.0506433884920734,1.18145215583605,Benign
54640,443,111.29177496429212,40262,367.989705294467,42998,393.0124624029808,8072.252021194268,89.84203351513098,134.7835082319377,89.0,54,1.528671555323459,0.89916185072187,0.6665537298177246,894.9076353438873,29.291171915465096,55.56474646874044,56.1946054441466,53.00963934178806,0.012864250329124471,0.32995678001264883,0.5331476782927147,0.001301900494932675,0.03578699952596418,0.031220885821924206,0.026932458479486915,0.026982919765122605,0.3446209841584118,0.11335375919573676,1.141593003990997,Benign
52308,443,99.26555090512426,61884,625.3192054249845,64612,653.0632243756589,7696.883131941804,87.71831194239424,135.46447799914736,96.78893158207268,54,1.3194711121376168,0.9290418746231267,0.6475612123410615,670.6652812296271,25.89720598478915,48.60537167478596,51.96145821870342,11.426779980232164,-0.38878183477530287,1.4356435939837937,0.5369111735069345,0.001092482497341775,0.0330449054274579,0.028054475983124518,0.0268584093655844,0.026849658747756692,0.10761671815606016,0.03615572974135901,1.1778177449457305,Benign
52606,443,69.87897598239181,4427,49.328827577337286,4363,49.64675760943067,3390.712812364299,48.210788837012515,97.36437526879243,75.60183169432015,57,1.2779337846851246,0.8385037665636429,0.4295153739526663,249.87558623318074,15.350459585406622,58.01847126876398,64.82194559630099,20.72699224121173,-1.2111256463062174,3.316244637404136,0.3474158347502503,0.0008587495683464657,0.02149562335705756,0.031217105102268654,0.026966124591971702,0.02695397869063365,0.31920222108920837,0.5686758604946013,0.6173375268486975,Benign
54526,443,121.65033949909471,38790,318.8655261125683,41405,340.361942505951,8168.681187008995,90.37850226409131,135.546543271556,90.31791650970462,54,1.5000914305145847,0.9023428741152962,0.6667807979203154,1184.228561087986,34.4125684964015,66.57206127676758,70.17136789207487,89.1482221728695,-0.31386513510378267,-0.6560245070476912,0.5177268159906877,0.0010026875546700897,0.03164761376843608,0.02947443988015871,0.02693234023347146,0.02700036093388584,0.23999872524891952,0.07786547313907591,1.073440027984864,Benign
51345,443,96.68219897517397,62147,643.8567876769273,65072,674.2571118348249,7559.684970563971,86.93904689559928,135.59369082627236,100.00643175949095,54,1.2262359260014746,0.9386995271156656,0.6411861220870284,670.6162154409216,25.896258680961914,46.41959052550837,50.0164328314515,5.294580547092554,-0.41668501502393035,1.5880794429243583,0.5601975456734836,0.001068384906012994,0.03268188131744015,0.027788788430974067,0.026855686865434276,0.026832581246815007,0.0851235097782475,0.02909169943933671,1.176045644353014,Benign
53750,443,127.54903712566382,55837,445.0343738119152,66487,530.3323188559104,16636.727048269706,128.970394758042,144.2673120701079,103.65574580041994,54,0.9480626165952153,0.6997509452344743,0.8940430273657629,1319.822593919887,36.257030940529596,49.27889431658832,48.73093514411638,22.296444411863234,0.02427875091536308,0.7871436692131781,0.7357337285598999,0.0008915882756503295,0.029641821758233277,0.02499792264005324,0.02582461650321968,0.02693641510042496,-0.09495512333343549,-0.06601640541908743,1.1861518793003392,Benign
52671,443,100.2389777358699,61785,618.3341021829564,64438,645.0772049481965,7748.580451949118,88.01194499177403,135.41578961436258,95.57655282549806,54,1.354602845720749,0.9254027970552339,0.6499633952685033,670.6837695953213,25.897562936140456,49.428990784585594,52.694358709914795,13.737439782520937,-0.37826770234052143,1.3782045963753304,0.5281366897848955,0.0011015626546690927,0.03318169569780471,0.02815458909154771,0.026859435224532272,0.026856093681156972,0.11609233167610297,0.03881751056551525,1.1784854860474099,Benign
53325,443,70.28012028712362,30346,538.0109823434165,33567,599.042615733903,8151.932792503774,90.275011011007,137.93556013090236,104.2863558858662,54,1.1241918984327053,0.9296147672771555,0.6544670311345161,690.8682443440044,23.42725830561281,35.699019794244435,30.219440742399506,9.29415964848665,0.4467823573411307,1.32048377316434,0.6359246172795373,0.0007172188466664715,0.02675267466585393,0.023525748599164356,0.02314458424514712,0.01058066882577599,0.043751678318864014,0.5021605342422414,1.1464605498438207,Benign
54569,443,105.60955531769855,61261,580.0915722520225,63610,602.2916612351114,8037.5294180163055,89.65160583114582,135.22361057226925,89.45275459552101,54,1.531997524373273,0.9059826307764149,0.6629879879765804,678.885675455488,26.03603249328028,53.856818996648435,56.275404641656195,26.036358252360813,-0.28810145221234934,1.0681139734341207,0.48355154228887504,0.0011374205749843055,0.03367652073412442,0.028538776432131124,0.026727416933513076,0.026891488974963164,0.16089352962590614,0.04604519015517218,1.1791272014684502,Benign
51246,443,98.49474803486044,62973,642.4135949286003,66430,676.9261218361302,7742.57012747744,87.9099378126548,136.40272469861065,103.53451309267018,54,1.1263995601183132,0.9380967642713666,0.6442331069335944,722.9008423265909,26.786074304950915,46.08949248908269,49.31457815147951,3.985099050344978,-0.3746531911196883,1.5923259385027386,0.5803133095545523,0.001129973774126909,0.03350373585793289,0.027793451392348463,0.02685208185863416,0.026832613715557636,0.08199023843825812,0.027982266643707815,1.2042376288050192,Benign
52742,443,0.0451344290674362,55,1241.845921518678,66,1490.2151050902953,30.25,5.5,60.5,60.5,55,0.0,1.0,0.090909091,0.000515266052772118,0.0225672145337181,0.0225672145337181,0.0225672145337181,0.0,0.0,1.0,1.0,0.0,0.0,0.0451344290674362,0.0451344290674362,0.0451344290674362,-10.0,-10.0,0.0,Benign
52441,443,115.40286309550349,64383,558.0683217551093,71489,620.098685613172,8964.73746967859,94.64111007187475,140.10235771086136,114.0,54,0.8270896843567669,0.9102186820121869,0.6753983851344708,1101.418097546205,33.18637472999088,52.294271783720106,42.65118628777507,16.6234969068608,0.8653729280150807,1.0741251016141062,0.634788356668402,0.0009506273109356932,0.029131893847882513,0.023848723901422578,0.0225603766670461,0.02691234673138666,0.12262658117149206,-0.1730700226342739,1.1855944158860625,Benign
51277,443,97.8101834914556,36812,442.71787908635093,37616,466.1126758956341,7625.379995062471,87.27902352911153,135.54621534500114,96.5837294030777,54,1.349881339441286,0.934254595559875,0.6437578860368196,1005.5252854678774,29.90569431203598,42.10716437313002,34.69406066537924,0.4862987749729891,0.6122244261931957,1.4354837282347612,0.6920626093330401,0.0007484637037512056,0.02733853579375779,0.026834152371664213,0.025060452804484733,0.01877013775796693,0.1913899827135666,0.3077270269032889,1.0344570852361004,Benign
54473,443,117.27464723252747,56844,487.03590539309846,68004,582.7780211778804,16958.952514922028,130.2227357313696,146.1064943179303,112.0624845294324,54,0.7852770364174547,0.7072540204149065,0.8913081962177948,1205.1215581319907,34.692564995370866,47.16587681249722,49.44135282139823,4.220742883953072,-0.2032566561111629,1.2511055896978969,0.7355381925248368,0.001034156140138357,0.03209889022336027,0.02495371630885105,0.02525766604333508,0.026955582464727106,-0.031479529748964424,-0.06253411129081939,1.2864493980941958,Benign
51258,443,107.00301906552545,66859,630.3075847556685,73143,688.0438283246863,8268.12402200932,90.90731431687283,138.0410225078576,106.68096585783496,54,1.0425819901589874,0.9245094464392126,0.6584735885762646,997.9508484874702,31.436775637286836,52.47043520328324,41.32466962191066,18.07687281815463,0.9828107895662443,1.0841106274140837,0.600780856177915,0.0005185135986844319,0.022505310957181144,0.020621956864245353,0.019524458956341462,0.019047696206247095,0.13681184201309535,-0.010209059363089135,1.0857566458196866,Benign
54640,443,113.47475270026455,57712,509.4877547653731,67613,595.9165318049616,15659.723766989915,124.2715103108736,144.79467863135625,110.18652392714347,54,0.8693965611072239,0.7389845454371476,0.8559472184339658,1101.2113055042405,33.0457142745259,47.77988685232293,50.682756474128794,4.053893173438336,-0.26569402474825277,1.3135844172980882,0.6966027404788072,0.0010797973819523868,0.03285715148706931,0.0255161786344805,0.025392112856584985,0.026949474806038917,0.010441860020748477,-0.044191398160130596,1.2901228956156852,Benign
52742,443,25.88950544292108,117,503.7423132672176,233,606.56277575244,109.77779370302022,9.805520513439879,63.09329762075066,60.21185581991659,54,0.6664285138192074,0.9124258832237672,0.1535208786640621,217.39391027730443,11.202761325042541,19.40432904260141,25.863898736426137,25.85405697431191,-0.9977490160056904,0.0911286344979566,0.7562983777881258,5.186595241501318e-12,1.7288650805004396e-06,0.03525541200851816,0.03525541200851816,0.03525368314343765,-4.237116398331868,-3.6608280381650555,6.398241518752043e-05,Benign
52279,443,105.57889488865442,64348,615.5790249013908,68655,655.210504245671,8298.58705326345,90.92716673993779,137.9157205914723,106.71941944340573,54,1.0390873876680562,0.9244260471559097,0.6587554937518976,831.4815159716483,28.634119022990983,48.215267957461855,50.359156570354465,9.153214736620042,-0.2515321778169647,1.4051081771643081,0.5921177867359244,0.0012887917833949627,0.035676354493648144,0.028144801767878005,0.026848100725695743,0.026854642651150222,0.10441319180052941,0.03476391454262413,1.2650294502136605,Benign
51752,443,121.08943363792662,36716,303.232971326844,37774,311.955819759226,7522.673061701676,86.72633809541948,135.32973851969487,103.39673321744036,54,1.1096351392155337,0.9377226271999818,0.6408357522874222,1248.1451721518533,35.30373277275807,53.62248976989515,52.57339732498464,44.4391603027934,0.06328366171776856,0.22334707278755184,0.6616014018109637,0.0007580776241646382,0.027529995425205536,0.02850329263542745,0.026915741306713026,0.02689070389837925,0.17200034196449301,0.05822343782381563,0.9659984938784266,Benign
53057,443,110.55701861600271,58001,525.5275553134105,61095,553.4034040767735,8168.806249278704,90.38025792733724,135.64314256215607,89.0,54,1.5482206592221937,0.9033365253155639,0.666304789713234,1007.2201465117321,31.555827395909674,39.516066342180686,33.63829004688789,60.1288614197357,0.5057480750491148,-0.5495417024071656,0.846176733879523,0.0012991452334971754,0.03602180264997341,0.030617645604028042,0.026849534671051882,0.02693592309837311,0.31072059752501074,0.10120862615240303,1.1766276432471963,Benign
51004,443,96.8333894123776,62650,648.7067795866017,65908,682.0188209671663,7612.174254415284,87.2023438852842,136.0479002117297,102.78759582277182,54,1.1468758197924411,0.9413027909424716,0.6408273485469372,697.4367402804003,26.352674900560334,45.59096027670163,49.069605905862105,2.773083865653607,-0.4035272618131489,1.6362318383239651,0.5775449493900998,0.001092728122032369,0.03299421808842486,0.027711053470912662,0.026853015505221536,0.02682744753777417,0.07673165646942315,0.02639184941435955,1.1899808638397935,Benign
54480,443,117.18087288959097,56853,487.41925331616915,68018,583.2566930334591,16961.89346632907,130.23416584577325,146.12328053186843,112.1392128226694,54,0.7837912926429358,0.7073225009721333,0.8912832354175321,1204.0746819303847,34.67828611676302,47.14659130453807,49.447836802597166,4.055765980066205,-0.20533337146950809,1.2553401695312043,0.7355364078677039,0.001035457356848573,0.03212131588398477,0.024953312837724763,0.025252491487239175,0.02695575740523569,-0.030900188090452446,-0.06250232839692628,1.2873648134152882,Benign
53459,443,121.40695635434899,36905,303.9545057609186,39324,323.8721980665429,7915.961045241552,88.96033185415887,136.05607350276566,102.72901571489669,54,1.1177620913802941,0.9227157326796925,0.6538989645871411,1174.9718097657292,34.27759485856118,61.06176185203854,65.89035879171908,82.7090073162054,-0.42303414766459724,-0.6314302623035208,0.565709206276479,0.0008640431654488891,0.029300314986857305,0.028681726094828174,0.026921418466170893,0.026956673864683565,0.17500370108461477,0.05721279393199935,1.0200859843911896,Benign
52491,443,124.06507754605404,53653,433.8244511640476,60110,485.53575565615733,9188.407528816237,95.18879312623947,136.803592377411,89.0,54,1.5187549053712446,0.8779984339055941,0.6949962703433106,1074.5400327359885,32.703240326599506,56.764856916464645,54.591511311217765,75.74474980111307,0.19379855025672035,-0.5944141040113103,0.5774743289194094,0.0007992676269881425,0.028252401237024462,0.026062696387972914,0.02682186761954159,0.02691186761954159,-0.08222713763268533,-0.030599309962237784,1.083666605051114,Benign
52494,443,90.63396737561808,7969,87.28445685781902,7692,84.27699078240985,6067.224675260513,77.48013729542669,124.24556502520502,88.5603947699077,59,1.378864793733801,0.8305850934178071,0.6205151705772358,144.0969981398052,11.968365153880999,78.25499040587648,81.39939206667356,0.6800701398456397,-0.7790492066718201,6.54998733419105,0.15662939550455635,0.0015720094309673014,0.03934695779579974,0.03470230438558989,0.02692054619770584,0.02690080389732348,0.5843250731295881,0.21042683068106782,1.1299932657926324,Benign
52742,443,37.66283063933747,145,331.20450403765585,310,400.46159798228473,146.0179359295389,11.76750975645756,64.2750413890067,60.08055095677703,54,0.9701143448986425,0.8725190997012172,0.1820525401669013,316.4581711031724,16.295613193390604,28.234565876948725,37.63770678690072,37.63553183051678,-1.4524147946319885,-0.3230363513232637,0.6452456119743013,7.550082778013407e-12,2.5166942593378023e-06,0.02701777796172892,0.02701777796172892,0.02701526126746958,-1.6110191355406585,-0.772121049094725,9.313866004765984e-05,Benign
50749,443,108.57884004730579,62032,572.776018664925,69208,638.2737184989267,8371.552418402704,91.47657049186246,138.6934870937718,112.5040478255608,54,0.8612909657132296,0.9259950230132542,0.659490231194369,1062.342700174904,32.49821899862104,50.867405885467875,36.61889617995602,11.811675346836129,1.2661278756427177,1.215299597262742,0.637853882730506,0.0004911294283691095,0.021792980796969674,0.0208846921347615,0.020213691099607984,0.026906032382604486,0.09395614103271488,-0.29884579237488385,1.0371581159886496,Benign
51057,443,97.19439477389629,62721,647.3393003609722,66021,680.912201561804,7640.50866015906,87.35610069498318,136.12500189250392,102.94989740859154,54,1.1424264255279073,0.9406061365285611,0.6415674037168337,702.9699690731072,26.44685053882812,45.69928896571784,49.12283721480068,3.036449025947391,-0.3972530629808515,1.6266912942034684,0.5781465009446273,0.0011008214258605904,0.033104933886984086,0.027728958149056064,0.02685281262823926,0.026828570123742755,0.0778743214299227,0.026737439547083807,1.1930787913556882,Benign
52709,443,50.933419718250434,1194,14.682197451104344,1326,18.035613158022343,947.5411853844171,21.493163301661838,72.82670703620585,63.77300550019828,54,1.1858020138498766,0.84573208406951,0.2551670774474058,346.43232067338545,18.437700583445295,39.5461864752533,49.68973287359483,39.026209205389534,-1.6055333500923519,0.36442196280030004,0.5215693745269112,0.00020767221532732574,0.005200581138462716,0.028035748007827398,0.027007729428930337,0.027002517667085394,0.07719297063584751,0.8956924813312395,0.14937548522303135,Benign
27447,25486,63.29511766354712,10724,243.40412154177196,9512,209.60230689758575,7722.7367522723725,87.38993314151034,132.29643274820148,89.0,57,1.4760073842625119,0.8573470693276583,0.6587157618809389,122.45319968325484,11.032997215001442,46.82987958202398,46.30432332567257,15.892143358199299,0.2220190126613153,2.467912201405861,0.47801717932135057,0.0010345268987674919,0.030693328248078827,0.024151790461251484,0.013986329299434564,0.013965848137491691,1.1865583123650376,0.39626708548550826,1.3831544426168194,Benign
50749,443,101.38389068026798,62181,616.7895289734353,67155,664.4553510106495,7893.458308475816,88.80038752358277,137.08376795297607,106.90469477106085,54,1.0250362692239134,0.935957178259179,0.6476273088284704,853.5103383527266,28.978624092924793,47.774487001909925,43.118250515577664,6.312236215015168,0.3598610668358935,1.4643637751545147,0.6041491378874746,0.0007908856614014642,0.027477583068498877,0.024477279049676576,0.023753415455561033,0.026861237558168487,0.08181851160628596,-0.12636656290948595,1.1106090607823709,Benign
52641,443,36.53753309803833,4260,6679.143045037818,7568,28693.71174207766,143166.17564438295,322.1129497004755,260.9575698234719,113.34039049325972,56,1.3773254604757872,0.7003379782425811,1.0783959698939278,56.06394277258971,4.74927113763072,31.53886255564018,32.73956618529981,0.05285230321895688,0.09827822826195642,2.2943543469762693,0.34785333641545135,0.0007299747741502077,0.023420694814334474,0.02183300546553888,0.017251357494454916,0.010746596669213621,0.5811858102292389,0.7159600951849374,1.0239865186453447,Benign
54640,443,98.11509793544742,41876,428.31377006434894,44739,457.5983472433581,7915.842056107134,88.9702268856552,133.88395531745869,89.0,54,1.513420926863526,0.8978705526241916,0.6645298861818577,526.5438178620802,22.77449434639349,40.85520360575547,37.88279552114527,6.286107947006002,0.412738424192329,1.584372847037411,0.5591802875891755,0.001662887755412683,0.04072314757134098,0.0333301227872919,0.026931136904097056,0.026954902366857568,0.4686176301794386,0.1556017295419336,1.2208826512980517,Benign
52053,443,98.58026674089295,61954,630.2366583717211,64734,658.6853137572425,7660.4886607650915,87.5115967867407,135.49875420565945,97.64243585860329,54,1.2947386721368903,0.9316037541100278,0.6458700961032834,670.6522655782884,25.89695469409043,48.02555086496541,51.445502540555744,9.800095239868648,-0.3961836940939611,1.476080157089671,0.543088335009061,0.0010860901442356114,0.032948606246945504,0.027983997210948252,0.026857687169658105,0.026845128609673568,0.10164995872024199,0.03428185880433994,1.1773476609205793,Benign
51516,443,100.3436769251255,63332,635.40989881598,67010,671.258448147033,7887.687920597658,88.69742032075798,136.7976094850075,104.36575861682387,54,1.10361149523953,0.9345287716327226,0.6480233813446316,751.2398856256823,27.26840525322256,46.64430985224873,49.587208188189,5.3339528499339135,-0.342519187803227,1.5434629864982938,0.5833942223794218,0.001171424524893436,0.03407077906666463,0.027885152181918366,0.02685104280172897,0.026838363163766362,0.08784252342503335,0.029752244734604742,1.2201040072432463,Benign
50757,443,122.19927621527755,93757,767.2785235939837,101139,827.6604457050395,10445.387873847885,102.19796400352914,141.21851794521206,113.88419942488493,54,0.8029066129451274,0.8534755747576789,0.7236723299691001,708.4619353023593,26.616948251769937,52.29743957528273,48.86763442705317,31.71012798426381,0.38657194933891703,0.773466696779781,0.5089567347281294,0.0011678275166734679,0.034170807997683496,0.0243774519912116,0.021039333495307358,0.026856185508117972,0.2930158377832016,-0.07179578828885477,1.4016785335139932,Benign
53207,443,135.27097730317362,55081,413.46721336666553,65347,490.9156157611328,16394.551522224934,128.02917078479757,142.88503483117321,97.3374792922786,54,1.0704076438881378,0.6941118466317088,0.896098448927515,1406.028640786401,37.432839194247656,50.866978371245686,48.19700535732868,35.88162925658954,0.19528791249077965,0.43844304252011085,0.73588068790065,0.0007844383103227227,0.027795158754678063,0.02503114686539031,0.02625072039652873,0.026922009452786395,-0.14266158001741358,-0.06863359896718738,1.1107711074847577,Benign
52642,443,36.38420527609816,3254,1261.1738788440193,3147,1505.1129339752301,2470.137148650062,34.55559126038862,86.24458446193316,71.84780776734189,56,0.5503841133181633,0.9324373269524822,0.3043615705129641,55.946225040087626,4.727869896655143,31.44015593054293,32.64273351984138,0.0,-0.30435675738181633,3.2535107984741325,0.6616191914176073,0.0006355592577220252,0.015907852648283375,0.03011449443360735,0.02696835016712554,0.026960386793253723,-5.782071981522555,-5.9393667158416195,0.45685261010711326,Benign
50749,443,103.36793762136939,62140,604.6525609365515,67722,657.235621552107,8025.295394182726,89.53835972619036,137.52765687760976,108.44874723525507,54,0.9798825993400839,0.9332100590462203,0.6508985750503583,911.0970130518504,29.94917178552623,48.62737642988992,41.32601773798507,7.828736864380389,0.6097691340243054,1.3956829554467378,0.6134434070331032,0.0007082262281122519,0.02591002266287937,0.02348660340825608,0.022777316956112917,0.02687358997788204,0.08516552981409346,-0.17392866101014812,1.0903545579492273,Benign
52742,443,3.622551420215977,63,1874.001572117287,89,2249.090039649458,41.30992493503905,6.098768448961856,60.860649726142576,60.45992780820638,54,0.09268016870849216,0.9878210734549688,0.0996165081100365,30.233092383300345,1.5690170834722146,2.709608555738793,3.6079404797091854,3.595521968959808,-0.13875688872043912,0.8736033201726141,0.9661084317480794,7.21299452285155e-13,2.4043315076171855e-07,0.027002602887671746,0.027002602887671746,0.027002362454520985,-9.198556164127606,-9.118411780540365,8.89803018777327e-06,Benign
52655,443,31.652219833271968,2837,1362.1446836111745,2746,1627.3576095091216,2152.579440365517,30.773929891908324,82.89385930770105,70.3708608394299,56,0.47875017820020555,0.9412307859575096,0.27658017076285935,48.66470091656694,4.114282361495205,27.349894344840955,28.395953308471306,0.0,-0.26474392757181475,2.9602104607294715,0.7056603406815594,0.0005528395542829136,0.013837403925475814,0.02970926497140043,0.02697259962846199,0.02696567270857467,-6.3310463699478365,-6.467868782264949,0.397392045314313,Benign
52098,443,114.41190804161172,63900,558.6644614608032,71139,622.3589014679654,8870.640091696288,94.14590240631826,139.90447942639256,114.0,54,0.8251598924287306,0.9128699982935264,0.6728230830082669,1104.7977107819688,33.23735143057579,52.17286417572086,41.080650883871215,15.947757172774375,0.9953385090613928,1.0892131143836854,0.6372285065576043,0.0008415441859596374,0.027341214049786358,0.023055470742123448,0.021894782691556338,0.02691348960837535,0.11748606483052251,-0.20781284598046498,1.1516190768121386,Benign
54075,443,115.67766568163756,70411,618.1440871653374,75732,663.2152674946191,9081.395187520548,95.19432849509886,139.81290997183615,107.43753120274371,54,1.0355087952576696,0.9021461781083481,0.6805103257074703,982.0229341982058,31.216056310112222,53.40862717558269,53.833858032406276,23.249852747276357,-0.05314700078615173,0.9642209327160985,0.5850736449723917,0.0014224954279897124,0.03729657678576578,0.027204446165007355,0.025081570856094762,0.01985165853670894,0.17584050587571115,0.246646521566801,1.3637213369014327,Benign
52604,443,50.05435727081026,4456,583.917749886675,4305,689.2884308570011,3386.933807133019,45.47333759652928,95.91820769561073,76.1117886846405,57,0.7571929881677137,0.9070504016094753,0.38456713250818175,76.96831996762373,6.503710431757768,43.253237159281305,44.907687744445695,0.0,-0.41871993942846986,4.100275851128074,0.5344713457581305,0.0008743730094440444,0.021885287366792638,0.04008184935343659,0.03575352969322328,0.03574257405204107,-4.197169862094089,-4.413568677067239,0.6285166752246965,Benign
52685,443,55.32277730580896,1943,22.709222190185365,2029,25.35936838667284,1513.581779235403,27.68317486585667,78.51166021129696,66.51353986525947,55,1.2071473510747495,0.8440574079688292,0.2955605611474185,324.06179594262505,17.722440260104406,43.825895251680336,53.19560474164209,34.78659725057351,-1.5141559092260801,1.0483082036293891,0.48122101259120503,0.0003585155729842935,0.00897586048125784,0.028772813402294015,0.02699809030806012,0.026991272026070143,0.13326232668570817,0.8199283883737873,0.25779419351858773,Benign
52628,443,65.90516248174264,3749,42.06172786128348,3726,43.01634830180136,2878.2597463083002,42.60679075020957,92.21762127869404,73.12074596784811,56,1.258609228061956,0.840019899702798,0.39294597452156493,270.12827501927444,15.998005626637614,54.14392603626399,61.647977496668084,24.565236651126074,-1.2938523098157946,2.6971024685323415,0.3839443841315215,0.0007221866752161463,0.018077752809521258,0.030549818293899522,0.026974851169354466,0.02696415969758021,0.2684409970150553,0.6372673045619841,0.5191829066899262,Benign
54091,443,104.04909970553503,61397,590.9934798760448,63759,613.8188636844368,7950.9306322721695,89.16126376656548,135.22521680634372,90.8311412649374,54,1.4921131194564565,0.9111589638745484,0.6593658584613354,670.7561355154807,25.898960091163065,52.652745427222555,55.56302862422552,22.781669301424625,-0.33711399081703297,1.1533807269367693,0.4937921944968399,0.0011371035970677412,0.033717110993359646,0.02854644510147759,0.026863450572775824,0.026881280865593795,0.14926700927808528,0.04923607442283423,1.1810991134523667,Benign
52183,443,100.66013496659153,75683,755.9489789080395,79282,790.973245882679,7848.974219871012,88.57865858097139,136.0781253887335,93.40967466265559,54,1.450633882598322,0.9266417723998278,0.6508832896338023,780.0252824810949,27.80707616296764,53.87880852385686,53.005988997786744,26.77314330599346,0.030052897217185848,0.9668877329705783,0.5172300256156153,0.0007133818066713765,0.02655079281283955,0.02188594011855333,0.019989484999820548,0.004776811358246802,0.20864030615755566,0.5967192656267992,1.2094607945600884,Benign
443,51622,94.86928779138987,76602,1026.8425641786012,70933,947.2868932239808,8203.424723643182,90.56896387048624,137.7648388094812,101.459194318487,83,1.1992424981186047,0.5918482370025269,0.6575125392557148,623.6372187643542,24.292575240070942,43.49794424933623,46.955115061118256,13.945545141272863,-0.7619815149854321,1.2851052047560403,0.551372827135455,0.17291528867187933,0.39893209481166203,0.05258142993074032,4.424265497732766e-05,2.1e-05,0.36811657917213086,0.1227711383234174,8.678040003887222,Benign
52379,443,115.2231733149284,64296,558.1764197081775,71426,620.5085303275263,8947.674801562687,94.5513141155259,140.0664764613767,114.0,54,0.8267397553799253,0.9106994449276774,0.6749314058581103,1102.0309224754267,33.19561832999733,52.27225695433319,42.366401260437485,16.500965088624454,0.8889395737966522,1.076861009456982,0.6352308288031765,0.0009308472788197935,0.02880719005961637,0.023704883385573586,0.02243968457819893,0.02691255396915644,0.12169445185874085,-0.17936993530853523,1.1794336710579483,Benign
51080,443,111.46093002052427,62461,560.43971369055,70096,629.0896278356388,8590.426278590232,92.67121701953697,139.31521509394412,114.0,54,0.8194131397959624,0.920765387738746,0.6651540571102289,1114.861905257135,33.389155614249745,51.811322871307965,36.403732954991895,13.93546297695475,1.382364713387524,1.1341439050285842,0.6444950608406822,0.0005167041208006026,0.022008725248973165,0.02069323177976423,0.019912701683013415,0.026916892996713886,0.10217805395791346,-0.3112739542138681,1.0504434700352303,Benign
53861,443,114.44579435713752,30158,262.5892433845269,32334,281.617344854298,7762.4813978422235,88.10434366363752,135.6005003707916,98.05984747791582,54,1.2768685826157973,0.9262220000662817,0.6497637610917687,1361.8524275739558,36.847419603385596,55.56314077950433,48.94604558966152,42.45942383863505,0.49643994207017594,0.3171539860844407,0.6634369399294967,0.0007779968582150264,0.027887329730277795,0.02735406367660747,0.026875794058350534,0.026913811969495584,0.05238174932323744,0.0161140726951925,1.0201070963804406,Benign
52596,443,71.85737416543856,4765,52.94681741805619,4681,52.947765501453574,3645.8421018028444,51.00078882843566,99.9267322442609,76.83706215806326,57,1.287554686044792,0.8377489462764625,0.44772177276272185,239.7926060707566,15.028073063945257,59.9474478669003,66.40213367516685,18.816088328528522,-1.169939445506877,3.624490039898107,0.32922977349865046,0.0009267386120186195,0.023197240425908455,0.03154931973917421,0.02696177998827164,0.026948909986316914,0.3444741452650982,0.5345270036614123,0.6662046722615441,Benign
52491,443,118.0331949845591,54790,465.3266783913409,59855,507.8947631174299,8275.845281244887,90.97135864407598,136.0977922787516,89.0,54,1.5531556052980895,0.9024576741239095,0.6684252949517635,1058.1117177050564,32.51855339032994,48.83630426143817,44.42837810942211,76.22909199074398,0.39900758400620046,-0.8368475287249056,0.711599809557613,0.0010152241796317232,0.03161926842336145,0.028070138838860958,0.02683072244995369,0.02692734169277114,0.0917991465192265,0.027531573193713216,1.1229733326660947,Benign
54640,443,121.2567575792968,72151,595.0303210883178,80480,663.7237461669974,10450.953189448268,102.22864488148711,139.93033203768786,89.32736141470834,54,1.4846251089953122,0.8406000524847891,0.7305734452574932,1071.82194672067,32.73868896526586,51.021887777273385,45.61570673145099,15.576547099017128,0.49541642544921743,1.0826795403780747,0.641671743438795,0.001166949673166633,0.03415245821753144,0.028377719278189238,0.026884397654996936,0.026984939349016343,0.1311135671724049,0.04075727744486134,1.203442045201714,Benign
443,51335,81.48818403025493,78920,1196.5779064863723,72866,1101.7052833011921,8153.811512652147,90.29505826471521,138.14302559284326,105.58843430041776,93,1.078612506555336,0.48838631912293523,0.6537195553428934,530.8042341715554,22.380360232883493,41.17257238785464,47.89926272734914,11.771404162079532,-1.226452034329085,1.3801861087966634,0.5368724965109489,0.14201823432046162,0.36017017236951954,0.04380615163354825,4.49859181740752e-05,2.1e-05,0.33782981839673215,0.11268380541866918,9.39148639047857,Benign
9399,43224,128.09381774858713,68310,539.7382533329725,65146,518.0396006073977,8196.728081488294,90.51606499928114,136.4546015141571,91.31446756930677,54,1.492940222063597,0.9112635360677432,0.663309659151522,862.2326754340971,29.320506269905234,49.54418652656471,44.943982047773424,17.121040952347947,0.44835814928635687,1.1200488958649177,0.5914752523174607,0.21894609533144488,0.4298205474574735,0.06990188064637803,0.0048155003437117755,0.004792541948076208,0.3903671712517254,0.13033137950563062,5.572787231315164,Benign
52742,443,43.144650990576594,158,49.58017345397343,345,62.951662014031626,162.87770381078482,12.680273371346857,64.82481642861255,60.019464841265275,54,1.1113961475146354,0.8539535239131348,0.1953261412250161,362.5452832489114,18.667223917495026,32.34489612968393,43.11745571177092,43.116551472569945,-1.663936025516564,-0.5157156593083099,0.5935812492218457,8.649632857225097e-12,2.8832109524083657e-06,0.027777559450298608,0.027777559450298608,0.0277746762393462,-0.38929682530544873,0.5717734921640059,0.00010670283199704626,Benign
443,51007,66.27370169023995,81555,1389.5691136481157,75064,1277.2809242006397,8097.400671220145,89.98362416509043,138.57302869568153,110.28343180617217,105,0.9414546973732449,0.37074882444815993,0.6494068851934253,425.25196958480916,20.20614785276086,38.52859549685723,48.97277043274173,9.299378675757902,-1.7545608241687223,1.4882942859113457,0.520385439228597,0.10688789707926401,0.31609738173965396,0.033828550453208726,4.583101772511099e-05,2.1e-05,0.30339339258468995,0.1012143817390693,10.202683855434252,Benign
52362,443,115.17468912347287,64272,558.2055868752569,71409,620.6191153008854,8943.070924452782,94.52708522323375,140.05679492376166,114.0,54,0.8266453369691802,0.9108291651664399,0.6748054047434762,1102.1962759034402,33.1981124533193,52.26631687694292,42.289560097045126,16.46790335236014,0.895298364832969,1.0775992166006167,0.6353502173606531,0.0009255101980963673,0.028719577950645843,0.02366607210155306,0.022407119240737294,0.026912609886391547,0.12144294319800283,-0.1810697880841049,1.1777713687789926,Benign
52491,443,114.65357662710805,34945,327.3408315844535,37328,351.71754369718883,7744.9630857139555,87.99897949239866,136.79466619434604,114.0,54,0.7768495730395842,0.9408730709463721,0.6432693756394438,1083.5541531558792,32.428571938807586,53.257961794033555,58.676766044061196,70.35621234937722,-0.4735668276507555,-0.41854271874634486,0.6083961737207927,0.0007318247576402736,0.027049450262443445,0.027394320524632722,0.026388733283018308,0.024636968966947108,0.1113070478039848,0.1050837313993784,0.9919131951652956,Benign
50749,443,110.45288243256614,61993,561.3119791513014,69743,631.4542835676592,8496.079858477682,92.1736261704256,139.11276480433312,113.96249102215137,54,0.8186408199634645,0.9234002165417956,0.6625801235886917,1116.7365085958118,33.41495512777836,51.673007257523956,34.92603291151092,13.244094326100603,1.502179906785483,1.1504267535207755,0.6466328354649895,0.00041305300874589683,0.020312333045784878,0.019948944041505018,0.019291711925496644,0.026917699928177212,0.09711758537948392,-0.34377083216404897,1.018026614603599,Benign
52617,443,45.4918704882593,4054,638.6611018792624,3918,756.0217098891762,3080.6856981779165,41.82635749624488,92.68681631274939,74.68744220555959,57,0.6881102463712845,0.9155306876211469,0.35777514819907524,69.94614017118722,5.91246152152403,39.30913355317686,40.812639815855604,0.0,-0.3805178933020912,3.8174212031479646,0.5769439997873924,0.0007945993113392085,0.019888576250965566,0.04066330576867847,0.036729881721831156,0.03671992562203778,-4.726592905320555,-4.923248505956739,0.5711737575434769,Benign
53065,443,121.38576309926682,38907,320.5258721903123,40254,331.5912270349805,7833.29643546655,88.47068246850452,134.77337176107247,89.0,54,1.552560286604131,0.9134502595386741,0.6563477250966704,1255.4930283670085,35.41275043900255,60.343039357702914,58.14147971718867,53.65356079268744,0.1672710887673562,0.15554771345576035,0.6016488342846239,0.0009234361471976667,0.03032848279184675,0.02942907951329501,0.02692864462020784,0.02694430775259801,0.24737112523398225,0.08208268034004465,1.0302452441383336,Benign
52374,443,49.7680834552502,32720,696.081515326691,36330,777.4327563309299,8300.067323016277,91.09210633654662,139.34616404796873,112.32308806528931,54,0.8929893210282241,0.9369041126085701,0.6536682330280441,272.10404767753,15.465564984787735,25.070217115955153,24.157847835354307,0.6290264271936565,0.10172847546367858,1.6054109760124962,0.6078554312981783,0.0006723141682460398,0.025922922136319814,0.021844210317979982,0.021198014188778,0.001990722275356369,0.07376867319255759,0.7698503176972539,1.1924149102381751,Benign
54640,443,121.64220482246111,68671,564.5716577974982,75449,620.3032084697006,9792.913222932211,98.9402786662956,141.0085160102011,107.74901175997945,54,1.002943238850769,0.8798549748971256,0.7017378716509193,1077.6988149820245,32.82828114377609,52.55461565593202,50.940254861555296,19.601544326710368,0.14785533186462496,1.0038755754839892,0.6248204989946934,0.0015289925780002872,0.038998487031999006,0.028803497408887463,0.026850501818361638,0.026925253201897665,0.14944938736438734,0.04785728286612847,1.353185240440227,Benign
52543,443,81.5884373184762,6426,70.74247045129208,6241,69.1842928806295,4900.735706634584,64.72384334100217,112.5300887184925,82.91273780022802,58,1.334876605121715,0.8340362437746662,0.5372728136645082,190.19787960357374,13.442364167267328,69.43542316835791,74.17453769418005,9.417006377760478,-0.9673586281332693,5.1406436150510055,0.23977876608223975,0.0012611534347564178,0.03156691206287621,0.033183369770049626,0.02694041037049575,0.026923978765578373,0.4687780858275783,0.36656047129427693,0.9065654258226725,Benign
52313,443,121.16273651582497,35559,293.4946480099883,37515,309.6324146500458,7647.088805483118,87.44502984018273,136.2329902430894,111.45135723601784,54,0.8520572446515761,0.9403771464649996,0.6418724555345993,1186.1742391085743,34.43112928681988,55.47232720344703,59.73617052162545,69.06819881644228,-0.3814515719086041,-0.40900619378752734,0.6218590737084614,0.0007429284873104976,0.027255500604536593,0.02809198036025414,0.026912519457105596,0.026910679365945326,0.1294447250701683,0.04320838307386274,0.9702788032390637,Benign
54640,443,121.66569150546027,68459,562.7157021979282,75142,617.6574393725409,9752.81648759831,98.73990671851017,141.07421362673952,108.87150898794982,54,0.9735926348675796,0.8822469181142734,0.699980816727302,1078.0569136435927,32.83374031655055,52.64801026297215,51.26469867653473,19.846801844141964,0.12667718784458026,0.9990737672589517,0.6237936922308135,0.0015510531507212564,0.03929377294878446,0.028829441597517765,0.02684843642346217,0.02692161631087904,0.15056665465327318,0.048289911661842905,1.3623096304059612,Benign
54640,443,101.50320218959249,41461,412.8027106351205,44292,440.9914507772472,7956.059575815809,89.194393551018,134.11525635410877,89.0,54,1.5173423039338125,0.8982025826624581,0.6650502748365538,621.2607950142974,24.450120374589392,44.637451940560275,42.59129076356501,18.300077412964868,0.30991922428154123,1.2618262441381547,0.5524865518232646,0.00157006750412724,0.039453921335088814,0.03278777704111337,0.02693147671930166,0.026962106449195174,0.43673451101639754,0.14473855609193562,1.2004949928039854,Benign
54497,443,120.8570419068437,71839,594.3086324235396,80174,663.2812993232727,10390.88655506961,101.91809253043363,139.88238479710088,89.91374169620237,54,1.4684903724838625,0.8429518496306317,0.7285849093401179,1073.414071704398,32.76273409869392,51.02020146244269,45.132249996028605,15.423731358884734,0.538385767802707,1.0864438979272972,0.6421498315410845,0.0011331230838882206,0.03356224572811864,0.02806148100386418,0.02660660118000106,0.02698351462258633,0.12956007012769652,0.026539114140406342,1.1940834408623098,Benign
52742,443,21.215804787634166,105,626.7559317029121,203,753.8043977650492,95.3952384251799,9.02686963050871,62.624301252995,60.263966527445,54,0.5459053043545179,0.9282636113537049,0.14219757324852944,178.07844550190762,9.180949129175556,15.899268090919117,21.19062835925128,21.178365794218823,-0.8173066862498776,0.2554974928067082,0.8003716745508968,4.248602505989993e-12,1.4162008353299977e-06,0.037280850988732274,0.037280850988732274,0.03727943478789694,-5.279330548900008,-4.807263603790008,5.241123258083767e-05,Benign
52632,443,39.76181708471264,3551,1189.1026126435122,3433,1417.8567357869035,2696.804512355607,37.25487769072292,88.6362758534427,72.90202770201543,57,0.6015152142218531,0.9261607034647714,0.3241914674958572,61.14365477893011,5.165838383544036,34.35971601776457,35.6740139757565,0.0,-0.33263173061567025,3.462863658115499,0.6301833580626268,0.000694603194039412,0.01738570420547432,0.030403740424172175,0.026965316972927533,0.026956613795592787,-5.390223274594856,-5.562130808843046,0.4992945635360949,Benign
52725,443,3.0790596647691877,3726,10375.75732307777,9302,44606.59518457658,219292.0319964629,458.08378522192214,337.2269198047793,128.48151608886053,54,1.3392231706617648,0.6352783068663067,1.3305509202756145,12.74607244235544,0.9456612898163588,1.5917855408925776,1.5705160728679428,0.124494190444877,0.63002522491418,-0.45744181952820157,0.4869745823234891,0.00018834959281636957,0.013320876518135941,0.013742942265231232,0.011487030942550106,3.4827555097103425e-05,0.539494693874358,1.043845362293157,0.9596185844471147,Benign
52685,443,20.52381158688773,1858,1599.6019518110033,1803,1914.845530113422,1405.7656848553197,21.880438551644602,75.0138187014364,66.8974629241922,56,0.31028565439315003,0.9619107315930449,0.21124549004361465,31.540435831330996,2.6712828703399154,17.730654955759356,18.408622515550277,0.0,-0.17158477751810053,2.2704437789292937,0.8092337549641878,0.00035830416506572394,0.008968242995249839,0.028756269882259163,0.02698259326456899,0.026978103816902892,-7.622092419226654,-7.710769214922198,0.2575561460771295,Benign
50749,443,103.51157921393775,62137,603.7738652859327,67762,656.7129255332507,8034.8401728662375,89.59178764679938,137.5597936737394,108.56053398302367,54,0.9766135511547529,0.933011172331118,0.651135409109116,915.2661894423575,30.01943777235385,48.689124160340164,41.19626316157182,7.938528908052925,0.6278620490773615,1.3907105820026657,0.6141162961639903,0.0007022418270416456,0.025796533980507123,0.023414880192487143,0.02270664910039854,0.026874484271864188,0.08540784818659017,-0.17737207526388493,1.0888881667145434,Benign
53513,443,109.34764691072196,75570,701.5636934158725,80964,748.7535548877108,9019.029681237711,94.6927724336181,137.55914445181526,89.0,54,1.541970507353186,0.885759254638007,0.6877058817625685,880.7855829853196,29.51940295411158,52.75246993571594,51.48145048411107,22.929153323374805,0.08831325374256932,1.0022005560178715,0.5620002398543034,0.0009599970268631733,0.030830146111385237,0.02519013137020642,0.023350085194462782,0.01285315785135239,0.18412825926915036,0.4379895499123253,1.2268868353389142,Benign
52631,443,40.273513309153124,3596,1178.184071113255,3477,1404.6377308503027,2731.14381502982,37.663810023196056,88.99860862713237,73.0617382877395,57,0.6092613948863019,0.92520981724016,0.32719562664502616,61.931046973432004,5.232189057885411,34.802019028977476,36.13324222707774,0.0,-0.33691528890174044,3.494579874757414,0.6254209406649678,0.0007035481412392814,0.01760959348137317,0.030447560167142364,0.026964857454751065,0.0269560421998123,-5.330859583546819,-5.5049809052211325,0.505724369137822,Benign
53778,443,84.17844220473741,29296,437.65866653102273,32143,484.32353919256985,8032.627059141693,89.6116418879944,136.95111636302386,99.01907652188315,54,1.2759589978290369,0.9255090064466358,0.6543276302685453,960.317723472182,28.57878661407088,42.44683029992447,34.115086428031084,13.98463210148156,0.663382858697626,1.1561630966996665,0.6560102236974208,0.00074596807881744,0.027284397457927514,0.024725857960233553,0.024423268983547648,0.016208019407080915,0.03427016482659531,0.3303058095851916,1.1124157844316696,Benign
53693,443,111.25491751957328,75032,684.5790524372486,80901,735.2516498887877,9250.361242014782,95.90971775538345,137.93604371168416,89.0,54,1.5341528749553093,0.8784109626394219,0.6946572811845061,911.3813541391748,30.03502036394828,52.470789223252474,50.526335652900016,21.7394777423752,0.15453897594276084,1.015321265675662,0.5748151375354144,0.000992129068087293,0.03134872835861897,0.02569971200740824,0.023916535473348696,0.015117866569087781,0.17558073867073234,0.3743150872483935,1.2227035276789946,Benign
52529,443,77.1629070551267,6842,391.0405308578138,6603,451.6483306070985,5206.745542785997,67.14471120544653,115.12003715696781,84.57565299097469,59,1.1677019205531782,0.8566581753247536,0.543772580775261,118.69601671157447,10.015566448965807,66.68869154352191,69.24009542066517,0.0,-0.6457271595022185,5.78107711267532,0.2820869816211722,0.0013484105880039211,0.03375030208864214,0.033606629308295936,0.02693172970016632,0.02691483450508493,-1.051190380046469,-1.3849088848374977,0.9692642961942184,Benign
52696,443,16.63905089355714,1516,1682.494728695611,1473,2015.2032586442572,1145.0641848373584,18.775853886864887,72.26301451351382,65.68495171911523,55,0.2514772115487797,0.9691297909739086,0.188438131259676,25.562611291427686,2.167553353986354,14.372722513751464,14.922194875888861,0.0,-0.13906431310484155,2.0296565581785604,0.8453896830871457,0.0002903947734653347,0.007268491820378192,0.02842359356582047,0.026986081893299388,0.02698244333068948,-8.072777264217642,-8.14464714603416,0.20874152741415486,Benign
52742,443,38.68964350941966,148,284.66658126587777,316,344.6983810096822,149.1764156998654,11.938505314227058,64.37803529456083,60.06910718949324,54,0.9965818335747022,0.8690410568263596,0.1845391936437902,325.0920484188661,16.739835707572343,29.00451710199609,38.66420253874771,38.6623365755242,-1.4920408163808785,-0.35913255980714354,0.6355668995655761,7.756070589121655e-12,2.585356863040552e-06,0.02701823571242027,0.02701823571242027,0.02701565035555723,-1.382143789864827,-0.5203581688513097,9.567974857302575e-05,Benign
52606,443,111.99128512449823,57077,509.8926045199656,60411,539.6367666137597,8208.606513674227,90.60104846139421,135.78306585841614,89.0,54,1.5490877648533112,0.9026742720371562,0.6672473836953742,1103.0060370521978,33.16622667505378,35.42178708864921,27.080994263391855,69.7682727586266,0.7411960370393663,-1.0096769899878433,0.9502764191606571,0.001341375115228335,0.03661914402303738,0.031164281974714138,0.026845131575295195,0.026948713043190152,0.3530430197487022,0.11486100072254185,1.175067444006635,Benign
52491,443,117.9831830117845,54808,465.6841198621599,59858,508.1433904167657,8275.342718060207,90.96859444539375,136.09533486384083,89.0,54,1.5531217104552681,0.9024580831707217,0.6684170467421171,1058.7244772426038,32.52791117849748,48.70877560331531,44.260600074053826,76.1939759043595,0.40255748628737564,-0.8394135070451159,0.7139396544433667,0.0010181949719795874,0.0316646971377989,0.02809865306352824,0.026830839495641873,0.02692755906333491,0.09419797279506374,0.02833233832656753,1.123429023662027,Benign
51802,443,113.55289175461094,63481,559.1812293147112,70835,624.3181853161882,8789.07112453333,93.7166281940419,139.7329472579709,114.0,54,0.8234870388616635,0.9151683102691468,0.6705906644321984,1107.727352042572,33.28154093835217,52.06762114554751,39.71922133571321,15.36198748011865,1.1080000777469245,1.1022922632882128,0.6393437674761654,0.0007469847196918483,0.02578895080098731,0.022367833718752256,0.021317807920369844,0.026914480319249135,0.11302997245464286,-0.23792990426031385,1.1221673176165472,Benign
53256,443,134.58347236411117,55149,416.2777218942367,65448,494.4249900163419,16416.113055524653,128.1129704666773,143.00810266219437,97.90001141902461,54,1.0595149396454149,0.6946139106275622,0.8959154492612297,1398.3534864035175,37.32815384791773,50.72558701025027,48.24454255097312,34.67210399944911,0.1800625105185591,0.46948878977983177,0.7358676037183999,0.0007939781576524977,0.027959572089480342,0.025028188823953742,0.02621278322990098,0.026923292026035377,-0.13841414687995815,-0.06840058324193718,1.1174824587439258,Benign
443,51461,87.34321438468095,77906,1122.308578696136,72020,1034.1380349393883,8175.520249204716,90.41490829089129,137.9775463367404,103.7816457225476,89,1.131395316917251,0.533657074101429,0.655379211851045,571.424197396226,23.21706825870347,42.19006115988312,47.48614185604267,12.722720410366273,-1.0232185015773403,1.3385825468467858,0.5432172553194327,0.1555375369369864,0.37713082348963334,0.0476458588591828,4.4660696230058566e-05,2.1e-05,0.35108208120275336,0.1170976147281855,9.079311077864926,Benign
52742,443,1.165919507782228,57,1985.3427420135856,73,2382.5025652870627,33.75331708112759,5.689664554434965,60.61423860047155,60.48730682216983,54,0.029357162912525752,0.9961422304721225,0.09366723296509154,9.576691241704573,0.5062224532558428,0.8675136564827901,1.1520672671313759,1.1389094956259684,-0.043952321668873806,0.9599628704500305,0.9892645826567054,2.2847720094310374e-13,7.615906698103458e-08,0.027001507727113207,0.027001507727113207,0.027001431568046227,-9.746136443396551,-9.720750087736207,2.818520137189788e-06,Benign
52702,443,14.301875926173098,1309,1012.8966739118708,1274,1212.2226172724029,987.1175831995683,16.89493414814083,70.59643348799828,64.95034902493643,55,0.21584798158946392,0.9735034746548628,0.17462024063760934,21.941234052338693,1.8705757750147445,12.346519546891106,12.818142798859393,0.0,-0.11936171516273894,1.8837750683031032,0.8672948350547715,0.00024925171283149726,0.006238693673139601,0.04463824822743657,0.04340440285785411,0.04340127980590679,-8.34582571108533,-8.407513085585899,0.1791670787534057,Benign
52491,443,128.18586334570443,53736,421.88084183754563,60829,476.55412548264627,10514.756657636539,101.27461379584601,137.62356699944203,89.0,54,1.4634976288983692,0.8411488256933374,0.7342507948085114,1160.293841766544,33.912990356259584,56.03254254445613,53.22423529296913,71.51982684514076,0.23754751906472113,-0.4841090982740262,0.6080206314817324,0.0007691792595005037,0.027695005741066606,0.025872464643490467,0.026820159722288475,0.026910159722288475,-0.10599140360106715,-0.038589849016424566,1.0697288280608048,Benign
53223,443,110.02673717083348,58343,531.3081576301963,61348,558.4932478162507,8154.091172550103,90.29862656887917,135.59140968872276,89.0,54,1.5479000702490426,0.9035813756439107,0.6659562909536964,971.805891098421,30.9604255985549,41.029815918447646,36.06267370493041,56.564948475321074,0.4186975270464972,-0.3794190621402751,0.8076886765864301,0.0012835318711401237,0.03580095175183733,0.030415541516041256,0.026851162597219886,0.02693119436045652,0.2950730208111251,0.09616102804273328,1.1772044849311765,Benign
443,50796,56.42505456997077,83260,1514.4962885709072,76486,1390.9346451416345,8060.884774155408,89.78202647153263,138.85137854195509,113.32260018741292,112,0.8526696285003529,0.2945996563547245,0.6466152051678407,356.92581931375605,18.798735492760237,36.81709491394918,49.66767403412783,7.699185771194738,-2.09641649799363,1.55827493089312,0.5097130281930607,0.08414730775309014,0.2875681585417371,0.027369844140638363,4.637806803373432e-05,2.1e-05,0.28110198638849343,0.09378998806146444,10.72778864695209,Benign
53776,443,102.12367546349871,41320,409.2749440288359,43436,431.3970097757327,7766.601312364485,88.11673979665902,133.77401221073467,89.0,54,1.5247566565554815,0.9055593476894455,0.6586960197842165,681.6171422582661,25.37661654414439,41.769715168422664,36.825988657672184,1.2176634990857258,0.5438467202530326,1.6342516717584825,0.5997808557714355,0.0014971500593946238,0.03830138037451554,0.03259188757638389,0.026928891264461637,0.026930468700292504,0.4296545758029515,0.14334875179344791,1.1689977689960338,Benign
52684,443,21.225421838961715,3190,8520.65015389253,7502,36687.3004931126,181448.36525767588,390.1896876201543,298.90220782641063,120.1414707381831,55,1.375938635578182,0.6640199868943573,1.2045244608288828,32.46881132268064,2.7642034249969787,18.293837188557923,18.986125489187298,0.06762005131324841,0.33932144074369486,1.074612689187298,0.40309269170333717,0.00048793641904270886,0.018801441078824446,0.018204089266650344,0.014550069177915716,0.006233366233101007,0.5777955879332565,0.8606096750846222,0.9895072048829568,Benign
53934,443,113.8027480136367,74313,661.8900926141223,80817,717.2151084957852,9559.385877560377,97.53537611031872,138.43952519093912,89.0,54,1.5237096782100477,0.8685947350173997,0.7039433192230695,952.2527639818119,30.723808705757385,52.09450559287862,49.250443977645105,20.150247714267692,0.24300671289102854,1.0328485866623807,0.591933939103851,0.0010350527067609998,0.03204147728320801,0.026380436116835486,0.024673228984599026,0.018143181332729328,0.16416251960511136,0.28925545443311373,1.2171152494490838,Benign
50825,443,110.7232555653031,62101,560.883484607209,69835,630.7721496541803,8520.379477003995,92.30258067879065,139.16791299873572,114.0,54,0.8179765880536671,0.9227390476800068,0.663236982682366,1117.377714972984,33.42710305665418,51.72094612743969,35.23461449302897,13.432437195658371,1.4791120772758481,1.1453755361267441,0.64631152691864,0.0004355018155350773,0.020675729630909134,0.020102728113790328,0.01941722848133829,0.026917743763009195,0.09835141461994569,-0.3371367753217424,1.0251519700384517,Benign
54234,443,104.43267200459015,61358,588.2410468990025,63690,610.6720264129141,7971.301613699714,89.27696789580435,135.20603147561386,90.35341156579946,54,1.5059565429112545,0.909725009821641,0.6603124224958649,670.7634207316993,25.89910074544354,52.97728700088103,55.851823136060816,23.692169263727124,-0.3329709676095364,1.1307472760473756,0.4903346681702786,0.001140681572023654,0.033771012279853976,0.02858589399886829,0.02686385480559817,0.026883816507843064,0.15260676781062457,0.05028493126348692,1.1813622323447734,Benign
52541,443,73.09387684212147,6815,2282.703799041563,7726,9609.708681529657,51770.75282506764,159.58561494822578,170.36802233321424,97.10339854238583,58,1.3806363851949146,0.787044047272305,0.7772750863967197,112.39528215326497,9.488448931633773,63.16021718308552,65.57471851956197,0.01759557953619635,-0.47719163239734297,5.206382255255746,0.21597414445173874,0.0013078204519183414,0.03444876432998323,0.030496729607851634,0.023700450149313122,0.021521544710489837,0.5892796732846896,0.3706217107008519,1.1063029036710081,Benign
51060,443,107.3338735580932,37623,392.4919992041047,37871,404.39772264937653,7491.632448671336,86.52313195007837,134.79292742276394,93.46361655135834,54,1.4404539408472874,0.9337293649979507,0.6417932951233057,1150.916027166118,32.768252695854265,45.48450643845828,36.782720931971824,0.4580049676110277,0.7134232749395553,1.401797972606005,0.7087555320900767,0.0007635593089458801,0.02761916186375428,0.02782334022011288,0.025826128498296665,0.0220964276669279,0.21470680059342506,0.2161173972080924,1.0031441041676992,Benign
52100,443,121.20766177342105,38855,320.5730721395786,39413,325.1387459284892,7611.163686389693,87.20835552673368,134.33240324916684,89.0,54,1.5598395081889571,0.9215885790667737,0.6491107478359048,1298.5933335957377,36.01732492042661,56.164243669866025,50.48534050181722,31.467048985592328,0.45521992402891426,0.6548479440796902,0.6562388482868654,0.0008658064527208629,0.029366665510423603,0.029349640333571222,0.02692566704670578,0.02690708808382222,0.24765976674291199,0.08332398259561644,1.0002815019010785,Benign
52742,443,0.041821392177516986,55,1387.1161594249818,66,1664.5393907481612,30.25,5.5,60.5,60.5,55,0.0,1.0,0.090909091,0.0004544254869227138,0.020910696088758493,0.020910696088758493,0.020910696088758493,0.0,0.0,1.0,1.0,0.0,0.0,0.041821392177516986,0.041821392177516986,0.041821392177516986,-10.0,-10.0,0.0,Benign
5618,47315,38.85196331535486,13020,378.36086717692075,11001,317.81600909567715,9086.593498000635,95.16216749858239,138.5189798307185,89.0,54,1.5576956291710764,0.8809078416129962,0.6863649478962495,106.71553822751565,10.317705438011615,18.84033570570869,15.224118625057404,29.74426115923866,1.0818070255430559,-1.1857787168485134,0.7637908060311696,0.0005449488159823012,0.02262268866837761,0.014852558969244437,0.002713785754585679,0.0026928851959784387,1.7036452502028483,0.5688447388532187,1.5886592732674163,Benign
53013,443,138.03083058103695,54811,402.18497998684745,64939,476.82792345350236,16307.996990072563,127.69277345355073,142.3910032431145,95.07930477498635,54,1.1141342614017091,0.6920964095258418,0.8968330650737414,1436.8390375969225,37.85307791516054,51.43456616434123,48.00617664869576,40.73703036851422,0.2564072923706132,0.3138159999052585,0.7359332117753445,0.0007461424706458476,0.027135153778426832,0.02504302134059902,0.02640301168597492,0.026916860814886968,-0.1597120644588743,-0.06956899473903802,1.0838297086392945,Benign
51829,443,102.49464774625513,63749,627.2620754693797,67686,664.664900502708,8056.51222761769,89.61354635783727,137.2570028438975,105.33279681773209,54,1.0771007608990413,0.9303779099656587,0.6524328368435105,784.2084089453301,27.829530021904908,47.2897624521349,49.904375201486936,6.903156068165684,-0.30513575793541736,1.4866177586751996,0.5869784346353019,0.0012196466906468921,0.03473045473224787,0.027991833257474025,0.026849834003977835,0.02684505184465598,0.09465084055922227,0.03181136731503682,1.238562325049473,Benign
54078,443,120.14642042138367,66697,555.2146879226902,73166,609.2793619375228,9415.167895277704,97.0115969476994,141.04957220080038,114.0,54,0.836327316882794,0.8975272176312535,0.6877259808403843,1085.2403818564876,32.94235669853821,52.87543229759072,50.16911022537879,19.858164466630964,0.24324664523026973,1.0019009848642777,0.6231077150109295,0.0014727923219298113,0.037703616895467265,0.02764591108997689,0.02574647796003269,0.026906875945914618,0.14723348322244634,-0.00676119403670028,1.3482294091992684,Benign
50216,443,33.92919315148381,1874,55.24238897290933,4963,146.28496655778662,123397.52384121298,351.27983697385093,213.67679153408562,76.0,68,1.1757873116572053,0.4147029697789091,1.643977529771546,177.93849742697563,13.339355973843217,7.820851569239656,0.06775342003663107,0.0,1.7436593788073387,0.5862989329116373,1.7056146863987591,8.84411463036457e-05,0.009365139021070034,0.010592151357635153,0.015235869228618887,3.7761891813865716e-05,-1.5108225231281318,1.1314136287847758,0.8823690804390645,Malicious
16747,22960,117.3148577846018,104105,901.903673851778,144015,1279.937701025568,9126.912060499732,95.46927016364012,140.91421345113454,112.543560425991,80,0.9042714724504822,0.6173684498137776,0.6948287318541717,1176.6745855537836,34.26921124963157,55.16516601365789,56.30173750844027,0.0,-0.10027578588921876,1.6139893102741187,0.6216763957526891,4.076599012837445e-05,0.004446042331041793,0.00582374856712004,0.005106706670734906,0.005059373774727689,0.3281093444641797,0.11844432382328128,6.782178754613116,Malicious
50203,443,33.75212220043584,1875,55.55528644359018,4964,147.08076903586485,123395.4521,351.2768882,213.71875,76.0,68,1.176155517,0.414825896,1.643640945,176.10570199823925,13.270117118054918,7.767144894742262,0.06630331265069445,0.0,1.7409106684897688,0.5853009311387146,1.7085319472778102,9.844191833454795e-05,0.009833630597987185,0.010870215877265024,0.01535865196988401,5.639959535457384e-05,-1.4370014700576406,1.111084160182046,0.9001918559772006,Malicious
50188,443,33.979328046336775,1807,53.17962270435265,4897,144.11766038776244,141596.8489,376.2935674,223.4666667,76.0,68,1.175677817,0.413152602,1.683891262,186.21448616141947,13.6460119169573,8.364128151796448,0.0673858753080238,0.0,1.8239901926981679,0.6129345739838961,1.6314967567078569,5.1984566274736184e-05,0.007209663334257929,0.010322008861912986,0.015263709472431565,2.4583158087451697e-05,-2.0568215293628307,1.4283065009743163,0.6984641119319346,Malicious
443,33926,120.6526440973681,77595,643.131514830807,46027,381.48523282609455,10694.129732986628,103.16556367393156,124.51522318270133,87.0,87,1.0933353192926925,0.36444510676423086,0.8279502379006529,1194.1280331974153,34.5561306425604,57.81941631766986,55.92579664504149,0.0,0.16446803132026583,1.6732324801709881,0.5977678092316471,2.671525026193716e-09,4.530014966243804e-05,4.576436848796248e-05,3.423633650021906e-05,1.9314200429259905e-05,0.8520380318324524,0.7052341197369287,0.9533933711773365,Malicious
50192,443,33.892944996720914,1807,53.31610191261848,4896,144.48205899468667,141579.69525744548,376.2707669322286,223.46058629008988,76.0,68,1.1757005930792594,0.41316148310307826,1.683835032251791,185.2563295216241,13.610738386675024,8.334356759789321,0.06622944350100408,0.0,1.8223981181918107,0.6123319912466535,1.6331056658511358,5.1741498707994644e-05,0.007192862019531124,0.010312089382005455,0.015278329159579251,2.8465831915850237e-05,-2.0716772008751034,1.429695578595786,0.6975262568287197,Malicious
50195,443,33.671903777802655,1807,53.66847583958919,4896,145.41284982681788,141503.86050454088,376.16996805909986,223.43370532987248,76.0,68,1.1758012841329106,0.4132007456827501,1.683586445454687,182.82268359598035,13.520733279506768,8.259866712941193,0.0657207887856177,0.0,1.8180848911199425,0.6108889843903427,1.6369726815717425,5.3072629751914634e-05,0.007284215841914635,0.010461323393393777,0.01535493985789349,4.37879715786981e-05,-2.016496948680278,1.4301433975620697,0.6963259341168151,Malicious
443,33926,120.71486074603786,78636,651.4209469295467,46045,381.43736099914224,8329.700711898833,91.18503454939635,121.81705586659115,87.0,87,1.1462296609239742,0.382076553974658,0.7483584334577483,1211.868099310525,34.81182814663242,56.640214771047596,55.790499950530354,0.0,0.073285538103795,1.6270678448878884,0.6146492905778719,8.237546560310705e-07,0.0008827994318652509,0.00010619982357527103,3.208633814002496e-05,2.359708867988349e-05,0.28984395912413063,0.13390696694757534,8.049747607406905,Malicious
50228,443,118.14494883833012,514752,4140.879944444975,790611,6429.994683800123,15334.035496174734,121.62214837787901,178.77436738664258,165.0,111,0.3522190377271164,0.6475757559566047,0.6803138862494383,1032.9772699741466,32.13993023922595,54.869030469561544,54.552657293018,0.0,0.029283989472661892,1.7072618901415577,0.5862075108932855,0.0006519505898139346,0.022289531545324048,0.015217581470692701,0.012123195417132585,0.008472006565727434,0.4653837469311832,0.2607175902493302,1.6541185397534277,Malicious
443,33926,120.69005027922995,78744,652.4496444776547,46058,381.626210335931,8069.978508537668,89.83195368382133,121.58769163337168,87.0,87,1.1551051639178758,0.38503505497262525,0.7388238575455172,1207.25092902759,34.745390021666104,56.46802896067267,55.77811367807625,0.0,0.05954971412395094,1.625200008571817,0.615309731676411,4.919524877716443e-07,0.0005632400846820305,8.518080306408476e-05,3.4207652506866884e-05,2.5766122005493507e-05,0.37766009336626105,0.17323035893532857,5.5114399827024325,Malicious
50198,443,33.29935220115621,1874,56.30671855825332,4964,149.10233452060854,123394.28768360254,351.2752306296832,213.73947226713358,76.0,68,1.1763380433248551,0.4148868455109658,1.6434738706380871,171.2758901790499,13.086918090427302,7.622415206003518,0.06672142999371627,0.0,1.7320118231362038,0.5824354634069276,1.716938464782005,6.13724803415242e-05,0.00782695200573175,0.009616380347963673,0.01523013929279308,6.982373005170649e-05,-2.158832851726694,1.2205415503853039,0.8135702257950377,Malicious
50226,443,124.88524125839356,680419,5366.884439283704,1002197,7926.619681227773,17888.22549989493,132.1400898678988,178.40155924782846,165.0,130,0.3107123825191236,0.4307750852226492,0.7403691081187203,1116.2884287939642,33.37226733974855,55.30530252410383,53.78271056375556,0.0,0.14186340610456283,1.6570116667729724,0.6035002992299416,0.0008775844961500249,0.026862251602637922,0.013922299592515524,0.010592720503563195,0.005374103026406648,0.3772318715312956,0.2746228963844502,2.092936142415934,Malicious
443,33926,120.65250300532884,77456,641.9760164549641,46021,381.4408210553434,11014.879965497983,104.80052302197731,124.86367142672616,87.0,87,1.0853559665112607,0.36178532250375356,0.8389550303592429,1193.443406379172,34.546233429795215,57.99056939974856,55.943501316439686,0.0,0.17781307730861515,1.6786549705755232,0.5957908373756489,1.956733345835461e-09,3.962056054146295e-05,4.4819266449080436e-05,3.390973455749662e-05,1.8287737180703663e-05,0.8890775543832884,0.7559670015028958,0.8608415980461567,Malicious
50198,443,33.473133754117995,1807,53.98534603308792,4895,146.24985804027966,141435.6665463971,376.0793252618097,223.40953278356992,76.0,68,1.175891829974166,0.4132360523279518,1.6833629052308774,180.63424172686834,13.439796713145403,8.192881973856176,0.06526338400690966,0.0,1.8142062468949958,0.6095913689120634,1.6404500728480644,5.426964156003897e-05,0.007366365232547381,0.010595521205563743,0.01542383158040996,5.7566316081992236e-05,-1.9668764295329122,1.4305460961491034,0.6952465509364195,Malicious
50230,443,121.82341042828313,362271,2907.145992036297,613800,4958.072937013466,13418.329710340926,114.3577282794609,177.97066764085037,165.0,91,0.34621218083855276,0.825460733058687,0.6423092786424044,1209.9122542338594,34.75420789424747,57.72529347676885,57.15935942592677,0.0,0.05267220180378224,1.660796284674133,0.602124185548735,0.0003841343763976273,0.01611666410368197,0.015694945582335414,0.01365330024882204,0.011635275623059734,0.3871892312294186,0.19394980984533067,1.1425070928629417,Malicious
50182,443,33.6619333141247,1806,53.66469231327169,4827,143.4204228895741,145484.40494837626,381.4241743784383,228.7586207,76.0,68,1.2014861822816734,0.4214694195639519,1.6673652482919394,186.59283262446056,13.659661592049687,8.536929157552352,0.06461687424674743,0.0,1.8607108964760006,0.6249667665793198,1.6000907491497502,6.0356794387125676e-05,0.007767851981025093,0.01086159033445032,0.015306123938174904,2.7817819366837388e-05,-1.7173817936385822,1.3948750971709636,0.7151171069589686,Malicious
50175,443,33.284308303895585,1874,56.307915830365225,4963,149.11791441704318,123398.2260354215,351.2808364287574,213.66257016725768,76.0,68,1.175662512450805,0.41466130526985684,1.644091611528363,171.29665507707625,13.087789695628437,7.630122217745768,0.07012773493537186,0.0,1.7328899827355204,0.582989142595709,1.7153031959758909,8.090672083763481e-05,0.008978550586904967,0.010638315030135116,0.01529405047951299,6.750561338061396e-05,-1.5640302546529854,1.179711662951542,0.8433161490175766,Malicious
443,33926,120.65371083050916,78650,651.8677158131654,46068,381.8210101524637,8269.082190783647,90.80437497724115,121.88076349379861,87.0,87,1.1536635993362523,0.38455453344541735,0.7447479758314806,1199.304187147197,34.630958995147886,56.52540521817453,55.7919396263776,0.0,0.06357217001021452,1.6322354809632902,0.6127147999254822,8.075741865159119e-09,8.824095606717189e-05,5.290985785698669e-05,3.670562617859751e-05,2.707482513273503e-05,0.5719989421551064,0.32166572986498176,1.653135498255453,Malicious
35342,10455,34.56735647873809,19111,561.7232688115516,24112,686.9169214043189,16390.745357989577,125.86965324824399,146.67868268532624,141.67559225381137,73,0.22909510338433658,0.5580678603633493,0.8502069810342954,50.761547296511566,6.7565439192279655,6.397066136874336,6.061963351529229,0.0,0.28864325219676007,0.8209285751916386,1.4326638921854409,0.010334721235625892,0.08517056894716975,0.023930818858948898,0.010756920927404321,0.00024531012206691836,0.5045922235125906,0.27981103269292545,3.2545318210725336,Malicious
50173,443,33.221763843613694,1874,56.411018075867865,4963,149.3922808102237,123398.31355336237,351.28096099577084,213.66079768789777,76.0,68,1.1756469581078115,0.41465611241580635,1.6441058301025513,170.65924956593574,13.063657766512804,7.611724633309655,0.07046683633392281,0.0,1.731809729155896,0.5826640593580507,1.716254852387615,7.588808777291822e-05,0.008705188208926667,0.010483698253712587,0.015286855456662286,6.277974563087677e-05,-1.6621834730355984,1.197742561443595,0.8300830468206835,Malicious
443,33926,120.66538895003549,78765,652.7626067554063,46068,381.7861339707508,8008.689422605198,89.49062241896677,121.57339527348731,87.0,87,1.1590213143064367,0.3863404384354789,0.7361033457652139,1202.2592671216396,34.6735351759974,56.40204622082002,55.77666196015369,0.0,0.05409763552408427,1.6266628811799901,0.6147560330731427,1.628609278972406e-07,0.0002432418622408196,6.378372836636606e-05,3.610930029645178e-05,2.7287440237161424e-05,0.48727336572549823,0.24317713266788626,2.940663033517419,Malicious
50204,443,33.35348654577304,1807,54.17744430061033,4895,146.77064320340926,141436.3881756908,376.08029055513936,223.40979191596952,76.0,68,1.1758908673359427,0.41323567616537576,1.6833652863206214,179.3654316408806,13.392717389593237,8.155093100651921,0.06583164168409167,0.0,1.8120116654170053,0.6089195365450115,1.6422533785981024,5.394834838288155e-05,0.0073444696884230635,0.010565408665381418,0.015388135836611489,5.6831086770286416e-05,-1.9703518571321417,1.4308171370383882,0.6951491274041641,Malicious
50173,443,33.21537424887358,1874,56.42210530366107,4963,149.42365697487207,123398.14859390342,351.2807261836553,213.6638764481852,76.0,68,1.1756740378736512,0.4146651542202619,1.6440810554495253,170.57343181508975,13.06037627209089,7.608769466509887,0.07029395018960072,0.0,1.731606002651458,0.582584219178803,1.7164902147407857,7.592814277015733e-05,0.00870859171950294,0.010478072062525271,0.015281176607309831,6.77321390257771e-05,-1.6602850221792387,1.1957337712182763,0.8309443080798151,Malicious
50204,443,33.59493429439967,1874,55.78514229629267,4901,145.90753627393514,126392.7071493492,355.5151782608409,217.99104492893107,76.0,68,1.1981611890203072,0.4218899183745284,1.6308937227324753,177.87710554744257,13.337057227546097,7.949845179323752,0.06943083864883237,0.0,1.772596036211588,0.596071183813485,1.677696384855402,6.571017265599266e-05,0.008069758474468178,0.009812973744469157,0.015317302357130323,9.76896455779305e-06,-2.073080730797664,1.2193554058301888,0.8207210776639154,Malicious
50207,443,33.88983893001236,1874,55.326218474214336,4963,146.47498189724635,123395.49333026074,351.27694688431535,213.71791497365632,76.0,68,1.1761481892497019,0.41482344961330064,1.6436476434610852,177.5046313592459,13.323051488487705,7.807719218106956,0.06569882214812636,0.0,1.7432958246829042,0.5860299491943609,1.7063982068856622,0.00011170039401446266,0.010566857093339054,0.011312724702986495,0.015373304242275855,7.193319789250588e-05,-1.153861612193009,1.06407037512023,0.9339773698657582,Malicious
31597,12974,114.28133490133806,127144,1128.389158727877,233173,2097.481050403626,9562.312886043012,97.71892553350301,157.7060411708769,135.80687793102263,75,0.6855668398239481,0.8322075341818312,0.6360924943719181,1111.7497735413658,33.30628414717137,55.627118572776894,56.85507639263367,0.0,-0.11145704951647285,1.6747974313049587,0.5992325661859774,7.647357494370884e-05,0.00735827504879687,0.011011353247145205,0.009725668186124964,0.009644335056841162,0.42412786489915055,0.15141951985652943,4.053170877881257,Malicious
50190,443,33.797567544524625,1807,53.473577312408636,4896,144.90313660933182,141561.98259322543,376.24723112721387,223.45431193705494,76.0,68,1.175724105756463,0.4131706504193514,1.68377698969028,184.28881820067502,13.57427086878754,8.307404219206193,0.06996610295545537,0.0,1.820431341548886,0.6119639150892489,1.6341135670673423,5.330619809175143e-05,0.00730080219471471,0.010442629516779515,0.015260286240558524,3.0042200794270928e-05,-1.9799622614683763,1.4262588836569154,0.6991206918842787,Malicious
50208,443,33.41588753195284,1807,54.08147779528363,4896,146.5372607648315,141520.3888447081,376.1919542867398,223.43957332690476,76.0,68,1.1757793259123557,0.41319218127492763,1.6836406685782184,180.14451397509896,13.421112380057263,8.181188776812718,0.06832592000525829,0.0,1.8133928772261934,0.6095546603243542,1.640561801197869,5.2417329029942245e-05,0.007239778280524523,0.01038863723204262,0.015243926416011473,3.844319177789255e-05,-2.012132965935111,1.4296508637970458,0.6968848822106022,Malicious
50181,443,33.412083114778326,1807,54.082609601797145,4827,144.47126595872882,145427.29729125687,381.3493103263449,228.76043971148064,76.0,68,1.2017363286057645,0.42155691851084365,1.6670247280449948,184.02415273825164,13.565505045893637,8.459489556571103,0.06220062694405453,0.0,1.8570492004219536,0.623601563726191,1.6035892874660092,6.21072471813496e-05,0.007876978611972488,0.011039828156650916,0.015364345161276712,3.257571158936418e-05,-1.6462873578845827,1.3998640574085413,0.7140799343639239,Malicious
50215,443,33.26637618968469,1807,54.31960401139773,4896,147.17737837087358,141504.0957799262,376.1703012938049,223.43379993213915,76.0,68,1.1758009567008587,0.41320061532180286,1.6835872689980138,178.52111094867792,13.361117278203407,8.131747780203895,0.06768342905374906,0.0,1.8106357764775802,0.6086109092713761,1.6430876975203363,5.206914206139688e-05,0.007215874049177551,0.010367487424095526,0.015237517960638554,4.173402021263455e-05,-2.0247348445981412,1.4309795671270438,0.6960090729086817,Malicious
50185,443,33.904624623835595,1807,53.303067859294195,4896,144.44478261237893,141573.6491858873,376.26273567788394,223.4584459564005,76.0,68,1.1757086171051994,0.4131646112492688,1.6838152262749189,185.45125032065104,13.617230153882568,8.34280627375849,0.07042615637821804,0.0,1.8224055540001607,0.6126396847652864,1.632304907745425,5.355551616582605e-05,0.007317918736860328,0.010457773763580156,0.015264874992854581,2.768581448008011e-05,-1.9709387298551317,1.425307470234881,0.699747812104555,Malicious
50224,443,104.8381417333389,895791,8705.786959377081,1289640,12576.816352115295,11115.942372402294,98.31790541753568,168.33368768273937,165.0,104,0.024878878441841418,0.8883646295373183,0.5747369375219544,771.9572320976818,27.54920657447538,50.2412409339542,49.343400944561125,0.0,0.08415788501824091,1.842915685382851,0.5462364189462988,0.0006180230474111692,0.022537770016350805,0.011885669030234946,0.007373219278793926,1.9257557513185495e-05,0.7319926704487757,0.6301116815432276,1.8687742080555425,Malicious
50180,443,33.427691824961315,1806,54.05521244906844,4827,144.40558115611105,145430.52752366362,381.3535449009169,228.7586207,76.0,68,1.2017086835167745,0.4215474706508856,1.6670564971488289,184.1762307807983,13.571076979772773,8.463942913325784,0.0624485954062131,0.0,1.8572144337529202,0.6236728484537796,1.603406579540687,6.261228562689334e-05,0.00791244115570253,0.010976019846626484,0.015355317934063722,3.3164992833013315e-05,-1.6606870052538283,1.3830512876413281,0.7208683550949192,Malicious
50230,443,114.26919142062837,333507,2762.313358601761,565478,4759.217172116589,12693.730260210701,110.97059280614977,178.77625085758524,165.0,89,0.38197827740794793,0.8770947308698998,0.6207254457537308,1031.6121811211938,32.11869664285757,55.54500188813906,56.06690879575195,0.0,-0.048920778472996945,1.7294155789205408,0.5785575933671809,0.0003838101729238335,0.016591541995958563,0.016381612127910852,0.01384057348067251,0.011971633832384341,0.5054216718643674,0.22639962546858708,1.1359054714583936,Malicious
50193,443,33.73631883326544,1807,53.57112793052733,4896,145.1653667373583,141555.30798777266,376.2383607773658,223.45194681221813,76.0,68,1.175732967010059,0.4131741055050591,1.6837551140558318,183.62377605929544,13.549693317581948,8.287150255328129,0.06970290056439497,0.0,1.819301869596441,0.6115772986970239,1.6351483239772762,5.316356006324389e-05,0.007291009604123037,0.01043396530133949,0.015257660957240224,3.13903192550197e-05,-1.9851247382132569,1.426803199328045,0.69876190846198,Malicious
50232,443,115.9850033193726,168391,1450.510150258989,369901,3186.9894725202826,10519.427828776817,102.54978191836595,178.1690914675572,165.0,68,0.3856175109377614,1.0746898359088723,0.5756089061040632,1165.017404573568,34.089514039068945,57.8904507250349,58.45411359084531,0.0,-0.05273597737217776,1.7003731457301001,0.5884891728191176,0.00010760078760573589,0.010357822624161463,0.017062546916987158,0.015469604202841474,0.01532545197316512,0.45730551548837906,0.16648228320016883,0.6066159085673368,Malicious
443,33926,120.65246759216974,77421,641.6859940834587,46020,381.42967399763626,11095.386130663268,105.21088689383402,124.95112960770821,87.0,87,1.0833532022797139,0.36111773442657136,0.8417171597343154,1193.2715696223456,34.54374929552254,58.03352767973636,55.94794507066122,0.0,0.18116259468250612,1.6800159794349607,0.5952946306495619,1.7773254101743218e-09,3.819502162208591e-05,4.4582052152322006e-05,3.3827759652168426e-05,1.8030101763957905e-05,0.8983742270521548,0.7687006158382093,0.8376117214044465,Malicious
50190,443,33.96235574448618,1807,53.206105999489985,4897,144.18943055207632,141596.8489,376.2935674,223.4666667,76.0,68,1.175677817,0.413152602,1.683891262,186.02431691994755,13.639054612938029,8.358100380605961,0.06690009822034268,0.0,1.8237026413431856,0.6128057434502114,1.631839243409017,5.173072550655313e-05,0.0071921866370243896,0.010301635099602148,0.01526244556726998,2.47776050353877e-05,-2.069573743657855,1.4289072210002134,0.6981532776938533,Malicious
50188,443,33.750799661378096,1807,53.54560786130175,4895,145.0790997460648,141501.42406206456,376.1667295616215,223.43284169004022,76.0,68,1.1758045191663313,0.4132020071230948,1.6835784587809217,183.7080700088151,13.553093780544007,8.288015803451078,0.0681658479026522,0.0,1.819403318687065,0.6114953990660524,1.6353615641136683,5.440159162799759e-05,0.007375704189368562,0.01056935057638058,0.015363805356540517,4.329499582836563e-05,-1.9501094488206043,1.4271139754025346,0.6978623469160165,Malicious
33545,823,121.14437941459127,43182,356.46579870078085,71806,592.7289567657385,13310.72210269687,115.34724321616646,125.24088152103126,87.0,56,0.9949176848967362,0.596751734563008,0.9209621511903162,984.899916423178,31.380265712324196,64.02646008515235,65.40973010929937,0.0,-0.13230665732690905,2.0410547415805005,0.49037606453293836,0.3609662376612128,0.5973984205543412,0.15490111495451409,0.0019158996908299852,5.227072895348382e-06,0.7620757140745522,0.25727808317305645,3.923825679571091,Malicious
42588,443,75.96485450078475,29203,419.0547080390189,48921,697.9327294582708,16849.862157560077,129.17936576214177,142.46042638327847,128.44446992445816,62,0.3821410500347802,0.6181890235328799,0.9083168995175244,474.9808672425127,17.49092671268348,31.67088880901196,31.79581426204542,0.0,0.2361789481778821,1.264861038761898,1.1526832343864442,0.17894720196088676,0.34770230670969327,0.091551754833346,0.009053462352093665,0.00018353002428997357,0.6065669810337846,0.26927897171920084,3.6989949866402694,Malicious
50174,443,33.25366008076365,1874,56.35760329177785,4963,149.25168334977056,123398.36434809124,351.2810332934919,213.6597689547301,76.0,68,1.1756379304887035,0.4146530985239003,1.6441140824518845,170.9824456315296,13.075882195642501,7.621133353665454,0.07035189916667729,0.0,1.7323633032380288,0.5828352357326753,1.7157539115645886,7.934813515118076e-05,0.008898160314123453,0.010604180574759287,0.015290039143173525,6.728151637840918e-05,-1.5847904598905815,1.1855647112365588,0.8387274375534063,Malicious
48294,443,111.74301406138271,142596,1286.7123895425525,312625,2823.011935084409,10495.516225202353,102.3316370005997,172.4206868258735,155.7322025310904,66,0.48027682341281885,1.0420928669191218,0.6052104449509842,1024.5252644581976,32.00725413992614,57.148719013917905,58.49665877407622,0.0,-0.12635899873438322,1.7862305079246865,0.5612674058444509,0.04348866800297179,0.08149939938941425,0.034055651023228065,0.013907918016456376,0.013569035814885569,0.5711949184111498,0.20070006007341773,1.0120905605456734,Malicious
44380,4378,120.11558659996263,165882,1381.4525463024459,348000,2898.695128393832,10566.636724951699,102.73275472592407,171.2277791426716,155.83295275138582,70,0.4582180305552077,0.9755858684249,0.6057984595310911,1262.3733767100773,35.529816672943475,58.60522242066949,58.717942313364446,0.0,-0.009577389078679454,1.6493880864439214,0.606613010560455,8.624199214201171e-05,0.008861339700044739,0.014773993164760081,0.013621565904619694,0.013480077315389482,0.37295886787584104,0.1394696947251068,1.6703190227451654,Malicious
50204,443,33.47254216438875,1874,56.01169396986037,4964,148.32566231293035,123395.42961615244,351.276856037028,213.7171134658234,76.0,68,1.176141651961432,0.4148212763883608,1.6436534562917169,173.11063731622875,13.156416628669978,7.67710270258848,0.06727771697031429,0.0,1.7351682662741035,0.5835027821922962,1.7138107925918904,6.552446800840103e-05,0.00807899400825163,0.009782419787666797,0.015213444721148123,5.67065666163835e-05,-2.0325007659651666,1.205683207043772,0.825086066905638,Malicious
50229,443,121.93873927120842,374255,2999.7960451451,628430,5069.88808297551,13586.695612315762,115.0275298786563,177.98689787472557,165.0,92,0.34487502314061635,0.810594255578444,0.6460028617625885,1206.385760427592,34.702154853441115,57.63414057775304,57.03217244929516,0.0,0.05603173371846726,1.660653730879468,0.6021760191108726,0.0004027209785027277,0.01652141415081713,0.015628175985233046,0.013538018530044466,0.01139943836391844,0.3868141710656492,0.19698849298689183,1.1783065503279317,Malicious
50193,443,33.61407589547368,1874,55.773290563147064,4963,147.6785925162732,123396.73782399092,351.27871821103616,213.69271054781856,76.0,68,1.1759270085164866,0.4147496079044707,1.6438498297357182,174.6774739801159,13.215911563417473,7.726840257353742,0.06771578112136656,0.0,1.7385569288639715,0.5846451438370052,1.7104536034389353,9.767673213250071e-05,0.009843530802147756,0.011005593651497997,0.015337211504476195,6.99168438254858e-05,-1.3406553838684994,1.1167342554838529,0.8926895930006875,Malicious
50172,443,33.21859267342987,1874,56.41534108771443,4963,149.40545863775753,123398.4213644846,351.2811144467019,213.65861421572035,76.0,68,1.1756277971088558,0.41464971547116647,1.6441233456019384,170.62490991733654,13.06234505989554,7.610820398544704,0.07054685622228093,0.0,1.731757849332927,0.5826534171495935,1.7162861853531033,7.660929387345359e-05,0.008749352200189384,0.010520957022948097,0.015285964600013899,6.480600781152343e-05,-1.6375464199752745,1.1954258952624115,0.8314657837838852,Malicious
50203,443,33.64362440734584,1875,55.73659456053698,4964,147.5720614645525,123394.81403278658,351.27597992607286,213.7304647056101,76.0,68,1.1762586056596278,0.4148603177412236,1.6435466151914628,174.90436174232178,13.224483818745801,7.7302763958501926,0.06594220540455586,0.0,1.738606788297746,0.5845227706781619,1.710817513016813,9.239151410657341e-05,0.009510240060217424,0.010653868476724046,0.015323330165895014,7.349948231809481e-05,-1.5490259399044262,1.1242587495529286,0.8876627163095024,Malicious
45573,443,120.36073071221598,138991,1156.9029061677377,297890,2479.9256670058735,11548.38725000256,107.3361318705247,162.73543024102156,142.71445727001486,64,0.5457930132006893,0.9245714315226934,0.6817705546235131,1183.603511606776,34.35063044159512,60.560370847374855,60.949389922180856,0.0,-0.03732799111813156,1.7726312352944043,0.5691137952490418,0.10438644489055518,0.17969374515323402,0.056711106609265205,0.011575743963755712,0.010910033578734834,0.5001998202731911,0.1791477199458592,1.523633899519059,Malicious
50184,443,33.44334839436823,1807,54.03253484318714,4827,144.3398300351039,145435.02514232142,381.3594410360565,228.76315175684238,76.0,68,1.2017257423112533,0.42155283259330856,1.6670492466961835,184.36005531018054,13.577822210292853,8.469842785630094,0.062335746697770505,0.0,1.857616906539088,0.623796537126434,1.603089690513486,6.082913071238128e-05,0.007790442117363427,0.011108320894625798,0.015366350722231168,3.0452176461115427e-05,-1.6380181793349118,1.4276838305470045,0.7026197474189386,Malicious
50198,443,33.3701117773243,1875,56.19202405980802,4964,148.78988378774963,123394.13058247675,351.27500705035715,213.74301263004628,76.0,68,1.176369026591599,0.41489718775931966,1.6434455760916342,172.01881955693779,13.115103408853109,7.644455268202718,0.06627447444362515,0.0,1.7334160729372003,0.5828592507769357,1.7156950582831152,7.121162149230482e-05,0.008352801842749218,0.009937251493005667,0.015268520831957904,7.51056166459222e-05,-1.9789253490002263,1.190596935370328,0.8365887308329312,Malicious
50172,443,33.21525631316064,1874,56.420963825913766,4963,149.42150389039853,123398.3620058411,351.28102995057304,213.65969788692743,76.0,68,1.1756373349515594,0.4146529002272316,1.6441146176089763,170.58126458722435,13.06067620453798,7.609356735459873,0.07047999087962512,0.0,1.7316584219112952,0.5826158194424577,1.7163970147733536,7.672920973460428e-05,0.008757125207084184,0.010523672980101689,0.015283271459353709,6.73309971450345e-05,-1.633210313303349,1.1941907031136132,0.8320503469922301,Malicious
50215,443,33.26266220330409,1807,54.32545070225218,4896,147.19316753416553,141503.92227143407,376.17007070623873,223.43373844996663,76.0,68,1.175801187051965,0.413200705137855,1.683586700333937,178.48004879835133,13.35960860370461,8.130467705064575,0.0676158571910742,0.0,1.8105704670194216,0.6085847531973193,1.6431574126195212,5.20337000225013e-05,0.007213434623608549,0.01036471515196075,0.015237291707392556,4.179337393027312e-05,-2.026463273661008,1.4310688163073377,0.6959608870147507,Malicious
34417,443,118.58859277844088,42003,356.7991868847598,70787,600.9728840499974,13561.855207783341,116.37347200380741,126.24698966912557,89.34945151680415,56,0.95856041480279,0.6002991335863919,0.9219963497093085,953.1432742281283,30.550141125685688,62.293739799166886,63.60943486126505,0.0,-0.11189751404893955,2.0024026928690084,0.5262323471067138,0.35455806853293653,0.5897014615614227,0.15298655642141135,0.002340897813317944,1.5120714226233309e-05,0.7591033452286515,0.25985462583699664,3.8476545133834685,Malicious
50224,443,127.18018550806869,918882,7210.540381898816,1293314,10151.644399618479,21238.5613636546,145.4685625162579,178.72452686770575,165.0,160,0.28410410056683094,0.1349450383686407,0.8138682183790601,1046.1142513988907,32.336456837825494,53.49143865335428,51.25179970702073,0.0,0.20871518622864407,1.6541749695250147,0.6045317422961382,0.0012474418062570051,0.03491642755435779,0.012593642345668184,0.008298713983679594,0.0006811454973343351,0.3697684985857923,0.33509006336043196,2.805314390275293,Malicious
5862,44804,17.279147829324494,2184,72.5383783946778,3302,99.40838196770005,2886.9029748890753,40.66071522519603,90.23183282074635,78.55911797128711,68,1.3015065069219338,0.5086414636657253,0.40596213122981256,27.47600045040206,5.241738418924299,11.762320217951377,13.557702519234251,0.0,-1.02896791409201,2.245462308854796,0.5530492055668146,0.0016049276203317434,0.013238187788287073,0.0037582914063254806,0.001714224365807173,6.207220541250372e-05,0.050502943544057544,0.9214152495243386,0.7894177054351701,Malicious
50203,443,33.60728414114083,1874,55.78256965848043,4963,147.7054167129703,123396.90961437736,351.27896272564846,213.68923131931788,76.0,68,1.1758964766441973,0.4147394147669815,1.6438777396057418,174.65685040173966,13.215204591623001,7.725576605144623,0.06855506220202026,0.0,1.738180689208031,0.5845814467327425,1.710640565819904,6.623025064910346e-05,0.00811492034993026,0.009844112259719772,0.015243197408044798,1.4667586690964401e-05,-2.0197283744281664,1.2148371894225518,0.823161919761776,Malicious
34040,443,120.55183024288178,42593,353.931714991465,71795,596.5069406873594,13410.41052723716,115.78363611873696,125.50020330850144,87.54874590269458,56,0.9851101295361644,0.5994751302587419,0.9226264213593952,975.1673009656774,31.151644889263657,63.70421975144687,65.07476132871471,0.0,-0.12792981855217844,2.0363736551880933,0.4973781944388207,0.3626466559339602,0.6008478749537225,0.15581622620101887,0.00203171896797227,7.363828503915081e-06,0.7661291275034539,0.2594205431013796,3.8545017296094866,Malicious
50217,443,33.89690065909119,1874,55.28886699063312,4963,146.42038553207843,123398.31036380123,351.28095645596903,213.66086228529596,76.0,68,1.1756475249804708,0.414656301667579,1.6441053119115248,177.62283476974122,13.32736513077938,7.811929533566442,0.0687588653424338,0.0,1.7429801900720385,0.5861527008596493,1.7060441663598842,7.53448354614873e-05,0.008674161614079585,0.010179820060721698,0.015178516010474794,2.011444122317521e-05,-1.7349144811128898,1.172173297372255,0.8517807374544637,Malicious
50189,443,33.71720584657182,1807,53.598887583817536,4895,145.22070504152677,141492.68242314865,376.1551102536094,223.4297430625781,76.0,68,1.175816126045755,0.4132065330070893,1.6835498036335608,183.336624540641,13.53939263235992,8.276547489914867,0.06787497988821653,0.0,1.8187686545331967,0.6112674707904586,1.6359710553094973,5.443368099795067e-05,0.007377879703635688,0.010576813074632055,0.015372032208339033,4.515417137605283e-05,-1.9498451196075242,1.4274527812359208,0.6975753833096691,Malicious
1470,32898,120.66120627917684,77701,644.0041838956195,46915,388.79478642250695,8793.585369703764,93.69301577154779,122.56230554525963,87.0,86,1.1397714376756545,0.38815555487390674,0.7643411448680051,1239.79513577826,35.20399205072576,54.94882611636552,55.99582937220852,0.0,-0.08937431457279829,1.5625543888925384,0.641478080144239,0.011209509874415935,0.01975881252014111,0.004933375970506332,9.340192598466428e-05,2.438605071238198e-05,0.23942746099974666,0.08767196468138388,9.596887540999436,Malicious
50201,443,33.54265644148662,1875,55.9047176564615,4964,148.02162404139392,123394.56173515944,351.27562078623333,213.73509680763033,76.0,68,1.1762993678609512,0.41487392841334525,1.643509316320178,173.8391556315976,13.184105729109344,7.69859528231029,0.0660648634660508,0.0,1.7366906209482997,0.583908677571822,1.7126180727346074,8.457289646463507e-05,0.009082968447874403,0.010389327277509536,0.015303097144270774,7.40923913766806e-05,-1.707724530375602,1.148747679662833,0.8688086092012255,Malicious
50190,443,33.27327138438431,1875,56.35162976066405,4964,149.20021813372762,123394.82129942196,351.2759902699603,213.73033129255828,76.0,68,1.17625743163331,0.41485992572885055,1.6435476894675098,171.14126260699675,13.082079523847455,7.621248977732096,0.06764497233492776,0.0,1.732200486051354,0.5825708742360057,1.7165305561445279,5.7736250357813085e-05,0.007597967965281776,0.00951088409910493,0.015283631401264807,3.3830291244937414e-05,-2.279851521072376,1.2474847908526911,0.7988551183146044,Malicious
50208,443,33.46381527383336,1807,54.00342717218993,4896,146.3292621355168,141531.3998208272,376.2065875427482,223.44347503065057,76.0,68,1.17576470766227,0.4131864814824101,1.6836767564174477,180.64650602988888,13.439885323107717,8.195738057577287,0.0672399285627232,0.0,1.814356282998091,0.6097892919075694,1.6399265598909951,5.185826666260416e-05,0.007201241333272974,0.01033917274410826,0.015244302031464369,3.682772771273849e-05,-2.0435233231669536,1.4306328103700787,0.6965040355320582,Malicious
50194,443,33.72514415298903,1807,53.58892580652883,4896,145.21320999445376,141554.0902220373,376.2367424033388,223.45151530087165,76.0,68,1.1757345837244966,0.41317473587714887,1.6837511228988624,183.5024407177434,13.545209202389103,8.283454968259809,0.06965487992024394,0.0,1.819095800151219,0.6115067614647474,1.6353371128904564,5.3137536097497344e-05,0.0072892229694871405,0.010432384536040142,0.015257181980603593,3.163628023058769e-05,-1.9860666196973311,1.4269025084150324,0.6986964492882238,Malicious
39999,443,117.17408850358638,84964,747.6778867178209,173762,1536.7796048768107,12151.751507755314,109.99421689061741,145.2003068809904,116.05046975344305,60,0.776407520835769,0.7864077232295519,0.7885776976645774,999.903878723705,31.61910534772376,61.18161726267689,62.55225548781158,0.0,-0.13008658014009658,1.9366245000151223,0.5193051837249385,0.22917388487637705,0.3833002384323485,0.10485053979803308,0.006996937261098041,0.005737998473266011,0.684974002826226,0.23452527223710634,2.6543280686184056,Malicious
50200,443,33.87880203558698,1807,53.337455967545914,4868,143.69651674412776,143227.80088382342,378.4458866733971,225.68079020463756,76.0,68,1.1864569671500647,0.4166256999865654,1.6770028376081123,186.74748036823996,13.665497315979666,8.44805139806095,0.06529842696595448,0.0,1.840214373590949,0.618183446574105,1.617823797187794,4.947557845816692e-05,0.007031921123387258,0.010937783842221892,0.015313999925229804,1.7517657614615803e-05,-1.8607423747322038,1.5565152682429404,0.6471907202218681,Malicious
5364,30616,119.64038590303747,86443,728.2777004323079,75665,653.2010254896836,8793.129556936869,93.74466249765895,128.04143515840087,94.70967518170286,85,1.071932568930475,0.4526707201894833,0.7398565022361563,1226.4465773037139,35.007400522944614,54.81102869313808,55.877542543136066,0.0,-0.09170412054649826,1.5673732138317162,0.6388820535806633,1.3392208645590439e-05,0.0022134964320369693,0.0018468804125117873,0.0015657658915260546,0.001544497904722027,0.25450061370627153,0.09316521813091137,8.874262710130978,Malicious
50188,443,33.33288270318322,1875,56.251520586595916,4964,148.9240257216753,123395.4521,351.2768882,213.71875,76.0,68,1.176155517,0.414825896,1.643640945,171.84460414285033,13.10886520251917,7.6436625737629535,0.06821979486289431,0.0,1.7336532486758467,0.5830887338124663,1.7150069722419354,5.926487931822915e-05,0.007671982169040012,0.009577880527902219,0.015313408568341853,1.1863121961511846e-05,-2.2629842080728824,1.2502814302922296,0.7998349878195207,Malicious
50187,443,33.87498039355381,1807,53.35028212598143,4896,144.57170136939806,141570.41869275508,376.25844244969727,223.45730124161602,76.0,68,1.1757129059308218,0.41316628350251716,1.6838046385199799,185.1293715091489,13.605334677672177,8.333003403510666,0.07029876704820762,0.0,1.82185889226693,0.6124525633528322,1.6328057276238048,5.348647969996274e-05,0.007313179146351618,0.010453580303955703,0.015263604361985088,2.8338300602252375e-05,-1.9734373562964616,1.4255709177224967,0.6995741617832134,Malicious
50219,443,33.92528032743007,1874,55.239367606620675,4959,146.19396650044922,123560.7928001723,351.5107166066267,213.89084567187317,76.0,68,1.1768266357624775,0.41503463651064526,1.6434267345329092,178.09502777994433,13.345224804514558,7.832752808438535,0.06884114221928013,0.0,1.7453243829526104,0.5869332814904047,1.7037968847343101,7.606189631891276e-05,0.008719014582697582,0.010206561007160579,0.015175140746292975,2.01569952293015e-05,-1.711928417455536,1.1686424466211855,0.8541357761995323,Malicious
50198,443,33.29749346488653,1874,56.30988486704316,4964,149.11067004291667,123394.27542797635,351.2752131852336,213.73971222973978,76.0,68,1.176340151066802,0.41488754922210513,1.6434719432609939,171.25619902035962,13.086172207402035,7.6218282803439505,0.06671545972407444,0.0,1.7319779470660546,0.5824240085621973,1.7169720320721118,6.132791973348626e-05,0.007824247001337593,0.009614598353655144,0.015230318464872364,6.99645081140004e-05,-2.1601886925932616,1.220701015409494,0.8134466336933438,Malicious
443,33926,120.68844535182566,78063,646.8189652245895,46032,381.4152873810686,9633.92681072333,97.80278915897497,123.28863485026284,87.0,87,1.1162874055244942,0.37209580217483135,0.7924592589429762,1203.7224924720012,34.694393048563335,57.30131942733329,55.86451174170902,0.0,0.12451112694849292,1.651732385815381,0.6056356043935497,4.7623899422323975e-07,0.0005236212106906553,7.977113289011375e-05,3.268348512917857e-05,2.081040273050001e-05,0.5625955057589462,0.42355720250291623,4.964025150400859,Malicious
443,33926,120.65075537603116,78788,653.0266313245808,46090,382.0124843141604,8234.057383613259,90.72423809564566,121.9122916362992,87.0,87,1.1546096799725671,0.38486989365752233,0.74413324262587,1218.1708444572141,34.90071315754831,55.72034929576267,55.74490086928472,0.0,-0.0014636813283619016,1.5969103482328173,0.6265853824200949,5.973891171648925e-07,0.0005321053920828761,8.18336351152849e-05,3.624026519560307e-05,2.686039779340461e-05,0.41860089908883746,0.2023579133102263,4.791496132382487,Malicious
50181,443,33.40483669102142,1874,56.112512998734125,4963,148.59184954079345,123397.68210166933,351.2800622308919,213.67358632393632,76.0,68,1.1757591844252862,0.41469357943627216,1.6440032415058135,172.53232728973342,13.134617590408103,7.665472172130724,0.06924617801331986,0.0,1.7349612228883888,0.5835944026751991,1.713530694427453,8.703607516193229e-05,0.009294696481472926,0.01077255350895843,0.01530982561587681,6.838690591490566e-05,-1.4823878689617223,1.1566937389914491,0.8613618931177007,Malicious
50197,443,33.500607481452725,1874,55.940231383825335,4908,146.52854718564996,126055.02328315469,355.03767934492936,217.49712441350854,76.0,68,1.195574493187578,0.4210582401701649,1.6324266671374654,176.52680343985668,13.28589763049524,7.896378427363952,0.06994299704634506,0.0,1.767096349791956,0.5942971316411814,1.6828122493159978,6.441109891992392e-05,0.008016857385276022,0.009840108026182617,0.015306920728687457,1.585163306259696e-05,-2.055778145307166,1.2262004168195477,0.8143970696405716,Malicious
443,33926,120.68309424396139,77947,645.8867171462608,46029,381.4108158100476,9898.130875903698,99.14338314938253,123.58674048552844,87.0,87,1.1102218425026058,0.37007394783420194,0.801392999328565,1202.0723932736807,34.67060359186356,57.43524293787934,55.87950470659319,0.0,0.13488816880206853,1.6567288139536651,0.6038096537134456,4.05840885608308e-07,0.0004508605549699082,7.441733148811258e-05,3.280445239259003e-05,2.0245888834579875e-05,0.6178482471893634,0.4822332018431737,4.338933827742807,Malicious
32638,12274,114.0685689274961,128760,1144.2744533523512,239426,2154.822106852583,9592.851136197445,97.87671241495968,158.88379051210924,137.4385262139679,74,0.6702272805276406,0.8472759707039588,0.6319728377058447,1107.196061113304,33.238746129303074,55.65951911494916,56.89388661134326,0.0,-0.11224128373391073,1.6790624062487791,0.5976583953495385,7.897804230694975e-05,0.007562533943188624,0.011375202739674855,0.01004963404456052,0.00996591619855549,0.4308624354935973,0.15373234226355695,3.8617630524388815,Malicious
50196,443,33.55284124480351,1875,55.88623380487478,4964,147.9569411432907,123395.4521,351.2768882,213.71875,76.0,68,1.176155517,0.414825896,1.643640945,174.0802352704393,13.193467765987442,7.708448910490505,0.06721429171922771,0.0,1.737460932562164,0.584249387092624,1.711609780285077,7.981953703417008e-05,0.008806114422901844,0.01025591826192542,0.015337146008841543,3.522966495339506e-05,-1.829623421105111,1.17725007534689,0.8524883053294449,Malicious
50182,443,33.42201461702878,1807,54.06670321668403,4827,144.4295149752611,145429.75206445082,381.35252837421206,228.76130120016606,76.0,68,1.20173296584013,0.421555620607875,1.6670325164621351,184.13085311620452,13.569417627119666,8.462778288322347,0.06224354810630584,0.0,1.8572295338350517,0.6236634975642597,1.6034305891168057,6.170124996160942e-05,0.007849490055905529,0.011061585063681963,0.015364982233242607,3.190116480194541e-05,-1.6436606305227082,1.4087010850364974,0.7104395743886531,Malicious
50172,443,33.217483234518525,1874,56.41685350025578,4963,149.41006892159143,123398.45908237646,351.2811681317532,213.65785032452087,76.0,68,1.1756210936030238,0.4146474774899527,1.6441294734271403,170.61289613688663,13.06188580740641,7.61050405058005,0.07057485130695935,0.0,1.7317396990946936,0.5826496939561095,1.716297147240705,7.686160896997958e-05,0.008764803042480031,0.010533992062375966,0.015285652932404513,6.551489884463766e-05,-1.628927107941701,1.1946154059297645,0.8319495365004546,Malicious
1129,33464,120.63743925642794,80168,664.5975061426225,50835,421.5807407503021,8678.800742048943,93.1512011402065,123.23824311503913,88.07556193059098,86,1.1336910053257192,0.3907545414291155,0.7569233122231742,1248.1884190628139,35.32969992742424,54.71961249856461,55.7414096496233,0.0,-0.08677316379494861,1.5488172819112136,0.6456996919178103,2.8816291604387016e-06,0.0013673140734034826,0.0003565199501035024,0.0002472993779920347,0.00023524477891949565,0.22502742448788,0.08313123893953162,9.651982068167962,Malicious
50224,443,102.13401025015953,889045,8853.34208569907,1284330,12828.943727210002,9852.106256912351,92.46912385156747,167.0885053501523,165.0,97,-0.00560522814663611,0.9832086055891431,0.5449752531492111,740.4205244981636,26.995350031112302,49.88379611763255,49.15805045601613,0.0,0.06817777057916966,1.8654826626391254,0.5392636804257633,0.0005367354899213651,0.020926047281520026,0.011823429678786433,0.007301179460828886,1.881102971588153e-05,0.7753361634006222,0.6643002646015683,1.745111264930879,Malicious
41490,443,120.63743588856694,105263,875.1255535878189,218743,1819.240818551914,12184.917456826277,110.2342862452269,149.60333523696696,123.18448342515862,61,0.7026259830978279,0.810525155730832,0.7662667323232394,1112.891585215255,33.293521997638145,61.813076789270085,62.55201456820416,0.0,-0.07079988523038404,1.8687115486252985,0.5408855493843338,0.19578022426126196,0.3285145002144241,0.09175338138072314,0.00819718368073561,0.007087416775024315,0.5941683695506865,0.20723993779004787,2.341420548686246,Malicious
50183,443,33.89379734383196,1807,53.31881382539124,4896,144.4763331596849,141538.63430785039,376.21618908644876,223.44603151526331,76.0,68,1.1757551125458667,0.41318274194210824,1.6837004342007005,185.28918967066946,13.611415005703456,8.336832595077446,0.06940397617728017,0.0,1.82210487263868,0.612465613832181,1.632767163061505,5.426499786628408e-05,0.007366443749607898,0.010537585206432852,0.01532878638808268,3.538110465145311e-05,-1.9512346102556273,1.42567179179655,0.6990838554256311,Malicious
40959,9712,32.1751370164409,14089,392.69812256795024,23216,644.5884739298174,16364.31648230252,120.15540602375884,143.53974066466458,146.938116911574,68,0.14788573826429152,0.6085315136864384,0.7932313035346111,27.794296830408907,5.272003179566339,4.860320828860704,4.45351852073483,0.0,0.22928568323185394,0.9242244356453797,1.4907532312428424,0.011998154419751043,0.09881742975037165,0.027766061357735936,0.012484974106102468,0.00028271784116827494,0.377551162199345,0.41251416667726926,2.9810784823737353,Malicious
39066,443,120.80169548287509,85241,707.8549797938056,171759,1427.0406197564466,12562.77881423408,111.95470820519466,141.8077723702788,111.59096854079742,59,0.7957262291762388,0.7428242357806938,0.8164259236060998,1070.9150942258486,32.66599414856082,62.55671654518892,63.503375426918716,0.0,-0.0906696969198844,1.9257473926845157,0.5241285075576703,0.2500340164009468,0.4168584812463392,0.11255541303586396,0.00619157992314423,0.004818209188619926,0.6499506139799285,0.22391622974509814,2.8268805787235487,Malicious
50197,443,33.32857478057356,1875,56.26118786270049,4964,148.97482838017166,123394.02679029245,351.2748593045823,213.74491822064547,76.0,68,1.1763857956669141,0.41490278702477856,1.6434302317882983,171.58060668037348,13.098492352427856,7.631422042278354,0.06632493448269211,0.0,1.7326277849263396,0.582606620319883,1.716435786716248,6.799513700809465e-05,0.00817702748280698,0.009828422451648828,0.015260197212220578,7.534953224262043e-05,-2.0442120246369204,1.2006713842487218,0.8288323798058492,Malicious
50206,443,33.838301270261674,1875,55.41243554020058,4964,146.70525750946564,123395.30048916073,351.2766723854753,213.72153352548457,76.0,68,1.1761800118461185,0.41483407493313823,1.6436185313402158,176.95819121417324,13.302337024503357,7.791360916521117,0.06570570775483134,0.0,1.7423013605834956,0.5857068068074746,1.7073458444101426,0.00010746663166408895,0.010334064690099619,0.01116393174616616,0.01536234156068341,7.235629126202463e-05,-1.2430383578116047,1.0770415153599713,0.9240154188095827,Malicious
41394,6384,35.19442971913251,18348,527.388107148156,25886,728.2529065022527,17827.2740520195,132.08312478620806,151.12704995553807,151.15790494800717,71,0.07219856433587357,0.5893100720208189,0.8686309998388206,41.458613726522834,6.156268203391463,5.03114543285986,4.430412133391435,0.0,0.39962966628385127,0.7210412777716315,1.5569749716934378,0.012127051399192382,0.09990850195780009,0.02806807589905704,0.012616062056024023,0.00028421191773541406,0.48806500544939063,0.27911182774300247,3.378713670395705,Malicious
2942,32245,31.21055633825803,23198,745.5236099369331,14616,465.6403118389823,8700.830669730405,92.60817629797918,122.86602586048406,90.91560676322993,86,1.0689815638358333,0.3908244608288099,0.7515809435520739,100.56129428455569,9.969893616592419,13.709007574905522,14.795857585001189,0.0,-0.30548066571208676,1.355637557193097,0.7672114023084895,0.0007401575430938945,0.006276601841584711,0.0017835733399056627,0.0008047099260266068,3.706402774658434e-05,0.5930644534572134,0.28355396274149425,2.5897711162609163,Malicious
50180,443,33.311593278045734,1874,56.25793225652278,4944,148.44298758988276,124295.98982043997,352.55032081060335,214.95382898604336,76.0,68,1.182352736501514,0.41681014823338586,1.6401843650618233,172.59415098982535,13.136927595924986,7.70664336854561,0.0704002244418843,0.0,1.743659208957984,0.5865794326467592,1.705000007824485,7.300541492085052e-05,0.008533554985341238,0.010317656639301379,0.015292405573273514,4.972032902846668e-05,-1.7611751899608794,1.2041615832680095,0.8266907799741061,Malicious
443,33926,120.64827561946124,78217,648.3118343666666,46078,381.92160558207996,9719.070428732055,98.35428594046247,123.56831845331425,87.0,87,1.1177127478624862,0.37257091628749545,0.7954442210619826,1226.554673580701,35.02007510873649,56.029286576499786,55.79913868342084,0.0,0.021232338729063188,1.6006611114790252,0.6258274789216367,9.563498870866835e-07,0.0007783227295211265,9.517728403497498e-05,3.4420122793903686e-05,2.190732156748632e-05,0.49826230385363823,0.367295446409479,6.286293403139355,Malicious
50232,443,116.04222457183872,168519,1450.903756828794,370159,3187.649633297711,10523.692923933528,102.57063088226178,178.1627674761727,165.0,68,0.38535274563286803,1.074408226461997,0.5757462312505884,1166.4165848236387,34.11019520703488,57.90793379585135,58.4635076515118,0.0,-0.05198050419644543,1.6998463326233115,0.5886700790104282,0.00010745870927137397,0.010351020878757607,0.017057783409443097,0.015469060116302447,0.015324698622572618,0.4563988125861937,0.1662089949709687,0.6063882383472607,Malicious
50177,443,34.10577041133911,1807,52.98232415877545,4897,143.5829780923179,141596.8489,376.2935674,223.4666667,76.0,68,1.175677817,0.413152602,1.683891262,187.63123262598748,13.697843305650535,8.409034591225081,0.07100487786707833,0.0,1.8261324285424079,0.613894351715107,1.628945256689901,5.3875660797188996e-05,0.0073398634067107504,0.010473791850057734,0.015273125470283602,2.3134543033291974e-05,-1.9618184974421493,1.423831182219834,0.7007798034941445,Malicious
50205,443,33.81954499328488,1875,55.44331691136354,4964,146.78433343161134,123395.4521,351.2768882,213.71875,76.0,68,1.176155517,0.414825896,1.643640945,176.7909788385563,13.296049919160073,7.787003526866539,0.0659951007955644,0.0,1.7420778188082364,0.5856567003900526,1.70749062299966,0.00010474243487305627,0.010181270491633795,0.011078051396395696,0.015365928088928026,6.356202503852572e-05,-1.3041655531007799,1.0886982238156169,0.9163314143373152,Malicious
443,49487,19.757313698847476,3824,51.01839523387851,2298,31.778844766251453,1285.5548734365523,31.933259117827646,83.9580051783768,68.8591547320176,68,1.4613671101201378,0.4871223700551188,0.36906766801114343,80.11372913712685,6.561825087488338,14.880024989974752,16.81763712926112,0.0,-1.1591559711270936,2.414940040987301,0.41661676244564816,5.530111138263866e-10,2.34293648382593e-05,5.0666901188529765e-05,5.020867327314168e-05,2.7502594628831917e-05,0.04230410271411646,0.9918431547229346,0.4642634435838556,Malicious
50195,443,33.22012861599455,1875,56.441694113541026,4964,149.45681437813488,123393.7948792273,351.2745291845425,213.74917603204696,76.0,68,1.1764232641347472,0.41491529790530074,1.6433959468008936,170.4425428438233,13.055362591930237,7.597695239361016,0.06650916219646558,0.0,1.7305957639185319,0.5819596377235522,1.7183323598795968,5.934706853772294e-05,0.007703655897682638,0.00953705567330682,0.01523991160565105,7.423341270868411e-05,-2.220894661491674,1.2283732936742446,0.8077586468519341,Malicious
19185,21320,32.89348922134719,21149,653.3752468953751,19377,576.5774147082433,12556.171993438431,109.28382899016104,134.80450939454195,116.36414261648787,79,0.6479042034919897,0.4746719956171166,0.8010271407224177,75.59417432855078,8.358879661562659,10.04316326773593,10.417116764038672,0.0,-0.007616438997781971,1.0875610286438904,1.1008362326468597,0.005550395287765295,0.045830118870559655,0.01288710235385421,0.005794254269666012,0.00014146827740097587,0.5487088711219666,0.2816774434986959,2.9230491199233573,Malicious
50195,443,33.913711621152956,1807,53.282453443146714,4883,144.0094631339026,142340.14709344888,377.2744761229477,224.4757423916164,76.0,68,1.1805903606634096,0.4147354490026647,1.6807518971033117,186.23551825549785,13.646774951221815,8.395342931657007,0.06586775745691248,0.0,1.831048785250822,0.6151764101114998,1.6256649655698348,5.054494242860649e-05,0.007108267516452307,0.010578874416641078,0.015285154450325316,2.158995995407299e-05,-1.9823379077366448,1.4874378859861943,0.674733859037618,Malicious
443,33926,120.64665129543357,78806,653.2039453297505,46117,382.24929464919785,8642.373802527936,92.96384971054074,122.46537306774577,87.0,87,1.144491470425242,0.38149715714174737,0.759101593013516,1247.5189662123687,35.320190457250504,54.68193948516258,55.69525064683773,0.0,-0.08604062848922171,1.548191437154653,0.6459337494064503,1.5496819101418547e-06,0.0012443654760563995,0.00012743655092111562,3.496182838794483e-05,2.4987276129314946e-05,0.22303202396612004,0.08236151898291347,9.762358761109697,Malicious
50182,443,33.98767083042783,1807,53.1708004430672,4896,144.08922872497314,141582.6991830539,376.2747628518584,223.46165279360207,76.0,68,1.1756966022646962,0.41315992655051226,1.6838448871187206,186.35297095983054,13.650554485986696,8.370268318819516,0.07078302854245146,0.0,1.823936988036478,0.6131638921179079,1.6309018964110076,5.374891692381458e-05,0.007331196363191237,0.010469521443010457,0.01526843457502917,2.5857920930967034e-05,-1.9639390052655195,1.4245694408013352,0.7002342811517811,Malicious
50209,443,33.31129796450593,1807,54.24609219671546,4895,146.9656367870943,141464.6249143751,376.1178288225852,223.41980433737405,76.0,68,1.1758533708804104,0.4132210543109074,1.6834578624629943,178.95052685584096,13.377215130015449,8.143464502505243,0.06659714212807491,0.0,1.8113317069818273,0.6087558317894796,1.6426950532805988,5.313713117704849e-05,0.0072889547611886185,0.010480503447214275,0.015323856026914643,5.052325497760516e-05,-1.99391476459594,1.4309318954221923,0.695484765631988,Malicious
50203,443,33.63952357518865,1875,55.74342291042267,4964,147.59032052975297,123394.80378567292,351.27596533954346,213.7306528392697,76.0,68,1.1762602612237918,0.41486087054112847,1.6435451002910735,174.8610982038745,13.22284385534733,7.728989661705611,0.06594718718386217,0.0,1.7385289628149971,0.5844978291758096,1.7108906430747364,9.207395953985519e-05,0.009492886346563388,0.010643124088170617,0.015322508398069866,7.352356342652409e-05,-1.5554715118000961,1.1252533718693765,0.8868969533463013,Malicious
50207,443,33.87848159035937,1875,55.345530757554144,4964,146.5263535562393,123395.40089129652,351.2768153055944,213.71969017506828,76.0,68,1.1761637904804298,0.4148286585502495,1.6436333744696654,177.3820912317155,13.318405532497156,7.803968452706008,0.06565689583580842,0.0,1.7430639016212033,0.5859511858773365,1.7066293095646563,0.00011057805969872578,0.010504097927934098,0.011269206225779723,0.015370393315301692,7.212034240874159e-05,-1.17988406813247,1.0672961169824484,0.9315184327835714,Malicious
50206,443,33.72587800915737,1807,53.58003282029427,4827,143.15210546144604,145504.85809481866,381.45098749109883,228.7876592341908,76.0,68,1.201630078950827,0.42151591007982414,1.667270810205812,187.39544874016292,13.689126627162006,8.56340004327271,0.06355676030994714,0.0,1.8627469994949566,0.6255584199685941,1.5985750680185762,4.9279393803906226e-05,0.00700845254913332,0.011727257527520886,0.01538447403253996,1.1262789075335866e-05,-1.5632935051626156,1.6790780253671893,0.5990594324162215,Malicious
50185,443,33.455381705002296,1807,54.01326218248544,4827,144.28924327182526,145437.99942029407,381.36334012087207,228.76419556277406,76.0,68,1.2017216678819829,0.4215512600145384,1.667058683379621,184.4893367381358,13.582562812881116,8.473827513192639,0.06238775128530626,0.0,1.857835403995242,0.6238715780511044,1.6028974067597375,6.033721211451976e-05,0.007757136145548275,0.011134682225886554,0.015367122618029866,2.9634875027200723e-05,-1.6348355564547732,1.4383910423914341,0.6982089763897863,Malicious
50227,443,119.52137603193121,579119,4630.460775349919,870564,7023.350602061403,16271.707165095453,125.40491627664373,178.77369849528935,165.0,119,0.3416504127222319,0.5660649376904194,0.7014759820885552,1033.462064355318,32.14747108771299,54.62896760123607,54.014889646158856,0.0,0.05705744319245079,1.6993942822425967,0.588924284255737,0.0007471773343530508,0.024313101887673334,0.014804190414930885,0.01151328989065305,0.007229157331847667,0.4511647742984551,0.27290518995242763,1.8381554859314755,Malicious
50224,443,112.42937729896538,914727,8291.559422811804,1304545,11869.025954794573,14663.875499437338,114.7370325625501,171.82925454685912,165.0,124,0.11045609077795096,0.6221116870792378,0.6582861134065846,860.4893829347964,29.10403314869558,51.24468615075981,49.86373038471641,0.0,0.12901843038271082,1.7795640172327887,0.5658108002129482,0.0008462194207376572,0.027062315890943794,0.012060391887180485,0.007575454721737139,2.051108298597401e-05,0.6103156487206448,0.5341349920718612,2.2159298614834064,Malicious
36617,9597,34.69952927453167,18950,554.4861966184834,24486,695.6296081613543,16693.532977515828,127.17931191624903,147.6162974660985,143.6742483894049,73,0.19602487668589097,0.5646530089481386,0.8540903457168896,48.80070020590061,6.630019432934784,6.109161077860215,5.718069413643985,0.0,0.31203666735153246,0.7998746017260139,1.4588658441557656,0.010712503723289928,0.08827699046981088,0.024802858669743286,0.01114878564896371,0.00025350973698217403,0.5011086613425172,0.27966365617115596,3.2807065342552186,Malicious
49312,443,111.07640770039035,149670,1352.873115601671,329669,2980.8832112296327,10292.23103984927,101.39113718778084,175.76169763561032,160.60271126122768,67,0.4439299442293429,1.0734754865109746,0.5827040738162558,1027.547276496832,32.054895257102324,56.653723842250386,57.99887760834822,0.0,-0.12590147794312756,1.7677712522379165,0.5664178202760548,0.020697791533262937,0.04445657090311949,0.025366334814208684,0.014756167065745479,0.014530211980052278,0.5572297514398422,0.1965483766762957,0.8105234524547504,Malicious
443,33926,120.65143276185042,77487,642.2433365419954,46028,381.50342034128096,11042.765403488918,104.9777036187758,124.9187426714859,87.0,87,1.084688880686305,0.3615629605621017,0.8401207909634661,1200.076019676801,34.64105242864998,57.72540982488676,55.92897765835563,0.0,0.15633177988612557,1.6667573395002344,0.6004816491136867,2.1173190178671808e-07,0.0001969740463008678,5.5000627001466137e-05,3.370291643561742e-05,1.8082220989959575e-05,0.8391102468452993,0.71986280474934,1.9668230169255558,Malicious
9758,27661,120.5333253393238,97269,807.6160101249747,110122,915.7855298174932,9055.43962008293,95.06280025423456,132.81255209659975,101.59372128785395,83,0.9989285653341562,0.5074332237053857,0.7267726553459396,1251.0184353256727,35.36962487174715,55.49482378534656,56.33525251153294,0.0,-0.07137196885989168,1.5688819884456933,0.6379015760084661,1.9512710393253065e-05,0.002862434110069036,0.0032329249899649797,0.002915576063433326,0.0028776983137937077,0.25454096982136787,0.09437122640105863,8.059574337041333,Malicious
457,33916,120.64285141151493,78829,653.4327444203702,46202,383.0336191522447,8649.24591841948,93.00123579509777,122.49236605257413,87.02202148368181,86,1.144206245177298,0.38167446262371274,0.759266625198654,1247.9017919803237,35.32561180551649,54.65837070277822,55.69468480075224,0.0,-0.08800913238954187,1.547278411084372,0.646298897258654,1.5921914557106003e-06,0.0012511127729863906,0.00013257168188293353,3.937239381769653e-05,2.9340208572314896e-05,0.22277009489523963,0.08226815292629731,9.77609743301384,Malicious
50207,443,33.89785766983371,1874,55.313147857275126,4963,146.4331673145985,123406.4668207956,351.29246364516644,213.7344504108839,76.0,68,1.1762363864386138,0.41485185583086803,1.6435940997726555,177.59932010910967,13.326639475784381,7.810911206717782,0.06564596048930621,0.0,1.743559924439086,0.5861125602939575,1.7061588673872479,0.00011199428147775962,0.010581556256302919,0.011317351117488238,0.015374289802317118,7.177130492102556e-05,-1.1510739208881842,1.0629026874551726,0.9349240035273693,Malicious
50193,443,33.73375286777371,1807,53.57521473520686,4896,145.17635265764258,141555.02836054604,376.237989161194,223.45184772721552,76.0,68,1.1757333382451507,0.4131742502530957,1.6837541975937227,183.59591465372065,13.548663660843573,8.286301731803087,0.06969187391193295,0.0,1.8192545512775038,0.6115611017142534,1.635191674285693,5.3157584357772965e-05,0.007290599351417041,0.010433602321002843,0.015257550973107298,3.144679759355008e-05,-1.985341016023955,1.426826002995257,0.6987468775190966,Malicious
50194,443,33.56171450390481,1807,53.84549653962332,4895,145.87613514516678,141452.2211304975,376.1013294664589,223.41540084668839,76.0,68,1.1758698493063062,0.4132274813805658,1.6834171712617048,181.61736297695612,13.47597590105063,8.22346559135243,0.06652867675580036,0.0,1.8158310667064883,0.6102124886811552,1.6387921283233744,5.4582208911440624e-05,0.007387949224954939,0.010611353774444308,0.01541011077248695,5.375949660722042e-05,-1.9486216531901202,1.4290209679464938,0.6962471520056377,Malicious
50208,443,33.90146120496653,1874,55.30572844425842,4963,146.42275333660467,123395.62255295757,351.277130811008,213.71529785811765,76.0,68,1.1761252228255714,0.4148157822185016,1.6436686375850718,177.62628568731915,13.327650464125274,7.811258757969774,0.06580654029357152,0.0,1.7434698192592928,0.5860941840049881,1.7062104408416532,0.0001102131147923042,0.010489977749378356,0.011262777496977024,0.01536309412322072,6.918305222400384e-05,-1.177551303965647,1.068009844481333,0.9309866149835503,Malicious
36377,443,108.36407695200819,38933,371.73294415349324,65542,624.2314604669103,14350.577184171696,119.44532981578028,130.13624356808782,98.7275035271619,57,0.820289837047711,0.6045905324707288,0.9187149445432086,838.4424221822054,27.417517150361732,54.94797808864461,55.978033195039984,0.0,-0.028401475440977708,1.8254823517682708,0.6765044084109206,0.31243280788913413,0.5316510819197591,0.13824967208153624,0.0039510973203527675,5.5518476732389736e-05,0.7225131602088058,0.2621153232211321,3.8119942980819728,Malicious
443,33926,120.70063422454113,78741,652.3663265285113,46064,381.6431714324993,8266.709532683111,90.91358626883776,121.82002108680939,87.0,87,1.1490387491737182,0.3830129167245727,0.7462711788614677,1221.6825855441623,34.951916513072405,56.0779586906744,55.758616603262915,0.0,0.027817768661574316,1.6046338041539145,0.6234639006773701,1.0432825673520271e-06,0.0010123055484092102,0.00011438422051475,3.274204430522959e-05,2.4247348101743198e-05,0.24354959035272483,0.08960624531201583,8.813189579520092,Malicious
27799,15528,115.0571227840358,121252,1070.4681535021762,210372,1888.403931675826,9450.964233808794,97.14360256962681,153.41172826320275,129.8575574458127,76,0.7414979833856487,0.7772649592297354,0.6511135979097838,1128.3535323999351,33.55254145484862,55.50897962623294,56.713566465759186,0.0,-0.10859757254231527,1.6592464678605723,0.604972312246655,6.734177911221182e-05,0.00661350570273557,0.009684684220452463,0.008544422976452581,0.008471785007877933,0.39957225495831716,0.142986500394796,4.751082620771257,Malicious
50209,443,33.9047887235948,1874,55.29812842704768,4963,146.40622048800134,123395.85068595516,351.2774555198151,213.71067753655302,76.0,68,1.17608467732305,0.41480224600696985,1.6437057011393368,177.6637475502657,13.329054992351072,7.812409786375879,0.06604014375187872,0.0,1.7434925642522163,0.5861187515484373,1.706138957074534,0.00010760072583955191,0.010355009876859556,0.011182309976607598,0.015347828580771215,6.541286982727376e-05,-1.2175400652787955,1.07561757851619,0.9251530629912154,Malicious
443,33926,120.71563110186273,78652,651.5551551637255,46045,381.43800473514415,8291.66538431275,90.99204004891327,121.77414000348796,87.0,87,1.147102871093447,0.38236762403114893,0.747072314934542,1212.1056507786102,34.81525292277299,56.620934883769486,55.78834153434373,0.0,0.07179163911323334,1.6263485494415058,0.6149121579649667,8.338893037352292e-07,0.0008932741964144924,0.00010697056716703571,3.206892345911191e-05,2.3678357190811057e-05,0.28188966773614477,0.12545985673818505,8.139736961705015,Malicious
50181,443,33.21620106191724,1874,56.430107872747264,4963,149.4387516250209,123396.65242476722,351.27859656198615,213.69317112802023,76.0,68,1.175931351404642,0.4147510634077504,1.6438457608935668,170.51851852370746,13.058273532782371,7.604652294400697,0.06898967292419797,0.0,1.7312385064393865,0.5823626789046822,1.7171436126541242,7.031209485259533e-05,0.008368337528580391,0.010158377268506696,0.015266490207819191,7.054442828994208e-05,-1.8500979456294186,1.2065517737080345,0.8231901903761855,Malicious
50232,443,112.66277553543243,160954,1427.6576151292713,354923,3148.6609777370154,10271.799246386654,101.33930496905239,178.53625819281214,165.0,68,0.4009896080910196,1.091039892720071,0.5676358996150884,1083.7819317170845,32.888779209620196,56.87539528476162,57.908700689079346,0.0,-0.09659824648146752,1.7309595636235686,0.5779858799138291,0.00011584976101282121,0.010752727429388402,0.017339112990427334,0.015501193504699185,0.015369191006506563,0.5099480817307563,0.1823492156587021,0.619834289817564,Malicious
443,33926,91.20364364209266,59629,679.6516353452089,35466,403.4422259333312,10330.720824502714,101.33317853046476,123.89842114712746,87.0,87,1.0945262995261067,0.3648420999565027,0.8170459370249402,835.3352127845,26.550875490736814,43.78236332902793,42.67086221413547,0.0,0.015347473696064706,1.5907194126535678,0.6335496379024506,1.2662097813097021e-08,8.445020969955647e-05,5.397808162485054e-05,3.46490476045795e-05,1.831319726237657e-05,0.8253494499623467,0.6437201965725639,1.3336220064839608,Malicious
50178,443,33.24982226335715,1874,56.37276819525101,4963,149.27568378300086,123397.35964375005,351.2796032664834,213.6801169849714,76.0,68,1.1758164940583407,0.4147127123922745,1.6439508534834053,170.96308575837807,13.075272555733253,7.619725275694308,0.06975882273476881,0.0,1.7322687602909965,0.5827582213028787,1.7159776192381737,6.950687758318876e-05,0.008314426523944292,0.010154033768448345,0.015294737729868323,4.485143794655796e-05,-1.8801713878864839,1.2182403551125567,0.8178486311761829,Malicious
50180,443,33.21610669855191,1874,56.4291945473516,4963,149.43702888733867,123396.82318108979,351.2788396136278,213.68982775481558,76.0,68,1.1759019844626049,0.41474125867606876,1.643872614831484,170.5247857240326,13.058513516366423,7.605122183233288,0.06913852881493093,0.0,1.7312804484232267,0.5823879630798436,1.7170690409882883,7.095304891761117e-05,0.00840717040714763,0.0101948637231806,0.015268166352252456,7.022346446229556e-05,-1.8284347820197415,1.205317125647166,0.8240751602581572,Malicious
443,33926,120.65157617921871,77454,641.9676670028277,46026,381.484423723675,11102.895998280623,105.27858112616684,124.98008747750869,87.0,87,1.0831887278463421,0.3610629096154474,0.8421502832352208,1198.8731918056612,34.623834822156205,57.80245846653797,55.93487576550181,0.0,0.16246885066732528,1.6697598480691995,0.5993302812752455,1.7790664506024825e-07,0.00017056551354215546,5.317554922279511e-05,3.3670336388299446e-05,1.7908460737597033e-05,0.8545937154211188,0.7358786432660727,1.7706053622080082,Malicious
50177,443,33.878944440851804,1807,53.342411667635275,4874,143.87031835918143,142853.1685256461,377.9517772901008,225.2046862412899,76.0,68,1.1842384626540778,0.41591370486497914,1.678346439158156,186.4609456755703,13.654899552308796,8.426125715582888,0.06830929216851714,0.0,1.8362948894455198,0.6170993762930256,1.6205685819516915,5.697863379304226e-05,0.00754344984628488,0.010654072963030043,0.01530322998559224,2.6612694848479206e-05,-1.8540854651689787,1.4095524256770853,0.7078168229555958,Malicious
50206,443,33.739608746240464,1874,55.55972048247944,4931,146.15857461843237,124966.49604240069,353.49843418677443,215.9581200094704,76.0,68,1.1876900301317626,0.41852858041549396,1.6369593493412729,177.74443682895037,13.3320817695664,7.883491117673567,0.06762320273354835,0.0,1.7587285571890277,0.5913150028264216,1.6912899018707952,8.781519529788772e-05,0.009269378565526443,0.010531455675721169,0.015344519231306487,3.9380923661457946e-05,-1.63273561175228,1.1446344925382532,0.875263734447124,Malicious
50192,443,33.44095621169153,1875,56.07204210932695,4964,148.4488624357197,123395.4521,351.2768882,213.71875,76.0,68,1.176155517,0.414825896,1.643640945,172.94304977678263,13.150433471682351,7.675494421082773,0.06772575515999532,0.0,1.735524100127459,0.5836590043335578,1.7133378101755325,6.936411874392013e-05,0.008229221960158803,0.009911024748068077,0.015325071622928918,2.3343941320654728e-05,-2.050058534204854,1.2143985102568549,0.8257054482980356,Malicious
50196,443,33.6684974222431,1807,53.67914686563463,4896,145.4557372109519,141547.9171194504,376.2285385357123,223.44932788195203,76.0,68,1.175742779179327,0.4131779313616866,1.6837308909111357,182.88736715386042,13.522478309005143,8.264722805333419,0.06941145349262506,0.0,1.8180511921544158,0.6111491938650039,1.6362941223500753,5.3005615313714556e-05,0.007280166154557529,0.010424371314715714,0.015254753950458857,3.288310652112787e-05,-1.9908412088133678,1.427405926407499,0.6983646234015851,Malicious
50230,443,107.62049103415387,260362,2600.9468394793275,480716,4709.228432462343,9313.069376346411,95.84221449285344,176.30364183299392,165.0,68,0.331239723605147,1.1411387826142592,0.5419682148690247,968.5227340978018,31.011605403106284,55.05786586349273,56.197933397726466,0.0,-0.10644141228515165,1.7815419855899997,0.5621862616667097,0.00013396080144368008,0.011511925425954488,0.0166417141289894,0.01426362111221173,0.013124403656399466,0.6047107696550726,0.2829933657820458,0.7194516708037586,Malicious
22752,27917,24.447521398123964,7913,226.6083511300408,12885,361.76454458072055,9372.617588986863,78.91582089304703,115.8851139017267,111.46503663887489,68,0.746351389488312,0.5567113961394847,0.5923270690589577,27.629173719315215,5.256302682332874,8.440881851480238,9.17651029893002,0.0,-0.42346050423806425,1.6096450744677826,1.0042990466197752,0.006606443890760641,0.05442135249207786,0.01531151297514589,0.006897415410364635,0.00016825315946358602,0.207887846076022,0.6765175777020789,1.8441071918352485,Malicious
443,33926,120.64862212657395,78137,647.6457960951719,46072,381.8757083299109,9864.350453285902,99.08122855283621,123.71653210322262,87.0,87,1.1140882661459943,0.37136275571533145,0.8003476265262675,1223.6485512770955,34.97847608077346,56.21544187048454,55.81338895242261,0.0,0.03605996178634205,1.6079153972570623,0.6230456879146012,8.74625531211203e-07,0.0007145177347275948,9.076775930939252e-05,3.434140695730308e-05,2.148750377228309e-05,0.5356715246116548,0.40599091285250016,5.812216840384389,Malicious
443,33926,120.64653745626165,78619,651.652842878602,46105,382.1518372620511,8990.31080721758,94.70776657427199,122.82484305989928,87.0,87,1.1358940217988618,0.3786313409329539,0.7708475573344116,1241.1324835484118,35.228745860044576,55.09548675092936,55.72765589921772,0.0,-0.05314659258214946,1.5642718654405874,0.6397816131368886,1.3662989550279204e-06,0.001098383962985697,0.00011729652293201382,3.4814980403987516e-05,2.401322882126676e-05,0.3106086353986255,0.17318965956133436,8.664375713513282,Malicious
50203,443,33.6241345760221,1875,55.769047336556675,4964,147.658840461411,123394.76533181341,351.2759106013634,213.73135883956914,76.0,68,1.1762664739812427,0.41486294500722426,1.6435394153959264,174.69874516634783,13.21668964215234,7.7241609952497505,0.06596588207179076,0.0,1.7382369108013447,0.5844042323778428,1.711165074789396,9.088228751446158e-05,0.009427763884896653,0.010602804128670736,0.015319424588762008,7.361393146484959e-05,-1.5796595050483515,1.1289858440633431,0.8840233108389361,Malicious
443,33926,120.65252863102542,77481,642.1858826595551,46022,381.4488872975481,10956.624034268541,104.50357521122456,124.80038487263079,87.0,87,1.086805208256936,0.36226840308564534,0.8369562962425366,1193.567751021198,34.54803100088876,57.95948389717162,55.940285723698445,0.0,0.17538929705048706,1.677670116330444,0.5961499028565492,2.086556649931908e-09,4.0652110076602553e-05,4.499091963527094e-05,3.396905329957724e-05,1.8474167512957047e-05,0.8823502891788385,0.7467526940085903,0.8776512186923461,Malicious
50177,443,34.09266816058744,1807,53.00357154555554,4896,143.63969333452735,141594.1413136392,376.28996909918146,223.46570727553737,76.0,68,1.1756814116108794,0.41315400357242305,1.6838823880418485,187.4930382012947,13.692687246095364,8.40498924745011,0.07123423066221567,0.0,1.8258732171759786,0.613826660168778,1.6291280352035855,5.3993438185807296e-05,0.007347983587711291,0.010484374318612702,0.015272935040976406,2.354687084995344e-05,-1.9550890839515866,1.4236363323153332,0.7008493357492154,Malicious
50198,443,33.52897926671423,1807,53.896319639397504,4895,146.01469605829897,141454.82600755684,376.1047918456738,223.41632419111718,76.0,68,1.1758663906306241,0.413226132735134,1.683425710065093,181.24909629951512,13.462536278963437,8.211701698384973,0.06539189435196772,0.0,1.8152959729558238,0.6099559409948855,1.6394730809721065,5.3933334622155316e-05,0.007343284917194438,0.010557817604834619,0.015404476078577986,5.3695215715597525e-05,-1.9808175826087508,1.430432955804308,0.6955498094755067,Malicious
50200,443,33.58204914846156,1807,53.81683274292595,4896,145.8258567030254,141538.4963805042,376.2160186570661,223.4459896736009,76.0,68,1.1757552862192493,0.4131828079736032,1.6837000149825316,181.94870666725916,13.487788813800748,8.236135751361244,0.06903996171925432,0.0,1.816457021459781,0.610603511857393,1.6377546093841413,5.280429170891413e-05,0.0072663445975795025,0.010412142380374677,0.015251048546599921,3.4785881475715824e-05,-1.9981276838078172,1.428174189921849,0.6978582256851025,Malicious
50224,443,101.9189750861393,888509,8865.075812771162,1283908,12848.993141151124,9751.604780530904,92.00402305629189,166.9894872407192,165.0,96,-0.008029353933802552,0.9907506907553039,0.542608575078851,737.912694855447,26.951306820422808,49.85537175839409,49.14331120500211,0.0,0.06690701634593699,1.867277210606164,0.5387092014809487,0.0005302714243364059,0.020797881523014823,0.01181848034506117,0.007295450784479952,1.877552139140466e-05,0.7787828800910221,0.6670189739584544,1.735277467490389,Malicious
443,33926,120.64712920235844,78482,650.5154187594119,46096,382.07345641840305,9238.412171713138,95.94919983114099,123.07795431103007,87.0,87,1.1297043280525094,0.3765681096841698,0.7792213278517283,1236.1695651353007,35.15770529110875,55.413392688703844,55.751991737503985,0.0,-0.02782478028184112,1.5766603421461698,0.6350310209842066,1.226734522357328e-06,0.0009894212455128627,0.00010976617521522615,3.468055375773663e-05,2.3296286707928715e-05,0.37449407830987363,0.23927168325171005,7.854773413017544,Malicious
50181,443,33.999795142101036,1807,53.151490092307654,4896,144.03731971763347,141584.02043529158,376.2765187563337,223.46212097505565,76.0,68,1.1756948481608431,0.41315924260900366,1.6838492174467332,186.4846174554406,13.6554196641244,8.374277633719814,0.07083513001131088,0.0,1.824160569393474,0.6132404236487913,1.6306970640965943,5.3777152422627915e-05,0.0073331348271683675,0.010471236542744624,0.015268954255403288,2.5591058036148627e-05,-1.9629170820972792,1.4244616923653322,0.7003053030875198,Malicious
50224,443,127.25437225803744,940743,7381.00707039724,1319755,10356.922546864209,21539.702094867283,146.6571336270232,178.769940552745,165.0,163,0.28227412485328623,0.10812364375960795,0.8203681458158986,1036.185719582028,32.189836825009486,53.28025459743943,50.99362182827748,0.0,0.2130933118526474,1.65519275638348,0.6041875675275957,0.0012821769765925964,0.03568185563897603,0.01248169091116225,0.008086739502464168,0.00024662423464368467,0.3712802281203735,0.3413771461499594,2.872105568344193,Malicious
50190,443,33.27503512079261,1875,56.34864064694129,4964,149.19170205238282,123394.85536491615,351.27603876140375,213.7297058612127,76.0,68,1.1762519278774968,0.41485808800141233,1.643552725600815,171.16445216830206,13.082966222583112,7.6220306943640175,0.06768266833298778,0.0,1.7322537446025477,0.5825911603468682,1.7164707567222464,5.768278948708418e-05,0.007594460326144003,0.009510015500052206,0.01528508240198652,3.2489366440042e-05,-2.2818082192819795,1.2481190755241927,0.7985596222778065,Malicious
50199,443,33.65577814468302,1875,55.71528573165902,4964,147.50436181771926,123395.4521,351.2768882,213.71875,76.0,68,1.176155517,0.414825896,1.643640945,175.12647305621894,13.233060343484691,7.73876782699249,0.06674373315093708,0.0,1.7392428646121374,0.584792553316651,1.710019951557542,8.943877131249085e-05,0.009336869252452532,0.010573228523338954,0.015348254731958695,4.616481427184189e-05,-1.626817857787579,1.1430726289213238,0.8771291727989126,Malicious
443,33926,120.64831298742979,78209,648.2400075663672,46077,381.916655937432,9734.737695550963,98.43268077764031,123.58430208772269,87.0,87,1.1173218770438247,0.37244062601460826,0.7959730133854019,1226.2412719710937,35.015588992544636,56.04936190805048,55.800675458812904,0.0,0.0228313770513789,1.6014434270878926,0.6255274854292381,9.475365812448339e-07,0.0007714418807542079,9.470175272478676e-05,3.44116339323504e-05,2.186204763920214e-05,0.5022965834795067,0.37146843715136996,6.235168108907872,Malicious
28450,15090,120.30779224718161,134312,1117.4247881812807,238550,1986.3391822971312,9871.320274145754,99.20373425340175,153.5525604431898,130.87695608214915,76,0.707004194017671,0.7601842941940808,0.6614598608149351,1257.148858004293,35.456110870902705,57.17409782895569,57.621643616759364,0.0,-0.03800967481697729,1.6123464496197002,0.6210091831100377,5.55392021479785e-05,0.00610118503186592,0.009463835716764683,0.008695636100522668,0.008601819863904204,0.3184736439948128,0.11871945186741911,4.610077386572379,Malicious
50212,443,33.337024323421716,1807,54.207082964451686,4896,146.87490557146566,141511.794691609,376.1805329158174,223.43652801657294,76.0,68,1.175790735571038,0.4131966300076284,1.6836125017370593,179.28821257708805,13.38946657876507,8.155109981944063,0.06798702332277544,0.0,1.8119385807963664,0.6090568570476035,1.641894143516417,5.2233669776459215e-05,0.00722716944193814,0.010377481277656675,0.015240546128303731,4.017901519538122e-05,-2.0187801177151017,1.4303517190378587,0.6964229163786925,Malicious
50205,443,33.34583212663471,1807,54.18989932407809,4895,146.80602155873626,141441.5112641308,376.08710125187594,223.41160850395892,76.0,68,1.175884064225285,0.4132330232721208,1.6833820827279584,179.2901540413073,13.389904761416709,8.152983284167638,0.06597052905770888,0.0,1.8118882982237228,0.608889835029195,1.642333513152076,5.3801166460210174e-05,0.007334397424584753,0.010550004020158392,0.015376473330057013,5.568663519251069e-05,-1.974626956327909,1.4308379580459427,0.6952100234001292,Malicious
50195,443,33.69797903481151,1807,53.632191599637046,4896,145.32951468513374,141551.12989124528,376.23280821277467,223.45046631723795,76.0,68,1.1757385138806777,0.41317626828182535,1.6837414205854133,183.20748025258098,13.534308530860052,8.274471900518472,0.06953814401003831,0.0,1.818594855095632,0.6113352887958823,1.6357960497915842,5.307427307005797e-05,0.007284879745356902,0.010428541770510794,0.015256017611098913,3.2234199705963595e-05,-1.9883562889488187,1.4271439240991852,0.6985373211389696,Malicious
50198,443,33.36517407731112,1875,56.200245889433866,4964,148.81186902953107,123394.11824420701,351.2749894871154,213.74323915664817,76.0,68,1.1763710200111979,0.41489785337058893,1.6434437520414449,171.9667271117528,13.113128773709839,7.642905946757917,0.0662804728680433,0.0,1.7333223653987144,0.5828292193950665,1.7157831121887932,7.082926271043656e-05,0.008331906710041095,0.009924314468160882,0.015267531363760833,7.513461205096457e-05,-1.986686286101344,1.1917945329399875,0.835666696560726,Malicious
443,33926,120.69236780022186,78148,647.5023181063574,46034,381.4185651147687,9440.260968430097,96.82011213563592,123.07011861014874,87.0,87,1.120733561077834,0.3735778540259447,0.7859106831085244,1204.932041806119,34.71183110412965,57.20315133345836,55.853521656561085,0.0,0.1169045878526132,1.6480699233805287,0.6069740557009012,5.278419436004704e-07,0.0005769559452124212,8.369555569292491e-05,3.25948141734819e-05,2.122420052375111e-05,0.5220943548745846,0.3805467483417726,5.422227174772122,Malicious
50186,443,33.216805041408804,1874,56.435953677484974,4964,149.44977813118456,123395.55948667064,351.27704089251193,213.71457062814636,76.0,68,1.1761193166246031,0.4148138192964937,1.6436738803368152,170.47840485827476,13.056737500630756,7.601644737207173,0.06803691011324886,0.0,1.7309700537619428,0.5822008457270991,1.7176209139527774,6.62096223628145e-05,0.00811978490255537,0.009924843096996863,0.01525576192508929,7.259878030205086e-05,-1.98875457892205,1.2144542272234025,0.817525877138724,Malicious
443,33926,108.30625267754368,69880,656.9292738209431,41592,390.63233805426773,10961.74677235875,104.5380797521235,124.71287387145252,87.0,87,1.0833869011779595,0.3611289673008957,0.8377877849729587,1042.8112243365551,31.187046506012877,52.15861695528661,50.391975976053644,0.0,0.11942395768584985,1.645739590315802,0.6101804544323297,5.924066532890022e-09,5.427688998139646e-05,4.7970423191986184e-05,3.398172701938639e-05,1.755054516501302e-05,0.889346614227634,0.7458718471480172,0.9916183306389956,Malicious
50208,443,33.90124717768792,1874,55.30621728028993,4963,146.42381673578873,123395.60787935539,351.27710992561265,213.7155950389786,76.0,68,1.1761278307278957,0.4148166528728361,1.6436662536429993,177.623876125879,13.327560124329324,7.811184723379773,0.06579151482924185,0.0,1.7434683562925957,0.5860926038111399,1.7062150387050614,0.00011038114465500084,0.010498658934874833,0.011267953198851344,0.015364076008785303,6.942555180653976e-05,-1.1749792114501818,1.0675205121007307,0.9313618312924667,Malicious
50181,443,33.99055693564547,1807,53.16620375291407,4896,144.0768721590118,141583.013697649,376.2751808322935,223.4617642408308,76.0,68,1.1756961847128862,0.41315976374315383,1.683845917922168,186.38430846154657,13.651712606660798,8.371222707403776,0.07079543092249374,0.0,1.8239902099709173,0.613182109898558,1.6308531375513458,5.3755638181288356e-05,0.00733165780060306,0.010469929710170274,0.015268558281205625,2.579439613765172e-05,-1.9636957438031466,1.424543792060877,0.7002511874129221,Malicious
50186,443,33.29926721191116,1874,56.30536370859109,4963,149.07021483409733,123395.67865058874,351.2772106565152,213.7141617265726,76.0,68,1.1761152527350094,0.41481245368028047,1.6436777514687233,171.49851024206285,13.095740303408329,7.633824122127034,0.06851115104456759,0.0,1.7330776715221792,0.5829241548287272,1.7154890750173328,5.8261817724928626e-05,0.007625820694126346,0.009573094297765266,0.015308627984441617,1.3257917740633324e-05,-2.2643128090264515,1.254361860268542,0.796288968954952,Malicious
50214,443,33.92183586141591,1874,55.25919294529449,4963,146.32152141334484,123397.01942911955,351.2791190283943,213.68700726831747,76.0,68,1.1758769595469165,0.4147328989380769,1.6438955806226039,177.85566760001677,13.336250500149406,7.818306594798888,0.06723691251386867,0.0,1.7436090886274105,0.5862446129923209,1.7057727401525007,9.421725319973263e-05,0.009663558924578156,0.010770068585017077,0.015269622014520924,4.609793094705645e-05,-1.4224056127199383,1.1145925941620267,0.8952673205177893,Malicious
443,46015,42.26847074033646,20214,182.5462771909451,12052,109.78112895069422,3546.0898599935326,48.64864907751914,93.18219196603259,72.90664337768021,72,1.3752400417407786,0.4584133473330077,0.476986735862456,328.32227796400366,12.802786740045836,24.546526483529895,25.55214691763728,0.0,-0.8571232112642275,2.2521818296047256,0.45603976049877326,6.661277701867469e-10,2.54521079402151e-05,4.909766853803455e-05,4.648072320476823e-05,2.515931172871146e-05,0.24159925761390208,0.9534161550068083,0.5268400650722245,Malicious
50188,443,33.72659463226481,1807,53.58399698864794,4895,145.18112925116915,141495.12553283598,376.1583576130848,223.4306090657204,76.0,68,1.1758128821598164,0.41320526811487207,1.6835578121624857,183.44043596894798,13.543221823679517,8.279752649515597,0.06795627156253904,0.0,1.8189460302126799,0.6113311720921794,1.6358007149580842,5.4424712673893104e-05,0.007377271691793512,0.010574727458657167,0.015369732971145827,4.463456975046955e-05,-1.949918994228442,1.4273580919194635,0.6976555837816077,Malicious
50231,443,120.19388202456516,192950,1598.055487724475,407092,3378.190995173066,11039.419001392698,104.89382746280552,177.7413440264986,165.0,69,0.3651054289954675,1.0355152753814738,0.5901211316605437,1259.7395279417076,35.4896866031494,59.01323007840202,58.95643625204635,0.0,0.005204000967653416,1.6628104855589476,0.6013918079437353,0.0001215166713150913,0.010397785100966533,0.016638360535814103,0.015282162816177947,0.01496751674052824,0.39248860972367156,0.15101501258667527,0.6366819124726191,Malicious
50227,443,119.11399512402399,560068,4485.559625245327,846900,6847.735158093748,15994.184650588582,124.28533114481459,178.77389646694238,165.0,117,0.3447784067562329,0.5901896798518006,0.6952126404049284,1033.3185798498766,32.145239224148156,54.700018965018984,54.17405263947887,0.0,0.04883733911089333,1.7017228567315614,0.5881202013343017,0.0007189930919697679,0.023714186138905215,0.014926541691046244,0.011693803519176201,0.00759700319514037,0.45537316106061576,0.2692980282693836,1.783686104208249,Malicious
50226,443,100.66040181753321,636753,6830.5421541650985,975272,10360.939283080294,6730.241616077666,80.34644207502944,167.1938044893165,165.0,68,0.03384250747651532,1.2649227057277566,0.4772245434753122,826.7870842157331,28.302122173048716,51.9506748161343,51.928661199416254,0.0,0.0025440094647333033,1.8603518907594387,0.5406834516316766,0.00017104116487681953,0.012905232189926681,0.013265242121222952,0.009777746061841393,0.005032105814935938,0.7676342119219819,0.5873439633159433,1.0288520123321994,Malicious
50187,443,33.21683497866052,1874,56.436243434555166,4964,149.45032467836904,123395.50531336945,351.27696378315756,213.71563133009218,76.0,68,1.1761286334345,0.4148169298968773,1.6436653607901004,170.47641655748603,13.056661364633072,7.601495662614376,0.06798968483408199,0.0,1.7309567474568586,0.5821928241955048,1.717644572188402,6.600627646562179e-05,0.008107464976738789,0.009913267585948557,0.015255230159847115,7.270060768885054e-05,-1.995627326410021,1.2148459255234176,0.8172451159976997,Malicious
50225,443,125.71125383392693,766249,6030.466133598279,1106978,8727.466324244697,19094.102094116206,136.93736806834121,178.51780403919824,165.0,141,0.30113534137355213,0.3242978411864907,0.7668234280326566,1091.0308422472558,32.99945109352423,54.65244380313191,52.87176721708696,0.0,0.16592517191307862,1.655990662624342,0.6038715435177912,0.0010107061566629366,0.02976116761012736,0.013444079873398247,0.009767045442372651,0.0036849805407486664,0.374545601522883,0.29638666704515687,2.3493403628459326,Malicious
50224,443,126.93631459671727,893542,7014.625359123141,1262379,9915.20344645363,20882.53987836402,144.0522201488396,178.69020690206492,165.0,157,0.28693161411977225,0.16638124564976875,0.8060578783216731,1053.5712694057966,32.44652663630845,53.684187838999954,51.52074547216012,0.0,0.20161122082877334,1.654476409502559,0.6044221366006638,0.0012081391350489607,0.03406055524730341,0.012734831332593769,0.00854248524772198,0.001179839890329016,0.37056158955618645,0.3286645551506536,2.7296139315138297,Malicious
50215,443,33.86175452015658,1874,55.348779811487915,4963,146.57632927706425,123398.14037717819,351.2807145087095,213.66430498261943,76.0,68,1.175677736274437,0.4146663877792399,1.6440776950893445,177.26290053873325,13.313753994508325,7.801450255515582,0.06873413300486213,0.0,1.742397751178784,0.5859620227994452,1.706601958074128,7.42387436321454e-05,0.00860629541878499,0.010139080557674884,0.015186365360372267,1.9453443337072208e-05,-1.7694778020719593,1.1773507336873619,0.848307727869617,Malicious
50224,443,122.84942769279597,940719,7722.973219919248,1325005,10897.482976765194,19533.918282070328,137.27461959890266,176.62741718642494,165.0,152,0.22792298498731425,0.25664165865838806,0.7729692391711076,982.0123504704262,31.23825373992609,52.622057414787996,50.577956539462846,0.0,0.19059590869324225,1.6926048432024143,0.5926794222525681,0.0011594513958483057,0.03327289855760965,0.012300223856375386,0.007853051627888876,2.2231724966253365e-05,0.4432966322222799,0.4023933365430707,2.6924503662087784,Malicious
443,33926,120.66368767445272,78767,652.784196633116,46069,381.7971663921131,8004.461360745066,89.46707549082049,121.57240903110751,87.0,87,1.1592914721305339,0.38643049104351124,0.7359156697389958,1201.9149145341905,34.66857822929448,56.39749436461995,55.776561812581136,0.0,0.05372152083358391,1.6267637982647656,0.6147178358654202,1.4015836264231805e-07,0.00022116660595286326,6.230763920511622e-05,3.624048653243853e-05,2.739238922595082e-05,0.49483509860461217,0.24800244996147086,2.763316548341691,Malicious
50225,443,126.46679024867623,844755,6637.430420905846,1202819,9459.983987233443,20197.09217636736,141.32533803329827,178.62413071691023,165.0,151,0.2923754222810863,0.2269053345899425,0.791020640780296,1067.9282564635007,32.65844387598794,54.05528759511361,52.03854640354511,0.0,0.1879339654956273,1.6550567714987712,0.6042111128979024,0.0011324697533544928,0.03241274540910173,0.013006662305256529,0.009011817744928704,0.002139975555730855,0.3720885265686741,0.31629353256206333,2.583867936842225,Malicious
50204,443,33.47859529606931,1874,56.00138261780963,4964,148.2985169803836,123395.46952763441,351.2769128463517,213.7163320073253,76.0,68,1.1761347879217294,0.41481898469358874,1.643659732958038,173.17476323793105,13.158845659750865,7.679014075579907,0.0672971596577465,0.0,1.7352785865582543,0.5835400858618184,1.7137014778760313,6.566958339277187e-05,0.008087803083568748,0.009788223002668002,0.015212861232136225,5.6248110964176806e-05,-2.028085355647379,1.2051638957215536,0.8254885550253523,Malicious
50205,443,33.775083742909835,1875,55.51769988146604,4964,146.98673524605252,123395.14252190835,351.27644752274347,213.72443375263748,76.0,68,1.1762055336594497,0.4148425967749898,1.6435951779687223,176.29125001290214,13.277055709144713,7.771524905716086,0.0657825057698403,0.0,1.7411016200440732,0.5853223140882614,1.708473201312301,0.00010257128024815611,0.010066543653995752,0.010998298613372846,0.015349673368479515,7.272752033759659e-05,-1.3424018777006546,1.0923743944158757,0.912210585250057,Malicious
443,33926,61.958215429256256,42099,718.5068293923027,24990,425.3471093113634,9251.667680025912,95.85280366994104,122.5057085713664,87.0,87,1.1135746490527572,0.37119154958136397,0.7815774173442327,480.5516362463353,18.623032064705228,29.458985906818242,29.467772686727223,0.0,-0.1626231116607331,1.4966350157792085,0.6735108962199009,2.4184118207334675e-08,0.00013604652777776704,6.42511658695634e-05,3.579016450836648e-05,1.9617330866704547e-05,0.7159144234429442,0.4690410726134875,1.9184476275174198,Malicious
50195,443,33.22690062458862,1875,56.43021716963721,4964,149.42411619501448,123393.9256764475,351.2747153713616,213.74677463780955,76.0,68,1.1764021320191473,0.4149082418021628,1.6434152834420501,170.53158104007156,13.058767143443696,7.600696703596032,0.06665389902994204,0.0,1.7308002544334946,0.5820375278869888,1.7181027551610537,5.914180120054094e-05,0.007690188033508538,0.009533720616989922,0.015245482840281814,6.908482346370279e-05,-2.228407562528972,1.2308086809726426,0.8066240659183592,Malicious
443,33926,73.46631059226752,48997,703.2172850773057,29112,416.7275233502861,9676.275799360446,98.0093347682342,123.05374188241726,87.0,87,1.106079111033766,0.36869303699389644,0.7955343030771476,620.1592060641242,21.742643647078303,35.09524430696595,34.66319706627114,0.0,-0.09259156971860161,1.5336572875922578,0.6577861148898383,1.965019563311009e-08,0.00011574334280869122,6.0208700488465075e-05,3.534113425907995e-05,1.910415343894851e-05,0.7589771780788697,0.5377774223390889,1.6883183624698943,Malicious
50181,443,33.53674465171704,1806,53.873402963200796,4827,143.94693356916417,145455.6105500917,381.3864269672131,228.7586207,76.0,68,1.201605096450576,0.4215111334004187,1.6672002384862006,185.3012973227492,13.612318189476317,8.497922189480573,0.06345805337029724,0.0,1.8588422373711426,0.6242752414358452,1.6018628706167655,6.156222529685554e-05,0.0078451266151693,0.0109227463560435,0.015332415311943935,3.0675577385210275e-05,-1.6870816758041116,1.3885559480532532,0.7181908197494982,Malicious
50224,443,97.42790023637313,877306,9110.138274009036,1275090,13267.73125365373,7652.600857160451,82.29025138650155,164.92146388754998,165.0,84,-0.058657958818109354,1.1482694349982303,0.4931797832451218,685.5359094714385,26.031450959955627,49.261720364315416,48.83547746146032,0.0,0.04036692741160842,1.9047568910955675,0.5271287399544425,0.00039526744715843466,0.018121100647447187,0.011715112003804507,0.007175805635323177,1.803391922720978e-05,0.8507686072303647,0.7238000463573186,1.5298956148808198,Malicious
50193,443,33.83753154446712,1807,53.40443953522674,4896,144.71540159742375,141560.68402741416,376.24549737585045,223.45384742566978,76.0,68,1.1757258356060658,0.4131713259509175,1.6837727133201472,184.6462318983697,13.588174750204535,8.315682637946336,0.06610192740277286,0.0,1.8213168230217225,0.6119702397510484,1.6340750990276591,5.207520373779307e-05,0.007215763769257368,0.010349501281040296,0.015297534913573647,3.230698271472949e-05,-2.057843906409419,1.4298078436069364,0.6972253445119547,Malicious
50224,443,92.34680041146434,833725,9125.936750506744,1227052,13417.59276612588,4975.360738509279,70.18951015998427,162.67919427210802,165.0,68,-0.10896893967481207,1.3550785321248175,0.4308509741419274,639.1510789220893,25.19071873889187,48.87123488686212,48.84418520913997,0.0,0.0032634126574611964,1.9449939218087824,0.5146757349009994,0.00020257270132894884,0.014204733433990662,0.011781618111257972,0.0073531954861962845,0.000640450741145135,0.9283178562270721,0.7761579682890469,1.2168673282571918,Malicious
28269,6099,121.06601350430394,48602,401.62139534929554,67694,559.0342829553997,13035.345160531975,114.12532829830977,125.27738951785919,87.0,61,1.0070779917240635,0.5585485993833978,0.9109832662247438,1017.4744574700114,31.875348114064717,63.13247290301041,63.90702954725566,0.0,-0.07751114740850787,1.9856950697245392,0.506276999007816,0.30343142157954933,0.5021720115912285,0.13021741054588354,0.0016158476399105986,7.027220756865975e-06,0.796528753078929,0.353946812041365,3.330886677475832,Malicious
50197,443,33.547468666676636,1807,53.866844673126636,4895,145.93683834442623,141461.16934516764,376.1132233531101,223.41857269855515,76.0,68,1.1758579681419465,0.4132228485443271,1.6834465035656876,181.45266309627058,13.470064921961505,8.217932555580449,0.06543444171268882,0.0,1.8156567607801524,0.610076643961714,1.6391496173182725,5.3821989713753794e-05,0.0073356434584275635,0.010545334651030544,0.015398067835583928,5.241356711678557e-05,-1.9854332364576104,1.4303954971618933,0.6956502126799995,Malicious
443,33926,120.7069346463263,78464,650.0400943262796,46041,381.430737675771,8721.041686129733,93.1707320741336,122.25861209188585,87.0,87,1.137245305060168,0.3790817686867226,0.7615911543987961,1209.4239604309528,34.77659103112869,56.838583244499105,55.812707638668584,0.0,0.08865608762899138,1.6344685904213678,0.611944679210285,7.194804678554566e-07,0.0007750258218112303,9.826973417612589e-05,3.226551572641512e-05,2.2760926610062773e-05,0.37168471977081413,0.2208182819953276,7.1238578145103375,Malicious
50183,443,33.854755045070846,1806,53.348444931086455,4834,142.78943812517295,145174.62453247927,381.0150320147945,228.2892109716742,76.0,68,1.1990521431829932,0.42068091238540495,1.6690320382846504,188.26898896063418,13.721113502420527,8.573443462687335,0.06662412431472652,0.0,1.8599363409534344,0.6248344176410608,1.6004717326536522,5.8329932733757245e-05,0.007636883177092986,0.01075398786014294,0.01527126610760127,2.3911297466242944e-05,-1.7751700627243638,1.4050999352546842,0.7101223468486301,Malicious
50188,443,33.29529984322339,1875,56.3142967622085,4964,149.09385521776636,123395.2467656838,351.2765959113479,213.7225198709719,76.0,68,1.1761886916232809,0.4148369731475921,1.6436105890338473,171.43089222189056,13.093154084937845,7.631012348590166,0.06811578233678202,0.0,1.732865666969137,0.5828242407572372,1.7157836820049843,5.7068542538883925e-05,0.0075541587634049626,0.009500035596805765,0.015301753899345205,1.7082603363740254e-05,-2.3042900061928675,1.2554067874235302,0.7951644748300823,Malicious
23383,27285,24.715579902661784,8127,232.36973704125808,13244,371.57524988665295,9615.148330950593,80.34635549309826,116.84440823775104,112.6955404991744,68,0.7255915826593975,0.558508952319904,0.5992961124623597,27.634901573340393,5.256847307223238,8.316677972750199,9.012677342486576,0.0,-0.4008177932780105,1.585868939564465,1.0211733565876695,0.006793473620587803,0.055961380705825334,0.015743541142568908,0.007091238796772016,0.00017222375439424317,0.21377319248056412,0.6673597257788481,1.8835468895243734,Malicious
37290,443,103.60342736899422,37503,378.6862695256769,63100,635.0609152792764,14717.815008607362,120.8756213679573,131.94712393314765,103.09403003565181,58,0.7559095006574955,0.6065886560646548,0.9171870853857794,785.0364152149018,25.958932188977915,51.52770880472303,52.42476673461707,0.0,0.010475219370790073,1.743106250798238,0.7464727705447118,0.29281881267189147,0.5046221721575539,0.13138801295962657,0.004700824323749577,7.432812938434628e-05,0.7054763584654115,0.26316792935347166,3.795390500700548,Malicious
50186,443,34.00653458964316,1807,53.13717007050296,4897,144.002613053541,141596.8489,376.2935674,223.4666667,76.0,68,1.175677817,0.413152602,1.683891262,186.51932682176084,13.65716445211501,8.37379064892728,0.0681645743607267,0.0,1.8244511365619411,0.6131410889000652,1.6309477516672324,5.2391472180210425e-05,0.00723767842168228,0.010354667935001791,0.015265735508193625,2.427146027790385e-05,-2.0363797723446027,1.4273435487747,0.6989623781797253,Malicious
50184,443,33.21649104209868,1874,56.432914536785006,4964,149.44404562639454,123396.12768776542,351.27784966027394,213.70344536914266,76.0,68,1.1760215965029446,0.41478119351027615,1.6437632382984635,170.49925931351422,13.057536059261754,7.603208318251087,0.06853223631145183,0.0,1.731109618029762,0.5822849802164748,1.7173727726158756,6.834243241610691e-05,0.0082490034508525,0.010046253790188395,0.015261339388269821,7.153075543769371e-05,-1.916669205484725,1.210345867607284,0.8204706633007149,Malicious
50193,443,33.245089265332204,1875,56.3993917495863,4964,149.336293579688,123394.27697896218,351.2752154423697,213.74032483839466,76.0,68,1.1763453741970835,0.4148892901243493,1.6434672188780874,170.77072482459545,13.067911278970266,7.608758204687919,0.0670426413402766,0.0,1.7313494865350878,0.5822467296593322,1.7174860699220151,5.859048266623476e-05,0.007654015288060412,0.009524763135562515,0.015260446374924371,5.525645351816748e-05,-2.2485861337772475,1.237349780858545,0.8035767447715191,Malicious
50224,443,126.83264503271701,921022,7231.003084463602,1295258,10175.12263314621,21252.406353375183,145.49812120893552,178.77014549616354,165.0,161,0.2855122742588506,0.1330979623293113,0.8138842344243729,1036.037182129286,32.18752636418469,53.35380810454248,51.158389902194756,0.0,0.20458372876008424,1.6576033339022642,0.6033551680390521,0.00125300019852727,0.035061848485900986,0.012608350907222485,0.008273610095101091,0.0006274241500568962,0.37563681734149973,0.33764295473758527,2.815717994029378,Malicious
443,33926,120.64735078461285,78801,653.1563356012261,46108,382.1797469189573,8514.669182655856,92.26327184035112,122.29397989773108,87.0,87,1.1477114289968386,0.3825704766656129,0.7544091604285479,1238.3265265879259,35.1887897340959,55.00158504107589,55.71057344175087,0.0,-0.06000776917679387,1.5632935354945585,0.6399366892573931,1.247542312877376e-06,0.0010166758331573086,0.00011283756889209901,3.540117920218191e-05,2.5601768803272872e-05,0.2860525115203142,0.1210915613588679,8.165513870002355,Malicious
50187,443,33.216820424430594,1874,56.43610256688091,4964,149.45005897016495,123395.53165014509,351.27700127047547,213.71511566151477,76.0,68,1.176124103994232,0.41481541765408275,1.6436695026346138,170.47738318552254,13.05669837874601,7.6015681363978915,0.06801264377426496,0.0,1.730963216421529,0.5821967239260579,1.717633070551437,6.610513466979676e-05,0.008113454405385299,0.009918895111511852,0.015255488681693926,7.265110350541818e-05,-1.9922860862680327,1.214655498320054,0.817381610230369,Malicious
50194,443,33.21758866560146,1874,56.44353822974552,4964,149.46408430732316,123394.14147042087,351.2750225123304,213.7423350907548,76.0,68,1.1763631892987563,0.4148952409893463,1.6434508764692985,170.42635998071086,13.054744598600923,7.597742626935898,0.0668007621993546,0.0,1.7306217538352582,0.5819908776819891,1.7182401814114239,6.0886930553507486e-05,0.0077973040010939675,0.00962184766558689,0.015241842674501597,7.526416871246016e-05,-2.1686525619484276,1.2247071477986056,0.8101767983211364,Malicious
443,33926,120.71048258514433,78726,652.1903502219291,46050,381.49371104508526,8120.757497095466,90.11475209937554,121.599536396333,87.0,87,1.1518605706473797,0.38395352388245985,0.7410778450942235,1211.386600802593,34.80492291125845,56.52269671661998,55.77931644960821,0.0,0.0640668484983139,1.623987995204318,0.615768479830541,7.646101118671122e-07,0.0008283637331854808,0.0001029086218872104,3.2632106879466115e-05,2.4505685503572892e-05,0.2868437429797448,0.11527833747862207,7.6413698274899815,Malicious
50209,443,33.791847753754844,1806,53.472102566614744,4828,142.87471173653236,145520.56896142836,381.47158336731144,228.7903748667258,76.0,68,1.2015865528686012,0.4215002687396084,1.6673410503545851,188.08940491693912,13.714568855135566,8.58456748804964,0.06401292119995715,0.0,1.8638328638877228,0.6259451255669839,1.5975841328924278,4.7665818666120855e-05,0.00690040525399146,0.011778907553313343,0.015379202507062487,8.345169190959178e-06,-1.5634030973196056,1.7086842853473687,0.5867330162296462,Malicious
443,33926,120.6577984170729,78772,652.8589336997728,46071,381.83535701189453,7989.825199053055,89.38556375823478,121.56899498386416,87.0,87,1.1602266697995016,0.38674222359983385,0.7352659969678044,1200.7228789595724,34.65141890763776,56.38173733325503,55.776215134572766,0.0,0.05241953528866773,1.6271131400717493,0.6145856096759971,6.15695371032165e-08,0.00014474931805325057,5.7197903266862736e-05,3.669461020072568e-05,2.7755688160580543e-05,0.5210113346086523,0.2647061138293285,2.1494012560851825,Malicious
443,33926,120.65159113788528,78784,652.9947914138784,46085,381.9714245546958,8165.172572297446,90.34643484761969,121.81859449327135,87.0,87,1.1563030681996247,0.38543435639987483,0.7416107020151426,1213.223011311022,34.829995886614974,55.89679212615531,55.75332759395095,0.0,0.012907768692110563,1.6051626306044593,0.623307892822563,4.377889850042772e-07,0.00041315264841166287,7.422276438372465e-05,3.644624470370559e-05,2.716936705555839e-05,0.45113898444029066,0.22230724309462319,3.963239530111583,Malicious
50175,443,33.23275049743062,1874,56.39604081767875,4963,149.34662566692293,123397.94003714944,351.28042935850135,213.66836242001293,76.0,68,1.1757133422026758,0.41467827490226095,1.6440451469108448,170.77822073729675,13.06820569435366,7.6148573930657975,0.07018960403136601,0.0,1.731989469006488,0.5827009297413444,1.7161462979976196,7.338943859991999e-05,0.008552180185058078,0.0103546136648993,0.015289941867365276,5.575967422799756e-05,-1.7475395899744244,1.205768749843042,0.8252924958713589,Malicious
50211,443,33.910306334816454,1874,55.285526261611096,4963,146.37880611676246,123396.22897059548,351.2779939441359,213.70301623064898,76.0,68,1.1760174457476056,0.4147798005871271,1.643767159032071,177.72586590885933,13.331383947216704,7.814318393947905,0.06642749937838764,0.0,1.7435302794515015,0.5861594888570948,1.7060204244141088,0.00010326892541668483,0.01013120940234199,0.011048880672982613,0.015322515626064225,5.9161244209566575e-05,-1.2838484658650595,1.0882325398046055,0.9154800076214968,Malicious
9629,27747,31.903411244649163,22355,707.5865976586649,16576,511.31255272044655,10288.055079440908,99.4734576773796,127.78103879686361,101.39263950979743,83,0.8956261567271814,0.4253440643439797,0.7719376913796941,90.28245801378239,9.306647367010513,12.199798122876595,12.993152264958855,0.0,-0.18285147889711087,1.2452718141738728,0.9045630477107395,0.00272050795147487,0.02256058358198938,0.006354839748016465,0.0028588799490170784,8.004672619404073e-05,0.5748034858597412,0.28278140931564183,2.7269799748850962,Malicious
50207,443,33.645723520036896,1874,55.69916607890313,4910,145.9324947963454,125985.56427116197,354.9394609369638,217.39669722361035,76.0,68,1.195052405247986,0.4208904956246305,1.632732995609655,177.945260895808,13.33961211827906,7.934132524926142,0.06957553482057333,0.0,1.768695393707052,0.5947808474279564,1.6813806710658223,6.463249461382208e-05,0.008030542639256798,0.009790528710121229,0.015281853697439512,7.558938496724075e-06,-2.060419755591623,1.2195352684516967,0.8197960768978969,Malicious
50191,443,33.66251138079032,1807,53.68563289621488,4895,145.45125420754997,141478.45006301574,376.13619272822143,223.42469815253517,76.0,68,1.1758350233360189,0.4132139016494628,1.6835031498675082,182.73187001764614,13.517085639693462,8.257875800322745,0.06740141441926847,0.0,1.817735350722758,0.6108963782145782,1.6369633747452812,5.448592606023283e-05,0.007381421682756746,0.01058896285153633,0.015385426437805924,4.818111588834472e-05,-1.9494147622580167,1.4280043948042989,0.6971081746512177,Malicious
50224,443,109.89666981321793,908409,8429.760532972588,1299572,12105.170126864727,13480.15820966417,109.25902494835935,170.66300851389778,165.0,118,0.08190447432245798,0.7109431842230387,0.6304111223907353,830.9518933896437,28.585287436021652,50.90990096458422,49.69012988757161,0.0,0.11405134919058212,1.8007003978352802,0.5592800870590313,0.0007700849551492846,0.0255527656856942,0.012002098097731912,0.007507981750335091,2.0092862088853873e-05,0.6509114517503537,0.5661562457636939,2.1001063286006216,Malicious
31224,19446,28.04319226206065,10787,303.8901650108487,17692,493.36293308935126,12625.865323064621,98.10466024782242,128.7528522334369,127.97071283843871,68,0.46788444554865194,0.5808233727222354,0.6858081035753905,27.70600574472223,5.263608146688253,6.774841564090213,6.978895307933913,0.0,-0.11973674729186623,1.2907178474570584,1.2306468911144262,0.009115214695809283,0.07507891225635312,0.021106632576672127,0.009497314654211391,0.00022151374348898265,0.28683243553224297,0.5536764039315132,2.3731415983644033,Malicious
50226,443,98.28956049476312,601371,6486.029607648932,924229,9893.778018033545,6711.897609679461,80.4769975872719,168.21383140471738,165.0,68,0.07010237771482739,1.269721052850017,0.4752208208306666,766.6318421630738,27.46012222754023,51.301544182882914,51.7793399571142,0.0,-0.04417043903635511,1.8810489746453833,0.5331494954850335,0.0001754087527886589,0.013143621365629413,0.013766136975604666,0.010149561813657473,0.005691260690222669,0.8011627694097772,0.5778652541712727,1.0166700116815828,Malicious
50204,443,33.57281745733452,1807,53.82892688828585,4896,145.8611232473389,141546.28954074666,376.226375532579,223.44875115470674,76.0,68,1.1757449399643716,0.4131787738719979,1.6837255566157963,181.82048049658786,13.48338621362967,8.231107196726175,0.06703621782033664,0.0,1.8164077665122265,0.6104420154736748,1.6381758036084617,5.176320164949043e-05,0.007194633950809738,0.010325331651747737,0.015248100833187195,3.4136909825736485e-05,-2.0527679379366566,1.4303965445300613,0.6967983605164899,Malicious
443,33926,120.66414676276658,78785,652.9324792826711,46100,382.0528546057834,8520.623796185131,92.29937452067276,122.25621927251046,87.0,87,1.1459652097742044,0.3819884035914014,0.7549433508547981,1239.145586674494,35.20083560069709,55.13437896575505,55.7157870838001,0.0,-0.049139965615381906,1.5664839900849639,0.6386514379254637,1.3855616353493615e-06,0.0011691565729721994,0.00012320638734867947,3.424241281440127e-05,2.4747470938133758e-05,0.2296816152054996,0.08470948110580699,9.45474006230008,Malicious
443,34523,30.365683764990912,22664,732.6809532627302,13383,432.67445973129634,7839.775673585138,87.78061117209008,119.59741284496265,86.30301914507864,86,1.1464580515773029,0.38215268353799536,0.7293799073130326,101.57910312153018,10.03506201620816,14.220043857916027,15.451024859138924,0.0,-0.38329733888411033,1.435497687540246,0.7045937810857505,3.5084136829111367e-08,0.0001845963927151022,7.425726110093259e-05,3.751356484046837e-05,2.1256782420234184e-05,0.5778833129017008,0.3101136348676316,2.461915116491921,Malicious
50205,443,33.65061511627164,1874,55.69838425642256,4913,146.0041533418772,125843.80161981443,354.7389944486982,217.20863359866982,76.0,68,1.194131156589234,0.4205962410336635,1.6332281990028124,177.82604536930916,13.335142324216767,7.924307507397465,0.06873513424402797,0.0,1.7672588628582848,0.5942406735681588,1.6829281185161635,7.421772746293014e-05,0.008531455973607523,0.0100894957144732,0.0153277773090215,2.116571221539341e-05,-1.9036052095581686,1.190597585702434,0.8417128970081613,Malicious
50232,443,113.21793242300669,162197,1431.4763605919165,357426,3155.065814868336,10313.178923523394,101.54158026724532,178.4749032377429,165.0,68,0.3984208722408333,1.088307736094675,0.5689682192978102,1097.356687936281,33.089426562562444,57.04501490616793,57.999841257601155,0.0,-0.0892686946312393,1.7258484569613861,0.5797410200721193,0.00011447132620937461,0.010686737335747713,0.017292897748570082,0.015495914812315494,0.015361882047821454,0.5011513088633704,0.17969779094856878,0.617625448079162,Malicious
48521,443,45.02145959871815,19910,464.25011448979564,33047,768.3223036098256,19236.844191489636,138.4760122706385,154.23083403024674,156.82613333960154,66,-0.036319947380008544,0.6311764796251316,0.8983860805318649,127.85110376902571,8.010377961657593,9.439732896715206,8.700199817025727,0.0,0.4888707077940236,0.7294306991916282,1.6074654279512988,0.05145964190607971,0.17201909080394828,0.04695216307801324,0.013926557573725818,0.000305789497462899,0.495830730650005,0.2761207286394187,3.5910731893543533,Malicious
50190,443,33.56505222175777,1874,55.852768642041845,4963,147.8925639586998,123396.95906341363,351.27903310800326,213.68822984013224,76.0,68,1.175887688191645,0.4147364807213935,1.6438857733275563,174.17487709968245,13.196864801992843,7.7124620293614345,0.0680743452732585,0.0,1.7377144733739176,0.584398960565514,1.7111745500942726,9.518368071408387e-05,0.009714941732373323,0.01095099353991529,0.015330795131069351,6.955838721057833e-05,-1.3738625790609338,1.1260965577658797,0.8853496734031436,Malicious
50228,443,123.53403573104274,540018,4281.38613118869,830795,6616.5810175838415,15915.631900623575,124.29261997133969,178.21140402588992,165.0,113,0.3263786705574219,0.6049523858355832,0.697094678226492,1157.6052217343345,33.98212654468766,56.37326000863344,55.27284730208217,0.0,0.1025027572218339,1.6586818428573822,0.6028930114614524,0.0006598218024295111,0.02212015511564896,0.01470457960482911,0.011943373919167662,0.008137198536810799,0.3816261180486445,0.23902134734779817,1.673505724353133,Malicious
50224,443,123.60788763339212,942611,7681.586677496668,1326494,10826.765811151576,19888.40143906192,138.91509697460646,176.97666829491578,165.0,154,0.23647322517202568,0.23003963989945087,0.7813168529989871,990.8578261883472,31.39360047642577,52.722314216589275,50.62994399695364,0.0,0.19507804157900244,1.686275214508064,0.5946351492122128,0.0011822510845499936,0.03372495761513742,0.01231768086802442,0.007873257493023096,2.2356967931961342e-05,0.43113956689687805,0.39280405775363547,2.7271355836546407,Malicious
50203,443,33.85767751785033,1807,53.37073914130447,4858,143.5071463619178,143764.93869095488,379.1547316094995,226.40998974931767,76.0,68,1.190006972994365,0.41776953024947916,1.6747342035777129,187.05727931187616,13.676826609065998,8.479946389518746,0.06495391322111121,0.0,1.845760662105087,0.6200030670038297,1.6130789427910133,4.8828484034264426e-05,0.006985722329895877,0.011154967415261036,0.01533145492323001,1.5053422602822182e-05,-1.7871623836780055,1.5983154318090902,0.6305237929294535,Malicious
443,41543,71.26239222782264,41322,351.95156701456824,24614,210.2465159283654,6457.613856701144,70.17773810794037,105.06276065534013,78.11972806264544,78,1.2643100946955812,0.42143669840939957,0.6159843437826877,648.0099405726306,20.84102092886011,36.99678769605918,36.802021394063,0.0,-0.4681110378795815,2.042552498088235,0.5068157960551413,8.118197684876173e-10,2.8057360730170384e-05,4.707652816838572e-05,4.1679197837037095e-05,2.2141210068994745e-05,0.4982874439808244,0.9039229454522929,0.6074375060230384,Malicious
50182,443,33.899091732665525,1806,53.283575477308915,4844,142.9149569200005,144570.92780768502,380.21835468871853,227.47547794840818,76.0,68,1.19510807133208,0.4194106213471282,1.6715393125274807,188.18357972577897,13.717999282781626,8.546405653866808,0.06742002732681336,0.0,1.8542660029836076,0.6230034845866429,1.60523623258524,5.760797673838458e-05,0.007588805929863062,0.010709087612938659,0.015271727411510904,2.375752949636527e-05,-1.805175374090403,1.4081904206536666,0.7085822214702924,Malicious
50204,443,33.356929711240234,1807,54.17184169302872,4895,146.75472905902458,141434.08367147134,376.0772269189069,223.4089747653902,76.0,68,1.1758939275597509,0.41323686950876065,1.6833577308407515,179.3992935481815,13.393982586080973,8.156042153366375,0.0657691663740745,0.0,1.8120671593286946,0.6089328970929164,1.642217331900896,5.4014554806175e-05,0.007349000466055935,0.010572338092880463,0.015393381948576833,5.7345892150063e-05,-1.968428801488899,1.430807771184114,0.695121734732479,Malicious
443,33926,64.79427205680878,43799,714.7388718917272,26006,423.2228973070828,9356.308166039778,96.38425950404773,122.64076597938306,87.0,87,1.1117274475850323,0.3705758157798669,0.7850169542721207,514.956545836485,19.39182959185947,30.847986237795247,30.748133818247272,0.0,-0.14536452838962163,1.5057587897709224,0.6696356788467184,2.3066777675882637e-08,0.00013104300795312688,6.325494011948752e-05,3.567950542913382e-05,1.9490863347581507e-05,0.7265268148905248,0.485980468528428,1.8617345383322024,Malicious
49232,1115,120.0570415512818,175498,1461.8743142158785,381338,3176.594992686727,10778.42725270161,103.807679830097,176.61157797573432,163.43444657333734,68,0.3824387896131636,1.0411963009576388,0.5888442259018699,1263.9647435944,35.55226715674024,59.041137078238165,59.05187038202498,0.0,-0.0009170319209125291,1.66067081649098,0.6022279956822354,9.559393554662096e-05,0.00970207144624086,0.016391445257318064,0.015121983839014126,0.014965974447483007,0.38955484271141344,0.14579013325446216,0.7748807304244449,Malicious
443,33926,120.67472225725474,78757,652.6441632983136,46064,381.72560939790145,8031.884841784932,89.61980238056994,121.57880586258676,87.0,87,1.157539211115444,0.38584640403848125,0.7371329485104248,1204.148407554238,34.70072930428342,56.42701799656482,55.77721137617503,0.0,0.056161024895955536,1.6261092435651217,0.6149655854103434,2.874086603958125e-07,0.00036434813741796775,7.18816484002937e-05,3.538960417208411e-05,2.6711683337667286e-05,0.4457892130194804,0.21670513178367787,3.9135972525013,Malicious
50207,443,33.821267273271594,1807,53.42810606025679,4842,143.1807473397868,144690.75007154813,380.3764976073616,227.66683897539176,76.0,68,1.1961257674046444,0.41974103748805514,1.6708239831913254,187.59124914960896,13.696353792470601,8.534920635761527,0.0643601089096068,0.0,1.855320251763958,0.6231393669995341,1.6049007059559317,4.771315129467057e-05,0.006906094032993047,0.011529305287084563,0.01536154037910794,1.0806064125937803e-05,-1.6603398212042852,1.6703622447989825,0.601796656686256,Malicious
50226,443,121.92558228068994,691549,5485.611922033291,1010218,8059.765759400392,17909.53886166723,132.01227935555843,178.77253014234006,165.0,133,0.32319018874841315,0.4236899399222529,0.7384398282620136,1034.3088550072277,32.16064269252997,54.209649637448216,53.075570557601445,0.0,0.10556935235346628,1.6856519265543322,0.5936696740045245,0.0009135099492085556,0.027847673483248,0.014082119996630529,0.010447967522182366,0.005058271789735437,0.4263284858166093,0.2941932780545643,2.159612936104439,Malicious
443,33926,120.65286613030028,78779,652.9462181936009,46078,381.90878603916565,8060.085684803273,89.77007894764897,121.6756552743084,87.0,87,1.1588864083395127,0.38629546977983753,0.737762452505629,1205.6748686182877,34.72211349930036,56.16596362437744,55.76618294261242,0.0,0.03483206408584524,1.6177518596753362,0.6183079345731297,1.9431178281633902e-07,0.0002316848712264947,6.261203770795039e-05,3.676047573636149e-05,2.7640713604542248e-05,0.5007773016438846,0.25274084572185257,2.6996967154247935,Malicious
443,33926,120.65958995281379,77438,641.7918958848275,46018,381.3911748104957,11058.625006819082,105.03182947872382,124.89614441117341,87.0,87,1.0835793671765988,0.361193122725533,0.840633702447647,1194.8244713547965,34.566110404527805,58.02349069203168,55.945360043607835,0.0,0.18046845220579444,1.678675204241266,0.5957893189538156,9.66231155509161e-08,0.00013126549549254433,5.090120920260829e-05,3.333579092110984e-05,1.7766309034820736e-05,0.8605412659482143,0.7399625929995024,1.5932727769350947,Malicious
50201,443,33.56524177345512,1874,55.85423832308545,4963,147.89195908899572,123396.70627368834,351.278673304507,213.69334952834714,76.0,68,1.1759326158722234,0.41475147993339295,1.6438447039259314,174.22629137757872,13.198922734978868,7.713041126874455,0.06852547698835423,0.0,1.7374839665850932,0.5843533546190791,1.7113078050971944,6.490712609565328e-05,0.00803373773293457,0.009795379021351426,0.015252586924631452,1.3876890557351415e-05,-2.06107356602671,1.221030520691004,0.8190074507256812,Malicious
34253,11187,34.4545629781227,19249,567.8992349168406,23793,679.4816966805707,16132.352733816724,124.75201792178636,145.87854183397286,139.9699808932702,74,0.25731654345501176,0.552448232235706,0.8468929988030347,52.43489320853206,6.864517270603988,6.642758295053376,6.355435248386625,0.0,0.2686798007859517,0.83889559597525,1.410303694173857,0.0100123295588896,0.08251961376519053,0.023186638316009544,0.01042251176667668,0.00023831274212623665,0.5075650226382712,0.2799368007354268,3.2321948680728436,Malicious
443,33926,120.66631533163346,77584,642.963563815973,46021,381.3967947699131,10726.568081579777,103.34694428157472,124.52147931820737,87.0,87,1.0912026874518506,0.36373422948395023,0.8294055998016882,1196.8983488546,34.59600946697959,57.85517295968031,55.926516587068825,0.0,0.16742637956158482,1.6723955939572794,0.5980842100943438,1.851008589701102e-07,0.0002227125351152411,5.762997331407919e-05,3.318375685791101e-05,1.8475801329748632e-05,0.7910985213110293,0.6662174297183547,2.3788999869248393,Malicious
50195,443,33.66969898343149,1807,53.67199062318717,4896,145.42213407885674,141503.1040843711,376.16896263219724,223.43343720345666,76.0,68,1.1758022884843589,0.41320113731067853,1.6835839659046117,182.7984089884455,13.519835515937457,8.259123705655934,0.065715715166051,0.0,1.8180418684709718,0.6108745909961607,1.637011253447774,5.30859072313245e-05,0.007285127058358163,0.010462811940687832,0.01535570401779652,4.394080355930418e-05,-2.015946548578279,1.4301478643703012,0.6963139613961988,Malicious
50189,443,33.35747855532852,1875,56.2106740724862,4964,148.81588593711987,123395.4521,351.2768882,213.71875,76.0,68,1.176155517,0.414825896,1.643640945,172.094593310175,13.118325495021795,7.650907007861527,0.068107359098995,0.0,1.7340790254117444,0.5832185185267148,1.7146270968778574,6.156330936943051e-05,0.007798801291515165,0.00965369897865262,0.015316062898437595,1.4475978149507693e-05,-2.2145256314551593,1.2421150349571157,0.80572270285388,Malicious
50183,443,33.21638381609035,1874,56.43187671626911,4963,149.44208806283766,123396.32171983288,351.2781258422144,213.69964626170452,76.0,68,1.1759882265615413,0.4147700522984578,1.6437937526888828,170.50638079410106,13.057808754938662,7.603742257494396,0.06870138270555062,0.0,1.7311572771132757,0.5823137108702315,1.717288036107861,6.907075474414221e-05,0.008293129627853509,0.010087713702934556,0.015263244007465471,7.116604112363307e-05,-1.8920531423157991,1.2089429250267205,0.8214762631710627,Malicious
50195,443,33.71645112721681,1807,53.59746046731599,4896,145.22526370766164,141519.14379537647,376.1902824721482,223.43912276076276,76.0,68,1.1757809914491668,0.4131928329329738,1.6836365441781944,183.31314630664826,13.538872380339203,8.274878999613605,0.06582330007038334,0.0,1.8189541535788334,0.6111797995195285,1.6361933459286486,5.2804361417077674e-05,0.007265804928936717,0.010431247646968175,0.015339500187576034,4.070003751520659e-05,-2.0276176527159953,1.4300531467569804,0.6965678401084606,Malicious
443,33926,120.70010802771807,78741,652.3744911901817,46065,381.64907959858584,8270.371307777492,90.93357114419162,121.82631163398301,87.0,87,1.1489944247239237,0.3829981419079745,0.7463962429007279,1221.9344248135685,34.95550625121082,56.06435103945931,55.7579989456902,0.0,0.02670793768631248,1.6040836340410338,0.6236829247876072,1.0482186782629865e-06,0.0010145675449089394,0.00011451144767538842,3.2763681577447006e-05,2.4254560525815672e-05,0.24334959605030473,0.0895356275807941,8.822441574848085,Malicious
19472,14896,120.93238426309404,58327,482.62501382015125,60885,503.25159933713496,11328.80089090759,105.84631923838774,124.06564002236328,87.0,69,1.0584731498316198,0.5052288921826977,0.8522437322027444,1096.7367440165679,33.05794889663063,60.043592977280596,61.27932391188583,0.0,-0.1134698308578995,1.8311098019212275,0.5566729927832634,0.20750834635949308,0.3439555297136107,0.08910185747232165,0.001116267713298035,1.3633190924593589e-05,0.532760614642704,0.1828623672544556,6.412916071020786,Malicious
50179,443,33.483787459531,1807,53.9691980320256,4835,144.42851147925435,144934.08560751067,380.6983691726029,228.0834716062998,76.0,68,1.1984179703284883,0.4204870841223204,1.6691622185729111,184.30458058742494,13.575795630912168,8.447526459088706,0.06328769377510585,0.0,1.8527980225060394,0.622260399520868,1.6070863132319368,6.182735124512258e-05,0.007860632518330806,0.010929333366785445,0.015351645353051195,3.25966166692488e-05,-1.6902558725272177,1.3865901429565914,0.7191164170237365,Malicious
50210,443,33.76292208064969,1874,55.517257215331206,4963,147.0148497293809,123397.6623675547,351.2800341427114,213.67398599411243,76.0,68,1.1757626917197257,0.4146947503547831,1.6440000354092132,176.25075015206525,13.275478899635687,7.771982079339404,0.06866458461829637,0.0,1.7407599082057303,0.5854258279734509,1.7081704921301164,7.11283663011993e-05,0.008415452787294376,0.010024519340071262,0.015208438066576317,1.7594689130415304e-05,-1.8666713326102577,1.1919099051048987,0.8385414770066186,Malicious
50200,443,33.465125767837854,1875,56.03381500701244,4964,148.36683144587298,123394.3680023767,351.2753450120959,213.73865367823754,76.0,68,1.176330668094655,0.4148843796942978,1.6434806754874898,173.02121157739754,13.153100444774614,7.674268179612031,0.06615904939973014,0.0,1.735219245902144,0.5834371314550666,1.7140006756886974,7.8569183429287e-05,0.008754877694990108,0.010186192974382644,0.015287560733458412,7.454767081440546e-05,-1.8295850484283758,1.1675520918563562,0.8543310309642946,Malicious
50186,443,34.00475622718074,1807,53.139944997461484,4897,144.0101331511248,141596.8489,376.2935674,223.4666667,76.0,68,1.175677817,0.413152602,1.683891262,186.49940083626296,13.656435463883689,8.373159057401772,0.06811367450368666,0.0,1.8244210068517688,0.6131275900012633,1.6309836375181077,5.236487467460732e-05,0.007235847208532714,0.010352533166575516,0.015265603075862689,2.4291834482663202e-05,-2.0377159528706525,1.4274064923844638,0.6989298088826491,Malicious
50185,443,33.36606905586146,1874,56.16636769766441,4934,147.89122677919985,124802.96080123412,353.2672023381371,215.68683208384766,76.0,68,1.1861633785939112,0.41803449068129406,1.6379485191789676,173.727580632851,13.179862245058075,7.761326904077515,0.07026844694812091,0.0,1.7504140266049844,0.5888037504392347,1.698605274619517,7.052844736758956e-05,0.008384637585739995,0.010180022368037394,0.01529658898577394,3.9959033194141454e-05,-1.8460826987619128,1.2105133948156641,0.8231476100927484,Malicious
18171,22002,32.7884339120099,21277,659.1275112200736,19080,569.6522831263349,12315.506379596762,108.24286896758267,134.05926215783313,114.77554462003201,80,0.6741895133759184,0.46943790173680344,0.797940514041413,77.1527204456275,8.459445507707205,10.271999730284056,10.690455039187025,0.0,-0.02621029903368821,1.1042954230548596,1.0800100546655589,0.005250121272485038,0.04336103230827838,0.012193976271990054,0.005482787229155762,0.0001349509522873108,0.5514777215436849,0.281794583232259,2.902244592231318,Malicious
50180,443,33.39702021102225,1806,54.10634721124643,4827,144.53457791978437,145423.47280600146,381.34429666707507,228.7586207,76.0,68,1.2017378178601752,0.42155769067132054,1.6670160692301943,183.85980059134738,13.559477698029802,8.454386084116003,0.062164680666144466,0.0,1.8567566064261827,0.6235034226302115,1.6038407548441378,6.290761997093367e-05,0.007931373682819367,0.010991003263241697,0.015361759402888954,3.3865152487929796e-05,-1.6532633815913214,1.3815030763382097,0.7216214243446225,Malicious
30602,13642,34.07632470208079,19709,588.6095308098922,22723,654.5486414411181,15265.866808866618,121.00417379232422,143.19537396919856,134.2504359098372,75,0.35195345765231767,0.5336035431055732,0.8357799921213842,58.0462402234864,7.226591805573802,7.466654865685907,7.339554933727312,0.0,0.20173497325357143,0.8991456540878646,1.3353216898764968,0.008931231167992068,0.07362998171701739,0.020691126038355195,0.009301114312424875,0.00021484794219420387,0.5175339163261307,0.2803585474435027,3.1572908128876005,Malicious
46363,443,113.00709239256891,129183,1161.2525303501243,280305,2523.6423656209413,10881.00369260885,104.11509648049304,166.08516467069924,146.49631024459242,65,0.5492010117654134,0.9825823495834263,0.6478890296897982,1018.79465617397,31.91691281194021,58.08737292897389,59.44059573911304,0.0,-0.12722659039287335,1.8212345920272366,0.551500731446194,0.08670675708812947,0.1517433087719548,0.05053310604825201,0.012299392647662383,0.011746367994807837,0.5976769113725546,0.20857285176480644,1.394320056883354,Malicious
443,33926,120.65368410490139,78623,651.6488416901568,46067,381.8125976894282,8329.838594525469,91.11406844020011,121.94676644578821,87.0,87,1.1521521529519696,0.3840507179839898,0.7468325000061758,1199.1745053600446,34.6290842683551,56.55782497879329,55.795293239421504,0.0,0.06609998424022485,1.6332626073155443,0.6123403225655477,7.940346259727708e-09,8.716513016045365e-05,5.2730836939053284e-05,3.664376134582859e-05,2.688039280117556e-05,0.5790149563568209,0.3312755356737743,1.6356043717731663,Malicious
50208,443,33.8122267766127,1807,53.44235000300202,4838,143.0997039602879,144920.6247892233,380.6798564985039,227.97890887111816,76.0,68,1.1976450359803605,0.42023055368904616,1.6698530934116032,187.723831410174,13.701202302508628,8.54857048885187,0.06421267002375737,0.0,1.8576938540116597,0.6239180958974174,1.6028700872759791,4.743621929318258e-05,0.006886322692250006,0.01162225166299261,0.015369010459753998,9.751464505317977e-06,-1.6288503608729479,1.688251137874413,0.5946638405727941,Malicious
443,33926,120.65184205303416,78783,652.9852323320722,46084,381.95909745983266,8144.491749643056,90.23300952465762,121.79046443148896,87.0,87,1.156811462734499,0.38560382124483294,0.7408533766481646,1211.7375567113022,34.80876491695942,55.94976436799335,55.75585749270585,0.0,0.01722241227583475,1.6076401577249073,0.6223239142092312,3.898733129456207e-07,0.0003774402678574205,7.193780395720528e-05,3.650808454323098e-05,2.7262126814846477e-05,0.4609076745159843,0.22829649592793025,3.7145776324203528,Malicious
47611,443,120.22255652057935,155834,1297.6099158004683,337413,2809.842136461111,11230.532528453687,105.88892317264786,169.29301125779034,152.46685288575466,66,0.46747764113831763,0.9815210418426752,0.6395769418981886,1218.9138856195304,34.878503127759664,59.93482551727868,60.14911083856751,0.0,-0.02061362396208889,1.7246530232429884,0.5832097189506248,0.058748478330987994,0.10537931489750227,0.03921256157477078,0.013262845889922187,0.012818877474446363,0.4532761287582309,0.16511972255495488,1.1152678159132101,Malicious
50232,443,118.25946015451402,173482,1466.155406426358,380155,3213.2298487406915,10688.958805706312,103.37849618788606,177.9177225301443,165.0,68,0.3750934970186377,1.0634962932358056,0.5810673696065172,1220.632668941516,34.911558678281814,58.58537591810487,58.82751306345,0.0,-0.022707079816538932,1.679433134459174,0.595679915866722,0.00010195339219253118,0.010087463698798031,0.016873204813731914,0.015447977599188669,0.015295507445030465,0.42126546874981496,0.15561949613978343,0.5975663672536983,Malicious
50191,443,33.81762152695632,1806,53.412563847175996,4828,142.76584804616883,145522.159548907,381.47366814443234,228.7684515511735,76.0,68,1.2014075758558438,0.42144049550737994,1.667509953477104,188.2474068758856,13.720327623577198,8.58765567740782,0.06549873259076248,0.0,1.8634009905865712,0.6259074869190819,1.5976802045541538,5.531593536365754e-05,0.007428022791594688,0.011089177629804376,0.015304498682321527,1.91533821322046e-05,-1.6976584409665405,1.4978565244422493,0.6725353211859345,Malicious
28120,6248,121.06380409173417,48755,402.8973336223172,67579,558.0854983700768,13026.703400256503,114.08648116265395,125.27751461744603,87.0,61,1.0074425935864202,0.5574799095593606,0.9106723138955928,1018.4096811844882,31.889546402656457,63.10615790591679,63.864616746477004,0.0,-0.07605810317072138,1.9840915689381613,0.5067418263054819,0.30181086212928426,0.4994901965798367,0.1295221814755218,0.001607396674558787,7.0804831435370584e-06,0.7972712080415931,0.35643383291968517,3.3170746022749764,Malicious
45090,3899,35.57731389713515,17882,506.42342662406224,26969,753.4922145393762,18704.403026371692,135.87700369716248,153.8431751798223,156.94770312086115,69,-0.02360077538279448,0.6083862305281263,0.8798805076172723,35.778342518142196,5.7897463057444725,4.197128938001256,3.434204502791566,0.0,0.4673967773480528,0.6600511680015037,1.6328779801906645,0.013221428925101258,0.10890732538500289,0.030594240562041387,0.01375123363881192,0.00030796493588045607,0.4779736638083112,0.27868490071875535,3.45453777233162,Malicious
50210,443,33.801020387890574,1807,53.46000646208403,4833,142.99924447799543,145205.57212573077,381.0558931018811,228.36574343252937,76.0,68,1.1995282858586767,0.4208373465502199,1.6686496010938219,187.88817728691163,13.707212402424519,8.565490528259193,0.06402990822095751,0.0,1.8606361159761369,0.6248833900696404,1.6003529797394627,4.7092940845618884e-05,0.006861814599577232,0.011737465821908695,0.01537827019742814,8.44420742190956e-06,-1.5898167605700624,1.7104257923403874,0.5858221681440742,Malicious
50184,443,33.216546857136805,1874,56.43345476011849,4964,149.44506460944027,123396.0266870156,351.27770589752663,213.7054229427722,76.0,68,1.1760389667714124,0.4147869929163346,1.6437473544481649,170.4955523237959,13.057394111241505,7.602930383450729,0.06844418945993376,0.0,1.7310848097429998,0.5822700248659997,1.717416881050933,6.796331414867069e-05,0.008226034170453898,0.010024672397330672,0.015260347964690198,7.172060250613229e-05,-1.929482761873802,1.211076150258223,0.8199472119854041,Malicious
443,33926,120.69206904894433,78742,652.4240254705409,46057,381.61311903059044,8074.995616477287,89.8598949685197,121.58886192951155,87.0,87,1.1547845889099726,0.38492819663665745,0.7390465579014636,1207.6595451163962,34.75127203983002,56.47343028984827,55.77823251531138,0.0,0.05999601979835694,1.6250802582171582,0.6153550572937921,5.188918335423857e-07,0.0005894350523185641,8.693236179134053e-05,3.405198413494831e-05,2.5641587307958645e-05,0.36868718064168404,0.16750453502222573,5.721883086013795,Malicious
443,33926,120.65381135646876,78749,652.6909910572813,46071,381.8526528723248,8040.552465868757,89.63949098906602,121.6324993515388,87.0,87,1.1593487683908839,0.38644958979696126,0.7369072264308765,1199.7919734761967,34.638010610646155,56.40346121688874,55.77932531382462,0.0,0.05406402510626318,1.6283720379634221,0.6141233626905918,8.585020205519925e-09,9.228757804241895e-05,5.3583228869912055e-05,3.6938325159180124e-05,2.780616478599467e-05,0.5456088384496577,0.2855193133110805,1.719077247037522,Malicious
50199,443,33.45616550209072,1807,54.01239605402945,4895,146.3213102947577,141429.8450837486,376.07158742589075,223.40746926387916,76.0,68,1.1758995595333117,0.4132390663239403,1.6833438224396924,180.44742264573236,13.432887461786551,8.187163737707152,0.065224337075085,0.0,1.8138751415728098,0.609480596341523,1.64074692470973,5.4371825972272605e-05,0.007373378018169197,0.01060697716987968,0.015429712608588069,5.874252171761401e-05,-1.9626405117671997,1.4305804730183576,0.6951544080393194,Malicious
50200,443,33.59772970591946,1807,53.79185837136748,4896,145.75872199104242,141540.20517620223,376.2182895951414,223.4465951798252,76.0,68,1.1757530176099464,0.4131819234216045,1.6837056154618861,182.11896709062873,13.494081022990635,8.241321059554855,0.06910734534466018,0.0,1.8167461826434745,0.6107024912551277,1.6374896966235688,5.2840809110761655e-05,0.007268851642646699,0.010414360545055075,0.015251720657164692,3.444074361813091e-05,-1.9968060149668088,1.4280348372239569,0.6979500794392899,Malicious
50188,443,33.32541057322605,1874,56.26307309612974,4963,148.95609235261674,123395.5463142429,351.27702229806886,213.71684190207972,76.0,68,1.1761387725401273,0.4148203058226258,1.6436562514867505,171.7701621627375,13.106042684784963,7.641532337896303,0.06835670777545937,0.0,1.733509503868458,0.5830522003693567,1.715114079708291,5.735934591165729e-05,0.007570630502215283,0.009517379667549536,0.01530614953674174,9.366354800695574e-06,-2.296927716746885,1.256360454595602,0.7953082313408579,Malicious
36119,443,121.0014749659822,60889,504.4134157722209,114615,950.0301089251507,13022.34981821131,114.04715833778006,132.32647828456206,97.49044418026953,57,0.908958695852121,0.6604835064584084,0.877431658764331,1019.8615061061643,31.902768171703666,63.461162746222826,64.66046084042456,0.0,-0.11483620436490753,1.9951168045153587,0.5037478827994288,0.3160197787299003,0.5243061767098508,0.13785572592867373,0.0037522795967495776,0.002058302708976603,0.7177953447889134,0.2441986430857369,3.4173176504727993,Malicious
443,33926,120.65111812688448,77560,642.8481118010658,46033,381.5450959082253,10910.848412757834,104.31762607437126,124.78416189383786,87.0,87,1.0879799781545756,0.36265999305152524,0.835668406713331,1202.7148333069986,34.6788251272923,57.55637732185309,55.916038146474385,0.0,0.1428680196794629,1.6601703117744284,0.6030075675915907,2.8593915174855787e-07,0.0002549101798651589,5.9004558265516476e-05,3.377439189357608e-05,1.846342343240576e-05,0.8051419718319422,0.6847265944976201,2.397293439317256,Malicious
443,33926,120.64742593236699,78414,649.9450594948189,46091,382.0341524863103,9362.822151606077,96.5717142894533,123.2048764895029,87.0,87,1.1266005173334799,0.37553350611116,0.783420339912003,1233.6809186853272,35.122082126476585,55.57280604544529,55.764194899538296,0.0,-0.015127203363877378,1.5828725213535646,0.6326488451529838,1.1567501903581038e-06,0.0009347820881771606,0.00010599009599076402,3.461314575943259e-05,2.293677738364048e-05,0.4065293179555714,0.2724083943509006,7.448799805694824,Malicious
443,33926,120.65357961796786,78520,650.7931273449019,46063,381.7797081673618,8567.37296146356,92.3248517673605,122.2048128154107,87.0,87,1.1462429740351747,0.3820809916783916,0.7549821945191603,1198.6674990312042,34.621754801591436,56.6845738783428,55.80840458739931,0.0,0.07598277380450066,1.6372782796203915,0.6108762589089382,7.411001080592096e-09,8.295906117102112e-05,5.203093342615467e-05,3.640189344413477e-05,2.6120236538709274e-05,0.6064448960700851,0.3688462113327463,1.5670643533682402,Malicious
443,33926,120.65333698854852,78280,648.8060705169063,46053,381.7033353102818,9118.952221908563,95.13641533503711,122.80402305833942,87.0,87,1.132521252084884,0.37750708436162794,0.7739066244038525,1197.4901781259916,34.60473502500469,56.9788978752319,55.83885048756213,0.0,0.09893162886604058,1.6466030842313988,0.6074765523344046,6.181807064621142e-09,7.31921358520565e-05,5.0405685395716625e-05,3.584025126973551e-05,2.435507541916874e-05,0.6701400407185085,0.4560891891027635,1.4079073726331979,Malicious
443,33926,120.64618933034379,78700,652.3219927346446,46110,382.1979489361036,8844.352066291302,93.97742784564377,122.67593698836502,87.0,87,1.1395354362980272,0.3798451457660091,0.7659212442365446,1244.0521826172594,35.27053922953145,54.90846178028926,55.71333905608842,0.0,-0.06804348703832938,1.556983689232376,0.6425764000606509,1.448405109148063e-06,0.0011624870407038585,0.00012172664798881929,3.489406398369137e-05,2.4435007913020688e-05,0.2730246469759807,0.13431341639629357,9.140667057866175,Malicious
50182,443,33.63501189349104,1806,53.70957486964225,4827,143.53364732380604,145478.21280530834,381.416056918631,228.7586207,76.0,68,1.201511754392588,0.42147838999079545,1.6673297634620552,186.3150920970686,13.64948054505714,8.528540834081936,0.06436767353117148,0.0,1.860309047324366,0.6248180563134843,1.6004718381917602,6.061601844097794e-05,0.007784469643440354,0.01087474174089502,0.015311777813842718,2.8432371069860702e-05,-1.7108658504071175,1.3935161844054391,0.7157780990436309,Malicious
50179,443,33.993994944818304,1806,53.14472163260212,4867,143.18363140744933,143278.7077195979,378.5130573064447,225.733672641509,76.0,68,1.1866657381782164,0.4166915481271471,1.6769061631494269,188.00076023305166,13.711333258251718,8.488530899439988,0.0691236672806962,0.0,1.8421285764747075,0.6190843503994099,1.615434701896774,5.6062621261669875e-05,0.007485896004897651,0.01061297809467479,0.01527271483806841,2.34283873105301e-05,-1.8694021033470856,1.4148056417580486,0.705285564605475,Malicious
50180,443,34.06863804961972,1807,53.040264873194594,4897,143.73999837898393,141596.8489,376.2935674,223.4666667,76.0,68,1.175677817,0.413152602,1.683891262,187.21517632882765,13.682621968455997,8.395846905654958,0.06994208445852639,0.0,1.8255033175932802,0.613612493542928,1.6296945563537597,5.332030258436237e-05,0.007301627518081814,0.010429217701048927,0.015270360271782416,2.3559958187320567e-05,-1.9897180621620283,1.425145450224849,0.7000997537598886,Malicious
50196,443,33.907375837563244,1807,53.29243591890033,4881,143.95266610899816,142501.24847082762,377.48707686346137,224.69444800025582,76.0,68,1.1816550982849776,0.41507851297693044,1.680071475687777,186.3284348885623,13.650172896212288,8.40490905600557,0.0657644289663775,0.0,1.8327122591435634,0.6157221608548716,1.624241862283054,5.035086224731833e-05,0.007094411315742018,0.010644013329404447,0.015290389651018027,2.0850872797454866e-05,-1.9602693850056687,1.4999748249909655,0.6697350209222769,Malicious
443,33926,120.66596629074397,78765,652.7552800674675,46068,381.7823900353003,8010.1242473064485,89.49861324674093,121.57372996228202,87.0,87,1.158929634209959,0.38630987840331965,0.7361670350410944,1202.3761257710055,34.67521735327091,56.403590927574186,55.776695945988244,0.0,0.05422527288282814,1.6266286342056544,0.6147689955838562,1.7056521475185381e-07,0.00025073326706321714,6.428465036322227e-05,3.606478125721238e-05,2.7251825005769908e-05,0.4847072346048742,0.24153962482783098,3.0008469016886594,Malicious
44952,443,63.63559415975773,25500,437.06262003813,42596,725.9791473692734,17800.944707448816,132.88357389652785,147.15029382215457,139.753019560469,64,0.21540709611596842,0.6233638186009651,0.9043600081337145,336.6685314587646,13.71344353421717,22.812981982946052,22.593467715073142,0.0,0.33686287443096274,1.0515211621278229,1.3338892100290831,0.12815034133416037,0.27770209783454725,0.07378124259332364,0.010995125826456165,0.0002322437765681741,0.5624446064691375,0.27200503983572016,3.655994018601021,Malicious
50201,443,33.50759953889234,1875,55.96309136883173,4964,148.1777158407309,123394.47413536216,351.2754960899471,213.73670511129325,76.0,68,1.1763135208302533,0.41487865414989694,1.6434963658473585,173.4693073678567,13.1700861265227,7.687595340873467,0.06610745134704492,0.0,1.7360253119906295,0.583695459428527,1.7132432417781227,8.185820854591944e-05,0.008934616253515121,0.01029747641199872,0.015296072073871141,7.429825424553433e-05,-1.7628259774598585,1.1572504362569191,0.8622623091864418,Malicious
50182,443,33.613479848148785,1806,53.74547242690707,4827,143.62420545908827,145473.26026186277,381.40956448589446,228.7586207,76.0,68,1.2015322072453256,0.42148556463585457,1.6673013823087561,186.09295219923172,13.64133763282163,8.521831761638534,0.06416836008556547,0.0,1.8599876439975693,0.6246991162237171,1.6007766373568437,6.08233486616711e-05,0.007797760630772587,0.010885260378961526,0.01531629984516103,2.892389621315545e-05,-1.7056543280652379,1.3924293111797794,0.7163067677098016,Malicious
50212,443,33.288339416556624,1807,54.283449604028355,4895,147.07175008615252,141479.99102765849,376.1382567224387,223.42525298366647,76.0,68,1.1758329657341264,0.41321309726336425,1.6835082413508307,178.72474037249327,13.368778975986332,8.137136351140223,0.06701371879694017,0.0,1.8109616813050042,0.6086667455162149,1.6429354076388525,5.2695675964333406e-05,0.007258744166744955,0.010434298989422842,0.015288875682736828,4.709060438071668e-05,-2.0067374318813744,1.4309943456345016,0.6956674161529507,Malicious
30080,4288,121.09294252538132,46735,386.06985503586566,69106,570.5983703720007,13140.673675354843,114.59880950738258,125.2758647644216,87.0,59,1.0026341085984598,0.5715741298753322,0.9147732518256116,1006.0756542478794,31.702294869965964,63.45320843293543,64.42397021363507,0.0,-0.0952213113865977,2.005239045831564,0.5006115364918947,0.3231833140918921,0.5348588234415033,0.1386910829353753,0.0017188506856965565,6.3780418968704425e-06,0.7874794765371786,0.323634212860572,3.499232630285564,Malicious
50200,443,33.48303894569003,1875,56.00398753754997,4964,148.28707254089642,123394.41276362576,351.2754087286991,213.7378318763263,76.0,68,1.1763234362904313,0.41488196496415713,1.6434872928468602,173.21019455183153,13.160264102028018,7.679888867486307,0.06613728808512045,0.0,1.7355592017112274,0.5835460804562479,1.7136812303459708,7.995631931130998e-05,0.008830681860380126,0.01023312641025442,0.015291150364206717,7.444248016976653e-05,-1.8014296225781274,1.163207401372249,0.8576760223286392,Malicious
443,33926,120.6527624093965,77712,644.1004522519756,46031,381.5224740957673,10425.166219384026,101.79457663705622,124.22303363918087,87.0,87,1.1000263659166187,0.3666754556388729,0.8187222238694393,1194.7021236138103,34.56442990114349,57.67589675118546,55.91095048081845,0.0,0.15327760932084383,1.6686854777876663,0.5994255891575396,3.2709100378203592e-09,5.006274089685752e-05,4.6556879106272634e-05,3.451020693634089e-05,2.0174936085642814e-05,0.820978724253983,0.6626923138335552,1.0310022006288693,Malicious
50195,443,33.81220281625826,1806,53.42508134290509,4828,142.78873568621256,145521.82514178238,381.4732298382519,228.77306073678216,76.0,68,1.2014452042095256,0.4214530623073747,1.667474443070856,188.21418834406387,13.719116892811531,8.587006412568636,0.06518635372346464,0.0,1.8634917881759991,0.6259154001160536,1.597660006326401,5.3707565146911866e-05,0.007317095812717755,0.011234187321869244,0.015320204508982842,1.6881049764184408e-05,-1.669432427599945,1.542181219725938,0.6544961359975229,Malicious
42544,8127,32.8479932756462,14627,407.15983337523744,24115,669.2144207308598,16973.095256403973,123.74620483580857,145.94767470700012,150.02681661840236,68,0.09577634524647965,0.6130435769367863,0.810724367157933,27.80867437250294,5.273370247800314,4.548555464933246,4.042279823431979,0.0,0.2861213722211557,0.8645437281931374,1.53310960080196,0.012467619563521284,0.1026830695470249,0.028850499462413068,0.012971492073325463,0.0002926844701191747,0.392324027446487,0.38952695350137856,3.080076451108388,Malicious
50207,443,33.32716794813408,1807,54.22026907219753,4895,146.89228648974526,141454.00316395893,376.103708137037,223.41603798735716,76.0,68,1.1758674758376653,0.41322655458098184,1.683423038303952,179.10660065467607,13.38304658009767,8.147838806088426,0.066309185549577,0.0,1.8115874854154699,0.6088174122387886,1.6425289095097095,5.3442284926920695e-05,0.007309837686375192,0.010512442051969106,0.015348036018203068,5.289605786104883e-05,-1.9850511587468926,1.430888727019334,0.695358509355513,Malicious
443,33926,120.68334056079247,77953,645.9296294549383,46029,381.41102164092075,9885.969299320761,99.0816742711719,123.57301838586804,87.0,87,1.110501046417046,0.37016701580568195,0.8009817703499449,1202.1483489852483,34.67169864427815,57.429078305141196,55.87881456546868,0.0,0.13441050321762546,1.6564988233840523,0.6038937040440777,4.0908138074841866e-07,0.00045420980050921714,7.466377230542484e-05,3.279888414882738e-05,2.0271873972138898e-05,0.615304908403624,0.4795322870821924,4.367707404662018,Malicious
50210,443,33.790740874359244,1806,53.474659513991895,4828,142.87938699206637,145520.50065212444,381.4714938345596,228.79131638452682,76.0,68,1.2015942392079726,0.42150283575836206,1.6673337966480866,188.08261937135933,13.714321539304771,8.584434862797467,0.06394911160555401,0.0,1.8638514111006133,0.6259467419947966,1.5975800070028257,4.733727707152321e-05,0.0068777462130911226,0.011808528666019285,0.015382410734423365,7.881000125981258e-06,-1.5576373728961834,1.7177384856284597,0.5830481539974703,Malicious
50211,443,33.69955103205258,1874,55.62499028048925,4963,147.3076386635214,123396.92640505558,351.27898654086283,213.68780665108068,76.0,68,1.175884231841943,0.4147353316142039,1.6438888483151242,175.51553343310817,13.247511887172793,7.74878437768909,0.06800687052111269,0.0,1.7393055763653227,0.5849017710504297,1.709711194040973,7.09666888000664e-05,0.008409358242574718,0.010000056101521392,0.015191562299473573,3.951323530066563e-05,-1.8669108945715933,1.186207622925813,0.8401804638436631,Malicious
50176,443,33.3070739067257,1874,56.271007817548714,4963,149.0185504056168,123398.12329630696,351.280690196973,213.66465091730868,76.0,68,1.1756807720146167,0.4146674012682503,1.6440749200510818,171.53005090599578,13.0966346265144,7.636799176102064,0.06996122499328972,0.0,1.7332812020309114,0.5831034651292397,1.7149684029264711,8.206444350761744e-05,0.009038264750876915,0.010663670217956722,0.015297030113586038,6.767207338469487e-05,-1.5486095046448556,1.1753639990746312,0.8467246592677674,Malicious
50177,443,34.071708599341335,1807,53.036646933043926,4896,143.7263982074416,141584.92961440337,376.27772439253147,223.462441699856,76.0,68,1.1756936430610014,0.4131587730743748,1.6838521905068289,187.25634731493284,13.683975638945258,8.397568241551918,0.07094439943478142,0.0,1.8254660240021867,0.6136727112074223,1.629539326494055,5.40950540796144e-05,0.007354922328867948,0.010498064168384256,0.015285217369773679,2.5534998818910708e-05,-1.952634485275422,1.4238774921155148,0.700603601122426,Malicious
443,33926,119.75175169706355,76741,641.7228941388678,45692,382.0596367280508,11384.045314792069,106.6828808005552,125.25792625722507,87.0,87,1.0759321337440857,0.35864404490800206,0.851668754821476,1181.6594247409867,34.289689541334376,57.7642179760355,55.55914081087239,0.0,0.18907457607927608,1.6825604863663153,0.5945412051259917,1.4148053873393297e-09,3.4084140411198924e-05,4.39499460495555e-05,3.3535139186635196e-05,1.704015907044022e-05,0.9321751370180504,0.8142343182821097,0.7627408109318095,Malicious
16492,23132,32.61438121491784,21489,668.6577018064986,18587,558.1789188846599,11916.778324339966,106.51823552794303,132.82455738786172,112.14359990802839,80,0.717738279336045,0.460766201444373,0.7928266773192695,79.73487604471885,8.626060187795442,10.651129578654032,11.143314245524873,0.0,-0.057016086090211415,1.132020499491312,1.0455058256967336,0.004752635685551072,0.039270318776237274,0.011045624373030047,0.004966757351198438,0.00012415323039191133,0.5560650754507329,0.28198865706528947,2.8677762328559715,Malicious
50206,443,33.7963474998395,1806,53.461707925613375,4828,142.85570563445157,145520.84665611136,381.4719473407046,228.78654735755407,76.0,68,1.201555305945378,0.42148983315590144,1.6673705385152164,188.11698988444,13.71557425684936,8.5851066434098,0.06427232342003772,0.0,1.863757464753078,0.6259385543770691,1.5976009056823612,4.900142375536493e-05,0.006992520014623048,0.011658490201204305,0.01536616024738792,1.0232134420471208e-05,-1.5868422326063651,1.6718766598493837,0.6017129178049244,Malicious
25399,8969,121.02166958262829,51948,429.49094092004424,65485,540.9364916220297,12163.52030517978,109.84779298547797,124.56061272337739,87.0,63,1.0317056980536816,0.5437752748187906,0.8811856488166907,1049.6347852366143,32.35136443877809,61.7210443712264,63.018913872022864,0.0,-0.12140327678068841,1.9195316402967233,0.5287509276739263,0.2721397153467462,0.4506972609870926,0.11681432017687854,0.0014530461543119393,1.0092813095275277e-05,0.6293405212216908,0.21420379618448937,5.3645938363817605,Malicious
443,33926,120.6954433941053,78747,652.4468693452679,46069,381.7014543543992,8302.832239579571,91.11073321974622,121.88207612457501,87.0,87,1.148601497003115,0.3828671660010383,0.7475049115504084,1224.1669314909527,34.98732858925587,55.943721829118836,55.75252353012581,0.0,0.01686949958696185,1.5992064818256586,0.6256245313915545,1.091976351937165e-06,0.00103461970874252,0.00011563929197996989,3.2955491833328214e-05,2.4318497277776072e-05,0.241576685031923,0.08890961497812933,8.904458733639744,Malicious
50195,443,33.45891905263023,1874,56.035484238530884,4963,148.36371398911044,123396.19203682437,351.2779413751482,213.7037642412431,76.0,68,1.17602400989363,0.41478199204274085,1.6437611585987986,173.1374324610991,13.157746859456683,7.681339625986379,0.06845065769090954,0.0,1.735721995292592,0.5837765228310915,1.7129952147105891,6.156102048227114e-05,0.007828431581121434,0.009672135474825587,0.015276332470034279,1.1877265681323762e-05,-2.165633168774234,1.2366930979358022,0.8085010383655973,Malicious
50181,443,33.26922631976245,1874,56.346316141009495,4963,149.19505004405164,123396.69995884648,351.27866431639575,213.69347742128798,76.0,68,1.175933738193145,0.4147518546228765,1.6438436779871763,171.17320645191768,13.083304869285826,7.625258192997912,0.06926918946463774,0.0,1.7325862074643836,0.5828233398557189,1.7157858961219625,6.509389340276573e-05,0.00804419171222815,0.009926051283141734,0.0153001887878855,3.245295304474503e-05,-2.030922921084475,1.2324157915117984,0.8093878093115782,Malicious
50197,443,33.81006177289237,1806,53.43002726134983,4828,142.7977790606621,145521.6930106915,381.4730566545201,228.7748819202369,76.0,68,1.2014600719412625,0.42145802770694274,1.667460412183445,188.20106302308915,13.718638508336303,8.586749874758427,0.06506292644735828,0.0,1.8635276641596632,0.6259185267819384,1.5976520255937243,5.307206519603251e-05,0.007273266295798372,0.011291483615486713,0.015326410202154644,1.5983204794647308e-05,-1.6582797527237054,1.559694812916268,0.6473684851732402,Malicious
50200,443,33.80533561881862,1806,53.44094491625513,4828,142.8177414685592,145521.40134359902,381.4726743675416,228.77890201330973,76.0,68,1.2014928910760994,0.42146898836461555,1.6674294403046162,188.17209009793388,13.717582519105799,8.58618359140513,0.06479047221636217,0.0,1.8636068570564746,0.6259254286060416,1.5976344088686958,5.166925816765984e-05,0.007176516714150707,0.01141795985403728,0.015340108692587695,1.4001295540503566e-05,-1.6336612603384648,1.59835444079737,0.6316348589813661,Malicious
443,33926,120.69553119504181,78217,648.0534317853746,46035,381.4212085570172,9284.07241974049,96.02759810069547,122.89388859454871,87.0,87,1.1243193177342554,0.37477310624475174,0.7806293565542103,1205.9075249002328,34.72589463003913,57.12398026266759,55.84465832047194,0.0,0.11077003006034461,1.6451162032739977,0.608053496270862,5.694589354039577e-07,0.000619969595327794,8.686054284170355e-05,3.252330239981449e-05,2.1557922134199034e-05,0.4894307942694613,0.3458594729071172,5.791760120519095,Malicious
443,33926,114.3310400637807,73491,648.9247993683524,43750,386.11976042632125,11184.040175847702,105.66707991896125,124.99978357569874,87.0,87,1.0794627919079018,0.3598209309223201,0.8450945779672576,1115.899421275077,32.820244376312914,55.109344945782034,53.111915881367565,0.0,0.156087292890777,1.6651217133404723,0.6019481220726531,3.55044004228183e-09,4.36476441358036e-05,4.585408733515198e-05,3.374664799513261e-05,1.7281883423008696e-05,0.9118910872505053,0.78185711551231,0.8711396698682123,Malicious
50185,443,33.45844635868036,1807,54.00835380504038,4827,144.2763597923857,145438.75691191095,381.3643331430739,228.76446140014707,76.0,68,1.2017206302029075,0.42155085950885396,1.6670610867220998,184.52226224099513,13.583770153537415,8.474842346961335,0.06240099585742068,0.0,1.8578910511112365,0.6238906895369449,1.6028484357715298,6.021192987207682e-05,0.00774865375262009,0.01114139595191457,0.015367319205101412,2.9426724010268685e-05,-1.6340250033815467,1.441117964113876,0.6970856375125071,Malicious
443,33926,120.64827453167851,78804,653.1787586046117,46115,382.2310688657788,8631.077789717594,92.902199444702,122.44596769750163,87.0,87,1.1446282045336422,0.38154273517788073,0.7587157896932178,1246.7420808111526,35.3091166673666,54.72391699565475,55.69715602542434,0.0,-0.08261697067552655,1.5498886273104617,0.6452580937227331,1.5344547673910546e-06,0.001237387564857785,0.0001270440747041573,3.489508073199953e-05,2.4965026910666514e-05,0.22364897562041458,0.08257936381935416,9.73381777892141,Malicious
50179,443,33.48140262743712,1807,53.972980782447486,4835,144.43188025908177,144946.64425654412,380.7149452696474,228.10084551098677,76.0,68,1.1985035457999484,0.42051468515721524,1.6691067904138648,184.29156659827274,13.575318226793259,8.4476556158096,0.06325738766999506,0.0,1.8528976214078245,0.6222915470759228,1.6070049457029267,6.185661398762864e-05,0.007862546763685623,0.010930994604916314,0.015351937547109786,3.263273054165901e-05,-1.6892671361795693,1.3864515621105757,0.7191846117814032,Malicious
443,33926,120.65054891793878,77691,643.9422161596964,46042,381.6204915510832,10672.196198779762,103.12347385412782,124.54069059899861,87.0,87,1.0939339321742025,0.3646446443914008,0.8276135583356724,1207.4887347705783,34.747160056014955,57.250579100868244,55.892629159192765,0.0,0.11851061003888057,1.6482536606926652,0.6075772294201323,4.201881548411086e-07,0.00035972295999166454,6.62481063140733e-05,3.3903698787194535e-05,1.9153060198370846e-05,0.74368966010146,0.6211613606266801,3.1760613507630078,Malicious
50231,443,120.50478211148405,225255,1847.8187631891005,446530,3679.618961644267,11493.294824911203,106.69945882202373,177.78509701139401,165.0,73,0.36150075878489435,0.9954386646781199,0.6000781838946603,1250.2329101427442,35.349363553853124,58.76750278670206,58.61356935867663,0.0,0.014260527832827441,1.6624261932515954,0.6015315393289216,0.0001716218840565882,0.011488898318119507,0.01645836502891291,0.014971389765144016,0.014331753626064007,0.39147753361679294,0.15920660480998658,0.7331890320725631,Malicious
27857,6511,121.05989180432405,49026,405.15668405326534,67374,556.4054509045754,13011.401120189063,114.01769312287112,125.27773613584658,87.0,61,1.0080882074003938,0.5555875415149639,0.9101216992665574,1020.0657159214446,31.914687830048948,63.05956098090797,63.78951485342848,0.0,-0.07348514474926487,1.9812521916192654,0.5075649129527777,0.29894127841214824,0.4947414089387524,0.12829111400702295,0.001592432242020583,7.1747967939879225e-06,0.7985859001198252,0.3608376914855882,3.292617057018152,Malicious
3753,31699,31.294615378812647,23096,740.920988487328,14854,471.18139224854787,8893.397049493928,93.44109089606691,123.46232858986441,92.18670885460864,85,1.0479496146324858,0.39501247295810976,0.7540506795320282,99.31423792835598,9.88942677876385,13.525906181867404,14.577148475478163,0.0,-0.29060295943827025,1.342247685254951,0.7838752772765529,0.000980419037607257,0.008252218769286165,0.0023381718061080926,0.001053927416840128,4.2278805557368794e-05,0.5908489832315094,0.28346023445992286,2.606417667948943,Malicious
13332,25257,120.49020407773386,104351,866.8505341344331,134677,1120.4722285904168,9211.433593188347,95.85453461351948,136.77798048139258,107.19258935537539,82,0.9431134871101631,0.5557584824253241,0.71428504179269,1252.1905540487867,35.38616073953502,55.815896026355,56.581206694258654,0.0,-0.0649931967027759,1.5771922651432178,0.6346718003416923,2.6400869289880575e-05,0.0034816737276210166,0.004424256731315223,0.004020706483530251,0.0039721334602744705,0.26676470843547373,0.099026535250031,7.400040700793068,Malicious
50214,443,33.92483318377045,1874,55.25234709286644,4963,146.3066291521018,123397.22492402728,351.27941151570235,213.68284543042626,76.0,68,1.1758404374550335,0.414720705951665,1.6439289662868626,177.8894120479964,13.337515654253433,7.819343404373156,0.06744733503764852,0.0,1.7436295765895706,0.5862667426497031,1.705708349861383,9.186409678451431e-05,0.009541984181762247,0.010697586016303665,0.015255871302128347,4.270187122782449e-05,-1.4584262099290681,1.1214453976584349,0.8900126434606802,Malicious
50195,443,33.9185375475689,1807,53.274849854300314,4886,144.05272506969203,142217.43718997296,377.1125394792528,224.30915570835862,76.0,68,1.1797793567297647,0.41447413933633426,1.6812701698057664,186.16474424189127,13.644186757945123,8.388056475050922,0.06594646211671219,0.0,1.8297817276741934,0.6147607152109923,1.626748934371334,5.069277207910333e-05,0.00711882169717607,0.010529258517461473,0.015281166830963321,2.2152917981648898e-05,-1.9991473623684797,1.4778885785861577,0.6785414425145929,Malicious
50196,443,33.49576900110943,1807,53.950085974028575,4895,146.15410989919752,141435.0610735974,376.07852047279704,223.40931816310083,76.0,68,1.1758926339023366,0.4132363658045984,1.683360920487231,180.8882061871998,13.449080202807245,8.200953003641807,0.06595769553292732,0.0,1.8145852050211035,0.6097650597475255,1.6399885748594432,5.4645201151177206e-05,0.007392219814139629,0.010626002846070766,0.015426260289337147,5.740910493494842e-05,-1.9481027683013212,1.4296860523128128,0.6956838352339736,Malicious
50207,443,33.830957477949966,1874,55.417387150439914,4950,146.3170824550856,124065.97370336937,352.2250440960945,214.67451318953428,76.0,68,1.1810784475625762,0.41640620182343485,1.6407892397655115,177.66066862373108,13.328940221281018,7.841594574791286,0.06648184538846959,0.0,1.7499725079723147,0.5883119079784992,1.6998729690469827,0.00010177250259751344,0.010026829327959582,0.010985111537837633,0.015361704206991242,5.8078177206472534e-05,-1.3546977990807705,1.097455045341142,0.9097024515655785,Malicious
443,33926,120.64735920570219,78801,653.1560147840805,46108,382.1793332031353,8513.97510317974,92.25946511611895,122.29303581059918,87.0,87,1.1477284914811665,0.3825761641603888,0.7543837434515376,1238.2766725000301,35.188077190859964,55.0033628690897,55.71065834895363,0.0,-0.059862963256436565,1.563376685026594,0.6399036654569445,1.2459341909416117e-06,0.0010154772720168672,0.0001127608821875957,3.540325464009549e-05,2.5604881960143234e-05,0.28638036343430123,0.12129256968132845,8.157168403162684,Malicious
50212,443,33.36699399236635,1807,54.15842719660478,4896,146.74508689793956,141518.1740145454,376.1890108440845,223.43878850900592,76.0,68,1.1757822663366073,0.4131933277738622,1.683633409600089,179.60372221928623,13.40124562039711,8.164321389885085,0.06742087480153183,0.0,1.8125340510356924,0.6092095096492316,1.6414816706361803,5.194270824071486e-05,0.0072071103463210145,0.01035146710607611,0.015240927742628778,3.921784897128302e-05,-2.0353117862974934,1.430842673701827,0.6962426011162959,Malicious
443,33926,120.65770733981965,78793,653.0323957158593,46106,382.1251567912113,8565.435390508934,92.54394282535733,122.33320091140237,87.0,87,1.145422781795525,0.381807594265175,0.7564738432655496,1242.227512484945,35.244765630543554,54.96785302403726,55.708228394403214,0.0,-0.06272171057501696,1.5597511899342047,0.6413317826550295,1.4459681305540076e-06,0.0011968381391238923,0.00012476335132449728,3.450720260620702e-05,2.483573420206901e-05,0.2272341509795086,0.08384528463223549,9.567962925703137,Malicious
443,33926,120.66462970901377,77547,642.6699015524109,46020,381.39538620528504,10809.793529426497,103.76923731160862,124.61538391041596,87.0,87,1.0892920083008901,0.36309733643363,0.8322197674944879,1196.3785603166075,34.58851568301181,57.89735945720748,55.93123943724974,0.0,0.17069519359364144,1.6739694908962184,0.5975090275626369,1.6292514372121732e-07,0.00019979260708973478,5.5943502218111136e-05,3.3221862080347076e-05,1.8297976958380325e-05,0.8085033789810513,0.6847006287547246,2.181993458488952,Malicious
50232,443,116.84078245890922,170306,1456.3967793890197,373759,3196.8625843050672,10583.214958662053,102.86159103847508,178.07451227412437,165.0,68,0.3816577824271875,1.0704781928611256,0.5776626884081059,1185.9430085905574,34.3988136675064,58.15192083718622,58.594607564805116,0.0,-0.04143740985735386,1.6924943306431537,0.591194736540016,0.0001054759184445962,0.010256098324566577,0.016991305722299132,0.015461467052916646,0.01531418515019228,0.44374521409674134,0.16239508909743786,0.6032109599400725,Malicious
50190,443,33.57283950650392,1874,55.84014375319697,4963,147.85857514424708,123396.92392009916,351.27898308742823,213.68894158904806,76.0,68,1.1758939341243269,0.4147385659407332,1.643880063780245,174.2547133241797,13.199890331159938,7.7147459739750115,0.06801738827801725,0.0,1.7378482952662757,0.5844380661463391,1.711060029568446,9.557969553326117e-05,0.009735367776071707,0.010959666627504161,0.015331814355516836,6.961532712384559e-05,-1.3685877013338357,1.1246093800775612,0.886515600792657,Malicious
50232,443,116.61082735228717,169792,1454.814992258787,372722,3194.2095955042523,10566.07481633302,102.77780528564725,178.099926504859,165.0,68,0.3827217950325152,1.0716098970373025,0.5771108196993636,1180.3201214686965,34.31570223635606,58.08166160236683,58.55685564346338,0.0,-0.04447343069206902,1.6946114350216914,0.5904677286414023,0.0001060468887942268,0.010283432505874223,0.017010448835006034,0.015463653574055238,0.015317212640999563,0.44738898198997334,0.163493352787515,0.6041258984895785,Malicious
50231,443,108.10355839281354,242708,2399.8139875015804,457755,4440.82147523881,9447.733456144178,96.63768014491015,176.72245572718674,165.0,68,0.34475894630154397,1.1344820084167622,0.5454237638305575,978.974735588183,31.195467622388968,55.25233268380267,56.42668638793862,0.0,-0.10966521450310575,1.77639045454299,0.5636895108747267,0.00013181501841662296,0.011427451638009439,0.016790584325187256,0.01447660820394199,0.013509221518246418,0.5945403425766267,0.2677276874377641,0.7040645153355071,Malicious
50186,443,33.21676659024576,1874,56.43558151585659,4964,149.44907615041828,123395.62906641886,351.2771399311406,213.71320827117913,76.0,68,1.1761073501896162,0.4148098240666163,1.6436848227734442,170.4809586156645,13.056835289088026,7.601836207403804,0.06809756587838209,0.0,1.7309871442721572,0.5822111485171507,1.717590527507026,6.647079818217479e-05,0.00813560851524697,0.009939710589404098,0.015256444920048864,7.246799403319629e-05,-1.9799272778493064,1.2139511331071167,0.8178864844687166,Malicious
50191,443,33.41469560201802,1875,56.11565329861293,4964,148.5643216056485,123395.4521,351.2768882,213.71875,76.0,68,1.176155517,0.414825896,1.643640945,172.6761402219952,13.140332864175805,7.667759651210022,0.06784580108040744,0.0,1.7350695049134603,0.5835204352080672,1.7137433972071061,6.691012064375651e-05,0.008093819150986614,0.00983007456470201,0.015322237635873818,2.0554235313290643e-05,-2.1017970045117353,1.2231176438354816,0.8194192263174838,Malicious
443,33926,120.65027442021695,78790,653.0449542357073,46092,382.03611297099246,8273.698521036938,90.94165250367021,121.96621152447229,87.0,87,1.1536351859710858,0.38454506232369523,0.7455848888900692,1221.018173642721,34.94140882037656,55.61881175282085,55.74005154264588,0.0,-0.009734018640127691,1.592161407888719,0.6284714791235436,6.892341937640104e-07,0.000600559118945477,8.621346234890314e-05,3.612173018285956e-05,2.6682595274289344e-05,0.3998762094470685,0.19087767393106903,5.268132899842936,Malicious
50192,443,33.54095858819599,1807,53.87620146130435,4827,143.92948711960008,145459.15149110756,381.3910691088431,228.77161876167654,76.0,68,1.201692691902855,0.42154007635994695,1.6671257939180955,185.4087430424922,13.616276393981147,8.502165563754808,0.062757590529752,0.0,1.8593892848724196,0.6244052440255441,1.6015299489723516,5.683885146630171e-05,0.007520275206247933,0.011322155202753405,0.015372612082950335,2.3822500405527497e-05,-1.6122018062969272,1.5145371542309216,0.6668410470946414,Malicious
42687,443,120.55630161009876,115153,957.7470733285573,241950,2012.9639327381879,11998.276860741656,109.38450212777107,153.45387055032938,128.9109767177707,62,0.6566401073710697,0.8439653046300324,0.7414911336105826,1133.6254262027264,33.60348270019575,61.44576384605446,62.082099996944024,0.0,-0.060985403211744824,1.8405393004588555,0.5491625118570219,0.16898214103235565,0.2848779309886119,0.0814784392312499,0.009187830312067165,0.008208267712182119,0.5666153235799777,0.19900286085705887,2.101632733380133,Malicious
38839,443,95.52084508563146,35076,390.49155438936293,58954,653.4470531536571,15341.30763956156,123.30395577024498,135.02161813833874,110.50747418480309,59,0.6466052224847993,0.6099810499131455,0.9145931016988953,694.3642415520396,23.482561525250873,45.72081051563438,46.392067196395885,0.0,0.07647967511616721,1.6032489471545277,0.8652643418034507,0.2595183717374253,0.45873276497201165,0.11973835812027381,0.005973703179743273,0.00010626296571915173,0.6765514503126159,0.2649550333039414,3.767200742935037,Malicious
38041,443,118.45570059961864,71364,620.477800187871,140993,1233.257543037249,12542.58599079989,111.80241436210622,138.77690602961104,106.68646834625241,59,0.8462877421184156,0.7260717480159004,0.8318482680820563,994.0937823764345,31.52751091416541,62.13329104890097,63.50928560409238,0.0,-0.13096620598012995,1.9721141184110493,0.5094030378388774,0.2729914429915939,0.45451848631796676,0.12155655013845357,0.005366100374995717,0.003890048810946966,0.7118233219459744,0.24250726576733145,3.041859389962232,Malicious
25202,17275,115.58781550657068,117222,1030.8461683684384,194774,1745.3806803051507,9374.79403223349,96.75004175636099,150.4741203690638,125.78780957278663,77,0.7797587651189622,0.7396804269952144,0.6613890746345139,1139.7116551413285,33.720998534380335,55.4281643923564,56.61676386026142,0.0,-0.10664149195084678,1.6486085302072497,0.6088986966766456,6.109499735713008e-05,0.00610403181079057,0.008777150584801994,0.007736369318637775,0.007669679443108319,0.3827745145145127,0.13721773014567296,5.228502661975556,Malicious
50179,443,33.55979253396734,1807,53.84864102169027,4843,144.32114779432288,144533.83895825667,380.17008565404257,227.52976179906702,76.0,68,1.1956906629868287,0.41960743363577707,1.670928725055697,184.71933901707132,13.591010595389985,8.443410208636251,0.06425355538890026,0.0,1.8496237856432485,0.6212677207295463,1.6096795126085255,6.0894741805617384e-05,0.007799625137116915,0.01087638937625571,0.015342333070131933,3.144566035338501e-05,-1.721767097109389,1.3910067421561452,0.7169430364968915,Malicious
443,33926,111.64409371982498,71881,652.4946503833123,42788,388.13228853427165,11084.901333346046,105.16356623853827,124.87182703027261,87.0,87,1.0812128737581843,0.3604042915191112,0.8418358802799463,1083.3034056880547,32.09186762785146,53.79337356325969,51.89887181593588,0.0,0.13973610766702232,1.656477636585464,0.605619593598203,4.60903458047675e-09,4.8388095778805146e-05,4.679793489831964e-05,3.385148899353901e-05,1.7401701706901727e-05,0.901836659520227,0.7658083358510424,0.9248709762745164,Malicious
50185,443,33.84004970971053,1807,53.40405746468571,4896,144.70289122265092,141524.6483282055,376.1975990477949,223.44107393911207,76.0,68,1.1757736826996925,0.41318998302379,1.6836545880714375,184.6949042275122,13.589494175815913,8.31848413648503,0.06893860873664645,0.0,1.8210894566483014,0.6121009453468305,1.6337423041695502,5.431633849923607e-05,0.007369924412507594,0.010549524655047576,0.015341948746183057,3.8355648854928454e-05,-1.9508117029462262,1.4262138562234712,0.6986247347509155,Malicious
50194,443,33.72349878787654,1807,53.59154637405514,4896,145.22025445784294,141553.910917645,376.2365041131956,223.45145176494066,76.0,68,1.1757348217702812,0.41317482869342803,1.6837505352390572,183.48457524571523,13.544548959186056,8.282910872476085,0.06964780933830234,0.0,1.8190654583904229,0.6114963755299153,1.635364910257691,5.3133704316697454e-05,0.007288959904573786,0.010432151783423492,0.015257111455861217,3.167249563883422e-05,-1.9862053027643778,1.4269171307311115,0.6986868110490861,Malicious
443,33926,120.71185648579964,78727,652.1921978330523,46053,381.5171672825745,8188.614426482222,90.48736649210537,121.68586185066751,87.0,87,1.1499840619045083,0.3833280209681694,0.7436039234522175,1216.3115799572759,34.87535774746638,56.36817066148004,55.77178945863878,0.0,0.051487263822845394,1.6163673465716102,0.6187927478324634,9.380095519769737e-07,0.0009640636841987439,0.00011167083196258539,3.2280583667106355e-05,2.4093527889035454e-05,0.24781489225808723,0.09111231793452353,8.615871191829212,Malicious
50181,443,33.27182233136511,1874,56.34277719851775,4963,149.18426229341304,123396.6117015446,351.2785386970267,213.69526487474462,76.0,68,1.175949423940905,0.41475709134671784,1.6438293392929406,171.20131788114628,13.084379488877888,7.6259984257212485,0.069203682870359,0.0,1.7326286777875022,0.5828320518752673,1.7157602460504626,6.450349323615114e-05,0.008008037792037351,0.009895550177357727,0.015300918068895806,3.079419623698846e-05,-2.0510915250673167,1.2343122814310403,0.8082558608534988,Malicious
50178,443,34.033023836913294,1807,53.098000888218166,4896,143.88946296341194,141574.86323085497,376.26434424584016,223.4588734933895,76.0,68,1.1757070088956236,0.4131639848298159,1.6838191928382287,186.82861144229815,13.668198161289048,8.384361971672861,0.07060945206124707,0.0,1.8247351801800258,0.613410241724786,1.630241182542515,5.4132006407305055e-05,0.007357427529693396,0.010506657564925932,0.01529469095320538,2.7675921628334564e-05,-1.9523300985045307,1.4242676420061826,0.7002731498473607,Malicious
50213,443,33.30623023459013,1807,54.25612860701569,4896,147.00674733092075,141508.43889213167,376.17607315926796,223.43533889989072,76.0,68,1.1757951907542539,0.41319836712525937,1.683601503297801,178.95384853321892,13.377109693542046,8.144926871964596,0.06785469273745581,0.0,1.811370714813208,0.6088624774552632,1.6424143895027978,5.216195548189983e-05,0.00722224600929161,0.010373125159553435,0.015239226211426302,4.0856810348656026e-05,-2.021375662408281,1.430625385287884,0.696242530402393,Malicious
443,33926,120.67797815442275,78754,652.6028446416514,46063,381.70449557611187,8039.976496526788,89.66486643570771,121.58069333090987,87.0,87,1.157022183713594,0.385674061571198,0.7374921224434742,1204.8074287179004,34.71021589710553,56.435729328145094,55.77740303836143,0.0,0.056880832296969636,1.625916108688062,0.6150386871357245,3.3085677583836355e-07,0.0004065957104500533,7.470658432983918e-05,3.5138540265357084e-05,2.6510832212285672e-05,0.4313175866024507,0.20747045101238734,4.253002534447356,Malicious
50177,443,33.24555905245365,1874,56.378579902025464,4963,149.29339959601944,123397.50458127317,351.2798095605782,213.67718160091607,76.0,68,1.175790734677754,0.41470411256238304,1.6439744007116017,170.91692072911619,13.073507798612244,7.618509653925116,0.06986639868962795,0.0,1.73219901486135,0.5827439142879592,1.716019742187232,7.047644198158059e-05,0.008373799057797558,0.010204123161968217,0.015293540093173755,4.7575474349889e-05,-1.8470501906159005,1.2151259096710019,0.8197075346586489,Malicious
50174,443,33.2278010045798,1874,56.40278807972661,4963,149.36719333103028,123398.10830638376,351.28066886134803,213.66495450454147,76.0,68,1.1756834361358774,0.4146682906914092,1.644072484718017,170.72462416713833,13.066156850664813,7.613446083282606,0.07031449731756452,0.0,1.7319084961169862,0.582684319615863,1.7161952018027418,7.45150812591443e-05,0.008621110373710144,0.010412766334504497,0.015288551437852916,5.892221978552354e-05,-1.7090866180684923,1.2021529480926316,0.8274506413877527,Malicious
50203,443,33.36581601393377,1807,54.1573821884485,4895,146.71365699744112,141428.13608566753,376.0693201252415,223.4068658201585,76.0,68,1.1759018255464522,0.4132399493521885,1.683338231260566,179.48668614110883,13.397247871779248,8.15849151857206,0.06560792680514466,0.0,1.8122103809373038,0.6089673786982783,1.642124300687168,5.418542382866229e-05,0.007360693735480936,0.010590221924150277,0.015406921390503843,5.867452897467621e-05,-1.9634656782509459,1.4307835992943638,0.6950510382833833,Malicious
50212,443,33.916076285110144,1874,55.27234775641365,4963,146.35013799336141,123396.62455547521,351.27855699242684,213.69500454724553,76.0,68,1.1759471394442258,0.4147563286621198,1.643831427602651,177.7908251506422,13.333819413086106,7.816314288616515,0.06683257009126589,0.0,1.743569719494747,0.5862020892210223,1.705896470853164,9.873901707082859e-05,0.009897173773190656,0.010909349194828187,0.015296045024099238,5.262371055235419e-05,-1.3531893744698213,1.101424426051577,0.9053645706272377,Malicious
50206,443,33.743978644742924,1874,55.552911606177716,4932,146.16615724322702,124923.41727001793,353.4375183388346,215.89671541834784,76.0,68,1.1873737482937194,0.4184270510471324,1.6371425618732507,177.74042956417844,13.331931485628235,7.881486890175568,0.06756860300720628,0.0,1.7583096893444115,0.5911713421599504,1.6917004946803267,8.848287852813765e-05,0.009305613145804704,0.010553157455651732,0.01534534131824852,4.0275354254389864e-05,-1.6194349670855888,1.1423775438998278,0.8769111979153769,Malicious
50195,443,33.22715582222605,1875,56.4297846703383,4964,149.42288399057105,123393.93060543439,351.2747223876605,213.74668414322034,76.0,68,1.176401335672554,0.4149079758986535,1.643416012127649,170.53493637209866,13.05889544119918,7.600809811335186,0.06665935331982352,0.0,1.7308079604922764,0.582040463114464,1.7180941026939311,5.913406586784572e-05,0.007689680507998094,0.009533594938104411,0.015245692787728806,6.889080306441416e-05,-2.2286906800956907,1.2309004565627266,0.8065813101584252,Malicious
10968,26847,118.49551267933523,95138,813.7549416367281,109314,961.7477304058375,8957.45294130707,94.5936985177014,134.37879098960872,103.48941752448661,82,0.9893918769926706,0.5337525265785814,0.7176890262875,1201.9434890834114,34.64398495022351,54.98537289158601,56.08637659401513,0.0,-0.09592400937760749,1.5903226334441216,0.6304115918445647,2.6868506439055434e-05,0.003312593880136717,0.0038047195064840455,0.003308994989765692,0.00327489507184529,0.29073868978342704,0.1056102928633559,7.844315626962346,Malicious
50215,443,33.84720993293724,1874,55.37357363735028,4963,146.64086374568615,123398.07003132114,351.28061438325824,213.6657296799833,76.0,68,1.1756902386662624,0.41467056173220324,1.6440662663722478,177.11394833587931,13.30812127453823,7.797113597827805,0.068723897979,0.0,1.7421567194882581,0.5858831141693219,1.706832789980106,7.378100774501446e-05,0.008578210234277428,0.010122221258949656,0.015189613670361916,1.9179901443206986e-05,-1.783781200724496,1.1794933210764844,0.8468704863303861,Malicious
50183,443,33.42831953751168,1874,56.07444217734196,4963,148.48935500794957,123397.57612569879,351.2799113919894,213.67573262923722,76.0,68,1.1757780192673577,0.41469986749266785,1.6439860241537576,172.77307639103688,13.143741186025663,7.672359491973416,0.06907442207792057,0.0,1.7353647677769757,0.5837123270071535,1.7131853535267882,8.823027256317663e-05,0.009356291975179417,0.010798707526833089,0.0153128991250677,6.855861033897774e-05,-1.4664812791864494,1.1522090994159202,0.8648777904810594,Malicious
46180,443,120.31959481517003,144006,1198.7928495307897,309656,2578.1452386966585,11453.758586383632,106.90528275684646,164.68769045967076,145.61784709447167,65,0.5224777106531326,0.9415259241032604,0.6692090763292914,1194.115777991964,34.50778364230668,60.374139482518565,60.71113849764486,0.0,-0.03235194980118913,1.7583476214876703,0.5733102986574395,0.09079954655922698,0.15756956468350752,0.05150160736438697,0.012078011791913507,0.011478316302452551,0.4862301482214743,0.1749714389081494,1.4020590600118372,Malicious
50202,443,33.40374659336699,1874,56.12888543202786,4964,148.63417677316045,123394.97601075654,351.27621038283223,213.7259949649287,76.0,68,1.1762196637338134,0.41484732215421705,1.643582120185639,172.38182789432656,13.128809996424419,7.655379402432445,0.06705674527257424,0.0,1.7339144447245372,0.5830788153299493,1.7150531855705118,6.387519020334375e-05,0.007978876350385147,0.009716464591110903,0.015220076240480086,6.191704609149723e-05,-2.082683165777016,1.211585328595964,0.8205116744280789,Malicious
50173,443,33.23808901539128,1874,56.3828473885241,4963,149.31964568439997,123398.43461890641,351.28113331213365,213.65834577717098,76.0,68,1.1756254414338823,0.4146489290235272,1.6441254989773262,170.82280910721425,13.069832498734973,7.616566492166978,0.07046578752766901,0.0,1.7320957196704454,0.5827570421677419,1.7159829010843315,7.855628371144978e-05,0.008857317418031396,0.010586838302294769,0.015288001152908853,6.71676621736789e-05,-1.5953378417569593,1.1885383974134478,0.8363961074180192,Malicious
21856,19524,33.17021117804835,20812,638.2234392482023,20160,594.818624732252,13190.099588274552,112.02577983598397,136.76753510803624,120.5486045800373,78,0.5786671279985074,0.48845891137848607,0.809157499674875,71.4888708094132,8.093983218936614,9.440394363619129,9.697127428730282,0.0,0.041360898408782765,1.0434816347053615,1.1556936287932014,0.006341334970671669,0.05233384028253872,0.014712837833802742,0.006614677049262956,0.00015863530084117873,0.5414155538080292,0.2813688904471319,2.977849487915241,Malicious
50180,443,33.49517177337232,1806,53.94271197483076,4827,144.12177819174286,145446.04845402107,381.3738917383472,228.7586207,76.0,68,1.2016445856837235,0.4215249858069815,1.6671454417302665,184.87240193443418,13.596596306377998,8.484968684689823,0.0630732300293215,0.0,1.8582216896622687,0.624045598510447,1.6024513599315597,6.19625269823228e-05,0.00787078811600034,0.010943055158748508,0.015341146199088143,3.16245868574069e-05,-1.6770195576510993,1.3864574735391848,0.7192115438745887,Malicious
6578,44089,17.58295710113532,2427,79.06815614347948,3709,110.52753388599126,3161.779865047003,42.282039181662554,91.31906754281684,79.9537332341103,68,1.2779779797949904,0.5106787586030892,0.4138606308698676,27.482492224141634,5.242355680039132,11.621551358488723,13.372019280862398,0.0,-1.0033053612830336,2.218515168177773,0.5721740299498177,0.0018169013688376385,0.014983608441862112,0.0042479388553883675,0.00193389783591723,6.65723556935724e-05,0.05717321430678257,0.9110360215683173,0.8341174468443509,Malicious
50201,443,33.65265326867821,1807,53.6973102363887,4827,143.4599345140985,145486.75910782462,381.4272608972787,228.78130749768354,76.0,68,1.2016548725454588,0.42152547948892755,1.6672133863831649,186.6087492774235,13.660279254664399,8.539152298780738,0.06324030355570606,0.0,1.8614174053368087,0.6251017831874618,1.5997451473421114,5.227280208203247e-05,0.0072111250485588875,0.011566844346231515,0.015379776915407744,1.6236207215329502e-05,-1.582660306330485,1.6139228214165757,0.6258997238160215,Malicious
50224,443,121.007334552302,936124,7823.489887741509,1321388,11069.235759897858,18672.974998234396,133.29034573132793,175.77918112697634,165.0,147,0.2071567744720259,0.32125073509901503,0.7526951530278856,960.5290930533224,30.860958720917893,52.3785608805599,50.451693128952016,0.0,0.1797100256007856,1.7079777916940277,0.5879294927912851,0.0011040771461156623,0.032174969920382566,0.012257825517727555,0.0078039770709225085,2.1927543828032078e-05,0.47282284111718575,0.4256830895475849,2.6082093961671124,Malicious
50205,443,33.60848349518551,1874,55.76041626520371,4903,145.8976639050873,126308.57035597388,355.3962071892245,217.86371500124702,76.0,68,1.1974802771174102,0.421670560116583,1.6313084726049403,177.92531030852248,13.33886444707462,7.947637412167592,0.06967336394867739,0.0,1.771808667997931,0.5958262290563362,1.6783945861914362,6.310997327906016e-05,0.007938830645110445,0.009735108657126653,0.01529606902987845,5.8807395282385225e-06,-2.1068426140213514,1.2263147490424153,0.8152216533046863,Malicious
50209,443,33.90588648944445,1874,55.29562114150469,4963,146.40076621452562,123395.9259482277,351.27756264295374,213.7091532682334,76.0,68,1.1760713011490906,0.41479778033978265,1.6437179286003023,177.67610641535438,13.329518353580081,7.812789516684663,0.06611721075811892,0.0,1.7435000679446884,0.5861268565098879,1.7061153742048,0.00010673888502100193,0.010310483267754505,0.011155763319553024,0.015342792398243177,6.416906687846043e-05,-1.2307325673932357,1.0781274098799325,0.9232285435896036,Malicious
36004,443,110.30843356604213,39517,368.8930493153658,66540,619.8084669817492,14200.588977643616,118.86116650130428,129.39663920241657,96.94411566189463,57,0.8465842178231165,0.6037744537491675,0.9193389566672386,860.2546394154422,28.013236131005876,56.344893170926255,57.42926732250001,0.0,-0.04427959404032698,1.8591266084955234,0.6479277519450967,0.32044360571478114,0.5426902980077868,0.14105212835652314,0.0036448919102810744,4.783619054354609e-05,0.7294713741193499,0.2616854151466775,3.8187756632494154,Malicious
50232,443,114.2767732448883,164567,1438.7597856465738,362199,3167.2816463998115,10392.101643081294,101.92737633278776,178.35788202715167,165.0,68,0.3935215682068108,1.0830967425332254,0.5715093288461871,1123.2475781579278,33.472117677187796,57.36852738229311,58.17367203704451,0.0,-0.07528917122294647,1.7161001344600542,0.5830885675660208,0.00011184226211441399,0.010560875608098331,0.01720475224273765,0.015485846856559007,0.015347941801389394,0.48437338099957794,0.17464077592800092,0.613412563660281,Malicious
443,33926,120.65353151059306,78472,650.3991434337665,46061,381.7645653307237,8676.73739999875,92.88231484299695,122.32362129223698,87.0,87,1.1435222981061726,0.3811740997020575,0.7587344379361229,1198.4340655992248,34.61838020351662,56.74293100119989,55.814441251602965,0.0,0.08053296056606586,1.6391271562803122,0.6102021817139248,7.167282501871381e-09,8.102252297909937e-05,5.17086871941519e-05,3.629053378022844e-05,2.577024902357509e-05,0.6190740578813406,0.38614432234630824,1.535507485506673,Malicious
443,33926,120.66355894582415,78767,652.7858302516648,46069,381.7980011707264,8004.14144043921,89.4652937901965,121.57233440614358,87.0,87,1.1593119138782126,0.38643730495940415,0.735901469054688,1201.888858769459,34.668203157226536,56.39714994410864,55.77655423482019,0.0,0.053693061759236785,1.6267714342515829,0.6147149456375139,1.3844055153634695e-07,0.00021949626077412242,6.219594952044287e-05,3.625041286325613e-05,2.7400330290604903e-05,0.49540726428607906,0.24836756216547418,2.749897458541971,Malicious
26249,8119,121.03598924048109,50684,418.96044187015747,66121,546.1410102861579,12917.910103831524,113.59742478872762,125.2790895276495,87.0,63,1.0120326582519557,0.5440259042286603,0.9067576567145339,1030.1834480501934,32.06829223339566,62.77487178040902,63.33067131635183,0.0,-0.05776536333057905,1.9639046937172397,0.5125936542166204,0.28140923109268046,0.46572815202053786,0.12076976762416859,0.0015010053434770508,7.751016742791699e-06,0.8066181605443783,0.3877435650813275,3.143190909176532,Malicious
50193,443,33.59549295564768,1807,53.79192398329854,4895,145.73375156453207,141461.01081484795,376.11301263603156,223.41851650469872,76.0,68,1.1758581786336317,0.4132229306215947,1.6834459839023022,181.99084996836157,13.489752352919135,8.234996936559543,0.06682114342699619,0.0,1.81646921907525,0.6104416696867178,1.6381792872672236,5.454994317321857e-05,0.007385761753716206,0.010603850261118349,0.015401838704605573,5.1890102735722645e-05,-1.9488874351984973,1.428680299982488,0.6965356928094989,Malicious
443,33926,120.70052660910272,78734,652.3166955991248,46054,381.5582734968574,8096.01460240619,89.97695393495586,121.59376484138684,87.0,87,1.1534415519130865,0.3844805176376955,0.7399795527073024,1209.3714269264565,34.7759145347711,56.49605895626436,55.778730379459994,0.0,0.0618658007166127,1.6245785685884233,0.6155449472713287,6.317532143425873e-07,0.0006991778887866535,9.427045152050656e-05,3.3399817317269626e-05,2.5119853853815704e-05,0.33109549862706944,0.1435164100487729,6.6035265907122485,Malicious
50182,443,33.273357252932264,1874,56.34068475827212,4963,149.1778839123999,123396.55951840492,351.2784644231373,213.69632172705533,76.0,68,1.1759586983187658,0.41476018761961475,1.643820861375891,171.21793908536688,13.085014870008951,7.62643609678967,0.06916495134687622,0.0,1.7326537888520492,0.5828372029565201,1.7157450801521656,6.415441238147922e-05,0.007986661373002255,0.00987751604952783,0.015301349264638575,2.981343729265276e-05,-2.0630164429687476,1.235433602798007,0.8075865833743667,Malicious
50224,443,116.38150970046053,924585,8075.905191731959,1312305,11500.5376713609,16510.992658228344,123.28512250562972,173.64910889676696,165.0,135,0.15500911126839828,0.4834956644587931,0.7017833020101125,906.5807970231355,29.913503547757585,51.76709759751031,50.13462315600665,0.0,0.15237362906557939,1.7465820107833596,0.5760015716327467,0.0009650225158505236,0.02941787503522842,0.012151355717540724,0.007680742094244152,2.11636906668026e-05,0.546968424684199,0.4841678186165184,2.396665275950979,Malicious
50197,443,33.6490223205646,1807,53.710164795116,4896,145.53911787809562,141545.7948116143,376.2257180524456,223.4485758490401,76.0,68,1.1757455967702808,0.4131790299667688,1.6837239351695958,182.67590534417354,13.514663445657048,8.258282702385802,0.0693277636774021,0.0,1.817692056742998,0.6110262624041721,1.636623141452995,5.2960261051538325e-05,0.007277052428675825,0.010421616375498382,0.01525391919559614,3.3311764423604324e-05,-1.9924827088131638,1.4275790011191545,0.6982505419215641,Malicious
443,33926,120.70030949605933,78741,652.3713651339768,46064,381.6468175012694,8268.969300539886,90.92591940721526,121.82390313197548,87.0,87,1.1490113955093524,0.38300379883645075,0.7463483588325676,1221.838001502655,34.95413182522302,56.06956108786443,55.758235432193324,0.0,0.027132865766200658,1.6042942811890133,0.6235990656264496,1.0463287579253294e-06,0.001013701479849693,0.00011446273539911864,3.2755397176720854e-05,2.4251799058906955e-05,0.24342616914729898,0.08956266544295778,8.818899204255183,Malicious
33020,12017,120.25265706544155,143368,1193.1625130559632,269946,2248.053193448724,10070.775386088244,100.21605198668477,158.62278813624494,138.0357125066943,74,0.6356385992217601,0.8219733472950076,0.6454931006281502,1258.647538155036,35.47725376056081,57.58462330309493,57.93612255509071,0.0,-0.029853726934340852,1.6229720342880112,0.6168795667258832,6.434645589281434e-05,0.006892949641608824,0.010987081782630826,0.010108664484013655,0.010001173187045742,0.3341030116241932,0.12467176610824672,3.7667925299270566,Malicious
443,47264,34.168954524988976,14317,135.22253409243814,8542,81.71590047658074,2732.749179848399,42.63445035042329,89.86332877644548,71.4503566192271,71,1.4062285682582418,0.4687428561466132,0.4381574460842405,239.01682101632375,10.557288207425419,21.068518425195464,22.409469553978116,0.0,-0.9657946239138204,2.310742247882849,0.44185536245115614,6.254283876215571e-10,2.4724324800344578e-05,4.966227857895398e-05,4.782203995597505e-05,2.6002425115184316e-05,0.16989284395528934,0.9672421927681855,0.5043249913462237,Malicious
50224,443,94.49307014273944,869985,9270.281827639254,1269327,13541.368468581913,6280.942604507743,75.9424904667139,163.57005083516358,165.0,76,-0.09174276772992007,1.251204871698778,0.460879028833706,651.3086985932265,25.43034304004533,48.87378072074426,48.634314095316604,0.0,0.02302349531622991,1.9292491335719544,0.5195611335076413,0.0003070449729766084,0.01637187639034356,0.011647562802600512,0.0070976198566290475,1.7549296631998232e-05,0.8978098802858884,0.7609053731664802,1.3956825674727622,Malicious
50181,443,33.26811463999451,1874,56.347831608337906,4963,149.1996696397862,123396.73775292136,351.27871810988063,213.69271198717288,76.0,68,1.1759270211475,0.41474961212136424,1.6438498181894252,171.16116840590527,13.082844689193598,7.624941206070249,0.0692972410940882,0.0,1.7325680205661045,0.5828196091420889,1.715796880150502,6.534671812802769e-05,0.00805967376229564,0.009939112650881932,0.015299876490766535,3.316327590356502e-05,-2.022286199672084,1.2316036651441116,0.8098725391170687,Malicious
50224,443,112.93691398790418,915993,8263.864896596919,1305542,11821.704330849,14901.08408245449,115.83478659144356,172.06296201342926,165.0,126,0.11617763302521719,0.6043104825629033,0.6638720646954709,866.4084871849609,29.20798612506309,51.31177473712579,49.8985186980194,0.0,0.13201772772521042,1.7753284358687715,0.5671195089956246,0.0008614762298229132,0.02736481908851821,0.012072073550794983,0.007588975828572796,2.059489149941816e-05,0.6021805365647972,0.5277181590321682,2.239140079288395,Malicious
50192,443,33.25851972345194,1875,56.3766303173906,4964,149.27144552568907,123394.53638007838,351.2755846938616,213.7355623186361,76.0,68,1.1763034643280095,0.414875296241092,1.6435055679063884,170.9473081453571,13.07466329144674,7.614710801933811,0.06732968793116373,0.0,1.7317550384860252,0.5824012038546085,1.7170307107012395,5.818339009730579e-05,0.007627305400847526,0.009518148948121844,0.015271495420764199,4.5045611155843117e-05,-2.2634859528394062,1.242179716713185,0.8013266085674462,Malicious
50193,443,33.93480960843546,1807,53.2492120699976,4893,144.19859568430473,141803.68388207126,376.5665214309832,223.74745865459306,76.0,68,1.1770448133004092,0.41359305528550927,1.6830176819377254,185.92610839088226,13.63545988668709,8.363487997379174,0.06621183852413313,0.0,1.825509462365674,0.6133590749579169,1.6304038608652711,5.119122416134317e-05,0.0071544082885020635,0.010361963606223044,0.015267721374199494,2.4051100113012678e-05,-2.0558254890798304,1.4456902195864627,0.6913798542000813,Malicious
50224,443,121.92993860629443,938425,7773.146567315398,1323200,10983.214151913266,19104.174564892346,135.2858513556824,176.20401633752383,165.0,150,0.21755743749296713,0.2888915701151834,0.7628493377732413,971.2888857859895,31.049925232130658,52.50051502319989,50.51493158950942,0.0,0.18516217112568284,1.7002783196703841,0.5903084735718024,0.001131811089729624,0.03272486253407986,0.012279060534708588,0.007828555841783633,2.207989158130352e-05,0.4580347723563616,0.4140185216350823,2.6504011066535074,Malicious
43483,443,71.29695283732977,27801,425.872567346952,46527,708.5512026837148,17209.945381850142,130.58179209056854,144.23602681783703,132.7259268973102,63,0.31901498412941753,0.6201482192865759,0.9068188064152858,422.6153266972377,16.060758192860717,28.31725388976765,28.311773243675383,0.0,0.27429823950925364,1.1840898053321296,1.221288459009335,0.15971533048934677,0.32119997952927204,0.08482377591561495,0.009788583025284956,0.00020197322355764387,0.5898620936415906,0.27031107077006183,3.682714667733169,Malicious
50184,443,34.02920101332714,1807,53.10180176316228,4897,143.9067643603863,141596.8489,376.2935674,223.4666667,76.0,68,1.175677817,0.413152602,1.683891262,186.7732968864467,13.666455896610122,8.381840707008758,0.06881332721595376,0.0,1.824835159949005,0.6133131414292763,1.6304903624018894,5.273047524830055e-05,0.007261018462861086,0.010381876992007688,0.015267423447174501,2.4011777357768932e-05,-2.019349254347436,1.4265412902041008,0.699377495739963,Malicious
50182,443,33.658970311099914,1806,53.669632139891384,4827,143.43288450315958,145483.7234338719,381.423280961323,228.7586207,76.0,68,1.2014889967780933,0.4214704068596163,1.6673613427900822,186.56226417735047,13.658541054116533,8.536005928865652,0.0645894469246875,0.0,1.8606666684886293,0.6249503993536268,1.6001326922551886,6.038532488951311e-05,0.007769680940375764,0.010863037793616985,0.015306746210340012,2.7885457645653522e-05,-1.7166646413097029,1.3947255336434863,0.7151898565204745,Malicious
50176,443,34.104424538660176,1807,52.98475951928031,4896,143.5884933496493,141593.44281631178,376.2890400641229,223.46545935380826,76.0,68,1.1756823394932139,0.41315436546103934,1.683880096836242,187.61808614891527,13.697318747942374,8.408736864463718,0.07122766646964918,0.0,1.8260841030761334,0.6138946832482989,1.6289457625569703,5.406380327090991e-05,0.007352803665263918,0.010490796680563356,0.015277205502536289,2.372440735283362e-05,-1.9528919070224071,1.4235475399755195,0.7008830657794207,Malicious
50177,443,34.08064284728541,1806,53.01794621456919,4888,143.4289348092603,142098.89348972385,376.9560979801492,224.14338109156736,76.0,68,1.1789577750532891,0.41420899789706056,1.6818061695738384,187.83384359013107,13.705247088666848,8.435690474304431,0.07067911335269493,0.0,1.8310469436775818,0.6155061284498285,1.6247460408301388,5.465169103511632e-05,0.007391937866505612,0.010525228818588308,0.015273616371726832,2.312787609105585e-05,-1.9280419664894963,1.420845427135682,0.7022756727797868,Malicious
443,33926,120.6582395863272,78772,652.853335082861,46071,381.8324961202467,7990.921606311709,89.39166987110461,121.5692507330324,87.0,87,1.1601566133506793,0.3867188714502264,0.7353146645049,1200.812175353264,34.65270432694468,56.382917705809454,55.77624110451576,0.0,0.05251706812768302,1.6270869705813469,0.6145955148517473,6.745669253257992e-08,0.00015047380176030879,5.75806779102697e-05,3.666059141241806e-05,2.772847312993445e-05,0.5190504506171387,0.26345482823299404,2.19539017017296,Malicious
50199,443,33.80626906587048,1806,53.43878860636222,4828,142.81379875943276,145521.4589498013,381.4727498717777,228.77810801802974,76.0,68,1.201486409077379,0.4214668235613883,1.667435557457915,188.17781244450742,13.717791084044357,8.586295436156359,0.06484428374995202,0.0,1.8635912159294814,0.6259240654496017,1.597637888289761,5.1946321941826124e-05,0.007195625403869354,0.011392979950681774,0.015337403149071732,1.439273587898345e-05,-1.6385235773047915,1.5907189056225657,0.6347423554266178,Malicious
443,33926,120.65137632143576,78785,653.0029752482284,46086,381.98197817317333,8182.878083167526,90.44354187871842,121.84267753498528,87.0,87,1.1558678154481294,0.38528927214937647,0.7422590723793828,1214.4947562992113,34.84817239585258,55.851440902978666,55.75116166706043,0.0,0.009213864917159365,1.6030415407380125,0.6241503082489424,4.788111177626964e-07,0.0004437271546905673,7.617899177107438e-05,3.639330164775378e-05,2.7089952471630678e-05,0.44277569777553516,0.21717965301196934,4.176126899541836,Malicious
48966,443,42.70049386736038,19213,467.6400783227567,31857,773.6020019095009,19415.884129403727,139.17332418586494,155.11369490828505,158.95495173182906,67,-0.06770737716860797,0.6321506274399732,0.8976412013541605,101.81400318887938,7.299272123554214,7.772244529513891,6.967871162035053,0.0,0.5078243137742902,0.6892697707089925,1.6415771952553204,0.041897205108239466,0.1588416509987015,0.04360688941220223,0.014292072962416932,0.00031495979207557133,0.4875247563645964,0.2766339070868503,3.582978318253108,Malicious
50187,443,33.86479594838928,1807,53.36650285782331,4896,144.61530503557273,141569.30883832986,376.256967486555,223.45690796829302,76.0,68,1.1757143793814377,0.4131668580147021,1.6838010010361064,185.01878819920262,13.601247918663116,8.329635571269957,0.07025500171398555,0.0,1.8216710834962953,0.6123882767194422,1.6329777871625475,5.346276182656023e-05,0.007311550832876129,0.010452139616874644,0.015263167829469595,2.8562465948045425e-05,-1.9742957737266493,1.4256614266163306,0.6995145032203601,Malicious
50225,443,94.11180216265909,754051,8225.506376564437,1122805,12215.067962041738,5547.269175725198,73.59749476803103,164.59176254682603,165.0,68,-0.046817228321384005,1.3272914793546993,0.44533586129605296,676.2387830361647,25.870008747923947,49.61971790275122,49.80099326545579,0.0,-0.016289717361261127,1.925601460688845,0.5201487994300423,0.00019396633644541545,0.013874184226285146,0.012478648406115699,0.008307564872329106,0.002363203019064254,0.8891206612158508,0.7098889021258723,1.149744242039914,Malicious
443,33926,120.69056503785052,78109,647.1882482354074,46033,381.417058664108,9529.2700407839,97.27175177035463,123.17054895757855,87.0,87,1.118690102217679,0.3728967010725597,0.7889204170572738,1204.376131363053,34.7038165511696,57.24826951675327,55.85857271395213,0.0,0.1204005630887731,1.6497531958667695,0.606358901743717,5.041251611240179e-07,0.0005524432320369568,8.189188588173829e-05,3.263556745974978e-05,2.103401852116769e-05,0.5407087363617448,0.40031440887017194,5.211636929961842,Malicious
50179,443,34.004116182898805,1806,53.129913147317055,4869,143.21228500506672,143140.89502741132,378.33119074563473,225.54791258343406,76.0,68,1.1857653802043728,0.41640156439747705,1.6774785270521337,187.9812628991925,13.710622340045822,8.482358672440325,0.06930535708007766,0.0,1.8408341441726337,0.6186663825637739,1.6165223482853126,5.5897812185727855e-05,0.00747492086688289,0.010602728206456207,0.015272820145139148,2.3393284953617144e-05,-1.8762517557792078,1.4155111418800548,0.7049339827333587,Malicious
50198,443,33.62003660662918,1807,53.749549381542444,4827,143.59705150643663,145478.69723504293,381.4166923068386,228.77847822930067,76.0,68,1.2016659164124879,0.4215297420125048,1.6671878079597442,186.25832795339525,13.647429704176407,8.528351571016177,0.0630993435067025,0.0,1.8608251611986266,0.6248983824314893,1.6002663384261162,5.360616271320081e-05,0.00730140191915126,0.011495391139458933,0.015377684667881789,1.8451528125164423e-05,-1.5912869044519633,1.5849005913057292,0.6378552556233903,Malicious
50205,443,33.481799134035555,1807,53.97650060650404,4896,146.255066943978,141527.5715907548,376.2014999401503,223.4421185097162,76.0,68,1.1757697900476987,0.41318846315205376,1.6836642096141587,180.86018606173855,13.447561030843977,8.20298468370257,0.0686091601079501,0.0,1.8146083363658658,0.6099707099893854,1.6394482677977738,5.257082615312362e-05,0.007250316385264489,0.01039796105794363,0.015246751563281886,3.699244047686973e-05,-2.006577467607482,1.4290651091389428,0.6972709799696939,Malicious
50176,443,34.098589713203424,1806,52.99168797444618,4892,143.47974304738477,141854.52556864521,376.633614233016,223.81399343872505,76.0,68,1.1773612703859482,0.4136948019979618,1.6828210788306401,187.79927113627255,13.703986496472647,8.424745950571516,0.07100128366844442,0.0,1.8287516708284999,0.6147649925685716,1.6266746432151498,5.4359453428958e-05,0.007372476874795305,0.010507053831687449,0.015273803101044306,2.3065632985230986e-05,-1.9401876934061624,1.422096412044256,0.70165225174494,Malicious
49016,443,42.43949402424454,19134,468.0212903400723,31723,774.1957204678133,19436.017729428797,139.2517390879111,155.2129753705288,159.19434400672856,67,-0.07123699164759534,0.6322601734032807,0.897557437364932,98.88604993442357,7.219306051812534,7.58473025631416,6.773065396026112,0.0,0.509955705944581,0.6847535489088445,1.6454131699939674,0.040821879234047675,0.1573598067494002,0.04323070294371635,0.014333176309104002,0.00031599102033667685,0.48659072362291195,0.27669161560553307,3.5820680247235988,Malicious
50202,443,33.85820631836514,1807,53.36990597864307,4859,143.51188678519523,143751.4927627458,379.13698741425634,226.3917360263481,76.0,68,1.1899181073008862,0.4177408972629451,1.6747909932691114,187.04952425479382,13.676543007987325,8.479147976598119,0.0649625372781385,0.0,1.8456218243688527,0.619957517267168,1.613197718588834,4.8844682456815915e-05,0.006986878803434667,0.011149530756935172,0.015331017980145974,1.5115108685274376e-05,-1.789004278372821,1.5972690671872436,0.6309410085952744,Malicious
50197,443,33.47659083591623,1807,53.98050250533793,4895,146.23495007064759,141430.07061341434,376.0718871978989,223.40754920683065,76.0,68,1.1758992600819547,0.4132389495585243,1.6833445617273555,180.67615398086394,13.441258439047273,8.194405929046283,0.06579164369087145,0.0,1.8142228855270157,0.6096349391837625,1.6403365235191834,5.466352045315154e-05,0.007393461780026377,0.010630263065550037,0.015430956865886187,5.847047816636979e-05,-1.9479518670314573,1.4298794710798854,0.6955200123553067,Malicious
49475,950,36.03162679669351,17329,481.5476930617579,28254,783.4400261126009,19745.164255272208,140.3786473472093,157.06600546924642,163.8176135190621,68,-0.13727190180647209,0.631021130014179,0.8932286603774457,29.038391819684648,5.354848141656619,3.207523010602255,2.252149972408585,0.0,0.5478061399988599,0.5876830859392096,1.7229410275995853,0.014519967375033579,0.11958491876364065,0.03359167231487385,0.015098176455730982,0.00033614918366794706,0.4659997381545821,0.2781783285869494,3.5445071928143763,Malicious
443,33926,120.65747651230717,78793,653.0359773196643,46106,382.12774853487326,8567.041706623533,92.55270961919413,122.33596039472239,87.0,87,1.1454033379257786,0.38180111297525954,0.7565287052864118,1242.3379871772213,35.246340346103715,54.961883736228685,55.707957445672946,0.0,-0.0632085617152685,1.5595098460244032,0.6414278622745287,1.4481334613827328e-06,0.001197830412361606,0.00012481916224490628,3.4516694259337797e-05,2.4838898086445934e-05,0.22714641919300477,0.08381430665114323,9.57202151171798,Malicious
443,48192,16.970103104007595,3234,114.92602954845373,1930,69.24394560378282,1715.9911073991316,36.07147001417536,86.86547551711267,70.36859094286207,70,1.4365309681410927,0.4788436560054767,0.39575229015433844,37.02288097892386,5.857972999474575,13.008257614573072,15.026655812641028,0.0,-1.1145675593182036,2.3182681003834613,0.44659849632066173,5.000775037442386e-09,4.391216477184802e-05,5.4009718646022354e-05,4.925472246315426e-05,2.712736123157713e-05,0.07478379223233966,0.9107219096967435,0.7112151509413469,Malicious
50176,443,34.09468994422448,1806,52.99739376568244,4891,143.4687026578361,141907.62556072322,376.70368842418833,223.88556781591546,76.0,68,1.177708183290122,0.41380653433192843,1.6826005438551075,187.80678356678268,13.704260417187077,8.427124143752316,0.07093127758442752,0.0,1.8292504227496404,0.6149260378860165,1.6262555670495318,5.442295527692318e-05,0.0073767056561389694,0.010511003170275727,0.015273762525647851,2.3079158117382628e-05,-1.9375484844616746,1.4218245789474986,0.7017877181836832,Malicious
50189,443,33.29446548680309,1875,56.31571079789652,4964,149.09788385102038,123395.23065059786,351.27657297189563,213.72281573868557,76.0,68,1.1761912952402256,0.4148378425063464,1.6436082066312747,171.41992212495998,13.092734621587491,7.63064254826874,0.06809794979794402,0.0,1.7328404723800162,0.5828146441719643,1.7158119708307273,5.7093832837659646e-05,0.0075558180936886295,0.009500446497886504,0.015301067486249504,1.771694374183741e-05,-2.3033643669045416,1.2551067315390596,0.7953042627339412,Malicious
50213,443,33.92063306137264,1874,55.261940127820296,4963,146.32749755149365,123396.93696575571,351.2790016557179,213.6886773785704,76.0,68,1.1758916155526777,0.4147377918801262,1.643882183238651,177.84212623919913,13.335742804536103,7.817890531908993,0.0671524717394816,0.0,1.7436008669819356,0.5862357325484753,1.7057985794302895,9.516155491413827e-05,0.009712345837903183,0.010799155225181729,0.015275140058796533,4.746074091342968e-05,-1.4079508525184834,1.1118426222314348,0.8973759778605761,Malicious
443,40587,24.42317424782826,14044,458.63426530253093,8302,271.4504453576237,5123.159724893384,64.84154856391055,105.07696360064884,79.23423327915366,79,1.2751393764841183,0.42504645863094764,0.5813769696032534,72.94085486762106,8.182033628400088,13.682474679985097,15.262767465792164,0.0,-0.7077013609661391,1.827109795484907,0.5901426442593245,2.173864115560636e-08,0.0001221864543462119,6.527510371764625e-05,4.2722143899570985e-05,2.3861071949785493e-05,0.3546997297991385,0.5765537750591091,1.685274560903125,Malicious
443,33926,120.67971013332435,78753,652.5808651263628,46062,381.6932640500578,8044.280863209404,89.68883832078026,121.58169737223685,87.0,87,1.156747150287982,0.38558238376266063,0.7376831855028858,1205.1579959171327,34.71526230298637,56.440363332759915,55.77750499332067,0.0,0.05726373481736497,1.6258133703290258,0.6150775736973996,3.539690596047463e-07,0.000429069364057645,7.620931281784082e-05,3.5004986480649343e-05,2.640398918451948e-05,0.4236193853593214,0.20255805008765132,4.433549633170629,Malicious
50172,443,33.220129823479155,1874,56.41324560955091,4963,149.39907099626595,123398.3691055826,351.2810400649776,213.65967260242638,76.0,68,1.17563708495176,0.4146528162393998,1.6441148553761904,170.64155525312015,13.062981363507285,7.611258705047648,0.07050806846627813,0.0,1.7317829968550753,0.5826585757094646,1.716270997436135,7.625970620432187e-05,0.008727944745713296,0.010502896712196303,0.015286396421789961,6.382382494832218e-05,-1.6494886511173015,1.1965488446243693,0.8307955346115209,Malicious
50224,443,115.3224880508402,921943,8133.692349737946,1310226,11599.278561124629,16016.035287922423,120.99455847766386,173.16145692564905,165.0,132,0.14307059087937696,0.5206395032845814,0.6901277045378903,894.230045473744,29.69659616960164,51.627111135541334,50.06203416343811,0.0,0.14611532126521704,1.7554199380918294,0.5732708312466666,0.000933187790445365,0.02878667448895755,0.012126980859641874,0.007652529070086768,2.0988816550124594e-05,0.5639430790941994,0.4975571267377552,2.348235036948396,Malicious
50177,443,34.06066974910151,1806,53.0471690555103,4883,143.37239023299574,142370.8509726068,377.3149907012309,224.50995718127794,76.0,68,1.1807345278644783,0.41478124740432143,1.6806766753030027,187.8723193339478,13.70665000390451,8.447870653734768,0.0703205694499433,0.0,1.833601356809267,0.6163309398565434,1.6225996958933955,5.4976922773487474e-05,0.007413596037907897,0.01054545579300938,0.015273408560345793,2.319714655140199e-05,-1.9145249659541552,1.4194532038628453,0.7029694791299199,Malicious
50154,443,36.50372756570203,17352,476.69097181942413,28678,787.6983136578057,19893.904394385405,141.0350832457422,157.4708527345145,164.63870220564098,67,-0.1515089450167798,0.6347515130412928,0.8956524420524429,32.29732515781196,5.40068455074517,3.3202030440777603,2.342712036413921,0.0,0.5584287088528495,0.5820437634904716,1.7326524951891598,0.016366373131703155,0.12365909150459183,0.0346753145758966,0.015267965631910857,0.00033944364027045345,0.46534856442049993,0.2780040466226552,3.561365752510003,Malicious
39363,443,92.78924072512282,34255,394.48129015451184,57552,659.6608660948444,15552.024354808029,124.12464012699026,136.06067984941413,113.01293539190925,60,0.6096645477831784,0.6111275495718219,0.9137164342055416,663.7205071276961,22.64564274532128,43.75830049947834,44.35324497516544,0.0,0.098786662265336,1.5559825158224863,0.9054113595096583,0.24826409352850584,0.4432238965962193,0.11580121936412408,0.006403887656873648,0.00011705572168822444,0.6667759352027819,0.26555900623890716,3.757673680600954,Malicious
443,33926,120.69225991450547,78146,647.4835226990637,46034,381.4184749617284,9445.587686853192,96.84714035982968,123.07612883099192,87.0,87,1.1206112709598788,0.37353709065329294,0.7860907996387776,1204.898773529972,34.711351475865065,57.20585141617822,55.85382393541592,0.0,0.11711380333149292,1.6481706582643607,0.6069372420162945,5.26422620616722e-07,0.0005754889900198897,8.35876156711006e-05,3.2597253040386414e-05,2.1212819144863396e-05,0.5232083263628848,0.3817297374319138,5.409624471394915,Malicious
50228,443,123.49464673129857,535926,4249.742764051441,825799,6578.392073309551,15858.128813784246,124.06385833331271,178.20586080997148,165.0,112,0.32683535860601387,0.6100298292817574,0.6958331850831834,1158.8096477921147,33.999904553718174,56.404392043126656,55.316286286320036,0.0,0.10135535473021477,1.658730530169586,0.6028753084123799,0.0006534738009496307,0.02198191823492881,0.014727383853761763,0.011982746824299277,0.008217745549200387,0.38175421475299043,0.23798352639642462,1.6612789059340576,Malicious
443,33926,113.46331772942352,72971,650.0776468984033,43439,386.7696861651506,11152.02428240252,105.50447523311026,124.95846129453625,87.0,87,1.0800279632638017,0.36000932136783764,0.8440422142791777,1105.3728654324048,32.5850224211413,54.68436520528285,52.72017548413102,0.0,0.15080684185245258,1.6623301955726943,0.6031337869259326,3.892302515973041e-09,4.51785253812835e-05,4.6158893425765404e-05,3.3780505342555336e-05,1.7320577534348958e-05,0.9086441108006895,0.7766743233130591,0.8884916556002012,Malicious
443,33926,120.69569855788984,78220,648.0825890547517,46035,381.4213484112082,9275.80909447541,95.98566928259199,122.88456495365064,87.0,87,1.1245090260952206,0.3748363423650735,0.7803499422212419,1205.9591338956736,34.726638676193204,57.11979163094639,55.84418939602355,0.0,0.11044547459952339,1.6449599334950218,0.6081106052497772,5.716607276781778e-07,0.0006222452793310309,8.702798993362918e-05,3.251951899154894e-05,2.157557803943827e-05,0.4877026930234973,0.3440243048241764,5.811310663452555,Malicious
443,44569,51.64263481213767,27038,237.31751543559153,16113,142.26307595024596,4487.428673230759,55.60932229913523,97.02335571505981,74.59211083602833,74,1.3393747475436237,0.446458249296859,0.5219267203621215,431.6820322599972,15.401666859315968,28.57188025961033,29.18939789021439,0.0,-0.7313498162852297,2.1844055631639914,0.4724564045331596,7.13232150206897e-10,2.629442473796525e-05,4.844420393355163e-05,4.4928318966816014e-05,2.4183514779141496e-05,0.32459034853394725,0.9374142676110551,0.5528984109764281,Malicious
50198,443,33.76217370951327,1807,53.52578874276554,4896,145.04788242484148,141572.1556424097,376.26075080353394,223.45791672410374,76.0,68,1.175710599944126,0.4131653843767233,1.6838103312723034,183.85988372712316,13.558955026391915,8.292549705645738,0.06668233589368275,0.0,1.819971559614032,0.6115759128344114,1.6351344273947879,5.1598056750385285e-05,0.007183155747898907,0.010301287203359044,0.015254700029954634,2.9462478782134277e-05,-2.0688274841714214,1.4299861085869765,0.6973096555583363,Malicious
50201,443,33.52584229479591,1875,55.93271511459503,4964,148.09648948063835,123394.51972015719,351.27556097884894,213.7358681893472,76.0,68,1.176306155970691,0.4148761949920137,1.64350310495712,173.66176737137923,13.177381585303332,7.693319441741929,0.06608528965391368,0.0,1.736371522523137,0.5838064129427994,1.7129179190765906,8.32708658370851e-05,0.009011815112204268,0.010345273359106039,0.015299727748931458,7.419112823644078e-05,-1.734152530158343,1.1528258093910342,0.8656688438316533,Malicious
11625,26405,32.110171720713126,22103,696.2655048198257,17161,524.9419781318167,10761.711643816641,101.5221822129559,129.2477678410146,104.51917618931859,82,0.8438937576759238,0.4356453403983153,0.7780125143088932,87.21506675895462,9.108722651393673,11.749422637470733,12.455192286994022,0.0,-0.1462567044193384,1.2123366738474994,0.9455512709730378,0.0033114804472071514,0.027420019209572773,0.007718988590779584,0.0034718815572211442,9.287354334079422e-05,0.569354081779588,0.28255086535522433,2.7679255879819222,Malicious
22968,18776,33.28538977431324,20672,631.9168781191856,20485,602.4110723637469,13453.956101061689,113.167048325171,137.5845954844787,122.29028225835009,78,0.5498489262920289,0.49419737038313843,0.812541558325071,69.78014085457912,7.983726697260672,9.189506876858278,9.397449868065785,0.0,0.06174649064197152,1.02513468898927,1.1785266484718888,0.006670543839723333,0.05504085172340756,0.01547275458286855,0.006956157520217279,0.00016578064516246187,0.5383798928133329,0.28124046295342653,3.000658771050373,Malicious
50178,443,34.0929245899523,1807,53.00236856300908,4897,143.63729875664464,141596.8489,376.2935674,223.4666667,76.0,68,1.175677817,0.413152602,1.683891262,187.48729928502297,13.692577532890184,8.404472353718631,0.07063720789767233,0.0,1.825914789628243,0.6137968437848658,1.6292044745042664,5.368353640549038e-05,0.007326635823730568,0.01045837156623729,0.015272168858735061,2.32817140407596e-05,-1.9714702623331029,1.4242858490189567,0.7005445424707165,Malicious
50208,443,33.40655312726587,1807,54.096344670492336,4896,146.57722506915385,141519.37162382065,376.19060243078246,223.439212877976,76.0,68,1.175780676382029,0.4131927078356921,1.6836373346954228,180.04316045509987,13.417366720688253,8.178102039288511,0.06828580752644484,0.0,1.8132207438364458,0.6094957393480683,1.6407194998588104,5.239559075897346e-05,0.00723828587355567,0.010387316791309262,0.015243526318500731,3.864864725638175e-05,-2.0129197359117046,1.4297338184037196,0.6968302030248714,Malicious
50213,443,33.92140753018655,1874,55.26017124927372,4963,146.32364958636447,123396.99006294667,351.27907723060497,213.68760201420378,76.0,68,1.1758821787227889,0.41473464137223703,1.6438908096567473,177.85084536230684,13.336069703775642,7.818158429914695,0.06720684216185675,0.0,1.7436061608028455,0.5862414505619146,1.7057819418229554,9.455353013660043e-05,0.00968093251770194,0.010780426679373076,0.015271587054929297,4.658324359028653e-05,-1.4172581027561728,1.1136132968429766,0.8960182381761168,Malicious
443,43396,59.248188649884675,32576,281.755141877699,19409,168.61670009931288,5251.166428277428,61.256735180803815,100.13981254993737,75.95958354058641,75,1.3102761075119604,0.4367587026436286,0.5583879417533584,515.541048374213,17.5102199541373,31.837776250491512,32.140413882834785,0.0,-0.6293059092720698,2.1294165487422028,0.4857757436318044,7.51449413686915e-10,2.6977822820680534e-05,4.79140275687697e-05,4.366880463367041e-05,2.339182005544997e-05,0.3919236280894521,0.9244314336045469,0.5740403657341044,Malicious
50209,443,33.7920920620166,1806,53.47153820217575,4828,142.87367982324776,145520.5840385247,381.47160312880584,228.79016705675278,76.0,68,1.2015848563547638,0.4214997021522348,1.6673426513785388,188.09090260932754,13.714623442203468,8.584596760836677,0.06402700512920384,0.0,1.8638287701830611,0.6259447687921892,1.5975850435507355,4.7738333726217874e-05,0.006905406513313408,0.01177236963907864,0.015378494393375502,8.4476196818423e-06,-1.5646756967710673,1.7066858599171948,0.5875463318359784,Malicious
50191,443,33.53517435953414,1807,53.88546553499205,4827,143.95380340420078,145457.72180110612,381.389194878315,228.77111702010507,76.0,68,1.2016946504187849,0.421540832274547,1.667121257848474,185.34659943432277,13.613997658710417,8.50025016606602,0.06273259271868237,0.0,1.8592842564819074,0.6243691729990003,1.6016223768364253,5.7075309224235415e-05,0.007536284878286051,0.01130948371337861,0.015372241044427474,2.4215364723850904e-05,-1.6137316445137737,1.5093903610064707,0.6689612373717447,Malicious
29348,14486,33.94640773134596,19867,595.7230861422702,22355,645.9846562152677,14968.2469388421,119.7168673854176,142.27376168655928,132.2858913216874,75,0.384459266796933,0.5271307848436483,0.8319629057626359,59.973621062764714,7.350956867871968,7.749646179456434,7.677579550637887,0.0,0.17874081917063228,0.9198402942985275,1.3095669329548039,0.008559896385374372,0.07057657824148439,0.019833969541828325,0.008915937640802118,0.0002067882720889739,0.520958023698492,0.28050340865454665,3.131562829862573,Malicious
50214,443,33.80526311544619,1874,55.43676480553838,4938,146.0817134480845,124601.77732979225,352.98271916299393,215.39595131674162,76.0,68,1.1846511851279853,0.41754862960988137,1.6388357795022652,178.03073099515424,13.342815208554416,7.876276380760086,0.06915642609067175,0.0,1.75535784834431,0.5903023390836258,1.6941733255986415,7.115511211258291e-05,0.008423445020463032,0.010027953171238023,0.015220953942539587,1.4748492894632016e-05,-1.8615400802643847,1.1904913675723394,0.8393933164863234,Malicious
50192,443,33.93392647628153,1807,53.25083180520976,4896,144.31024445563955,141595.61710446875,376.29193038079626,223.46623021724074,76.0,68,1.1756794523404943,0.4131532396345636,1.6838872248611836,185.70969403636983,13.627498591888004,8.34828021775028,0.06636135256562918,0.0,1.8232040450396885,0.612604397538227,1.6323757924225,5.1448264530626956e-05,0.007172744614995823,0.010279478044756367,0.01526068573304188,2.5222605762001673e-05,-2.083394056265697,1.4296138287810825,0.6977734181067686,Malicious
50215,443,33.92884214418922,1874,55.2431906698427,4963,146.28671054515635,123397.49977633005,351.2798027215528,213.67727891424894,76.0,68,1.175791588648182,0.4147043976624222,1.6439736200780586,177.93454571741896,13.339207815498279,7.820730151627326,0.0677287780955728,0.0,1.7436569795244725,0.5862963413748423,1.7056222269496941,8.871671728646187e-05,0.009379376269026327,0.01060063957055981,0.015237479532678549,3.8159594027147755e-05,-1.5066042606657002,1.1306111178329588,0.8829844396696045,Malicious
50205,443,33.77770224044733,1875,55.51333978656932,4964,146.97507631551557,123395.14906498078,351.2764568366558,213.7243136239647,76.0,68,1.1762044765348172,0.4148422437965859,1.6435961452755488,176.31887500815802,13.27810287224622,7.77234652192954,0.06577932476258472,0.0,1.7411513138201462,0.5853382399442798,1.7084265056980332,0.00010277404783753778,0.0100776244919154,0.011005159209927555,0.015350198090522278,7.271214386747901e-05,-1.3382861973973352,1.0917392998822477,0.912699546601458,Malicious
443,33926,120.71609685984538,78663,651.6362976103551,46045,381.438393938642,8268.66918324079,90.87535536074154,121.74819302525138,87.0,87,1.1476308149264487,0.3825436053088162,0.7462947262547787,1212.2492746586113,34.817323546210545,56.60927824262478,55.78703655353314,0.0,0.07088842613339501,1.625913662620097,0.6150710878775646,8.400167229317862e-07,0.000899607250631276,0.0001074365595939717,3.205839452379582e-05,2.3727492222286186e-05,0.27708049437674387,0.12035272457500068,8.194144624714925,Malicious
50232,443,111.89733299962931,159241,1422.3923824068856,351472,3139.8300780671484,10214.74552750611,101.06041062288722,178.6208535449431,165.0,68,0.40453134507921806,1.0948069519827102,0.5657989159096372,1065.0652480986348,32.61212945155023,56.6415261280652,57.78303735057932,0.0,-0.10670412984545359,1.7380066858548273,0.5755659172626915,0.00011775032760040278,0.010843713645618053,0.017402833918171816,0.015508471691774467,0.015379268496303108,0.5220769488694084,0.18600496288807242,0.6228798098485194,Malicious
443,43466,58.79365282723423,32245,279.0993861599168,19212,167.04171075758137,5205.52265582046,60.91922505139339,99.95356164679272,75.87785835081345,75,1.3120151490817087,0.4373383831654443,0.5562088852883771,510.52932566613697,17.384205079217857,31.64259431468844,31.964050331872443,0.0,-0.6354044278297178,2.132702894147174,0.4849797310226614,7.491654096990496e-10,2.693698044202521e-05,4.794571285497725e-05,4.374407783477708e-05,2.343913463900274e-05,0.38789954407565985,0.9252073354338384,0.5727768448908852,Malicious
50209,443,33.79209999019424,1806,53.47151988768449,4828,142.87364633607964,145520.58452779963,381.47160377009664,228.79016031300054,76.0,68,1.2015848013002888,0.4214996837656059,1.6673427033342205,188.09095121174164,13.71462521363751,8.584597710783493,0.06402746217429979,0.0,1.863828637336069,0.6259447572143001,1.5975850731029937,4.77406869510899e-05,0.006905568811845769,0.011772157473738535,0.015378471414000758,8.450944357336945e-06,-1.5647169945742727,1.706621007948226,0.5875727251742872,Malicious
50231,443,120.06829285089493,179900,1497.1627421172525,391161,3256.4281175702345,10856.07428061926,104.16443638220278,177.72366985576076,165.0,68,0.36656154809014524,1.0517043619514321,0.5860989457079221,1263.5797593343798,35.5463705879712,59.11249247430116,59.09493852859417,0.0,0.001545585376357267,1.6629657217758511,0.6013353629636927,0.00010127649599980717,0.009957026114113459,0.016711070348153174,0.015407700673259691,0.015224335466398852,0.39289703744088134,0.14770599035845858,0.5976975251603935,Malicious
50202,443,33.55988517518733,1875,55.87602986401195,4964,147.94491264236459,123394.60478612708,351.2756820682905,213.73430640592716,76.0,68,1.176292412376549,0.4148716059475664,1.6435156808370348,174.02091776042596,13.19099567036715,7.704001209466257,0.06604393362895089,0.0,1.7370175873946243,0.5840134637434214,1.7123108330707584,8.590703130744721e-05,0.009155876213860261,0.010434467434938168,0.015306549618910214,7.399121995867503e-05,-1.680644894466935,1.1445689953455993,0.8720257918766311,Malicious
40523,443,120.70295708111075,97277,808.4033172482356,200002,1662.796838221649,12335.641844390142,110.92054204033249,146.49377821092497,118.55996864903659,60,0.7397625605676148,0.7835200664383004,0.7862746353241507,1096.1476637413525,33.04320862508184,62.109705816244244,62.93150106495971,0.0,-0.07872571606541467,1.8914624663798647,0.5342013653120786,0.21742141469515427,0.36375386029965906,0.10005106363861395,0.007397172268791989,0.006182256940574891,0.616419241368366,0.21389191170186678,2.535064763104128,Malicious
443,33926,120.646267325614,78805,653.1976119978489,46114,382.2329756774401,8603.96958364386,92.75304572372016,122.41544633255161,87.0,87,1.1455161664300109,0.3818387224766703,0.757679313655995,1244.740763275764,35.28046568602922,54.77284934151385,55.6996492644564,0.0,-0.07863852717834285,1.552595500459298,0.6441855378744238,1.4544435952854756e-06,0.0011708829436299236,0.00012270409527452938,3.5134152954776855e-05,2.5201229432165284e-05,0.2438710202196375,0.09522979132336432,9.239243263912678,Malicious
50209,443,33.42648222213867,1807,54.06319320540579,4896,146.48959886228027,141526.30011854955,376.19981019184047,223.44166796765597,76.0,68,1.1757714780632271,0.4131891213251061,1.6836600424373316,180.24442188766557,13.424986346385804,8.183624191067187,0.06730969912540374,0.0,1.8136536535862386,0.6095657352607844,1.6405261907671964,5.1890826258521746e-05,0.0072035043498763435,0.010343913293334056,0.01524300094871042,3.774932799678602e-05,-2.0403570592444407,1.4307137309951135,0.6964032297545416,Malicious
50194,443,33.23630314029714,1875,56.41428214181757,4964,149.37871678711966,123394.10728031001,351.2749738802615,213.74344045021576,76.0,68,1.17637279138171,0.4148984448387252,1.6434421311741074,170.65520507675905,13.06349415296252,7.604864051322521,0.06685485718459554,0.0,1.7310841768846363,0.5821456735685953,1.7177839631892393,5.885680017972307e-05,0.007671488735848475,0.009529090097259652,0.01525321815549943,6.193632526259576e-05,-2.238838761639015,1.2341900658323044,0.8050487703613137,Malicious
50232,443,111.45023175752226,158240,1419.316916934234,349456,3134.6718773836997,10181.419983934698,100.89750615553062,178.67026638162918,165.0,68,0.40660010260518786,1.097007322091029,0.564725918711257,1054.132680201616,32.45053606644795,56.50492124192598,57.709636367353674,0.0,-0.1126070589267157,1.742122967555282,0.5741523972967006,0.00011886046407997968,0.01089685943826494,0.01744005383294031,0.015512722940339105,0.01538515484046953,0.5291615193098962,0.1881403147278627,0.6246587229935452,Malicious
50183,443,33.73931429825261,1806,53.53568513978741,4827,143.0949787658254,145502.20319650657,381.4475066177378,228.7586207,76.0,68,1.201412679655801,0.4214436356179022,1.6674672433201891,187.3911499062358,13.688925257086394,8.561039947772409,0.06533315875784546,0.0,1.861865942609992,0.6253942086105878,1.5989953743731966,5.961169951751715e-05,0.007720087374205257,0.01082378888306315,0.015289872846924344,2.6051396404820073e-05,-1.7361107495370642,1.3987810577282156,0.7132171991231999,Malicious
50175,443,33.232468105780086,1874,56.39642578044641,4963,149.34779914808357,123397.94963769404,351.28044302325577,213.6681679825415,76.0,68,1.1757116359220892,0.4146777052564676,1.6440467066602418,170.77516280300597,13.068088798265832,7.614776871260611,0.07019672977581988,0.0,1.7319848491255014,0.5826999820562194,1.716149088187779,7.345366176339133e-05,0.008556112973796702,0.010357931545912198,0.015289862536876923,5.5940112201507345e-05,-1.7453456685905495,1.2055624514898358,0.8254156281382098,Malicious
50192,443,33.922907545185005,1807,53.2683369712378,4896,144.35588856568634,141589.9747992897,376.2844304070141,223.46423005425845,76.0,68,1.1756869442196047,0.413156160987357,1.683868728654626,185.5862147545612,13.622938746403145,8.344454024225803,0.06629839259400963,0.0,1.8229827841460158,0.612527593510692,1.6325814846757554,5.156106141846692e-05,0.007180478838946336,0.010291860434116926,0.015267944436891138,2.6388887378227606e-05,-2.0791569867211086,1.4296348759017543,0.6976889628054783,Malicious
443,33926,120.68364953007584,77959,645.9834568170431,46030,381.4112798263524,9870.714338525857,99.00426929728707,123.55580597176073,87.0,87,1.110851267849236,0.3702837562830787,0.8004659423317765,1202.2436245767155,34.67307223112678,57.421345653860826,55.87794888200029,0.0,0.13381133996654032,1.6562103330638445,0.6039991331790133,4.131461190643227e-07,0.00045841095066818173,7.497289711179558e-05,3.2791899582335e-05,2.0304468615769996e-05,0.6121146531599861,0.476144375284066,4.403799747199875,Malicious
50182,443,33.21631043036139,1874,56.431166429499385,4963,149.44074830179605,123396.45451583018,351.2783148617755,213.69704614375664,76.0,68,1.175965388096198,0.4147624272272321,1.6438146368085056,170.5112547519427,13.057995388492829,7.604107686751718,0.06881714689023817,0.0,1.731189895100643,0.5823333741963428,1.7172300422451139,6.956922023578902e-05,0.008323329685803998,0.010116088963440982,0.015264547533263343,7.091642980063646e-05,-1.8752058515523709,1.2079827478685394,0.8221644980561926,Malicious
443,33926,120.65373864853717,78677,652.0955365065053,46069,381.82976647840627,8205.842343902556,90.48202266585643,121.8120626438395,87.0,87,1.1552368267168125,0.3850789425722708,0.742578245868729,1199.4391697310518,34.63291035217394,56.491660286427674,55.78844893301306,0.0,0.06094103032773756,1.6311663703964416,0.613104584202434,8.21667182197882e-09,8.936075680292122e-05,5.30961963290057e-05,3.677001976200077e-05,2.7277204966288123e-05,0.5646961454702102,0.31166311926795687,1.6713832167857339,Malicious
50177,443,33.21575295392623,1874,56.42577071916257,4963,149.43057077518412,123397.46330378151,351.27975075336605,213.67729428593483,76.0,68,1.1757918951511181,0.41470450319234203,1.6439732835198437,170.5482798885892,13.059413154725197,7.606883678794862,0.06969655227208497,0.0,1.7314376784173322,0.5824827471207397,1.7167894904876622,7.335582519657442e-05,0.008552745144181114,0.010331642304640665,0.015274449797984665,6.902025144974491e-05,-1.747225006640056,1.2006887392534402,0.8273926907272808,Malicious
443,42836,22.219154010245838,10847,356.9929562625907,6418,211.65399245543017,4115.5927178295715,56.33366850522825,99.69146713643171,76.61248786021252,76,1.3228660555032137,0.4409553516833083,0.5264840882385879,62.31920108007062,7.4947630307261015,13.483095386802907,15.19294458984852,0.0,-0.8280197260872961,1.9723550001748702,0.5476938066005503,1.67889237912465e-08,9.903920202898164e-05,6.194370700843816e-05,4.4653956313527615e-05,2.4826978156763807e-05,0.2719230623939726,0.6753738879071068,1.39722596848585,Malicious
50183,443,34.03448680931651,1807,53.09355389575722,4897,143.88441250440195,141596.8489,376.2935674,223.4666667,76.0,68,1.175677817,0.413152602,1.683891262,186.8325225485121,13.66862265572186,8.383717975576337,0.06896461598069525,0.0,1.824924713965442,0.6133532639727152,1.6303836995079963,5.2809530554187384e-05,0.007266461346033787,0.01038822212727921,0.015267817073501258,2.395121946134484e-05,-2.0153777480797723,1.4263542040014408,0.6994743008983602,Malicious
443,33926,120.68943362868967,78085,646.9911387689647,46032,381.4161132194366,9585.131912243138,97.55519967688116,123.23357879274447,87.0,87,1.1174076325417286,0.3724692111805762,0.7908093185650128,1204.0272433576824,34.69878663775271,57.27658557588122,55.8617427449529,0.0,0.12259462841383097,1.6508096134742185,0.6059728326568797,4.892405676877431e-07,0.0005370591144822649,8.075990721391307e-05,3.2661144120407345e-05,2.0914660771432403e-05,0.5523910756832437,0.4127205432369924,5.0794710183859895,Malicious
50181,443,33.56667367102541,1806,53.82350623172803,4827,143.82105996373977,145462.49446502182,381.39545129080335,228.7586207,76.0,68,1.201576667482739,0.4215011608182932,1.66723968759898,185.6100663777015,13.623636639426106,8.507247636994178,0.06373509421184945,0.0,1.8592889801779946,0.6244405652676782,1.6014392071908368,6.127404133292178e-05,0.007826652466050129,0.01090812570497268,0.01532612979839947,2.999236939124674e-05,-1.6943255651010556,1.390066675401234,0.7174559831621675,Malicious
50207,443,33.332895723093564,1807,54.21094902187769,4895,146.8658129907001,141450.16957487116,376.0986117165877,223.4146786409444,76.0,68,1.1758725665814782,0.41322853973168777,1.6834104696113295,179.16293061806763,13.38515125988443,8.149417574354102,0.06620525661566101,0.0,1.811679800652947,0.6088396377787647,1.6424689451043974,5.35524206427641e-05,0.007317374726032385,0.010523969293889568,0.015356763030899959,5.3752446957472575e-05,-1.9818521170325192,1.4308731467325027,0.6953129410955945,Malicious
50192,443,33.21739423430927,1874,56.44165636556808,4964,149.46053468705995,123394.49330582154,351.27552330884805,213.735446226944,76.0,68,1.1763026800908847,0.4148750387991863,1.6435062077499456,170.4392732532868,13.055239073529734,7.598710810855487,0.0671074727865148,0.0,1.7307081733274732,0.5820429745400404,1.7180865299885515,6.220758636803892e-05,0.007877317327592724,0.009697026295611711,0.015245296291558743,7.460283778662359e-05,-2.1240166285113586,1.222163213327349,0.8120002372914195,Malicious
443,33926,120.70660834082912,78457,649.9832467200616,46041,381.4304650035988,8737.15260017472,93.25248022790989,122.27679029161496,87.0,87,1.1368754327631108,0.37895847792103693,0.762135925439144,1209.3233389422876,34.7751403725561,56.84674977352483,55.81362189548883,0.0,0.08928886982797106,1.634773267884271,0.611833334464558,7.15187657765458e-07,0.0007705889458329077,9.794326442955824e-05,3.22728921957429e-05,2.2726503086533104e-05,0.37505397969241194,0.2243962889469971,7.0857403367844105,Malicious
443,33926,120.65580670644772,78795,653.0618866359133,46108,382.1464972044161,8578.661794850352,92.61612859191317,122.35592249268537,87.0,87,1.1452626810028537,0.38175422733428455,0.7569255770583665,1243.1371609260323,35.2577318359698,54.918701917683414,55.70599740298764,0.0,-0.06673044209213498,1.5577639645634573,0.6421229020896887,1.463797461165441e-06,0.0012050085153903643,0.00012522289835467844,3.458535686304055e-05,2.4861785621013517e-05,0.22651176758850047,0.08359021198502527,9.601381316516035,Malicious
50213,443,33.30080631854608,1807,54.2647672600068,4896,147.02996927583018,141507.8478184771,376.1752876401628,223.4351294548545,76.0,68,1.1757959754678349,0.41319867309242864,1.683599566087985,178.89495533095493,13.37493321388122,8.143133270150365,0.06783138469321529,0.0,1.811270693752875,0.6088282404107677,1.6425060230162236,5.214932408647276e-05,0.007221378820609089,0.0103723578948034,0.015238993727901056,4.097619378053902e-05,-2.0218328286060334,1.4306735874857912,0.6962107581230987,Malicious
50205,443,33.34231321329124,1807,54.195625186156164,4895,146.82228580614424,141443.86646626247,376.090232286536,223.41244363143235,76.0,68,1.1758809366781209,0.4132318036757928,1.6833898044245146,179.25554718939395,13.38861173125443,8.152013352779685,0.06603437879253896,0.0,1.811831583474407,0.608876180556081,1.6423703528581535,5.373350352952327e-05,0.007329766972165176,0.010542922148804468,0.015371111806316133,5.516050435812519e-05,-1.9765923182100793,1.4308475299442127,0.6952380186965575,Malicious
443,45811,43.58941864084017,21175,190.26429360425843,12624,114.3582794426939,3678.7373706925255,49.62950311503754,93.72346446253515,73.14414878972752,73,1.3701861313645785,0.4567287105451077,0.48331939419004766,342.88708069074295,13.169004486067328,25.11375387346787,26.06468531562455,0.0,-0.8394000200800127,2.2426312268871795,0.45835309012522735,6.727654214392271e-10,2.5570801894899987e-05,4.900558643975533e-05,4.626196821998781e-05,2.502180859542091e-05,0.2532938371488516,0.9511612702621406,0.5305120423332479,Malicious
50224,443,114.56659384738364,920058,8174.9388887361,1308742,11669.75650295264,15662.751285365459,119.35963054960284,172.8133872724891,165.0,130,0.13454927465969002,0.5471515320732322,0.6818083292255588,885.4144924509477,29.541774943903544,51.5271934849412,50.01022257041073,0.0,0.14164835064999218,1.7617281547609014,0.5713217201687931,0.0009104652290973338,0.02833614466804612,0.012109582902005764,0.007632391557855367,2.0863997259434093e-05,0.5760590191968384,0.5071139666765472,2.3136671535182574,Malicious
50232,443,114.38632464208979,164812,1439.5133544310982,362693,3168.5455393142092,10400.267265354098,101.96729215123902,178.34577460093846,165.0,68,0.3930146689721475,1.0825575948033048,0.5717722409815278,1125.9263407631809,33.51171224649171,57.401999121424446,58.19165718114842,0.0,-0.07384280054102665,1.7150915387124008,0.5834349166088387,0.00011157024989219593,0.010547853510882924,0.017195632398544436,0.015484805190430074,0.01534649949444164,0.48263747754587655,0.17411755935972806,0.612976683814322,Malicious
443,33926,120.7168278876501,78721,652.1150597501936,46048,381.46134811657316,8154.018711186136,90.29855340551497,121.62643002499118,87.0,87,1.150402830399631,0.3834676104665436,0.7424223435396042,1213.932253144407,34.841442622855205,56.496733015844235,55.77762496327396,0.0,0.0619727238681266,1.621565243247145,0.61672345204956,8.913741679503834e-07,0.0009426927957939756,0.00011046881531384848,3.207615906698103e-05,2.4025386355660346e-05,0.24970439824057722,0.0917795000692078,8.528460199062566,Malicious
443,33926,120.65256210272722,77514,642.4600051208284,46024,381.4594232395817,10880.531462415402,104.11570873738269,124.71772141565381,87.0,87,1.0886981748500035,0.3628993919500012,0.8343455952172318,1193.730167163353,34.55037894735036,57.91888072100558,55.936085589625414,0.0,0.1722234104264891,1.6763837221242748,0.5966189060177515,2.2561288958250182e-09,4.19994966081737e-05,4.521512912138452e-05,3.4046534090781664e-05,1.8717678571028093e-05,0.87356328843674,0.734717175216076,0.899607562704881,Malicious
9953,24415,120.79370934392435,67479,558.8773578103627,53424,442.0991331226161,11970.271435406432,109.33752324882037,125.29280770567284,87.0,78,1.052014191219223,0.42683545118120897,0.8726592274886348,1132.7382664222812,33.62524901836669,59.889220245248694,58.67976585578975,0.0,0.10157264915360875,1.7880679079718123,0.5635657140014634,0.10370182535597466,0.17164552008608597,0.04453229638143297,0.0005742888762745551,1.359166674616877e-05,0.88803433152767,0.660465450246974,1.6285855354688223,Malicious
50202,443,33.54871635701644,1807,53.869921768674324,4896,145.9685676595245,141534.86392478453,376.21119123269335,223.4447025246747,76.0,68,1.1757601086932572,0.4131846883013513,1.6836881098183936,181.58677723976444,13.474413211739488,8.225113133252142,0.0688967216374843,0.0,1.8158423399055088,0.6103931073720356,1.6383177450904465,5.272666519957802e-05,0.007261015271081212,0.01040742713852941,0.015249619814149325,3.551955489629287e-05,-2.0009372084025343,1.4284704175546117,0.6976629684667287,Malicious
50232,443,110.73388889309523,156637,1414.389425040579,346227,3126.4074399255132,10128.026002678846,100.63650161833849,178.74943532512032,165.0,68,0.4099146532089263,1.1005327415659658,0.5630067691893559,1036.616587054601,32.19163213719224,56.28605373225293,57.592033762789605,0.0,-0.1220646956504544,1.7487180488174054,0.5718876642877054,0.00012063911793013972,0.01098200930087212,0.017499687351812548,0.015519534264682182,0.01539458590494456,0.5405123745628523,0.19156156233224444,0.627508886710088,Malicious
50177,443,33.21574633834047,1874,56.4257066881432,4963,149.43044999824042,123397.47527509145,351.2797677931248,213.67705989018123,76.0,68,1.1757898363063262,0.41470381580648025,1.6439751661840367,170.54871926674218,13.059429979389868,7.606916621556646,0.06970698819609188,0.0,1.7314406188676825,0.5824845197326884,1.7167842624497667,7.340076092522768e-05,0.008555467622732021,0.010334200281126398,0.015274567308389152,6.899774945739655e-05,-1.7457062549933033,1.2006021810844956,0.8274547338106361,Malicious
443,33926,120.66882135196036,78762,652.7190481817343,46066,381.7638755520071,8017.219732341115,89.53812943212355,121.57538506295886,87.0,87,1.1584762584408026,0.38615875314693415,0.7364819908008368,1202.9540143430559,34.68353604450857,56.41122980056516,55.77686401249858,0.0,0.05485646425278592,1.6264592763087142,0.61483309770079,2.086643999917264e-07,0.00028777970957262255,6.676180630368728e-05,3.584462601705964e-05,2.7075700813647715e-05,0.47201722101121957,0.23344183255875783,3.298467743848131,Malicious
50205,443,33.34866202340942,1807,54.18529460749499,4895,146.79294191260962,141439.61721950237,376.08458328566843,223.4109368976098,76.0,68,1.1758865793868616,0.41323400406686567,1.683375872968852,179.31798474046164,13.390944611372841,8.153763299313947,0.06591918134293864,0.0,1.8119339080101828,0.6089008159047251,1.6423038868000648,5.385558073263709e-05,0.007338121216871917,0.010555699234262078,0.015380785047130127,5.61097476155733e-05,-1.9730464197506694,1.4308302603616299,0.695187509688839,Malicious
443,49902,17.06178201338493,1862,35.26897939160869,1130,22.43869276206499,1014.8738208753396,29.931724359389005,82.85348230943116,68.37450021733292,68,1.4716801402928954,0.4905600467708687,0.3561452195415843,50.39273315578167,5.8145196579530865,13.722538459387897,15.77174917920338,0.0,-1.1953219875054417,2.4344290399331294,0.41189617255361044,5.394662955475674e-10,2.3187157469139013e-05,5.085480429468625e-05,5.065506558929863e-05,2.7783184084701995e-05,0.018440095910670275,0.9964444817502915,0.45677039177491413,Malicious
50177,443,34.09933976484295,1807,52.99235843170913,4897,143.610171136593,141596.8489,376.2935674,223.4666667,76.0,68,1.175677817,0.413152602,1.683891262,187.55917927829702,13.69520724820187,8.406750725074987,0.07082082147011408,0.0,1.8260234780223392,0.613845539030338,1.6290750216990424,5.377948290329648e-05,0.007333241649519617,0.010466072421993641,0.0152726465884342,2.320821716396915e-05,-1.966650192217344,1.4240587894214802,0.7006620313073427,Malicious
443,33926,120.70570615880777,78730,652.250965010938,46052,381.52468518500973,8108.886976983452,90.04864278182461,121.59676746569953,87.0,87,1.1526190538461716,0.38420635161539046,0.7405509341554857,1210.4198116566063,34.791006006189974,56.50991712579153,55.779035279697865,0.0,0.06301088547182487,1.6242713255632626,0.6156612390338135,7.008713903517133e-07,0.0007663862166749171,9.876441902183587e-05,3.300041957313405e-05,2.480033565850724e-05,0.30807373090153595,0.12882568561949087,7.143459652872176,Malicious
41342,6421,120.15224274173787,159861,1331.0989845090285,327127,2724.696864588973,10434.030743971587,102.05972416391837,167.85688275158802,151.07351635976198,71,0.5056648200306746,0.9345059586623307,0.6164138199348561,1261.3769923625957,35.51576000828062,58.33228816150016,58.50886375073008,0.0,-0.014999799460979017,1.6423237597154348,0.6093585497765682,8.038656677236024e-05,0.008334941946897318,0.013761276384171782,0.01268212638301148,0.012549729537657577,0.36256781995328696,0.1355123508329411,2.230969559961628,Malicious
50177,443,33.24667993029807,1874,56.37705189566848,4963,149.28874177759155,123397.46647448883,351.2797553220041,213.67795336825927,76.0,68,1.1757975073004647,0.4147063736184296,1.6439682097051092,170.9290583783336,13.073971786250315,7.618829263613475,0.06983811496003473,0.0,1.7322173522386484,0.5827476758696417,1.716008667276464,7.022152537588332e-05,0.008358188908717595,0.010190953724024024,0.015293854974249777,4.6859274255408734e-05,-1.855758372557039,1.2159447556000678,0.8192187941821473,Malicious
443,33926,120.65075327909675,77644,643.5494035811781,46039,381.5934225090431,10757.878694057596,103.55220627720698,124.62810327253982,87.0,87,1.0917963042483287,0.3639321017494429,0.8305054632402119,1205.7747771131496,34.72262599823274,57.36036879939546,55.90103360853259,0.0,0.12725556824279322,1.652532055529323,0.6059365992264342,3.7198919040749856e-07,0.0003220923828914196,6.364747981612571e-05,3.385727417157009e-05,1.890546224837381e-05,0.7657526752392236,0.643982971037056,2.896462947786909,Malicious
50218,443,33.93951094402912,1874,55.21882324430452,4963,146.23370238134504,123398.23122386195,351.28084381362646,213.66246508704745,76.0,68,1.1756615903223626,0.414660997415104,1.6440924544666777,178.05465717645365,13.343711060163306,7.824420616819755,0.06847776519888048,0.0,1.7437299052700412,0.5863751106419443,1.7053930333407634,8.034078976974756e-05,0.008946637830092268,0.010342641956018547,0.015188534647604803,2.60715110307266e-05,-1.634817544483657,1.1550032853068215,0.864280713104958,Malicious
37890,443,100.4706730869876,36562,383.2619181748897,61493,642.18725809104,14959.476539655665,121.81682737492487,133.13877711385732,105.96743089795741,58,0.7135439009664162,0.6079035249991769,0.9161816748353333,749.892493341582,24.99910765163973,49.27699426294038,50.08653315432634,0.0,0.03605810044995644,1.688898504870108,0.7925155809338041,0.27991178676447886,0.48683574799022195,0.1268726854563107,0.005194183567960189,8.670585617581657e-05,0.6942652595003146,0.263860598769872,3.784464341058423,Malicious
50178,443,34.037433835796605,1806,53.08116575408849,4877,143.30660850700366,142687.23556335503,377.732512313353,224.9364173208987,76.0,68,1.1828015318868343,0.41544697987191653,1.6793626662937906,187.91708049415615,13.708282100063869,8.462040593254196,0.0699034536392849,0.0,1.8365730601237074,0.6172904928594306,1.6201027229944798,5.535528452824449e-05,0.007438792298819078,0.010568987055898147,0.015273166800795566,2.3277733068144342e-05,-1.8987998215779733,1.417833546312933,0.7037766260258923,Malicious
443,36277,105.40327768949801,66179,551.4294678899801,39407,328.54639030541193,9885.987881008823,95.52864357269647,119.05235275023074,84.25823289401943,84,1.1336880048905034,0.37789600191539996,0.7796566298340816,1024.4481494345305,30.306192201841476,51.657203404515855,50.04895924355829,0.0,-0.010041919479892192,1.7957100349257047,0.5666055287022451,9.833748245644377e-10,3.1125094673609614e-05,4.469659753734186e-05,3.602531180814e-05,1.8587338850830855e-05,0.8005425899051397,0.8456437644432424,0.7023425019268695,Malicious
